exampleSentence,partOfSpeech,sentimentTag,sentimentStrength,tokens
Barang yang diimport itu akan melalui pemeriksaan kastam.,noun,neutral,0.0,"['barang', 'yang', 'diimport', 'itu', 'akan', 'melalui', 'pemeriksaan', 'kastam', '.']"
Saya perlu membeli phone baru.,noun,neutral,0.0,"['saya', 'perlu', 'membeli', 'phone', 'baru', '.']"
Inilah yang saya cari selama ini.,demonstrative pronoun,neutral,0.0,"['inilah', 'yang', 'saya', 'cari', 'selama', 'ini', '.']"
This is my book.,demonstrative pronoun,neutral,0.0,"['this', 'is', 'my', 'book', '.']"
Ramai .orang hadir ke majlis itu.,noun,neutral,0.0,"['ramai', '.', 'orang', 'hadir', 'ke', 'majlis', 'itu', '.']"
Awak bole datang esok?,modal verb,neutral,0.0,"['awak', 'bole', 'datang', 'esok', '?']"
Apakah pendapat ANDA tentang isu ini?,pronoun,neutral,0.0,"['apakah', 'pendapat', 'anda', 'tentang', 'isu', 'ini', '?']"
"Dia membeli epal,, oren dan pisang.",punctuation,neutral,0.0,"['dia', 'membeli', 'epal', ',', 'oren', 'dan', 'pisang', '.']"
Kami meletakkan harapan yang tinggi terhadap projek ini.,noun,positive,0.7,"['kami', 'meletakkan', 'harapan', 'yang', 'tinggi', 'terhadap', 'projek', 'ini', '.']"
Dia Selalu datang awal ke pejabat.,adverb,neutral,0.0,"['dia', 'selalu', 'datang', 'awal', 'ke', 'pejabat', '.']"
Polis berjaya menumpaskan cubaan seludup dadah.,verb,negative,-0.8,"['polis', 'berjaya', 'menumpaskan', 'cubaan', 'seludup', 'dadah', '.']"
Awak dari mana?,interrogative pronoun,neutral,0.0,"['awak', 'dari', 'mana', '?']"
Beberapa orang pelajar telah hadir.,determiner,neutral,0.0,"['beberapa', 'orang', 'pelajar', 'telah', 'hadir', '.']"
Sepatutnya dia sudah sampai sekarang.,adverb,neutral,0.0,"['sepatutnya', 'dia', 'sudah', 'sampai', 'sekarang', '.']"
Kerja awak memang ✌️👌👍!,emoji,positive,0.9,"['kerja', 'awak', 'memang', 'victory', 'handok', 'handthumbs', 'up', '!']"
"Kes itu akan dibawa ke mahkamah, pada minggu depan.",noun,neutral,0.0,"['kes', 'itu', 'akan', 'dibawa', 'ke', 'mahkamah', ',', 'pada', 'minggu', 'depan', '.']"
Mari kita.. pergi bersama.,pronoun,neutral,0.0,"['mari', 'kita', '.', 'pergi', 'bersama', '.']"
"Dia makan nasi, ..pastu minum air.",adverb,neutral,0.0,"['dia', 'makan', 'nasi', ',', '.', 'pastu', 'minum', 'air', '.']"
"Jangan jadi Bodo, fikirkan baik-baik.",adjective,negative,-0.7,"['jangan', 'jadi', 'bodo', ',', 'fikirkan', 'baik', '-', 'baik', '.']"
Dia ingin mnjadi doktor apabila dewasa nanti.,verb,neutral,0.0,"['dia', 'ingin', 'mnjadi', 'doktor', 'apabila', 'dewasa', 'nanti', '.']"
"Berita tentang perampok,,takut itu tersebar luas.",noun,negative,-0.9,"['berita', 'tentang', 'perampok', ',', 'takut', 'itu', 'tersebar', 'luas', '.']"
Dia de kat sana ke?,colloquialism,neutral,0.0,"['dia', 'de', 'kat', 'sana', 'ke', '?']"
We will be together forever.,adverb,neutral,0.0,"['we', 'will', 'be', 'together', 'forever', '.']"
Dia datang jugak.. walaupun lambat.,adverb,neutral,0.0,"['dia', 'datang', 'jugak', '.', 'walaupun', 'lambat', '.']"
Dia meletakkan taruhan. yang besar pada perlumbaan itu.,noun,neutral,0.0,"['dia', 'meletakkan', 'taruhan', '.', 'yang', 'besar', 'pada', 'perlumbaan', 'itu', '.']"
Dia mengatakan bahwa dia akan datang.,conjunction,neutral,0.0,"['dia', 'mengatakan', 'bahwa', 'dia', 'akan', 'datang', '.']"
Kereta itu bergerak terlalu laju.,adjective,neutral,0.0,"['kereta', 'itu', 'bergerak', 'terlalu', 'laju', '.']"
"Hola, apa khabar?",interjection,positive,0.3,"['hola', ',', 'apa', 'khabar', '?']"
Anjing-anjing di jalan itu kelihatan kelaparan.,noun,negative,-0.4,"['anjing', '-', 'anjing', 'di', 'jalan', 'itu', 'kelihatan', 'kelaparan', '.']"
Pasai apa dia tak datang?,preposition,neutral,0.0,"['pasai', 'apa', 'dia', 'tak', 'datang', '?']"
"Kenapa dia tak datang? Xdak,tulaa.",colloquialism,neutral,0.0,"['kenapa', 'dia', 'tak', 'datang', '?', 'xdak', ',', 'tulaa', '.']"
Duit saya xde dalam dompet.,colloquialism,neutral,0.0,"['duit', 'saya', 'xde', 'dalam', 'dompet', '.']"
Semua makhluk hidup perlu air.,"verb, adjective",positive,0.5,"['semua', 'makhluk', 'hidup', 'perlu', 'air', '.']"
Keputusan itu tetap tidak boleh diubah.,"adjective, adverb",neutral,0.0,"['keputusan', 'itu', 'tetap', 'tidak', 'boleh', 'diubah', '.']"
Saya baru membeli car. baru.,noun,neutral,0.0,"['saya', 'baru', 'membeli', 'car', '.', 'baru', '.']"
Dia memandu slow2...kuku di jalan yang licin.,colloquialism,neutral,0.0,"['dia', 'memandu', 'slow2', '.', 'kuku', 'di', 'jalan', 'yang', 'licin', '.']"
Mesyuarat itu berlangsung selama tiga puluh minit.,noun,neutral,0.0,"['mesyuarat', 'itu', 'berlangsung', 'selama', 'tiga', 'puluh', 'minit', '.']"
Dia hampir mampus dilanggar kereta.,"verb, exclamation",negative,-0.9,"['dia', 'hampir', 'mampus', 'dilanggar', 'kereta', '.']"
Produk D9 telah dilancarkan di pasaran.,code,neutral,0.0,"['produk', 'd9', 'telah', 'dilancarkan', 'di', 'pasaran', '.']"
Pihak polis berjaya menangkap pnyamun itu.,noun,negative,-0.9,"['pihak', 'polis', 'berjaya', 'menangkap', 'pnyamun', 'itu', '.']"
"Buku ni, saya punya.",demonstrative pronoun,neutral,0.0,"['buku', 'ni', ',', 'saya', 'punya', '.']"
Kami akan makan malam di restoran itu.,verb,neutral,0.0,"['kami', 'akan', 'makan', 'malam', 'di', 'restoran', 'itu', '.']"
Apa time kita nak jumpa?,noun,neutral,0.0,"['apa', 'time', 'kita', 'nak', 'jumpa', '?']"
Perkara tersebut. perlu diberi perhatian.,"adjective, determiner",neutral,0.0,"['perkara', 'tersebut', '.', 'perlu', 'diberi', 'perhatian', '.']"
Arahan yang diberikan sangat jelas.,adjective,positive,0.4,"['arahan', 'yang', 'diberikan', 'sangat', 'jelas', '.']"
Rumah saya dkt dengan sekolah.,preposition,neutral,0.0,"['rumah', 'saya', 'dkt', 'dengan', 'sekolah', '.']"
Kami bekerja sehingga larut malam.,"conjunction, preposition",neutral,0.0,"['kami', 'bekerja', 'sehingga', 'larut', 'malam', '.']"
Jawapan awak wrong.,adjective,negative,-0.5,"['jawapan', 'awak', 'wrong', '.']"
Dia baru tiba dari Kuala Lumpur.,"adjective, adverb",neutral,0.0,"['dia', 'baru', 'tiba', 'dari', 'kuala', 'lumpur', '.']"
Saya datang saja untuk melihat.,adverb,neutral,0.0,"['saya', 'datang', 'saja', 'untuk', 'melihat', '.']"
Saksi menceritakan kejadiannya dengan terperinci.,noun,neutral,0.0,"['saksi', 'menceritakan', 'kejadiannya', 'dengan', 'terperinci', '.']"
Awak patut buat macamni.,adverb,neutral,0.0,"['awak', 'patut', 'buat', 'macamni', '.']"
Dia tercarut apabila jarinya tersepit pintu.,verb,negative,-0.6,"['dia', 'tercarut', 'apabila', 'jarinya', 'tersepit', 'pintu', '.']"
Jumpa nnti.,adverb,neutral,0.0,"['jumpa', 'nnti', '.']"
Kami ada respek yang tinggi padanya.,noun,positive,0.7,"['kami', 'ada', 'respek', 'yang', 'tinggi', 'padanya', '.']"
Buah-buahan berlambak di pasar.,adjective,neutral,0.2,"['buah', '-', 'buahan', 'berlambak', 'di', 'pasar', '.']"
Awak boleh pergi sekarang.,modal verb,neutral,0.0,"['awak', 'boleh', 'pergi', 'sekarang', '.']"
Dia kehilangan semua taruhannya semalam.,noun,neutral,0.0,"['dia', 'kehilangan', 'semua', 'taruhannya', 'semalam', '.']"
Polis menahan beberapa orang tersangka dalam kes rompakan itu.,noun,negative,-0.5,"['polis', 'menahan', 'beberapa', 'orang', 'tersangka', 'dalam', 'kes', 'rompakan', 'itu', '.']"
Knpa awak tak datang semalam?,interrogative adverb,neutral,0.0,"['knpa', 'awak', 'tak', 'datang', 'semalam', '?']"
Dia suka minum air sejuk.,verb,neutral,0.0,"['dia', 'suka', 'minum', 'air', 'sejuk', '.']"
"Kalau awak setuju, kita boleh teruskan.",conjunction,neutral,0.0,"['kalau', 'awak', 'setuju', ',', 'kita', 'boleh', 'teruskan', '.']"
Dia nak jumpa awak now.,adverb,neutral,0.0,"['dia', 'nak', 'jumpa', 'awak', 'now', '.']"
Dia sedang menunggu di luar rumah.,adverb,neutral,0.0,"['dia', 'sedang', 'menunggu', 'di', 'luar', 'rumah', '.']"
Buku hok dia baca tu menarik.,conjunction,neutral,0.0,"['buku', 'hok', 'dia', 'baca', 'tu', 'menarik', '.']"
"Yah, betul tu!",interjection,neutral,0.0,"['yah', ',', 'betul', 'tu', '!']"
Rumah itu sangat besar.,demonstrative pronoun,neutral,0.0,"['rumah', 'itu', 'sangat', 'besar', '.']"
Dia lari ke arah hutan.,verb,neutral,0.0,"['dia', 'lari', 'ke', 'arah', 'hutan', '.']"
Dia menjadi kaya setelah berjaya dalam perniagaan.,adjective,positive,0.8,"['dia', 'menjadi', 'kaya', 'setelah', 'berjaya', 'dalam', 'perniagaan', '.']"
Bdx-bdx tu main bola di padang.,noun,neutral,0.0,"['bdx', '-', 'bdx', 'tu', 'main', 'bola', 'di', 'padang', '.']"
Dia berkelakuan seperti orang gila.,adjective,negative,-0.7,"['dia', 'berkelakuan', 'seperti', 'orang', 'gila', '.']"
Dia sentiasa berdoa untuk kebaikan keluarganya.,noun,positive,0.6,"['dia', 'sentiasa', 'berdoa', 'untuk', 'kebaikan', 'keluarganya', '.']"
Rumah itu diperbuat daripada kayu.,noun,neutral,0.0,"['rumah', 'itu', 'diperbuat', 'daripada', 'kayu', '.']"
"Apa khabar, anda?",pronoun,neutral,0.0,"['apa', 'khabar', ',', 'anda', '?']"
Perompak itu berjaya ditangkap polis.,noun,negative,-0.9,"['perompak', 'itu', 'berjaya', 'ditangkap', 'polis', '.']"
Tolong bwk buku ni.,verb,neutral,0.0,"['tolong', 'bwk', 'buku', 'ni', '.']"
Merokok adalah bahaya kepada kesihatan.,noun,negative,-0.8,"['merokok', 'adalah', 'bahaya', 'kepada', 'kesihatan', '.']"
Barang tu takda di kedai.,adverb,neutral,0.0,"['barang', 'tu', 'takda', 'di', 'kedai', '.']"
Teruknya keadaan rumah itu selepas banjir.,adjective,negative,-0.7,"['teruknya', 'keadaan', 'rumah', 'itu', 'selepas', 'banjir', '.']"
"Walau hujan lebat, kami tetap pergi.",conjunction,neutral,0.0,"['walau', 'hujan', 'lebat', ',', 'kami', 'tetap', 'pergi', '.']"
Sila bunyikan loceng jika anda memerlukan bantuan.,verb,neutral,0.0,"['sila', 'bunyikan', 'loceng', 'jika', 'anda', 'memerlukan', 'bantuan', '.']"
Dia tentu akan datang esok.,adjective,neutral,0.0,"['dia', 'tentu', 'akan', 'datang', 'esok', '.']"
"Huhu, memang kelakar cerita tu.",interjection,neutral,0.0,"['huhu', ',', 'memang', 'kelakar', 'cerita', 'tu', '.']"
Penyamun itu bersenjatakan parang.,noun,negative,-0.9,"['penyamun', 'itu', 'bersenjatakan', 'parang', '.']"
Mereka sedang bicara tentang masa depan syarikat.,verb,neutral,0.0,"['mereka', 'sedang', 'bicara', 'tentang', 'masa', 'depan', 'syarikat', '.']"
Bau hancing dari longkang itu sangat kuat.,adjective,negative,-0.6,"['bau', 'hancing', 'dari', 'longkang', 'itu', 'sangat', 'kuat', '.']"
Mrk semua dah balik.,pronoun,neutral,0.0,"['mrk', 'semua', 'dah', 'balik', '.']"
Ini adalah bahagian akhir bab ini.,adjective,neutral,0.0,"['ini', 'adalah', 'bahagian', 'akhir', 'bab', 'ini', '.']"
Tolong beritahu saya jika ada apa-apa perubahan.,verb,neutral,0.0,"['tolong', 'beritahu', 'saya', 'jika', 'ada', 'apa', '-', 'apa', 'perubahan', '.']"
Dia mlepaskan burung itu ke udara.,verb,neutral,0.0,"['dia', 'mlepaskan', 'burung', 'itu', 'ke', 'udara', '.']"
Be careful bila berjalan di sana.,adjective,positive,0.4,"['be', 'careful', 'bila', 'berjalan', 'di', 'sana', '.']"
You should pergi sekarang.,modal verb,neutral,0.0,"['you', 'should', 'pergi', 'sekarang', '.']"
Dia tak reti cakap Melayu.,verb,neutral,0.0,"['dia', 'tak', 'reti', 'cakap', 'melayu', '.']"
Dia menunggang motor ke tempat kerja.,noun,neutral,0.0,"['dia', 'menunggang', 'motor', 'ke', 'tempat', 'kerja', '.']"
Mangsa banjir dipindahkan ke pusat perlindungan.,noun,negative,-0.7,"['mangsa', 'banjir', 'dipindahkan', 'ke', 'pusat', 'perlindungan', '.']"
"Kak, tolong belikan roti.",noun,neutral,0.0,"['kak', ',', 'tolong', 'belikan', 'roti', '.']"
Kereta itu langgar lampu isyarat.,verb,negative,-0.6,"['kereta', 'itu', 'langgar', 'lampu', 'isyarat', '.']"
Akulah yang bertanggungjawab.,pronoun,neutral,0.0,"['akulah', 'yang', 'bertanggungjawab', '.']"
Dia intai dari balik tirai.,verb,neutral,-0.2,"['dia', 'intai', 'dari', 'balik', 'tirai', '.']"
Filem itu adalah yang scariest (paling menakutkan) yang pernah saya tonton.,adjective,negative,-0.8,"['filem', 'itu', 'adalah', 'yang', 'scariest', '(', 'paling', 'menakutkan', ')', 'yang', 'pernah', 'saya', 'tonton', '.']"
Pasukan musuh akhirnya tumpas di medan perang.,verb,negative,-0.7,"['pasukan', 'musuh', 'akhirnya', 'tumpas', 'di', 'medan', 'perang', '.']"
Dia diberi penghargaan atas usahanya.,verb,neutral,0.0,"['dia', 'diberi', 'penghargaan', 'atas', 'usahanya', '.']"
Adakah anda dengr (dengar) apa yang dia katakan?,verb,neutral,0.0,"['adakah', 'anda', 'dengr', '(', 'dengar', ')', 'apa', 'yang', 'dia', 'katakan', '?']"
Kerajaan mengambil Tindakan (tindakan) tegas terhadap rasuah.,noun,neutral,0.0,"['kerajaan', 'mengambil', 'tindakan', '(', 'tindakan', ')', 'tegas', 'terhadap', 'rasuah', '.']"
Longkong.yg (longkang yang) kotor itu perlu dibersihkan.,noun,neutral,0.0,"['longkong', '.', 'yg', '(', 'longkang', 'yang', ')', 'kotor', 'itu', 'perlu', 'dibersihkan', '.']"
Saya can't (tidak dapat) datang ke majlis itu.,modal verb,neutral,0.0,"['saya', 'ca', ""n't"", '(', 'tidak', 'dapat', ')', 'datang', 'ke', 'majlis', 'itu', '.']"
"Merokok sangat bahaya,kalau (bahaya, kalau) tidak berhenti.",noun,negative,-0.8,"['merokok', 'sangat', 'bahaya', ',', 'kalau', '(', 'bahaya', ',', 'kalau', ')', 'tidak', 'berhenti', '.']"
Mereka cuba duit..rmpak (merompak duit) dari bank itu.,verb,negative,-0.9,"['mereka', 'cuba', 'duit', '.', 'rmpak', '(', 'merompak', 'duit', ')', 'dari', 'bank', 'itu', '.']"
Wanita itu seorang usahawan yang berjaya.,noun,neutral,0.0,"['wanita', 'itu', 'seorang', 'usahawan', 'yang', 'berjaya', '.']"
Polis berjaya menangkap PENJENAYAH (penjenayah) itu.,noun,negative,-0.8,"['polis', 'berjaya', 'menangkap', 'penjenayah', '(', 'penjenayah', ')', 'itu', '.']"
Dia selalunya pulang ke rumah awal.,adverb,neutral,0.0,"['dia', 'selalunya', 'pulang', 'ke', 'rumah', 'awal', '.']"
"Naudzubillahiminzalik, semoga kita dijauhkan dari musibah itu.",interjection,negative,-0.5,"['naudzubillahiminzalik', ',', 'semoga', 'kita', 'dijauhkan', 'dari', 'musibah', 'itu', '.']"
Sy (Saya) tidak tahu.,pronoun,neutral,0.0,"['sy', '(', 'saya', ')', 'tidak', 'tahu', '.']"
Buku itu ada di dalam beg.,preposition,neutral,0.0,"['buku', 'itu', 'ada', 'di', 'dalam', 'beg', '.']"
Perangai dia macam iblis! (syaitan),noun,negative,-0.9,"['perangai', 'dia', 'macam', 'iblis', '!', '(', 'syaitan', ')']"
Dia fasih berbahasa inggeris (Inggeris).,adjective,neutral,0.0,"['dia', 'fasih', 'berbahasa', 'inggeris', '(', 'inggeris', ')', '.']"
Bangunan itu sangat tinggi.,adjective,neutral,0.0,"['bangunan', 'itu', 'sangat', 'tinggi', '.']"
Dia trus (terus) berjalan tanpa menoleh.,adverb,neutral,0.0,"['dia', 'trus', '(', 'terus', ')', 'berjalan', 'tanpa', 'menoleh', '.']"
Ucapan itu sangat bermakna baginya.,verb,neutral,0.0,"['ucapan', 'itu', 'sangat', 'bermakna', 'baginya', '.']"
Dia juga ingin turut serta.,adverb,neutral,0.0,"['dia', 'juga', 'ingin', 'turut', 'serta', '.']"
Dia tepuk bahu saya.,verb,neutral,0.0,"['dia', 'tepuk', 'bahu', 'saya', '.']"
Tiada bukti kukuh ditemui.,noun,neutral,0.0,"['tiada', 'bukti', 'kukuh', 'ditemui', '.']"
Saya DAN (dan) kawan saya pergi ke pasar.,conjunction,neutral,0.0,"['saya', 'dan', '(', 'dan', ')', 'kawan', 'saya', 'pergi', 'ke', 'pasar', '.']"
Malaysia terkenal dengan kepelbagaian budayanya.,proper noun,neutral,0.0,"['malaysia', 'terkenal', 'dengan', 'kepelbagaian', 'budayanya', '.']"
Dia mempunyai niat baik untuk membantu.,noun,neutral,0.0,"['dia', 'mempunyai', 'niat', 'baik', 'untuk', 'membantu', '.']"
Mereka berbincang pasal masalah itu.,preposition,neutral,0.0,"['mereka', 'berbincang', 'pasal', 'masalah', 'itu', '.']"
Dia pergi keje (kerja) setiap pagi.,noun,neutral,0.0,"['dia', 'pergi', 'keje', '(', 'kerja', ')', 'setiap', 'pagi', '.']"
Penjenayah itu masih dicari oleh pihak polis.,verb,neutral,0.0,"['penjenayah', 'itu', 'masih', 'dicari', 'oleh', 'pihak', 'polis', '.']"
Dia taknak. (tidak mahu) makan nasi.,verb,neutral,0.0,"['dia', 'taknak', '.', '(', 'tidak', 'mahu', ')', 'makan', 'nasi', '.']"
Kita memerlukan..sekarang (memerlukan sekarang) bantuan anda.,verb,neutral,0.0,"['kita', 'memerlukan', '.', 'sekarang', '(', 'memerlukan', 'sekarang', ')', 'bantuan', 'anda', '.']"
Betul ka (betulkah) apa yang dia cakap?,particle,neutral,0.0,"['betul', 'ka', '(', 'betulkah', ')', 'apa', 'yang', 'dia', 'cakap', '?']"
Dia tidak datang karna (kerana) hujan lebat.,conjunction,neutral,0.0,"['dia', 'tidak', 'datang', 'karna', '(', 'kerana', ')', 'hujan', 'lebat', '.']"
Ada banyak.. (banyak) buku di perpustakaan itu.,adjective,neutral,0.0,"['ada', 'banyak', '.', '(', 'banyak', ')', 'buku', 'di', 'perpustakaan', 'itu', '.']"
Dia mempunyai muka yang cantik.,noun,neutral,0.0,"['dia', 'mempunyai', 'muka', 'yang', 'cantik', '.']"
Dia mengetuk pintu berkali-kali.,verb,neutral,0.0,"['dia', 'mengetuk', 'pintu', 'berkali', '-', 'kali', '.']"
Guru itu sangat tegas dalam mendidik muridnya.,adjective,neutral,0.0,"['guru', 'itu', 'sangat', 'tegas', 'dalam', 'mendidik', 'muridnya', '.']"
Penciptaan alat baharu itu mengambil masa bertahun-tahun.,noun,neutral,0.0,"['penciptaan', 'alat', 'baharu', 'itu', 'mengambil', 'masa', 'bertahun', '-', 'tahun', '.']"
"Selepas keja,dapat (kerja, dapat)lah gajinya.",noun,neutral,0.0,"['selepas', 'keja', ',', 'dapat', '(', 'kerja', ',', 'dapat)lah', 'gajinya', '.']"
Saya bumped (terlanggar) meja itu tadi.,verb,negative,-0.2,"['saya', 'bumped', '(', 'terlanggar', ')', 'meja', 'itu', 'tadi', '.']"
Dia diri....langgar (melanggar) keretanya.,verb,negative,-0.7,"['dia', 'diri', '.', 'langgar', '(', 'melanggar', ')', 'keretanya', '.']"
Dia drive (memandu) keretanya dengan laju.,verb,neutral,0.0,"['dia', 'drive', '(', 'memandu', ')', 'keretanya', 'dengan', 'laju', '.']"
"Dia tinggal di jb, (Johor Bahru).",proper noun,neutral,0.0,"['dia', 'tinggal', 'di', 'jb', ',', '(', 'johor', 'bahru', ')', '.']"
Tolong saya angkat kotak ini.,verb,neutral,0.0,"['tolong', 'saya', 'angkat', 'kotak', 'ini', '.']"
Kereta itu ada gear auto (automatik).,adjective,neutral,0.0,"['kereta', 'itu', 'ada', 'gear', 'auto', '(', 'automatik', ')', '.']"
Aduh! Sakitnya kaki saya.,interjection,negative,-0.3,"['aduh', '!', 'sakitnya', 'kaki', 'saya', '.']"
Saya xbulih (tidak boleh) datang esok.,modal verb,neutral,0.0,"['saya', 'xbulih', '(', 'tidak', 'boleh', ')', 'datang', 'esok', '.']"
Di mana awak tinggal?,interrogative pronoun,neutral,0.0,"['di', 'mana', 'awak', 'tinggal', '?']"
Kita (kita) perlu bekerjasama.,pronoun,neutral,0.0,"['kita', '(', 'kita', ')', 'perlu', 'bekerjasama', '.']"
"Dia ingin keluar...aduhhh,cara (keluar, aduh, cari cara) untuk menyelesaikan masalah ini.",verb,neutral,0.0,"['dia', 'ingin', 'keluar', '.', 'aduhhh', ',', 'cara', '(', 'keluar', ',', 'aduh', ',', 'cari', 'cara', ')', 'untuk', 'menyelesaikan', 'masalah', 'ini', '.']"
Saya akan pulang ke kampung esok.,pronoun,neutral,0.0,"['saya', 'akan', 'pulang', 'ke', 'kampung', 'esok', '.']"
Dia memuat naik video baru ke saluran YouTube.,noun,neutral,0.0,"['dia', 'memuat', 'naik', 'video', 'baru', 'ke', 'saluran', 'youtube', '.']"
Huruf 'r' sering digunakan dalam perkataan pinjaman.,letter,neutral,0.0,"['huruf', ""'"", 'r', ""'"", 'sering', 'digunakan', 'dalam', 'perkataan', 'pinjaman', '.']"
Persembahan mereka malam tadi sangat fantastis.,adjective,positive,0.8,"['persembahan', 'mereka', 'malam', 'tadi', 'sangat', 'fantastis', '.']"
Saya ada klas tambahan petang ini.,noun,neutral,0.0,"['saya', 'ada', 'klas', 'tambahan', 'petang', 'ini', '.']"
Dia memakai cap berwarna biru.,noun,neutral,0.0,"['dia', 'memakai', 'cap', 'berwarna', 'biru', '.']"
Woww...cermin ini sangat bersih!,noun,neutral,0.0,"['woww', '.', 'cermin', 'ini', 'sangat', 'bersih', '!']"
Pihak polis sedang memburu pelaku jenayah itu.,noun,neutral,0.0,"['pihak', 'polis', 'sedang', 'memburu', 'pelaku', 'jenayah', 'itu', '.']"
"“Awak faham?” “Ye, saya faham.”",interjection,neutral,0.0,"['“', 'awak', 'faham', '?', '”', '“', 'ye', ',', 'saya', 'faham', '.', '”']"
Dia memerlukan lebih banyak tenaga untuk menyelesaikan kerja itu.,noun,neutral,0.0,"['dia', 'memerlukan', 'lebih', 'banyak', 'tenaga', 'untuk', 'menyelesaikan', 'kerja', 'itu', '.']"
Tindakannya itu hanya menyusahkn orang lain.,verb,negative,-0.7,"['tindakannya', 'itu', 'hanya', 'menyusahkn', 'orang', 'lain', '.']"
Makanan sihat adalah penting untuk kesihatan.,noun,neutral,0.0,"['makanan', 'sihat', 'adalah', 'penting', 'untuk', 'kesihatan', '.']"
Saya akan melawat sepupu saya hujung minggu ini.,noun,neutral,0.0,"['saya', 'akan', 'melawat', 'sepupu', 'saya', 'hujung', 'minggu', 'ini', '.']"
Saya tak thu bila dia akan sampai.,verb,neutral,0.0,"['saya', 'tak', 'thu', 'bila', 'dia', 'akan', 'sampai', '.']"
"Kalau ada masa, saya akan datang.",conjunction,neutral,0.0,"['kalau', 'ada', 'masa', ',', 'saya', 'akan', 'datang', '.']"
"Dia bukan penakut, dia cuma berhati-hati.",adjective,negative,-0.6,"['dia', 'bukan', 'penakut', ',', 'dia', 'cuma', 'berhati', '-', 'hati', '.']"
Kereta itu remuk teruk selepas kemalangan.,adjective,negative,-0.5,"['kereta', 'itu', 'remuk', 'teruk', 'selepas', 'kemalangan', '.']"
Dia berasa hidupnya seperti di neraka selepas kejadian itu.,noun,negative,-0.8,"['dia', 'berasa', 'hidupnya', 'seperti', 'di', 'neraka', 'selepas', 'kejadian', 'itu', '.']"
JIRAN baharu kami sangat peramah.,noun,neutral,0.0,"['jiran', 'baharu', 'kami', 'sangat', 'peramah', '.']"
Dia menulis dengan tangan kanannya.,noun,neutral,0.0,"['dia', 'menulis', 'dengan', 'tangan', 'kanannya', '.']"
Dia pergi ke sekolah menunggang basikal.,noun,neutral,0.0,"['dia', 'pergi', 'ke', 'sekolah', 'menunggang', 'basikal', '.']"
Pelajar itu sedang belajar Alg2 di universiti.,noun,neutral,0.0,"['pelajar', 'itu', 'sedang', 'belajar', 'alg2', 'di', 'universiti', '.']"
Jantungnya berdegup laju kerana takut.,noun,neutral,0.0,"['jantungnya', 'berdegup', 'laju', 'kerana', 'takut', '.']"
Dia berasa down selepas gagal dalam peperiksaan.,adjective,negative,-0.4,"['dia', 'berasa', 'down', 'selepas', 'gagal', 'dalam', 'peperiksaan', '.']"
Sediakan 2-3 biji telur untuk resepi ini.,numeral,neutral,0.0,"['sediakan', '2', '-', '3', 'biji', 'telur', 'untuk', 'resepi', 'ini', '.']"
Saya xdpt hadir ke majlis itu.,verb,negative,-0.3,"['saya', 'xdpt', 'hadir', 'ke', 'majlis', 'itu', '.']"
Beliau ialah seorang tokoh masyarakat yang dihormati.,pronoun,neutral,0.0,"['beliau', 'ialah', 'seorang', 'tokoh', 'masyarakat', 'yang', 'dihormati', '.']"
Gunakan akai anda untuk menyelesaikan masalah ini.,noun,neutral,0.0,"['gunakan', 'akai', 'anda', 'untuk', 'menyelesaikan', 'masalah', 'ini', '.']"
Kami telah berjaya menamatkan projek ini 🏁🏁🏁.,emoji,positive,0.5,"['kami', 'telah', 'berjaya', 'menamatkan', 'projek', 'ini', 'chequered', 'flagchequered', 'flagchequered', 'flag', '.']"
Makan sambil berdiri itu haram😁 katanya.,adjective,negative,-0.7,"['makan', 'sambil', 'berdiri', 'itu', 'harambeaming', 'face', 'with', 'smiling', 'eyes', 'katanya', '.']"
"Hati-hati dengan api, ia boleh membakar.",noun,neutral,0.0,"['hati', '-', 'hati', 'dengan', 'api', ',', 'ia', 'boleh', 'membakar', '.']"
Zahid akan datang ke majlis esok.,proper noun,neutral,0.0,"['zahid', 'akan', 'datang', 'ke', 'majlis', 'esok', '.']"
Tayar keretanya pancit di tepi jalan.,noun,neutral,0.0,"['tayar', 'keretanya', 'pancit', 'di', 'tepi', 'jalan', '.']"
Penjenayah itu dihantar ke jail.,noun,negative,-0.7,"['penjenayah', 'itu', 'dihantar', 'ke', 'jail', '.']"
Semoga doa kita dimakbulkan. Aamiin3.,interjection,positive,0.8,"['semoga', 'doa', 'kita', 'dimakbulkan', '.', 'aamiin3', '.']"
Dia datang ke majlis itu serta rakan-rakannya.,conjunction,neutral,0.0,"['dia', 'datang', 'ke', 'majlis', 'itu', 'serta', 'rakan', '-', 'rakannya', '.']"
Buku itu ada didalam beg.,preposition,neutral,0.0,"['buku', 'itu', 'ada', 'didalam', 'beg', '.']"
Sungguh bodohnya tindakan itu!,adjective,negative,-0.8,"['sungguh', 'bodohnya', 'tindakan', 'itu', '!']"
ADA banyak makanan di sana.,verb,neutral,0.0,"['ada', 'banyak', 'makanan', 'di', 'sana', '.']"
Tolong padam lampu sebelum tidur.,verb,neutral,0.0,"['tolong', 'padam', 'lampu', 'sebelum', 'tidur', '.']"
"Oh, ii, saya faham sekarang.",interjection,neutral,0.0,"['oh', ',', 'ii', ',', 'saya', 'faham', 'sekarang', '.']"
Kreta..kita perlu dibaiki segera.,noun,neutral,0.0,"['kreta', '.', 'kita', 'perlu', 'dibaiki', 'segera', '.']"
Dia aduk kopi itu dengan sudu.,verb,neutral,0.0,"['dia', 'aduk', 'kopi', 'itu', 'dengan', 'sudu', '.']"
Awak nak pergi ker mana?,particle,neutral,0.0,"['awak', 'nak', 'pergi', 'ker', 'mana', '?']"
Lampu ini guna api..boleh menyala dengan baik.,noun,neutral,0.0,"['lampu', 'ini', 'guna', 'api', '.', 'boleh', 'menyala', 'dengan', 'baik', '.']"
Dia baru membeli sebuah suv baru.,noun,neutral,0.0,"['dia', 'baru', 'membeli', 'sebuah', 'suv', 'baru', '.']"
Kita mesti mematuhi undang² negara.,noun,neutral,0.0,"['kita', 'mesti', 'mematuhi', 'undang²', 'negara', '.']"
Dia memukul bola dengan bat.,noun,neutral,0.0,"['dia', 'memukul', 'bola', 'dengan', 'bat', '.']"
Golongan fakir miskin memerlukan bantuan kita.,noun,negative,-0.6,"['golongan', 'fakir', 'miskin', 'memerlukan', 'bantuan', 'kita', '.']"
Kami mencari penyelesaian terbaik untuk isu ini.,noun,neutral,0.0,"['kami', 'mencari', 'penyelesaian', 'terbaik', 'untuk', 'isu', 'ini', '.']"
"Setakat ini, tiada masalah besar yang timbul.",adverb,neutral,0.0,"['setakat', 'ini', ',', 'tiada', 'masalah', 'besar', 'yang', 'timbul', '.']"
Dia sedang mencari kosan yang dekat dengan universiti.,noun,neutral,0.0,"['dia', 'sedang', 'mencari', 'kosan', 'yang', 'dekat', 'dengan', 'universiti', '.']"
Aplikasi itu tidak dapat run pada peranti lama.,verb,neutral,0.0,"['aplikasi', 'itu', 'tidak', 'dapat', 'run', 'pada', 'peranti', 'lama', '.']"
Buku nii.... memang menarik.,pronoun,neutral,0.0,"['buku', 'nii', '.', 'memang', 'menarik', '.']"
Semua warga perlu mematuhi peraturan.,noun,neutral,0.0,"['semua', 'warga', 'perlu', 'mematuhi', 'peraturan', '.']"
Dia akan balik ke kampung hujung minggu ini.,verb,neutral,0.0,"['dia', 'akan', 'balik', 'ke', 'kampung', 'hujung', 'minggu', 'ini', '.']"
Semoga perjalanan anda selamat sampai ke destinasi.,adjective,positive,0.7,"['semoga', 'perjalanan', 'anda', 'selamat', 'sampai', 'ke', 'destinasi', '.']"
Dia membuka tingkap untuk membiarkan angin masuk.,noun,neutral,0.0,"['dia', 'membuka', 'tingkap', 'untuk', 'membiarkan', 'angin', 'masuk', '.']"
"Saya membeli epal, oren, dan pisang.",punctuation,neutral,0.0,"['saya', 'membeli', 'epal', ',', 'oren', ',', 'dan', 'pisang', '.']"
Berjuta orang telah terjejas akibat bencana itu.,numeral,neutral,0.0,"['berjuta', 'orang', 'telah', 'terjejas', 'akibat', 'bencana', 'itu', '.']"
Janganlah berkelakuan sakai di khalayak ramai.,adjective,negative,-0.8,"['janganlah', 'berkelakuan', 'sakai', 'di', 'khalayak', 'ramai', '.']"
Penyalahgunaan dadah boleh merosakkan masa depan.,noun,negative,-0.9,"['penyalahgunaan', 'dadah', 'boleh', 'merosakkan', 'masa', 'depan', '.']"
Kita perlu mempertankan kedaulatan negara.,verb,neutral,0.0,"['kita', 'perlu', 'mempertankan', 'kedaulatan', 'negara', '.']"
Dia berasa kesal dengan keputusan yang telah dibuatnya.,adjective,negative,-0.6,"['dia', 'berasa', 'kesal', 'dengan', 'keputusan', 'yang', 'telah', 'dibuatnya', '.']"
Janganlah buat kerja bs macam tu.,adjective,negative,-0.7,"['janganlah', 'buat', 'kerja', 'bs', 'macam', 'tu', '.']"
Sepatut dia sudah tiba di sini.,adverb,neutral,0.0,"['sepatut', 'dia', 'sudah', 'tiba', 'di', 'sini', '.']"
Dia sangat sayang akan keluarganya.,verb,positive,0.8,"['dia', 'sangat', 'sayang', 'akan', 'keluarganya', '.']"
Dia adalah pembawa berita baik itu.,noun,neutral,0.0,"['dia', 'adalah', 'pembawa', 'berita', 'baik', 'itu', '.']"
"Dia hanya membalas, 'hehe'.",interjection,positive,0.3,"['dia', 'hanya', 'membalas', ',', ""'"", 'hehe', ""'"", '.']"
Dia perlu buat keputusan skarang.,adverb,neutral,0.0,"['dia', 'perlu', 'buat', 'keputusan', 'skarang', '.']"
Tekanlah butang merah itu.,verb,neutral,0.0,"['tekanlah', 'butang', 'merah', 'itu', '.']"
Buku ini. adalah milik saya.,pronoun,neutral,0.0,"['buku', 'ini', '.', 'adalah', 'milik', 'saya', '.']"
Ramai Org datang ke majlis itu.,noun,neutral,0.0,"['ramai', 'org', 'datang', 'ke', 'majlis', 'itu', '.']"
Berapa kali. kamu sudah mengulanginya?,noun,neutral,0.0,"['berapa', 'kali', '.', 'kamu', 'sudah', 'mengulanginya', '?']"
Tindakannya itu sudah melampau.,adjective,negative,-0.5,"['tindakannya', 'itu', 'sudah', 'melampau', '.']"
Semua pelajar sudah siap untuk peperiksaan.,quantifier,neutral,0.0,"['semua', 'pelajar', 'sudah', 'siap', 'untuk', 'peperiksaan', '.']"
Perkataannya sangat KASAr dan menyinggung perasaan.,adjective,negative,-0.6,"['perkataannya', 'sangat', 'kasar', 'dan', 'menyinggung', 'perasaan', '.']"
"Saya akan cuba datang esok, insyaallah.",interjection,positive,0.6,"['saya', 'akan', 'cuba', 'datang', 'esok', ',', 'insyaallah', '.']"
Dia memerlukan duit untuk membeli makanan.,noun,neutral,0.0,"['dia', 'memerlukan', 'duit', 'untuk', 'membeli', 'makanan', '.']"
Dia mengangkat tngan..nya untuk memberi isyarat.,noun,neutral,0.0,"['dia', 'mengangkat', 'tngan', '.', 'nya', 'untuk', 'memberi', 'isyarat', '.']"
Syabas atas kejayaan cemerlang anda!,interjection,positive,0.9,"['syabas', 'atas', 'kejayaan', 'cemerlang', 'anda', '!']"
Kereta itu hampir gilis motosikal di jalan.,verb,negative,-0.7,"['kereta', 'itu', 'hampir', 'gilis', 'motosikal', 'di', 'jalan', '.']"
Bila anda akan mula bekerja?,adverb,neutral,0.0,"['bila', 'anda', 'akan', 'mula', 'bekerja', '?']"
"Dengan adanya bantuan, projek ini dapat disiapkan.",verb,neutral,0.0,"['dengan', 'adanya', 'bantuan', ',', 'projek', 'ini', 'dapat', 'disiapkan', '.']"
Ramai orng berkumpul di dataran.,noun,neutral,0.0,"['ramai', 'orng', 'berkumpul', 'di', 'dataran', '.']"
Penjarakan sosial penting untuk membendung wabak.,verb,neutral,0.0,"['penjarakan', 'sosial', 'penting', 'untuk', 'membendung', 'wabak', '.']"
Jangan sentuh barang itu.,particle,neutral,0.0,"['jangan', 'sentuh', 'barang', 'itu', '.']"
Dia Bru sampai dari perjalanan.,adjective,neutral,0.0,"['dia', 'bru', 'sampai', 'dari', 'perjalanan', '.']"
"Janganlah jadi bingai, gunakan akal.",adjective,negative,-0.7,"['janganlah', 'jadi', 'bingai', ',', 'gunakan', 'akal', '.']"
Makanan ini sangat Enak.,adjective,positive,0.7,"['makanan', 'ini', 'sangat', 'enak', '.']"
"Saya tiada masa, so saya tak dapat ikut.",conjunction,neutral,0.0,"['saya', 'tiada', 'masa', ',', 'so', 'saya', 'tak', 'dapat', 'ikut', '.']"
Dia sepatut datang lebih awal.,adverb,neutral,0.0,"['dia', 'sepatut', 'datang', 'lebih', 'awal', '.']"
Ada bunyi aneh dari luar.,noun,neutral,0.0,"['ada', 'bunyi', 'aneh', 'dari', 'luar', '.']"
Kes itu akan dibawa ke mahkamah esok.,noun,neutral,0.0,"['kes', 'itu', 'akan', 'dibawa', 'ke', 'mahkamah', 'esok', '.']"
Baju tu..kalo awak suka.,pronoun,neutral,0.0,"['baju', 'tu', '.', 'kalo', 'awak', 'suka', '.']"
Dia bukan seorang penakut.,noun,negative,-0.6,"['dia', 'bukan', 'seorang', 'penakut', '.']"
"Klw dia datang, beritahu saya.",conjunction,neutral,0.0,"['klw', 'dia', 'datang', ',', 'beritahu', 'saya', '.']"
Benda itu ada di atas meja.,noun,neutral,0.0,"['benda', 'itu', 'ada', 'di', 'atas', 'meja', '.']"
Buku itu ada Dlm beg.,preposition,neutral,0.0,"['buku', 'itu', 'ada', 'dlm', 'beg', '.']"
Berikan satu cth ayat yang mudah.,noun,neutral,0.0,"['berikan', 'satu', 'cth', 'ayat', 'yang', 'mudah', '.']"
Penyamun itu ditangkap polis semalam.,noun,negative,-0.8,"['penyamun', 'itu', 'ditangkap', 'polis', 'semalam', '.']"
Dia bercakap sprti tiada apa yang berlaku.,preposition,neutral,0.0,"['dia', 'bercakap', 'sprti', 'tiada', 'apa', 'yang', 'berlaku', '.']"
Dia disabitkan dengan kesalahan mencuri.,verb,negative,-0.6,"['dia', 'disabitkan', 'dengan', 'kesalahan', 'mencuri', '.']"
Jaga hati orang lain.,noun,neutral,0.0,"['jaga', 'hati', 'orang', 'lain', '.']"
Kami sampai ke destinasi tepat pada masanya.,verb,neutral,0.0,"['kami', 'sampai', 'ke', 'destinasi', 'tepat', 'pada', 'masanya', '.']"
Dia membuat kek hari jadi untuk adiknya.,verb,neutral,0.0,"['dia', 'membuat', 'kek', 'hari', 'jadi', 'untuk', 'adiknya', '.']"
Buah limau itu sangat masam.,adjective,negative,-0.5,"['buah', 'limau', 'itu', 'sangat', 'masam', '.']"
Dia memulas tombol pintu untuk membukanya.,verb,neutral,0.0,"['dia', 'memulas', 'tombol', 'pintu', 'untuk', 'membukanya', '.']"
Presiden negara itu telah berucap semalam.,noun,neutral,0.0,"['presiden', 'negara', 'itu', 'telah', 'berucap', 'semalam', '.']"
"Andainya dia datang, beritahu saya.",conjunction,neutral,0.0,"['andainya', 'dia', 'datang', ',', 'beritahu', 'saya', '.']"
"X pe lah, saya boleh buat sendiri.",particle,neutral,0.0,"['x', 'pe', 'lah', ',', 'saya', 'boleh', 'buat', 'sendiri', '.']"
Sy akan pergi ke sana esok.,pronoun,neutral,0.0,"['sy', 'akan', 'pergi', 'ke', 'sana', 'esok', '.']"
Dia n saya akan datang.,conjunction,neutral,0.0,"['dia', 'n', 'saya', 'akan', 'datang', '.']"
Belok ke kanan di persimpangan itu.,adjective,neutral,0.0,"['belok', 'ke', 'kanan', 'di', 'persimpangan', 'itu', '.']"
"Tu..klu dia nak datang, bagitahu saya.","pronoun, conjunction",neutral,0.0,"['tu', '.', 'klu', 'dia', 'nak', 'datang', ',', 'bagitahu', 'saya', '.']"
Patutnya dia sudah sampai sekarang.,adverb,neutral,0.0,"['patutnya', 'dia', 'sudah', 'sampai', 'sekarang', '.']"
Mereka membina pagar di sempadan.,noun,neutral,0.0,"['mereka', 'membina', 'pagar', 'di', 'sempadan', '.']"
"Sbab dia lambat, kami terpaksa tunggu.",conjunction,neutral,0.0,"['sbab', 'dia', 'lambat', ',', 'kami', 'terpaksa', 'tunggu', '.']"
Dia menaiki metro ke tempat kerja.,noun,neutral,0.0,"['dia', 'menaiki', 'metro', 'ke', 'tempat', 'kerja', '.']"
Awak ok?,punctuation,neutral,0.0,"['awak', 'ok', '?']"
Ramai netizen meluahkan rasa tidak puas hati.,noun,neutral,0.0,"['ramai', 'netizen', 'meluahkan', 'rasa', 'tidak', 'puas', 'hati', '.']"
Scene itu sangat menyentuh hati.,noun,neutral,0.0,"['scene', 'itu', 'sangat', 'menyentuh', 'hati', '.']"
Klakson keretanya sangat kuat.,noun,neutral,0.0,"['klakson', 'keretanya', 'sangat', 'kuat', '.']"
Pihak polis berusaha mengamankan kawasan itu.,verb,positive,0.7,"['pihak', 'polis', 'berusaha', 'mengamankan', 'kawasan', 'itu', '.']"
Kita perlu pergi sekarang.,verb,neutral,0.0,"['kita', 'perlu', 'pergi', 'sekarang', '.']"
Makanan sudah habis.,verb,neutral,0.0,"['makanan', 'sudah', 'habis', '.']"
Dia duduk di atas punggung.,noun,neutral,0.0,"['dia', 'duduk', 'di', 'atas', 'punggung', '.']"
Makanan itu terlalu pedas.,adverb,neutral,0.0,"['makanan', 'itu', 'terlalu', 'pedas', '.']"
Dia malas untuk bekerja hari ini.,adjective,negative,-0.7,"['dia', 'malas', 'untuk', 'bekerja', 'hari', 'ini', '.']"
Dia bakar sampah di belakang rumah.,verb,neutral,0.0,"['dia', 'bakar', 'sampah', 'di', 'belakang', 'rumah', '.']"
Pihak berkuasa telah mengambil tindakan.,noun,neutral,0.0,"['pihak', 'berkuasa', 'telah', 'mengambil', 'tindakan', '.']"
Mereka sedang menyiasat punca kejadian itu.,noun,neutral,0.0,"['mereka', 'sedang', 'menyiasat', 'punca', 'kejadian', 'itu', '.']"
"Kalau dia datang, beritahu saya.",conjunction,neutral,0.0,"['kalau', 'dia', 'datang', ',', 'beritahu', 'saya', '.']"
Ini adalah percubaan ke3 saya.,adjective,neutral,0.0,"['ini', 'adalah', 'percubaan', 'ke3', 'saya', '.']"
Saya akan call awak nanti.,verb,neutral,0.0,"['saya', 'akan', 'call', 'awak', 'nanti', '.']"
Tulh pasal dia tak datang.,demonstrative pronoun,neutral,0.0,"['tulh', 'pasal', 'dia', 'tak', 'datang', '.']"
Jangan terlalu bergantung pada orglain.,noun phrase,neutral,0.0,"['jangan', 'terlalu', 'bergantung', 'pada', 'orglain', '.']"
"Kalau buat ceni, mesti cepat siap.",adverb,neutral,0.0,"['kalau', 'buat', 'ceni', ',', 'mesti', 'cepat', 'siap', '.']"
Jangan habisin semua makanan itu.,verb,neutral,0.0,"['jangan', 'habisin', 'semua', 'makanan', 'itu', '.']"
Kakeknya seorang petani.,noun,neutral,0.0,"['kakeknya', 'seorang', 'petani', '.']"
Those are my friends.,demonstrative pronoun,neutral,0.0,"['those', 'are', 'my', 'friends', '.']"
The book is in the bag.,preposition,neutral,0.0,"['the', 'book', 'is', 'in', 'the', 'bag', '.']"
Kita digalakkan untuk bersedekah.,noun,positive,0.8,"['kita', 'digalakkan', 'untuk', 'bersedekah', '.']"
Penangkapan suspek berlaku semalam.,noun,neutral,0.0,"['penangkapan', 'suspek', 'berlaku', 'semalam', '.']"
Jangan jadi orang bodoh.,adjective,negative,-0.9,"['jangan', 'jadi', 'orang', 'bodoh', '.']"
Sila reverse kereta anda.,verb,neutral,0.0,"['sila', 'reverse', 'kereta', 'anda', '.']"
Jangan Menyusah orang lain.,verb,negative,-0.6,"['jangan', 'menyusah', 'orang', 'lain', '.']"
Dia menerima hukuman yang berat.,noun,negative,-0.7,"['dia', 'menerima', 'hukuman', 'yang', 'berat', '.']"
Dia melawan arus air.,verb,neutral,0.0,"['dia', 'melawan', 'arus', 'air', '.']"
Ini bukan buku saya.,particle,neutral,0.0,"['ini', 'bukan', 'buku', 'saya', '.']"
Dia duduk di barisan depan.,noun,neutral,0.0,"['dia', 'duduk', 'di', 'barisan', 'depan', '.']"
Kita perlu mempertahankan kedaulatan negara.,verb,positive,0.5,"['kita', 'perlu', 'mempertahankan', 'kedaulatan', 'negara', '.']"
Dia menghadapi masalah kewangan yang besar.,noun,negative,-0.7,"['dia', 'menghadapi', 'masalah', 'kewangan', 'yang', 'besar', '.']"
"Kalau hujan, kami tidak akan keluar.",conjunction,neutral,0.0,"['kalau', 'hujan', ',', 'kami', 'tidak', 'akan', 'keluar', '.']"
Dia datang sekali lagi. / Pemandangan itu cantik sekali.,adverb,neutral,0.0,"['dia', 'datang', 'sekali', 'lagi', '.', '/', 'pemandangan', 'itu', 'cantik', 'sekali', '.']"
Askar itu membawa senjata api yang canggih.,noun,neutral,0.0,"['askar', 'itu', 'membawa', 'senjata', 'api', 'yang', 'canggih', '.']"
Dia menunjuk ke arah gunung yang tinggi.,verb,neutral,0.0,"['dia', 'menunjuk', 'ke', 'arah', 'gunung', 'yang', 'tinggi', '.']"
Saya takan maafkan dia.,adverbial phrase,neutral,0.0,"['saya', 'takan', 'maafkan', 'dia', '.']"
Pekan Langat terkenal dengan pasar malamnya.,proper noun,neutral,0.0,"['pekan', 'langat', 'terkenal', 'dengan', 'pasar', 'malamnya', '.']"
Saya nak makan roti je.,adverb,neutral,0.0,"['saya', 'nak', 'makan', 'roti', 'je', '.']"
Nasib baik dia tidak cedera parah.,noun,neutral,0.0,"['nasib', 'baik', 'dia', 'tidak', 'cedera', 'parah', '.']"
Dia simpan wang di dalam bank.,verb,neutral,0.0,"['dia', 'simpan', 'wang', 'di', 'dalam', 'bank', '.']"
Dia campur semua bahan untuk membuat kek.,verb,neutral,0.0,"['dia', 'campur', 'semua', 'bahan', 'untuk', 'membuat', 'kek', '.']"
Keadaan pesakit itu sangat parah.,adjective,negative,-0.8,"['keadaan', 'pesakit', 'itu', 'sangat', 'parah', '.']"
Bodohnya dia percaya kata-kata penipu itu.,adjective,negative,-0.9,"['bodohnya', 'dia', 'percaya', 'kata', '-', 'kata', 'penipu', 'itu', '.']"
Dia guna pisau untuk memotong buah.,verb,neutral,0.0,"['dia', 'guna', 'pisau', 'untuk', 'memotong', 'buah', '.']"
Dia tanya saya tentang jadual mesyuarat.,verb,neutral,0.0,"['dia', 'tanya', 'saya', 'tentang', 'jadual', 'mesyuarat', '.']"
Penjenayah itu didakwa cuba membunuh mangsanya.,verb,negative,-1.0,"['penjenayah', 'itu', 'didakwa', 'cuba', 'membunuh', 'mangsanya', '.']"
Dia memang pandai dalam pelajaran.,adverb,neutral,0.0,"['dia', 'memang', 'pandai', 'dalam', 'pelajaran', '.']"
Dia tidak faham langsung apa yang saya katakan.,adverb,neutral,0.0,"['dia', 'tidak', 'faham', 'langsung', 'apa', 'yang', 'saya', 'katakan', '.']"
Dia terkena selesema teruk.,verb,neutral,0.0,"['dia', 'terkena', 'selesema', 'teruk', '.']"
"Dia makan nasi, pastu dia tidur.",adverbial phrase,neutral,0.0,"['dia', 'makan', 'nasi', ',', 'pastu', 'dia', 'tidur', '.']"
Dia mahu makan lagi.,adverb,neutral,0.0,"['dia', 'mahu', 'makan', 'lagi', '.']"
Kanak-kanak itu suka sorok di belakang pokok.,verb,neutral,0.0,"['kanak', '-', 'kanak', 'itu', 'suka', 'sorok', 'di', 'belakang', 'pokok', '.']"
"Jika ada masalah, beritahu saya.",conjunction,neutral,0.0,"['jika', 'ada', 'masalah', ',', 'beritahu', 'saya', '.']"
Dia baru beli kereta baru.,adjective,neutral,0.0,"['dia', 'baru', 'beli', 'kereta', 'baru', '.']"
Makcik saya seorang guru di sekolah itu.,noun,neutral,0.0,"['makcik', 'saya', 'seorang', 'guru', 'di', 'sekolah', 'itu', '.']"
Jomlah kita pergi sekarang.,particle,neutral,0.0,"['jomlah', 'kita', 'pergi', 'sekarang', '.']"
Kuala Lumpur ialah ibu negara Malaysia.,proper noun,neutral,0.0,"['kuala', 'lumpur', 'ialah', 'ibu', 'negara', 'malaysia', '.']"
Mangsa banjir memerlukan bantuan segera.,noun,positive,0.7,"['mangsa', 'banjir', 'memerlukan', 'bantuan', 'segera', '.']"
Buku itu kepunyaan saya.,demonstrative pronoun,neutral,0.0,"['buku', 'itu', 'kepunyaan', 'saya', '.']"
Dia ada banyak buku di rumahnya.,verb,neutral,0.0,"['dia', 'ada', 'banyak', 'buku', 'di', 'rumahnya', '.']"
Kotak itu sangat berat untuk diangkat.,adjective,neutral,0.0,"['kotak', 'itu', 'sangat', 'berat', 'untuk', 'diangkat', '.']"
Kita perlu menjaga badan agar sentiasa sihat.,adjective,positive,0.8,"['kita', 'perlu', 'menjaga', 'badan', 'agar', 'sentiasa', 'sihat', '.']"
"Jangan jadi goblok, fikir sebelum bertindak.",adjective,negative,-0.9,"['jangan', 'jadi', 'goblok', ',', 'fikir', 'sebelum', 'bertindak', '.']"
Dia didakwa mencederakan mangsanya dalam pergaduhan.,verb,negative,-0.9,"['dia', 'didakwa', 'mencederakan', 'mangsanya', 'dalam', 'pergaduhan', '.']"
Dia bisa menyelesaikan masalah itu.,modal verb,neutral,0.0,"['dia', 'bisa', 'menyelesaikan', 'masalah', 'itu', '.']"
Dia seorang jurugambar amatur yang berbakat.,noun,neutral,0.0,"['dia', 'seorang', 'jurugambar', 'amatur', 'yang', 'berbakat', '.']"
Dia mengakui kesilapannya dan meminta maaf.,noun,negative,-0.6,"['dia', 'mengakui', 'kesilapannya', 'dan', 'meminta', 'maaf', '.']"
Maknya risau akan keselamatan anaknya.,noun,neutral,0.0,"['maknya', 'risau', 'akan', 'keselamatan', 'anaknya', '.']"
Ramai orang berkumpul di dataran.,noun,neutral,0.0,"['ramai', 'orang', 'berkumpul', 'di', 'dataran', '.']"
Dia perlu pilih baju yang sesuai untuk majlis itu.,verb,neutral,0.0,"['dia', 'perlu', 'pilih', 'baju', 'yang', 'sesuai', 'untuk', 'majlis', 'itu', '.']"
Dia akan datang esok pagi.,auxiliary verb,neutral,0.0,"['dia', 'akan', 'datang', 'esok', 'pagi', '.']"
Dia seorang pelajar yang rajin.,pronoun,neutral,0.0,"['dia', 'seorang', 'pelajar', 'yang', 'rajin', '.']"
Anak muda digalakkan untuk belajar berdikari.,verb,positive,0.7,"['anak', 'muda', 'digalakkan', 'untuk', 'belajar', 'berdikari', '.']"
Dia menyebut nama saya dengan jelas.,verb,neutral,0.0,"['dia', 'menyebut', 'nama', 'saya', 'dengan', 'jelas', '.']"
Iblis sentiasa menggoda manusia untuk melakukan dosa.,noun,negative,-1.0,"['iblis', 'sentiasa', 'menggoda', 'manusia', 'untuk', 'melakukan', 'dosa', '.']"
Elakkan menggunakan perkataan 'pukimak' kerana ia sangat biadab.,expletive,negative,-1.0,"['elakkan', 'menggunakan', 'perkataan', ""'"", 'pukimak', ""'"", 'kerana', 'ia', 'sangat', 'biadab', '.']"
Kucing saya suka bermain dengan bebola benang.,noun,neutral,0.0,"['kucing', 'saya', 'suka', 'bermain', 'dengan', 'bebola', 'benang', '.']"
Dia kelihatan sihat selepas berehat yang mencukupi.,adjective,positive,0.8,"['dia', 'kelihatan', 'sihat', 'selepas', 'berehat', 'yang', 'mencukupi', '.']"
Dia sedar akan kesilapannya dan berjanji akan berubah.,verb,neutral,0.0,"['dia', 'sedar', 'akan', 'kesilapannya', 'dan', 'berjanji', 'akan', 'berubah', '.']"
Dia belajar silat sejak kecil.,noun,neutral,0.0,"['dia', 'belajar', 'silat', 'sejak', 'kecil', '.']"
Tentera itu sangat berani di medan perang.,adjective,positive,0.7,"['tentera', 'itu', 'sangat', 'berani', 'di', 'medan', 'perang', '.']"
Treler itu membawa muatan berat ke pelabuhan.,noun,neutral,0.0,"['treler', 'itu', 'membawa', 'muatan', 'berat', 'ke', 'pelabuhan', '.']"
Tekan butang ini untuk memulakan mesin.,verb,neutral,0.0,"['tekan', 'butang', 'ini', 'untuk', 'memulakan', 'mesin', '.']"
Awak makan mi je ke?,particle,neutral,0.0,"['awak', 'makan', 'mi', 'je', 'ke', '?']"
Baju ni cantik.,pronoun,neutral,0.0,"['baju', 'ni', 'cantik', '.']"
"Maka, bermulalah cerita itu.",conjunction,neutral,0.0,"['maka', ',', 'bermulalah', 'cerita', 'itu', '.']"
Apa yang awak buat?,pronoun,neutral,0.0,"['apa', 'yang', 'awak', 'buat', '?']"
Kumpulan pengganas itu sangat ganas.,adjective,negative,-0.8,"['kumpulan', 'pengganas', 'itu', 'sangat', 'ganas', '.']"
Kita perlu defaind hak kita.,verb (loanword),neutral,0.0,"['kita', 'perlu', 'defaind', 'hak', 'kita', '.']"
Dia pulang ke ruma selepas bekerja.,noun,neutral,0.0,"['dia', 'pulang', 'ke', 'ruma', 'selepas', 'bekerja', '.']"
Dia selalu datang lewat ke pejabat.,adverb,neutral,0.0,"['dia', 'selalu', 'datang', 'lewat', 'ke', 'pejabat', '.']"
Dia rasa jelous melihat kejayaan kawannya.,adjective (loanword),negative,-0.6,"['dia', 'rasa', 'jelous', 'melihat', 'kejayaan', 'kawannya', '.']"
Kereta itu langgor tiang lampu.,verb,neutral,0.0,"['kereta', 'itu', 'langgor', 'tiang', 'lampu', '.']"
"Jika hujan, kita batalkan perkelahan.",conjunction,neutral,0.0,"['jika', 'hujan', ',', 'kita', 'batalkan', 'perkelahan', '.']"
Dia tidak mengerti arahan itu.,verb,neutral,0.0,"['dia', 'tidak', 'mengerti', 'arahan', 'itu', '.']"
Abang baru beli kereta Toyota Vios.,noun (proper),neutral,0.0,"['abang', 'baru', 'beli', 'kereta', 'toyota', 'vios', '.']"
Lanun itu cuba rompak kapal dagang.,verb,negative,-0.9,"['lanun', 'itu', 'cuba', 'rompak', 'kapal', 'dagang', '.']"
Dia ditangkap kerana mencuri telefon bimbit.,verb,negative,-0.9,"['dia', 'ditangkap', 'kerana', 'mencuri', 'telefon', 'bimbit', '.']"
Buku itu ditulis oleh seorang penulis terkenal.,preposition,neutral,0.0,"['buku', 'itu', 'ditulis', 'oleh', 'seorang', 'penulis', 'terkenal', '.']"
Dia sangat kuat mengangkat kotak itu.,adjective,positive,0.6,"['dia', 'sangat', 'kuat', 'mengangkat', 'kotak', 'itu', '.']"
Dia pergi ke spa untuk berehat.,noun,positive,0.5,"['dia', 'pergi', 'ke', 'spa', 'untuk', 'berehat', '.']"
"Kak, boleh tolong saya?",noun (informal address),positive,0.7,"['kak', ',', 'boleh', 'tolong', 'saya', '?']"
Enjin pesawat itu bedengung kuat.,verb,neutral,0.0,"['enjin', 'pesawat', 'itu', 'bedengung', 'kuat', '.']"
Kami bekerja hingga larut malam.,preposition / conjunction,neutral,0.0,"['kami', 'bekerja', 'hingga', 'larut', 'malam', '.']"
Persembahan kumpulan itu memang joss!,interjection / adjective,positive,0.8,"['persembahan', 'kumpulan', 'itu', 'memang', 'joss', '!']"
Awak nak pergi mana ke?,particle (interrogative),neutral,0.0,"['awak', 'nak', 'pergi', 'mana', 'ke', '?']"
Boleh saya amik buku ni?,verb,neutral,0.0,"['boleh', 'saya', 'amik', 'buku', 'ni', '?']"
Dia tunggu di tmpat biasa.,noun,neutral,0.0,"['dia', 'tunggu', 'di', 'tmpat', 'biasa', '.']"
Dia melihat dirinya di cermin.,noun,neutral,0.0,"['dia', 'melihat', 'dirinya', 'di', 'cermin', '.']"
Kau nak makan apa?,pronoun,neutral,0.0,"['kau', 'nak', 'makan', 'apa', '?']"
Filem komedi itu sangat lucu.,adjective,positive,0.7,"['filem', 'komedi', 'itu', 'sangat', 'lucu', '.']"
Projek perumahan baru akan dibina di sini.,noun,neutral,0.0,"['projek', 'perumahan', 'baru', 'akan', 'dibina', 'di', 'sini', '.']"
Cerita itu sangat lame.,adjective (loanword),negative,-0.6,"['cerita', 'itu', 'sangat', 'lame', '.']"
Mereka cuba rompak bank itu.,verb,negative,-0.9,"['mereka', 'cuba', 'rompak', 'bank', 'itu', '.']"
Ibu bapa sentiasa mencurahkan kasih kepada anak-anak.,noun / verb,positive,0.8,"['ibu', 'bapa', 'sentiasa', 'mencurahkan', 'kasih', 'kepada', 'anak', '-', 'anak', '.']"
Tolong ingat pesanan saya.,verb,neutral,0.0,"['tolong', 'ingat', 'pesanan', 'saya', '.']"
Kami membeli produk tempatan untuk menyokong ekonomi.,adjective,neutral,0.0,"['kami', 'membeli', 'produk', 'tempatan', 'untuk', 'menyokong', 'ekonomi', '.']"
Buku ini ditulis by dia.,preposition (loanword),neutral,0.0,"['buku', 'ini', 'ditulis', 'by', 'dia', '.']"
Saya suka kopi &amp; teh.,conjunction (symbol),neutral,0.0,"['saya', 'suka', 'kopi', '&', 'amp', ';', 'teh', '.']"
Dia sygkan keluarganya.,verb,positive,0.8,"['dia', 'sygkan', 'keluarganya', '.']"
Awak makan mi je?,particle,neutral,0.0,"['awak', 'makan', 'mi', 'je', '?']"
Mari kita tgk filem itu.,verb,neutral,0.0,"['mari', 'kita', 'tgk', 'filem', 'itu', '.']"
Mesyuarat ASEAN akan diadakan bulan depan.,noun (acronym),neutral,0.0,"['mesyuarat', 'asean', 'akan', 'diadakan', 'bulan', 'depan', '.']"
Keadaan di sana agak tegang.,noun,neutral,0.0,"['keadaan', 'di', 'sana', 'agak', 'tegang', '.']"
Insiden itu berlaku semalam.,verb,neutral,0.0,"['insiden', 'itu', 'berlaku', 'semalam', '.']"
Pakaian itu sangat elok dipakai.,adjective,positive,0.7,"['pakaian', 'itu', 'sangat', 'elok', 'dipakai', '.']"
Awak nak makan ape?,pronoun,neutral,0.0,"['awak', 'nak', 'makan', 'ape', '?']"
Dia pun datang ke majlis itu.,particle / adverb,neutral,0.0,"['dia', 'pun', 'datang', 'ke', 'majlis', 'itu', '.']"
Dia menyimpan buku di dalam laci.,preposition / adjective,neutral,0.0,"['dia', 'menyimpan', 'buku', 'di', 'dalam', 'laci', '.']"
Dpa dah balik kampung.,pronoun (informal),neutral,0.0,"['dpa', 'dah', 'balik', 'kampung', '.']"
Awak ngerti tak apa yang saya cakap?,verb,neutral,0.0,"['awak', 'ngerti', 'tak', 'apa', 'yang', 'saya', 'cakap', '?']"
Dia beri buku tu dekat them.,pronoun,neutral,0.0,"['dia', 'beri', 'buku', 'tu', 'dekat', 'them', '.']"
Ada banyak thing nak kena buat hari ni.,noun,neutral,0.0,"['ada', 'banyak', 'thing', 'nak', 'kena', 'buat', 'hari', 'ni', '.']"
Nak makan lgi tak?,adverb,neutral,0.0,"['nak', 'makan', 'lgi', 'tak', '?']"
Penjenayah itu cuba merodok mangsanya.,verb,negative,-0.7,"['penjenayah', 'itu', 'cuba', 'merodok', 'mangsanya', '.']"
Sinki dapur tersumbat.,verb,neutral,-0.3,"['sinki', 'dapur', 'tersumbat', '.']"
Perkhidmatan ini diberikan secara percuma.,adjective,positive,0.6,"['perkhidmatan', 'ini', 'diberikan', 'secara', 'percuma', '.']"
Kita perlu patuh pada hukom negara.,noun,neutral,0.0,"['kita', 'perlu', 'patuh', 'pada', 'hukom', 'negara', '.']"
Cuba diri...bayangkan kalau awak di tempat dia.,"noun, verb",neutral,0.0,"['cuba', 'diri', '.', 'bayangkan', 'kalau', 'awak', 'di', 'tempat', 'dia', '.']"
Dia berasa 😔 setelah mendengar berita itu.,emoji,negative,-0.6,"['dia', 'berasa', 'pensive', 'face', 'setelah', 'mendengar', 'berita', 'itu', '.']"
Maunya dia datang awal.,verb (kolokial),neutral,0.0,"['maunya', 'dia', 'datang', 'awal', '.']"
Peguam itu membela anak guamnya di mahkamah.,verb,positive,0.7,"['peguam', 'itu', 'membela', 'anak', 'guamnya', 'di', 'mahkamah', '.']"
PDRM sedang menyiasat kes rompakan itu.,proper noun,neutral,0.0,"['pdrm', 'sedang', 'menyiasat', 'kes', 'rompakan', 'itu', '.']"
Mana buku saya?,interrogative pronoun/adverb,neutral,0.0,"['mana', 'buku', 'saya', '?']"
Macam mana nak jd orang berjaya?,verb (kolokial),neutral,0.0,"['macam', 'mana', 'nak', 'jd', 'orang', 'berjaya', '?']"
Mereka bertarung untuk memenangi pertandingan itu.,verb,neutral,0.0,"['mereka', 'bertarung', 'untuk', 'memenangi', 'pertandingan', 'itu', '.']"
Dia duduk di blkg bas.,noun (kolokial),neutral,0.0,"['dia', 'duduk', 'di', 'blkg', 'bas', '.']"
Ramai pekerja Indon di sini.,noun (kolokial/slanga),neutral,-0.2,"['ramai', 'pekerja', 'indon', 'di', 'sini', '.']"
Kumpulan penjenayah itu merompak sebuah bank.,verb,negative,-0.9,"['kumpulan', 'penjenayah', 'itu', 'merompak', 'sebuah', 'bank', '.']"
Dia tidak... bersetuju dengan cadangan itu.,adverb (penafian),neutral,0.0,"['dia', 'tidak', '.', 'bersetuju', 'dengan', 'cadangan', 'itu', '.']"
Kami mencari alternatif lain untuk masalah ini.,noun/adjective,neutral,0.0,"['kami', 'mencari', 'alternatif', 'lain', 'untuk', 'masalah', 'ini', '.']"
"Ya, saya setuju.",interjection/adverb,neutral,0.0,"['ya', ',', 'saya', 'setuju', '.']"
Dia selalu menepati jnji.,noun (kolokial),neutral,0.0,"['dia', 'selalu', 'menepati', 'jnji', '.']"
Kesihatan mental sangat penting.,adjective/noun,neutral,0.0,"['kesihatan', 'mental', 'sangat', 'penting', '.']"
Banyak kj hari ni.,noun (kolokial),neutral,0.0,"['banyak', 'kj', 'hari', 'ni', '.']"
Dia gntung gambar di dinding.,verb (kolokial),neutral,-0.3,"['dia', 'gntung', 'gambar', 'di', 'dinding', '.']"
Dia cedera akibat ditikam.,verb,negative,-0.8,"['dia', 'cedera', 'akibat', 'ditikam', '.']"
"Bugima, sakitnya!",expletive (slanga),negative,-1.0,"['bugima', ',', 'sakitnya', '!']"
Awak nak kopi or teh?,conjunction,neutral,0.0,"['awak', 'nak', 'kopi', 'or', 'teh', '?']"
"Aduh, Cilaker betul la!",interjection (kolokial),negative,-0.7,"['aduh', ',', 'cilaker', 'betul', 'la', '!']"
Jom gi makan.,verb (kolokial),neutral,0.0,"['jom', 'gi', 'makan', '.']"
Saya nak buat tapi ..naye.,adverb (dialek/kolokial),neutral,-0.1,"['saya', 'nak', 'buat', 'tapi', '.', 'naye', '.']"
Cepat la sikit!,particle (kolokial),neutral,0.0,"['cepat', 'la', 'sikit', '!']"
Dia dapat pekerjaan baru.,verb,positive,0.5,"['dia', 'dapat', 'pekerjaan', 'baru', '.']"
Pencuri itu oncuri dompet saya.,verb (kolokial/salah eja),negative,-0.9,"['pencuri', 'itu', 'oncuri', 'dompet', 'saya', '.']"
"Beritahu them, saya akan datang.",pronoun,neutral,0.0,"['beritahu', 'them', ',', 'saya', 'akan', 'datang', '.']"
Apa khabar kamu..😂,pronoun,neutral,0.0,"['apa', 'khabar', 'kamu', '.', 'face', 'with', 'tears', 'of', 'joy']"
Kita harus tunjukkan respect kepada orang tua.,noun/verb,positive,0.8,"['kita', 'harus', 'tunjukkan', 'respect', 'kepada', 'orang', 'tua', '.']"
Bila awak akan datang?,interrogative adverb/conjunction,neutral,0.0,"['bila', 'awak', 'akan', 'datang', '?']"
"Kalau hujan, kita tidak jadi pergi.",conjunction,neutral,0.0,"['kalau', 'hujan', ',', 'kita', 'tidak', 'jadi', 'pergi', '.']"
Nambraknya kuat sampai hancur.,verb (kolokial),negative,-0.6,"['nambraknya', 'kuat', 'sampai', 'hancur', '.']"
PDRM sedang menyiasat kes jenayah itu.,noun,neutral,0.0,"['pdrm', 'sedang', 'menyiasat', 'kes', 'jenayah', 'itu', '.']"
Rupanya dia dah kahwin😂baca berita tadi.,"adverb, verb",neutral,0.0,"['rupanya', 'dia', 'dah', 'kahwinface', 'with', 'tears', 'of', 'joybaca', 'berita', 'tadi', '.']"
Petani itu menggunakan parang untuk membersihkan semak.,noun,neutral,-0.2,"['petani', 'itu', 'menggunakan', 'parang', 'untuk', 'membersihkan', 'semak', '.']"
Saya nak satu je.,particle (kolokial),neutral,0.0,"['saya', 'nak', 'satu', 'je', '.']"
Ekonomi malaysia... sedang berkembang.,proper noun,neutral,0.0,"['ekonomi', 'malaysia', '.', 'sedang', 'berkembang', '.']"
Kadar jenayah di bandar itu meningkat.,noun,negative,-0.8,"['kadar', 'jenayah', 'di', 'bandar', 'itu', 'meningkat', '.']"
Dia terus berjalan tanpa menoleh.,adverb/verb,neutral,0.0,"['dia', 'terus', 'berjalan', 'tanpa', 'menoleh', '.']"
Banyak kes2 jenayah berlaku.,noun (kolokial plural),neutral,0.0,"['banyak', 'kes2', 'jenayah', 'berlaku', '.']"
Buat camni baru betul.,adverb (kolokial),neutral,0.0,"['buat', 'camni', 'baru', 'betul', '.']"
Tnggu kejap.,verb (kolokial),neutral,0.0,"['tnggu', 'kejap', '.']"
Ilmu adalah cahaya yang membimbing kehidupan kita.,noun,positive,0.7,"['ilmu', 'adalah', 'cahaya', 'yang', 'membimbing', 'kehidupan', 'kita', '.']"
Saya sering menonton video di YouTube pada waktu lapang.,noun,neutral,0.1,"['saya', 'sering', 'menonton', 'video', 'di', 'youtube', 'pada', 'waktu', 'lapang', '.']"
Mereka cuba samun bank itu semalam.,verb,negative,-0.8,"['mereka', 'cuba', 'samun', 'bank', 'itu', 'semalam', '.']"
Dia datang dengan kawan-kawannya.,preposition,neutral,0.0,"['dia', 'datang', 'dengan', 'kawan', '-', 'kawannya', '.']"
Pemandu itu melanggar lampu isyarat merah.,verb,negative,-0.6,"['pemandu', 'itu', 'melanggar', 'lampu', 'isyarat', 'merah', '.']"
Surat khabar harian itu sampai setiap pagi.,adjective,neutral,0.0,"['surat', 'khabar', 'harian', 'itu', 'sampai', 'setiap', 'pagi', '.']"
Mangsa trbunuh dalam kemalangan ngeri itu.,verb (passive),negative,-0.9,"['mangsa', 'trbunuh', 'dalam', 'kemalangan', 'ngeri', 'itu', '.']"
Kenapa kamu lewat hari ini?,interrogative pronoun/adverb,neutral,0.0,"['kenapa', 'kamu', 'lewat', 'hari', 'ini', '?']"
Setiap rakyat mesti mematuhi Undang² negara.,noun,neutral,0.2,"['setiap', 'rakyat', 'mesti', 'mematuhi', 'undang²', 'negara', '.']"
Dia telah bertaubat setelah menyedari kesilapannya.,noun/verb,positive,0.7,"['dia', 'telah', 'bertaubat', 'setelah', 'menyedari', 'kesilapannya', '.']"
Dia dihampiri oleh seorang pengemis.,verb (passive),neutral,0.0,"['dia', 'dihampiri', 'oleh', 'seorang', 'pengemis', '.']"
"Pastikan trotle ditekan, mesti pecut.","noun, adverb/modal verb",neutral,0.0,"['pastikan', 'trotle', 'ditekan', ',', 'mesti', 'pecut', '.']"
Polis merampas beberapa pucuk senjata api dari penjenayah itu.,noun,neutral,0.1,"['polis', 'merampas', 'beberapa', 'pucuk', 'senjata', 'api', 'dari', 'penjenayah', 'itu', '.']"
Dia menggunakan parang untuk membersihkan semak samun.😂,noun,neutral,0.1,"['dia', 'menggunakan', 'parang', 'untuk', 'membersihkan', 'semak', 'samun', '.', 'face', 'with', 'tears', 'of', 'joy']"
Keseksaan dalam jenayah itu sungguh dahsyat.,"noun, noun",negative,-0.8,"['keseksaan', 'dalam', 'jenayah', 'itu', 'sungguh', 'dahsyat', '.']"
"Tenanglah ji, jangan risau.",noun (informal),neutral,0.0,"['tenanglah', 'ji', ',', 'jangan', 'risau', '.']"
Mari duduk di sini.,adverb (of place),neutral,0.0,"['mari', 'duduk', 'di', 'sini', '.']"
Polis merampas dadah bernilai jutaan ringgit.,verb,negative,-0.7,"['polis', 'merampas', 'dadah', 'bernilai', 'jutaan', 'ringgit', '.']"
Kenapa jadi mcmni?,adverb/demonstrative (informal),neutral,0.0,"['kenapa', 'jadi', 'mcmni', '?']"
Demikianlah nasib yang menimpa dirinya.😔,adverb/demonstrative,negative,-0.4,"['demikianlah', 'nasib', 'yang', 'menimpa', 'dirinya', '.', 'pensive', 'face']"
Pelajar sedang menduduki ujian akhir tahun.,noun,neutral,0.1,"['pelajar', 'sedang', 'menduduki', 'ujian', 'akhir', 'tahun', '.']"
Idea kamu sangat Bgus!,adjective,positive,0.8,"['idea', 'kamu', 'sangat', 'bgus', '!']"
Peristiwa bersejarah itu kekal dalam ingatan rakyat.,noun,neutral,0.0,"['peristiwa', 'bersejarah', 'itu', 'kekal', 'dalam', 'ingatan', 'rakyat', '.']"
Dia melangar peraturan jalan raya.,verb,negative,-0.6,"['dia', 'melangar', 'peraturan', 'jalan', 'raya', '.']"
Seekor kucing mempunyai ekor yang panjang.,noun / classifier,neutral,0.0,"['seekor', 'kucing', 'mempunyai', 'ekor', 'yang', 'panjang', '.']"
Dia sedang makan tengah hari.,noun / adverb,neutral,0.0,"['dia', 'sedang', 'makan', 'tengah', 'hari', '.']"
Mereka cuba rampok kedai emas itu.,verb,negative,-0.8,"['mereka', 'cuba', 'rampok', 'kedai', 'emas', 'itu', '.']"
"Bodoh betul dia buat kerja tu, siannn.","adjective, exclamation (informal)",negative,-0.5,"['bodoh', 'betul', 'dia', 'buat', 'kerja', 'tu', ',', 'siannn', '.']"
Dia mendapat tempat kedua dalam pertandingan itu.,adjective / numeral,neutral,0.0,"['dia', 'mendapat', 'tempat', 'kedua', 'dalam', 'pertandingan', 'itu', '.']"
Ada masalah pada spring kusyen kereta saya.,noun,neutral,0.0,"['ada', 'masalah', 'pada', 'spring', 'kusyen', 'kereta', 'saya', '.']"
"Mari kita pergi sekarang, bah.",particle / interjection (informal),neutral,0.0,"['mari', 'kita', 'pergi', 'sekarang', ',', 'bah', '.']"
Dia dituduh sebagai pengecut kerana lari dari pertarungan.,noun / adjective,negative,-0.7,"['dia', 'dituduh', 'sebagai', 'pengecut', 'kerana', 'lari', 'dari', 'pertarungan', '.']"
Dia berasa sangat sedih selepas kehilangan kucing kesayangannya.,adjective,negative,-0.7,"['dia', 'berasa', 'sangat', 'sedih', 'selepas', 'kehilangan', 'kucing', 'kesayangannya', '.']"
Mereka sedang bermain bola di padang.,pronoun,neutral,0.0,"['mereka', 'sedang', 'bermain', 'bola', 'di', 'padang', '.']"
Cerita itu aneh. Coba kamu fikirkan.,"adjective, verb (imperative)",neutral,0.0,"['cerita', 'itu', 'aneh', '.', 'coba', 'kamu', 'fikirkan', '.']"
"Dia dakwa macam-macam, tapi tiada bukti.🤣🤣🤣🤣","verb, conjunction (informal)",neutral,0.3,"['dia', 'dakwa', 'macam', '-', 'macam', ',', 'tapi', 'tiada', 'bukti', '.', 'rolling', 'on', 'the', 'floor', 'laughingrolling', 'on', 'the', 'floor', 'laughingrolling', 'on', 'the', 'floor', 'laughingrolling', 'on', 'the', 'floor', 'laughing']"
Dia adalah seorang guru.,copula / verb,neutral,0.0,"['dia', 'adalah', 'seorang', 'guru', '.']"
Dia sebut nama saya dengan jelas.,verb,neutral,0.0,"['dia', 'sebut', 'nama', 'saya', 'dengan', 'jelas', '.']"
Dia ada kat rumah.,preposition / verb (informal),neutral,0.0,"['dia', 'ada', 'kat', 'rumah', '.']"
Jangan bertaruh wang anda dalam permainan haram.,verb,negative,-0.5,"['jangan', 'bertaruh', 'wang', 'anda', 'dalam', 'permainan', 'haram', '.']"
Lainla kalau kamu memang pakar.,adjective / particle (informal),neutral,0.0,"['lainla', 'kalau', 'kamu', 'memang', 'pakar', '.']"
Dia tak datang hari ini.,adverb (negation),neutral,0.0,"['dia', 'tak', 'datang', 'hari', 'ini', '.']"
Dia duduk di blkng saya.,noun / adverb (informal),neutral,0.0,"['dia', 'duduk', 'di', 'blkng', 'saya', '.']"
Ap yang kamu buat?,interrogative pronoun (informal),neutral,0.0,"['ap', 'yang', 'kamu', 'buat', '?']"
Kita perlu bekerjasama.,pronoun,neutral,0.0,"['kita', 'perlu', 'bekerjasama', '.']"
Kuranglah sikit garam dalam masakan itu.,adjective / adverb (with particle),neutral,0.0,"['kuranglah', 'sikit', 'garam', 'dalam', 'masakan', 'itu', '.']"
Dia pkai baju baru.,verb (informal),neutral,0.0,"['dia', 'pkai', 'baju', 'baru', '.']"
Ramai orang datang ke majlis itu.,adjective,neutral,0.1,"['ramai', 'orang', 'datang', 'ke', 'majlis', 'itu', '.']"
Dia bulih buat kerja itu dengan baik.,modal verb (informal),neutral,0.0,"['dia', 'bulih', 'buat', 'kerja', 'itu', 'dengan', 'baik', '.']"
Dia tidak sengaja melukai tangannya.,verb,negative,-0.7,"['dia', 'tidak', 'sengaja', 'melukai', 'tangannya', '.']"
Penunggang motosikal itu langgar lampu isyarat merah.,verb,negative,-0.6,"['penunggang', 'motosikal', 'itu', 'langgar', 'lampu', 'isyarat', 'merah', '.']"
Dia mengambil peluang keemasan itu untuk memulakan perniagaan.,noun,positive,0.7,"['dia', 'mengambil', 'peluang', 'keemasan', 'itu', 'untuk', 'memulakan', 'perniagaan', '.']"
Tolong hantar surat ini ke pejabat pos.,verb,neutral,0.0,"['tolong', 'hantar', 'surat', 'ini', 'ke', 'pejabat', 'pos', '.']"
Syarikat itu MENGALAMI kerugian besar tahun ini.,verb,neutral,0.0,"['syarikat', 'itu', 'mengalami', 'kerugian', 'besar', 'tahun', 'ini', '.']"
Pengambilan gula berlebihan boleh menyebabkan masalah kesihatan.,adjective,negative,-0.5,"['pengambilan', 'gula', 'berlebihan', 'boleh', 'menyebabkan', 'masalah', 'kesihatan', '.']"
Ini adalah keputusan terbaik yang pernah dicapai oleh pasukan itu.,adjective,positive,0.9,"['ini', 'adalah', 'keputusan', 'terbaik', 'yang', 'pernah', 'dicapai', 'oleh', 'pasukan', 'itu', '.']"
Dia berusaha habis-habis untuk memenangi pertandingan itu.,adverb,neutral,0.1,"['dia', 'berusaha', 'habis', '-', 'habis', 'untuk', 'memenangi', 'pertandingan', 'itu', '.']"
Mesyuarat seterusnya akan diadakan pada 5/5/2022.,numeral,neutral,0.0,"['mesyuarat', 'seterusnya', 'akan', 'diadakan', 'pada', '5/5/2022', '.']"
Jawapan yang diberikannya sangat tepat.,adjective,positive,0.6,"['jawapan', 'yang', 'diberikannya', 'sangat', 'tepat', '.']"
Laa.. rupanya dah habis.,interjection,neutral,0.1,"['laa', '.', 'rupanya', 'dah', 'habis', '.']"
Dia slalu datang lewat ke kelas.,adverb,neutral,0.0,"['dia', 'slalu', 'datang', 'lewat', 'ke', 'kelas', '.']"
"Janganlah begitu, datanglah sini ler.",particle,neutral,0.0,"['janganlah', 'begitu', ',', 'datanglah', 'sini', 'ler', '.']"
Pembobol bank itu berjaya ditangkap polis.,noun,negative,-0.7,"['pembobol', 'bank', 'itu', 'berjaya', 'ditangkap', 'polis', '.']"
Dia memandu kerata baru itu dengan berhati-hati.,noun,neutral,0.0,"['dia', 'memandu', 'kerata', 'baru', 'itu', 'dengan', 'berhati', '-', 'hati', '.']"
Anjing itu kejarkan bola yang dilempar.,verb,neutral,0.0,"['anjing', 'itu', 'kejarkan', 'bola', 'yang', 'dilempar', '.']"
Cuaca hari ini SEPERTI hendak hujan.,preposition,neutral,0.0,"['cuaca', 'hari', 'ini', 'seperti', 'hendak', 'hujan', '.']"
"Pada mase itu, semua orang terkejut.",noun,neutral,0.0,"['pada', 'mase', 'itu', ',', 'semua', 'orang', 'terkejut', '.']"
Pihak polis sedang menyiasat kes Crime itu.,noun,negative,-0.8,"['pihak', 'polis', 'sedang', 'menyiasat', 'kes', 'crime', 'itu', '.']"
Anggota badan manusia terdiri daripada pelbagai organ.,noun,neutral,0.0,"['anggota', 'badan', 'manusia', 'terdiri', 'daripada', 'pelbagai', 'organ', '.']"
Dia tidak dengar apa yang saya katakan.,verb,neutral,0.0,"['dia', 'tidak', 'dengar', 'apa', 'yang', 'saya', 'katakan', '.']"
Pemandu itu langgar tiang lampu.,verb,negative,-0.6,"['pemandu', 'itu', 'langgar', 'tiang', 'lampu', '.']"
Kanak-kanak itu main bola di padang.,verb,neutral,0.0,"['kanak', '-', 'kanak', 'itu', 'main', 'bola', 'di', 'padang', '.']"
Dia Kene denda kerana melanggar peraturan.,verb,neutral,0.0,"['dia', 'kene', 'denda', 'kerana', 'melanggar', 'peraturan', '.']"
Saya 1.Gak tahu apa-apa.,adverb,neutral,-0.1,"['saya', '1', '.', 'gak', 'tahu', 'apa', '-', 'apa', '.']"
Buku itu dipinjam oleh pelajar lain.,verb,neutral,0.0,"['buku', 'itu', 'dipinjam', 'oleh', 'pelajar', 'lain', '.']"
Kebanyakan penduduk kampung terlibat dalam aktiviti itu.,adverb,neutral,-0.1,"['kebanyakan', 'penduduk', 'kampung', 'terlibat', 'dalam', 'aktiviti', 'itu', '.']"
Sebenarnya.... dia tidak bersalah.,adverb,neutral,0.0,"['sebenarnya', '.', 'dia', 'tidak', 'bersalah', '.']"
Tahniah atas kejayaan anda dalam peperiksaan!,interjection,positive,0.8,"['tahniah', 'atas', 'kejayaan', 'anda', 'dalam', 'peperiksaan', '!']"
"Kalau tak belajar, habislah kamu nanti!",interjection,negative,-0.5,"['kalau', 'tak', 'belajar', ',', 'habislah', 'kamu', 'nanti', '!']"
"Hei, Mat, mari sini sebentar!",noun,neutral,0.0,"['hei', ',', 'mat', ',', 'mari', 'sini', 'sebentar', '!']"
Tolong tarik tali ini.,verb,neutral,0.0,"['tolong', 'tarik', 'tali', 'ini', '.']"
Dia memberikan alasan yang munasabah untuk ketidakhadirannya.,noun,neutral,-0.2,"['dia', 'memberikan', 'alasan', 'yang', 'munasabah', 'untuk', 'ketidakhadirannya', '.']"
Haishhh. Kenapa boleh jadi begini?,interjection,negative,-0.4,"['haishhh', '.', 'kenapa', 'boleh', 'jadi', 'begini', '?']"
"Saya rasa, kita patut pergi sekarang.","verb, noun",neutral,0.0,"['saya', 'rasa', ',', 'kita', 'patut', 'pergi', 'sekarang', '.']"
Sila berikan perhatian kepada pengumuman ini.,noun,positive,0.5,"['sila', 'berikan', 'perhatian', 'kepada', 'pengumuman', 'ini', '.']"
"""Terima kasih!"" ""Sama2.""","adverb, adjective",neutral,0.0,"['""', 'terima', 'kasih', '!', '""', '""', 'sama2', '.', '""']"
Kita perlu MEMBANTU.. golongan yang memerlukan.,verb,positive,0.7,"['kita', 'perlu', 'membantu', '.', 'golongan', 'yang', 'memerlukan', '.']"
Cermin tingkap itu pecah akibat balingan batu.,"verb, adjective",negative,-0.6,"['cermin', 'tingkap', 'itu', 'pecah', 'akibat', 'balingan', 'batu', '.']"
Pendidikan adalah aspek yang sangat penting dalam kehidupan.,adjective,positive,0.7,"['pendidikan', 'adalah', 'aspek', 'yang', 'sangat', 'penting', 'dalam', 'kehidupan', '.']"
Awak kan...langgar kereta dia?,verb,negative,-0.6,"['awak', 'kan', '.', 'langgar', 'kereta', 'dia', '?']"
Lelaki yang berbaju merah itu abang saya.,"pronoun, conjunction",neutral,0.0,"['lelaki', 'yang', 'berbaju', 'merah', 'itu', 'abang', 'saya', '.']"
Kes Begal semakin berleluasa di kawasan itu.,noun,negative,-0.8,"['kes', 'begal', 'semakin', 'berleluasa', 'di', 'kawasan', 'itu', '.']"
Semoga kita semua hidup aman dan sejahtera.,adjective,positive,0.8,"['semoga', 'kita', 'semua', 'hidup', 'aman', 'dan', 'sejahtera', '.']"
Hasil kerja kerasnya membuahkan kejayaan.,"noun, verb",neutral,0.2,"['hasil', 'kerja', 'kerasnya', 'membuahkan', 'kejayaan', '.']"
"Uii, besarnya ikan ni!",interjection,neutral,0.1,"['uii', ',', 'besarnya', 'ikan', 'ni', '!']"
Dia akan kembali ke rumah esok.,"verb, adverb",neutral,0.0,"['dia', 'akan', 'kembali', 'ke', 'rumah', 'esok', '.']"
"Walaupun hujan, dia tetap pergi bekerja.",conjunction,neutral,0.0,"['walaupun', 'hujan', ',', 'dia', 'tetap', 'pergi', 'bekerja', '.']"
Dia menunggang moto barunya.,noun,neutral,0.0,"['dia', 'menunggang', 'moto', 'barunya', '.']"
Dia berlari dengan sangat cepat.,"adjective, adverb",neutral,0.1,"['dia', 'berlari', 'dengan', 'sangat', 'cepat', '.']"
Apa yang awak pegang tu?,"demonstrative pronoun, particle",neutral,0.0,"['apa', 'yang', 'awak', 'pegang', 'tu', '?']"
Penyamun itu berjaya ditangkap polis.,noun,negative,-0.8,"['penyamun', 'itu', 'berjaya', 'ditangkap', 'polis', '.']"
Anggota polis sedang membuat rondaan di kawasan kejiranan.,noun,neutral,0.0,"['anggota', 'polis', 'sedang', 'membuat', 'rondaan', 'di', 'kawasan', 'kejiranan', '.']"
Pehal kau tak datang semalam?,interrogative pronoun,neutral,0.0,"['pehal', 'kau', 'tak', 'datang', 'semalam', '?']"
Dia selalu perasan bagus walhal tiada apa-apa kebolehan.,adjective,negative,-0.6,"['dia', 'selalu', 'perasan', 'bagus', 'walhal', 'tiada', 'apa', '-', 'apa', 'kebolehan', '.']"
Pelajar itu mendapat keputusan cemerlang dalam peperiksaan.,verb,neutral,0.0,"['pelajar', 'itu', 'mendapat', 'keputusan', 'cemerlang', 'dalam', 'peperiksaan', '.']"
Dia memang pandai dalam mata pelajaran matematik.,adjective,positive,0.7,"['dia', 'memang', 'pandai', 'dalam', 'mata', 'pelajaran', 'matematik', '.']"
Makanan yang disajikan di restoran itu semuanya halal.,adjective,positive,0.8,"['makanan', 'yang', 'disajikan', 'di', 'restoran', 'itu', 'semuanya', 'halal', '.']"
Dia pasti akan datang ke majlis itu.,adjective,neutral,0.5,"['dia', 'pasti', 'akan', 'datang', 'ke', 'majlis', 'itu', '.']"
The weather was good yesterday.,verb,neutral,0.0,"['the', 'weather', 'was', 'good', 'yesterday', '.']"
Kita perlu bekerjasama untuk menyiapkan tugasan ini.,pronoun,neutral,0.0,"['kita', 'perlu', 'bekerjasama', 'untuk', 'menyiapkan', 'tugasan', 'ini', '.']"
Dia suka melihat pemandangan matahari terbenam.,verb,neutral,0.0,"['dia', 'suka', 'melihat', 'pemandangan', 'matahari', 'terbenam', '.']"
Dorang kata nak datang esok.,pronoun,neutral,0.0,"['dorang', 'kata', 'nak', 'datang', 'esok', '.']"
Polis sedang menyoal siasat saspek utama kes itu.,noun,negative,-0.5,"['polis', 'sedang', 'menyoal', 'siasat', 'saspek', 'utama', 'kes', 'itu', '.']"
Orang-orang kampung berkumpul untuk membincangkan masalah itu.,noun,neutral,0.0,"['orang', '-', 'orang', 'kampung', 'berkumpul', 'untuk', 'membincangkan', 'masalah', 'itu', '.']"
Kucing peliharaannya mati semalam.,verb,negative,-0.7,"['kucing', 'peliharaannya', 'mati', 'semalam', '.']"
Dia suka membaca dan menulis.,conjunction,neutral,0.0,"['dia', 'suka', 'membaca', 'dan', 'menulis', '.']"
Ini adalah produk non-halal.,prefix,neutral,0.0,"['ini', 'adalah', 'produk', 'non', '-', 'halal', '.']"
Awak boleh datang bila-bila masa.,auxiliary verb,neutral,0.0,"['awak', 'boleh', 'datang', 'bila', '-', 'bila', 'masa', '.']"
"Kalau hujan, kita tak jadi pergi.",conjunction,neutral,0.0,"['kalau', 'hujan', ',', 'kita', 'tak', 'jadi', 'pergi', '.']"
Kerja itu sudah siap.,adjective,neutral,0.0,"['kerja', 'itu', 'sudah', 'siap', '.']"
Pemandu itu disaman kerana memandu melebihi had laju.,verb,negative,-0.6,"['pemandu', 'itu', 'disaman', 'kerana', 'memandu', 'melebihi', 'had', 'laju', '.']"
Dia ketuk pintu beberapa kali tetapi tiada jawapan.,verb,neutral,0.0,"['dia', 'ketuk', 'pintu', 'beberapa', 'kali', 'tetapi', 'tiada', 'jawapan', '.']"
Ada banyak orang di pasar hari ini.,noun,neutral,0.0,"['ada', 'banyak', 'orang', 'di', 'pasar', 'hari', 'ini', '.']"
Syarikat itu menerapkan teknologi baharu dalam operasinya.,verb,neutral,0.0,"['syarikat', 'itu', 'menerapkan', 'teknologi', 'baharu', 'dalam', 'operasinya', '.']"
Kita digalakkan mengamalkan gaya hidup sihat.,verb,positive,0.5,"['kita', 'digalakkan', 'mengamalkan', 'gaya', 'hidup', 'sihat', '.']"
Lelaki itu didakwa kerana membunuh jirannya.,verb,negative,-0.9,"['lelaki', 'itu', 'didakwa', 'kerana', 'membunuh', 'jirannya', '.']"
Masalah tersebut telah diselesaikan.,adjective,neutral,0.0,"['masalah', 'tersebut', 'telah', 'diselesaikan', '.']"
Dia pergi ke pasar.,preposition,neutral,0.0,"['dia', 'pergi', 'ke', 'pasar', '.']"
Kereta itu tabrak pokok di tepi jalan.,verb,negative,-0.6,"['kereta', 'itu', 'tabrak', 'pokok', 'di', 'tepi', 'jalan', '.']"
Dia mengalih pandangannya ke arah lain.,verb,neutral,0.0,"['dia', 'mengalih', 'pandangannya', 'ke', 'arah', 'lain', '.']"
Ramai perempuan membeli-belah di pusat membeli-belah itu.,noun,neutral,0.0,"['ramai', 'perempuan', 'membeli', '-', 'belah', 'di', 'pusat', 'membeli', '-', 'belah', 'itu', '.']"
Apa yang dikatakannya itu benar belaka.,adjective,positive,0.7,"['apa', 'yang', 'dikatakannya', 'itu', 'benar', 'belaka', '.']"
Buku itu ada di dalam beg.,prepositional phrase,neutral,0.0,"['buku', 'itu', 'ada', 'di', 'dalam', 'beg', '.']"
Dia seorang yang kuat bekerja.,adjective,positive,0.6,"['dia', 'seorang', 'yang', 'kuat', 'bekerja', '.']"
Cuba selesaikan masalah ini.,verb,neutral,0.0,"['cuba', 'selesaikan', 'masalah', 'ini', '.']"
Buku ini sangat menarik.,demonstrative pronoun,neutral,0.0,"['buku', 'ini', 'sangat', 'menarik', '.']"
Setiap negara mempunyai sistem hukumnya sendiri.,noun,neutral,0.0,"['setiap', 'negara', 'mempunyai', 'sistem', 'hukumnya', 'sendiri', '.']"
Dia berasal dari kampung.,noun,neutral,0.0,"['dia', 'berasal', 'dari', 'kampung', '.']"
Dia sibuk menyiapkan laporan.,adjective,neutral,0.0,"['dia', 'sibuk', 'menyiapkan', 'laporan', '.']"
Sila pastikan pintu berkunci sebelum tidur.,preposition,neutral,0.0,"['sila', 'pastikan', 'pintu', 'berkunci', 'sebelum', 'tidur', '.']"
Kakinya patah akibat kemalangan itu.,adjective,negative,-0.5,"['kakinya', 'patah', 'akibat', 'kemalangan', 'itu', '.']"
Dia menulis dengan pensil.,preposition,neutral,0.0,"['dia', 'menulis', 'dengan', 'pensil', '.']"
This is really good.,adverb,neutral,0.0,"['this', 'is', 'really', 'good', '.']"
Dia suka mendengar lagu-lagu pop.,noun,neutral,0.0,"['dia', 'suka', 'mendengar', 'lagu', '-', 'lagu', 'pop', '.']"
Kami menonton filem di pawagam.,verb,neutral,0.0,"['kami', 'menonton', 'filem', 'di', 'pawagam', '.']"
Sila duduk di kerusi yang disediakan.,verb,neutral,0.0,"['sila', 'duduk', 'di', 'kerusi', 'yang', 'disediakan', '.']"
Telefon bimbitnya ada calar sedikit.,noun,negative,-0.4,"['telefon', 'bimbitnya', 'ada', 'calar', 'sedikit', '.']"
The police caught the criminals.,noun,negative,-0.8,"['the', 'police', 'caught', 'the', 'criminals', '.']"
Dia memerlukan sedikit masa untuk berfikir.,noun,neutral,0.0,"['dia', 'memerlukan', 'sedikit', 'masa', 'untuk', 'berfikir', '.']"
Jangan buat bising di perpustakaan.,adjective,negative,-0.5,"['jangan', 'buat', 'bising', 'di', 'perpustakaan', '.']"
Pelajar itu sangat bijak dalam menyelesaikan masalah.,adjective,positive,0.7,"['pelajar', 'itu', 'sangat', 'bijak', 'dalam', 'menyelesaikan', 'masalah', '.']"
Sampaikan salam saya kepada keluarga awak.,preposition,neutral,0.0,"['sampaikan', 'salam', 'saya', 'kepada', 'keluarga', 'awak', '.']"
Esok kt pergi sana.,pronoun,neutral,0.0,"['esok', 'kt', 'pergi', 'sana', '.']"
Dia membeli dua batang pensel.,numeral,neutral,0.0,"['dia', 'membeli', 'dua', 'batang', 'pensel', '.']"
"""Yaa, saya faham,"" jawabnya.",interjection,neutral,0.0,"['""', 'yaa', ',', 'saya', 'faham', ',', '""', 'jawabnya', '.']"
Dia drove kereta itu dengan laju.,verb,neutral,0.0,"['dia', 'drove', 'kereta', 'itu', 'dengan', 'laju', '.']"
Anak anjing itu kejar rama-rama di taman.,verb,neutral,0.0,"['anak', 'anjing', 'itu', 'kejar', 'rama', '-', 'rama', 'di', 'taman', '.']"
Kampung saya terletak di daerah Melaka Tengah.,noun,neutral,0.0,"['kampung', 'saya', 'terletak', 'di', 'daerah', 'melaka', 'tengah', '.']"
Saya just nak tahu.,adverb,neutral,0.0,"['saya', 'just', 'nak', 'tahu', '.']"
Cikgu datang lewat hari ini.,noun,neutral,0.0,"['cikgu', 'datang', 'lewat', 'hari', 'ini', '.']"
"KLu hujan, kita batalkan perjumpaan.",conjunction,neutral,0.0,"['klu', 'hujan', ',', 'kita', 'batalkan', 'perjumpaan', '.']"
Pokok bunga itu sudah mati kerana tiada air.,verb,negative,-0.8,"['pokok', 'bunga', 'itu', 'sudah', 'mati', 'kerana', 'tiada', 'air', '.']"
Penjenayah itu cuba begal motosikalnya.,verb,negative,-0.9,"['penjenayah', 'itu', 'cuba', 'begal', 'motosikalnya', '.']"
"Wahai rakyat Malaysia, marilah bersatu padu.",interjection,neutral,0.0,"['wahai', 'rakyat', 'malaysia', ',', 'marilah', 'bersatu', 'padu', '.']"
Dia suka makan nasi goreng dan mi sup.,conjunction,neutral,0.0,"['dia', 'suka', 'makan', 'nasi', 'goreng', 'dan', 'mi', 'sup', '.']"
Polis berjaya menangkapnya selepas buruan panjang.,verb,neutral,0.0,"['polis', 'berjaya', 'menangkapnya', 'selepas', 'buruan', 'panjang', '.']"
Pergi la cepat.,particle,neutral,0.0,"['pergi', 'la', 'cepat', '.']"
Dia smpai rumah lewat malam.,verb,neutral,0.0,"['dia', 'smpai', 'rumah', 'lewat', 'malam', '.']"
Dia tdak suka makan sayur.,adverb,neutral,0.0,"['dia', 'tdak', 'suka', 'makan', 'sayur', '.']"
Semua rakyat perlu patuh undang2.,noun,neutral,0.0,"['semua', 'rakyat', 'perlu', 'patuh', 'undang2', '.']"
Mereka pergi ke sekolah setiap hari.,verb,neutral,0.0,"['mereka', 'pergi', 'ke', 'sekolah', 'setiap', 'hari', '.']"
Pasukan itu mempunyai defense yang kuat.,noun,neutral,0.0,"['pasukan', 'itu', 'mempunyai', 'defense', 'yang', 'kuat', '.']"
Dia berasa puas hati dengan pencapaiannya.,adjective,positive,0.7,"['dia', 'berasa', 'puas', 'hati', 'dengan', 'pencapaiannya', '.']"
Dia kena denda kerana memandu laju.,verb,neutral,0.0,"['dia', 'kena', 'denda', 'kerana', 'memandu', 'laju', '.']"
Betapa cantiknya pemandangan di sana!,adverb,neutral,0.0,"['betapa', 'cantiknya', 'pemandangan', 'di', 'sana', '!']"
Rumah mereka ada pgar tinggi.,noun,neutral,0.0,"['rumah', 'mereka', 'ada', 'pgar', 'tinggi', '.']"
"Makan dulu, astu baru tidur.",adverb,neutral,0.0,"['makan', 'dulu', ',', 'astu', 'baru', 'tidur', '.']"
Dia bertanggungjawab untuk keseluruhan projek.,noun,neutral,0.0,"['dia', 'bertanggungjawab', 'untuk', 'keseluruhan', 'projek', '.']"
Malaysia import banyak barangan elektronik.,verb,neutral,0.0,"['malaysia', 'import', 'banyak', 'barangan', 'elektronik', '.']"
Mungkin dia akan datang esok.,adverb,neutral,0.0,"['mungkin', 'dia', 'akan', 'datang', 'esok', '.']"
"Kalo rajin, pasti berjaya.",conjunction,neutral,0.0,"['kalo', 'rajin', ',', 'pasti', 'berjaya', '.']"
Tengok tu..cctv ada rakam kejadian.,"pronoun, noun",neutral,0.0,"['tengok', 'tu', '.', 'cctv', 'ada', 'rakam', 'kejadian', '.']"
Kami menghadapi masalah kewangan yang serius.,noun,negative,-0.7,"['kami', 'menghadapi', 'masalah', 'kewangan', 'yang', 'serius', '.']"
Pimpinan baharu itu membawa banyak perubahan.,noun,neutral,0.0,"['pimpinan', 'baharu', 'itu', 'membawa', 'banyak', 'perubahan', '.']"
Warga negara bertanggungjawab menjaga keamanan.,noun,neutral,0.0,"['warga', 'negara', 'bertanggungjawab', 'menjaga', 'keamanan', '.']"
"""Musibat! Kereta aku kemek!"" jeritnya.",interjection,negative,-0.9,"['""', 'musibat', '!', 'kereta', 'aku', 'kemek', '!', '""', 'jeritnya', '.']"
Pompuan itu memakai baju merah.,noun,neutral,0.0,"['pompuan', 'itu', 'memakai', 'baju', 'merah', '.']"
Kata-katanya memang betol.,adjective,positive,0.6,"['kata', '-', 'katanya', 'memang', 'betol', '.']"
Penjenayah itu cuba menetak mangsanya.,verb,negative,-0.8,"['penjenayah', 'itu', 'cuba', 'menetak', 'mangsanya', '.']"
Dia datang lewat kot.,particle,neutral,0.0,"['dia', 'datang', 'lewat', 'kot', '.']"
Pasukan itu kalah dalam perlawanan semalam.,verb,negative,-0.7,"['pasukan', 'itu', 'kalah', 'dalam', 'perlawanan', 'semalam', '.']"
Mereka keluar dari bangunan itu.,verb,neutral,0.0,"['mereka', 'keluar', 'dari', 'bangunan', 'itu', '.']"
Mke dia nampak letih.,noun,neutral,0.0,"['mke', 'dia', 'nampak', 'letih', '.']"
Pemandu itu tekan hon.. bila jalan sesak.,noun,neutral,0.0,"['pemandu', 'itu', 'tekan', 'hon', '.', 'bila', 'jalan', 'sesak', '.']"
Saya bangga menjadi rakyat Malaysia.,noun,neutral,0.0,"['saya', 'bangga', 'menjadi', 'rakyat', 'malaysia', '.']"
Dia dijatuhi hukuman masuk pjra.,noun,negative,-0.6,"['dia', 'dijatuhi', 'hukuman', 'masuk', 'pjra', '.']"
Kucing itu bersembunyi didalem kotak.,preposition,neutral,0.0,"['kucing', 'itu', 'bersembunyi', 'didalem', 'kotak', '.']"
"Akak..tu, dia nak cakap dengan awak.","noun, pronoun",neutral,0.0,"['akak', '.', 'tu', ',', 'dia', 'nak', 'cakap', 'dengan', 'awak', '.']"
Mangsa kemalangan itu segera dikejarkan ke hospital.,noun,negative,-0.7,"['mangsa', 'kemalangan', 'itu', 'segera', 'dikejarkan', 'ke', 'hospital', '.']"
Ayah saya baru membeli sebuah Lexus baharu.,noun,neutral,0.0,"['ayah', 'saya', 'baru', 'membeli', 'sebuah', 'lexus', 'baharu', '.']"
Teryata dia yang bersalah dalam hal itu.,adverb,neutral,0.0,"['teryata', 'dia', 'yang', 'bersalah', 'dalam', 'hal', 'itu', '.']"
Saya tidak rasa lapar.,noun/verb,neutral,0.0,"['saya', 'tidak', 'rasa', 'lapar', '.']"
Beliau seorang tokoh yang dihormati.,pronoun,neutral,0.1,"['beliau', 'seorang', 'tokoh', 'yang', 'dihormati', '.']"
Gempa bumi itu musnahkan banyak bangunan.,verb,negative,-0.8,"['gempa', 'bumi', 'itu', 'musnahkan', 'banyak', 'bangunan', '.']"
Pelaku jenayah itu telah ditangkap.,noun,neutral,0.0,"['pelaku', 'jenayah', 'itu', 'telah', 'ditangkap', '.']"
Dia memandu mobil baru itu.,noun,neutral,0.0,"['dia', 'memandu', 'mobil', 'baru', 'itu', '.']"
Dia gantung baju itu di ampaian.,verb,neutral,0.0,"['dia', 'gantung', 'baju', 'itu', 'di', 'ampaian', '.']"
Lama2 dia akan faham juga.,adverb,neutral,0.0,"['lama2', 'dia', 'akan', 'faham', 'juga', '.']"
Cuba imagine situasi itu.,verb,neutral,0.0,"['cuba', 'imagine', 'situasi', 'itu', '.']"
Kumpulan muzik itu masih amatir.,adjective/noun,neutral,-0.2,"['kumpulan', 'muzik', 'itu', 'masih', 'amatir', '.']"
Jangan jadi orang bangang.,adjective,negative,-0.9,"['jangan', 'jadi', 'orang', 'bangang', '.']"
Dia hentam meja itu kerana marah.,verb,negative,-0.7,"['dia', 'hentam', 'meja', 'itu', 'kerana', 'marah', '.']"
Dia naik kete baru.,noun,neutral,0.0,"['dia', 'naik', 'kete', 'baru', '.']"
Dia cedera akibat kemalangan itu.,adjective/verb,negative,-0.6,"['dia', 'cedera', 'akibat', 'kemalangan', 'itu', '.']"
"Dia dah makan, a?",interjection/filler,neutral,0.0,"['dia', 'dah', 'makan', ',', 'a', '?']"
Kita stay sini malam ni.,verb,neutral,0.0,"['kita', 'stay', 'sini', 'malam', 'ni', '.']"
Pihak berkuasa hancurkan sarang penjenayah.,verb,negative,-0.8,"['pihak', 'berkuasa', 'hancurkan', 'sarang', 'penjenayah', '.']"
Dia fasih berbahasa Melayu.,noun/adjective,neutral,0.0,"['dia', 'fasih', 'berbahasa', 'melayu', '.']"
Mari kita tonton movie baru.,noun,neutral,0.0,"['mari', 'kita', 'tonton', 'movie', 'baru', '.']"
"Semoga kita semua sihat, aammmiiiinnn.",interjection,positive,0.7,"['semoga', 'kita', 'semua', 'sihat', ',', 'aammmiiiinnn', '.']"
"Dia makan, lpstu tidur.",adverb,neutral,0.0,"['dia', 'makan', ',', 'lpstu', 'tidur', '.']"
Berapa kali awak pergi ke sana?,noun/adverb,neutral,0.0,"['berapa', 'kali', 'awak', 'pergi', 'ke', 'sana', '?']"
Dia hanya seorang pelajar.,adverb,neutral,0.0,"['dia', 'hanya', 'seorang', 'pelajar', '.']"
Saya xtau nak buat apa.,verb,neutral,0.0,"['saya', 'xtau', 'nak', 'buat', 'apa', '.']"
Cerita awak memang kelakar 😂😂😂🤣🤣🤣.,interjection/emoji,positive,0.9,"['cerita', 'awak', 'memang', 'kelakar', 'face', 'with', 'tears', 'of', 'joyface', 'with', 'tears', 'of', 'joyface', 'with', 'tears', 'of', 'joyrolling', 'on', 'the', 'floor', 'laughingrolling', 'on', 'the', 'floor', 'laughingrolling', 'on', 'the', 'floor', 'laughing', '.']"
Kereta itu sangat laju.,noun,neutral,0.0,"['kereta', 'itu', 'sangat', 'laju', '.']"
Dia cuba mempertahan haknya.,verb,positive,0.5,"['dia', 'cuba', 'mempertahan', 'haknya', '.']"
"Saya ,nk pergi sekarang.",verb,neutral,0.0,"['saya', ',', 'nk', 'pergi', 'sekarang', '.']"
Dia ketuk pintu beberapa kali.,verb,neutral,0.0,"['dia', 'ketuk', 'pintu', 'beberapa', 'kali', '.']"
Dia ptut datang awal.,auxiliary verb,neutral,0.0,"['dia', 'ptut', 'datang', 'awal', '.']"
Cantik sungguh bunga tu🌹.,demonstrative pronoun,positive,0.3,"['cantik', 'sungguh', 'bunga', 'turose', '.']"
Hasil kerja kerasnya membuahkan kejayaan.,noun/verb,neutral,0.1,"['hasil', 'kerja', 'kerasnya', 'membuahkan', 'kejayaan', '.']"
Cuma ini sahaja yang saya ada.,adverb,neutral,0.0,"['cuma', 'ini', 'sahaja', 'yang', 'saya', 'ada', '.']"
Dia baru dapat lesen memandu.,noun,neutral,0.0,"['dia', 'baru', 'dapat', 'lesen', 'memandu', '.']"
Dorg dah sampai ke?,pronoun,neutral,0.0,"['dorg', 'dah', 'sampai', 'ke', '?']"
Jangan buat kerja bodoh.,adjective,negative,-0.8,"['jangan', 'buat', 'kerja', 'bodoh', '.']"
Dia guna pisau untuk potong buah.,verb,neutral,0.0,"['dia', 'guna', 'pisau', 'untuk', 'potong', 'buah', '.']"
Dia makan lagi.,adverb,neutral,0.0,"['dia', 'makan', 'lagi', '.']"
Saya tak ada pit nak beli tu.,noun,neutral,0.0,"['saya', 'tak', 'ada', 'pit', 'nak', 'beli', 'tu', '.']"
Semoga kita dijauhknla dari bencana.,verb,neutral,0.0,"['semoga', 'kita', 'dijauhknla', 'dari', 'bencana', '.']"
Dia pn nak ikut.,particle,neutral,0.0,"['dia', 'pn', 'nak', 'ikut', '.']"
Barang nye dah hilang.,pronoun/suffix,neutral,0.0,"['barang', 'nye', 'dah', 'hilang', '.']"
Keknya dia tak datang hari ni.,adverb/conjunction,neutral,0.0,"['keknya', 'dia', 'tak', 'datang', 'hari', 'ni', '.']"
Dia akan pergi esok.,auxiliary verb,neutral,0.0,"['dia', 'akan', 'pergi', 'esok', '.']"
Dia cuba bunuh diri.,verb,negative,-0.9,"['dia', 'cuba', 'bunuh', 'diri', '.']"
"Dia sakit, so tak dapat datang.",conjunction/adverb,neutral,0.0,"['dia', 'sakit', ',', 'so', 'tak', 'dapat', 'datang', '.']"
Awak nampak apa dalam cermin?😅🤣,noun,positive,0.4,"['awak', 'nampak', 'apa', 'dalam', 'cermin', '?', 'grinning', 'face', 'with', 'sweatrolling', 'on', 'the', 'floor', 'laughing']"
Hidup MalaysiaKu!,noun,positive,0.8,"['hidup', 'malaysiaku', '!']"
Undang2 negara kita ketat.,noun,neutral,0.0,"['undang2', 'negara', 'kita', 'ketat', '.']"
Pihak polis akan ambil tindakan.,noun,neutral,0.0,"['pihak', 'polis', 'akan', 'ambil', 'tindakan', '.']"
Dia sedar akan kesilapannya.,verb/adjective,neutral,0.2,"['dia', 'sedar', 'akan', 'kesilapannya', '.']"
Penjenayah itu melarikan diri.,noun,negative,-0.9,"['penjenayah', 'itu', 'melarikan', 'diri', '.']"
Dia cedera akibat kemalangan itu.,adjective/verb,negative,-0.6,"['dia', 'cedera', 'akibat', 'kemalangan', 'itu', '.']"
Dia adalah mangsa penipuan.,noun,negative,-0.7,"['dia', 'adalah', 'mangsa', 'penipuan', '.']"
Pencuri itu ditangkap polis.,noun,negative,-0.8,"['pencuri', 'itu', 'ditangkap', 'polis', '.']"
Perompak bank itu bersenjata.,noun,negative,-0.9,"['perompak', 'bank', 'itu', 'bersenjata', '.']"
Perogol itu dijatuhi hukuman berat.,noun,negative,-1.0,"['perogol', 'itu', 'dijatuhi', 'hukuman', 'berat', '.']"
Ambil sajalah semualah.,pronoun/determiner,neutral,0.0,"['ambil', 'sajalah', 'semualah', '.']"
Jangan main api kecik2.,adjective,neutral,0.0,"['jangan', 'main', 'api', 'kecik2', '.']"
"Jangan jadi bangang, fikirkan akibatnya.",adjective,negative,-0.8,"['jangan', 'jadi', 'bangang', ',', 'fikirkan', 'akibatnya', '.']"
Dia berniat untuk membantu mangsa banjir.,verb,neutral,0.0,"['dia', 'berniat', 'untuk', 'membantu', 'mangsa', 'banjir', '.']"
Kehidupan dibandaraya sangat sibuk.,adverb,neutral,0.0,"['kehidupan', 'dibandaraya', 'sangat', 'sibuk', '.']"
Kisah pengembaraannya sangat menarik.,noun,neutral,0.0,"['kisah', 'pengembaraannya', 'sangat', 'menarik', '.']"
Awak mahu kopi atau teh?,conjunction,neutral,0.0,"['awak', 'mahu', 'kopi', 'atau', 'teh', '?']"
Gadis itu dikatakan dirasuk syaitan.,verb / noun,negative,-0.3,"['gadis', 'itu', 'dikatakan', 'dirasuk', 'syaitan', '.']"
Salam sejahtera kepada semua.,interjection / noun,positive,0.7,"['salam', 'sejahtera', 'kepada', 'semua', '.']"
Dia asyik ulng2 soalan yang sama.,verb,neutral,0.0,"['dia', 'asyik', 'ulng2', 'soalan', 'yang', 'sama', '.']"
Mak saya sedang memasak di dapur.,noun,positive,0.5,"['mak', 'saya', 'sedang', 'memasak', 'di', 'dapur', '.']"
Saya hairan melihat kelakuannya.,adjective,neutral,0.0,"['saya', 'hairan', 'melihat', 'kelakuannya', '.']"
"Oh, shit! Saya tertinggal dompet.",interjection / noun,negative,-0.9,"['oh', ',', 'shit', '!', 'saya', 'tertinggal', 'dompet', '.']"
Driver bas itu sangat berhati-hati.,noun,neutral,0.0,"['driver', 'bas', 'itu', 'sangat', 'berhati', '-', 'hati', '.']"
Idea awak sangat bagus.,adjective,positive,0.8,"['idea', 'awak', 'sangat', 'bagus', '.']"
Petani itu menggunakan parang untuk membersihkan semak.,noun,neutral,0.0,"['petani', 'itu', 'menggunakan', 'parang', 'untuk', 'membersihkan', 'semak', '.']"
Kita harus cinta akan negara.,noun,neutral,0.0,"['kita', 'harus', 'cinta', 'akan', 'negara', '.']"
"Hadirin sekalian, terima kasih atas kehadiran anda.",adverb / pronoun,neutral,0.0,"['hadirin', 'sekalian', ',', 'terima', 'kasih', 'atas', 'kehadiran', 'anda', '.']"
Dia pergi ke pasar.,preposition / particle,neutral,0.0,"['dia', 'pergi', 'ke', 'pasar', '.']"
Semua pelajar hadir ke sekolah.,quantifier / pronoun,neutral,0.0,"['semua', 'pelajar', 'hadir', 'ke', 'sekolah', '.']"
Dia mempunyai tabiat yang aneh.,adjective,neutral,0.0,"['dia', 'mempunyai', 'tabiat', 'yang', 'aneh', '.']"
"Soalan ini mudah, carilah jawapannya sendiri.","adjective, verb",neutral,0.0,"['soalan', 'ini', 'mudah', ',', 'carilah', 'jawapannya', 'sendiri', '.']"
Hidup ini penuh dengan cubaan.,noun,neutral,0.0,"['hidup', 'ini', 'penuh', 'dengan', 'cubaan', '.']"
Ini tempat kelahiran saya.,noun,neutral,0.0,"['ini', 'tempat', 'kelahiran', 'saya', '.']"
Polis berjaya menangkap penyangak itu.,noun,negative,-0.7,"['polis', 'berjaya', 'menangkap', 'penyangak', 'itu', '.']"
Area ini sangat bersih.,noun,neutral,0.0,"['area', 'ini', 'sangat', 'bersih', '.']"
Biarlah dia pergi.,verb / conjunction,neutral,0.0,"['biarlah', 'dia', 'pergi', '.']"
Baju tu cantik.,demonstrative pronoun,neutral,0.0,"['baju', 'tu', 'cantik', '.']"
Apa yang awak cakap tu bethollll.,adjective / adverb,positive,0.6,"['apa', 'yang', 'awak', 'cakap', 'tu', 'bethollll', '.']"
Rumah saya di belakang sekolah.,noun / adverb,neutral,0.0,"['rumah', 'saya', 'di', 'belakang', 'sekolah', '.']"
Dia mna?diam je dari tadi.,"interrogative pronoun, verb",neutral,0.0,"['dia', 'mna', '?', 'diam', 'je', 'dari', 'tadi', '.']"
"Orang tu, dia kawan saya.",demonstrative pronoun,neutral,0.0,"['orang', 'tu', ',', 'dia', 'kawan', 'saya', '.']"
Apa yang akan jadi seterusnya?,verb / conjunction,neutral,0.0,"['apa', 'yang', 'akan', 'jadi', 'seterusnya', '?']"
Dia membeli car baru semalam.,noun,neutral,0.0,"['dia', 'membeli', 'car', 'baru', 'semalam', '.']"
"Ada lagi, tak?",adverb,neutral,0.0,"['ada', 'lagi', ',', 'tak', '?']"
Seorang kanak-kanak melintas jalan.,verb,neutral,0.0,"['seorang', 'kanak', '-', 'kanak', 'melintas', 'jalan', '.']"
"Kalo hujan, kita tak jadi pergi.",conjunction,neutral,0.0,"['kalo', 'hujan', ',', 'kita', 'tak', 'jadi', 'pergi', '.']"
Undang-undang baharu itu telah digubal.,verb,neutral,0.0,"['undang', '-', 'undang', 'baharu', 'itu', 'telah', 'digubal', '.']"
"S#@!, saya terlepas bas!",interjection,negative,-0.9,"['s#@', '!', ',', 'saya', 'terlepas', 'bas', '!']"
UMNO adalah salah satu parti politik tertua di Malaysia.,noun (acronym for political party),neutral,0.0,"['umno', 'adalah', 'salah', 'satu', 'parti', 'politik', 'tertua', 'di', 'malaysia', '.']"
Dia lalu di hadapan rumah saya.,verb / adverb / conjunction,neutral,0.0,"['dia', 'lalu', 'di', 'hadapan', 'rumah', 'saya', '.']"
Mari kita tonton vdo itu.,noun,neutral,0.0,"['mari', 'kita', 'tonton', 'vdo', 'itu', '.']"
Dia gapake topi hari ni.,verb phrase (colloquial),neutral,0.0,"['dia', 'gapake', 'topi', 'hari', 'ni', '.']"
Tolong bgi saya buku itu.,verb / preposition,neutral,0.0,"['tolong', 'bgi', 'saya', 'buku', 'itu', '.']"
Jangan cakap taik.,noun / interjection,negative,-0.7,"['jangan', 'cakap', 'taik', '.']"
Otak manusia sangat kompleks.,noun,neutral,0.0,"['otak', 'manusia', 'sangat', 'kompleks', '.']"
Orang ramai berkumpul di dataran.,noun,neutral,0.0,"['orang', 'ramai', 'berkumpul', 'di', 'dataran', '.']"
Aku akan pergi ke sana esok.,pronoun,neutral,0.0,"['aku', 'akan', 'pergi', 'ke', 'sana', 'esok', '.']"
Jangan panik apabila berdepan dengan masalah.,adjective / verb,negative,-0.6,"['jangan', 'panik', 'apabila', 'berdepan', 'dengan', 'masalah', '.']"
Ini peluang last saya.,adjective / adverb,neutral,0.0,"['ini', 'peluang', 'last', 'saya', '.']"
Adakah awak faham apa yang saya katakan?,verb / adjective,neutral,0.0,"['adakah', 'awak', 'faham', 'apa', 'yang', 'saya', 'katakan', '?']"
Dia sangat bijak dalam menyelesaikan masalah itu.,adjective,positive,0.8,"['dia', 'sangat', 'bijak', 'dalam', 'menyelesaikan', 'masalah', 'itu', '.']"
Dia datang sorg2 tanpa ditemani sesiapa.,adverb,neutral,0.0,"['dia', 'datang', 'sorg2', 'tanpa', 'ditemani', 'sesiapa', '.']"
Dia menggunakan hands beliau untuk memegang buku itu.,noun,neutral,0.0,"['dia', 'menggunakan', 'hands', 'beliau', 'untuk', 'memegang', 'buku', 'itu', '.']"
Benda tu tak boleh guna lagi.,demonstrative pronoun / adverb,neutral,0.0,"['benda', 'tu', 'tak', 'boleh', 'guna', 'lagi', '.']"
Bahasa Melayu ialah bahasa rasmi Malaysia.,noun,neutral,0.0,"['bahasa', 'melayu', 'ialah', 'bahasa', 'rasmi', 'malaysia', '.']"
Ak nak pergi sekarang.,pronoun,neutral,0.0,"['ak', 'nak', 'pergi', 'sekarang', '.']"
Dia mempunyai 11 biji epal.,numeral,neutral,0.0,"['dia', 'mempunyai', '11', 'biji', 'epal', '.']"
Apa nma awak?,noun,neutral,0.0,"['apa', 'nma', 'awak', '?']"
Jaga minda anda agar sentiasa positif.,noun,neutral,0.0,"['jaga', 'minda', 'anda', 'agar', 'sentiasa', 'positif', '.']"
Dia bantai musuhnya dan melarikan diri.,verb / conjunction,negative,-0.6,"['dia', 'bantai', 'musuhnya', 'dan', 'melarikan', 'diri', '.']"
Kita harus respek orang tua.,noun / verb,positive,0.7,"['kita', 'harus', 'respek', 'orang', 'tua', '.']"
Jangan sebarkan fitnah tentang sesiapa.,noun / verb,negative,-0.8,"['jangan', 'sebarkan', 'fitnah', 'tentang', 'sesiapa', '.']"
Dia xdapat datang ke majlis itu.,verb phrase / adverbial,neutral,0.0,"['dia', 'xdapat', 'datang', 'ke', 'majlis', 'itu', '.']"
Tolong keluarkan barang dari kotak itu.,verb,neutral,0.0,"['tolong', 'keluarkan', 'barang', 'dari', 'kotak', 'itu', '.']"
Dia dilanyak oleh kumpulan samseng itu.,verb,negative,-0.7,"['dia', 'dilanyak', 'oleh', 'kumpulan', 'samseng', 'itu', '.']"
Buat sajalah do.,particle / slang,neutral,0.0,"['buat', 'sajalah', 'do', '.']"
Dia brenti kerja semalam.,verb,neutral,0.0,"['dia', 'brenti', 'kerja', 'semalam', '.']"
Prestasi dia sangat bagus.,adjective,positive,0.9,"['prestasi', 'dia', 'sangat', 'bagus', '.']"
Depa semua dah sampai.,pronoun,neutral,0.0,"['depa', 'semua', 'dah', 'sampai', '.']"
"No, saya tak nak pergi.",adverb / exclamation,negative,-0.3,"['no', ',', 'saya', 'tak', 'nak', 'pergi', '.']"
Dia berlari menggunakan kakinya.,noun,neutral,0.0,"['dia', 'berlari', 'menggunakan', 'kakinya', '.']"
Buatlah gini.,adverb,neutral,0.0,"['buatlah', 'gini', '.']"
Dia mengaku kesalahannya.,verb,neutral,0.0,"['dia', 'mengaku', 'kesalahannya', '.']"
"Apa khabar, bro?",noun (form of address),neutral,0.0,"['apa', 'khabar', ',', 'bro', '?']"
Rumah itu sangat besar.,adjective,neutral,0.0,"['rumah', 'itu', 'sangat', 'besar', '.']"
"Kalu hujan, kita tak jadi pergi.",conjunction,neutral,0.0,"['kalu', 'hujan', ',', 'kita', 'tak', 'jadi', 'pergi', '.']"
Mari kita tengok filem itu.,verb,neutral,0.0,"['mari', 'kita', 'tengok', 'filem', 'itu', '.']"
"Auwwww, comelnya kucing tu!",interjection,neutral,0.0,"['auwwww', ',', 'comelnya', 'kucing', 'tu', '!']"
Saya sedih sangat :'(,emoticon,negative,-0.5,"['saya', 'sedih', 'sangat', "":'(""]"
Dia takkan datang.,adverb,neutral,0.0,"['dia', 'takkan', 'datang', '.']"
Tingkap itu diperbuat daripada kaca.,noun,neutral,0.0,"['tingkap', 'itu', 'diperbuat', 'daripada', 'kaca', '.']"
Adakah anda bersetuju?,interrogative particle,neutral,0.0,"['adakah', 'anda', 'bersetuju', '?']"
Harga barang kian meningkat.,verb,neutral,0.0,"['harga', 'barang', 'kian', 'meningkat', '.']"
Dia terlalu bacul kalau berdepan masalah.,adjective / conjunction,negative,-0.7,"['dia', 'terlalu', 'bacul', 'kalau', 'berdepan', 'masalah', '.']"
Lpas ni nak buat apa?,verb / adverb / preposition,neutral,0.0,"['lpas', 'ni', 'nak', 'buat', 'apa', '?']"
Dia tk tahu.,adverb,negative,-0.3,"['dia', 'tk', 'tahu', '.']"
Canne nak buat ni?,interrogative pronoun / adverb,neutral,0.0,"['canne', 'nak', 'buat', 'ni', '?']"
Buku itu ada dlm beg.,preposition,neutral,0.0,"['buku', 'itu', 'ada', 'dlm', 'beg', '.']"
You just be yourself.,verb,neutral,0.0,"['you', 'just', 'be', 'yourself', '.']"
Buat sikit ja.,particle,neutral,0.0,"['buat', 'sikit', 'ja', '.']"
Dia hanyalah seorang pembunuh upahan.,noun,neutral,0.0,"['dia', 'hanyalah', 'seorang', 'pembunuh', 'upahan', '.']"
Kabinet kerajaan akan dirombak tidak lama lagi.,verb,neutral,0.0,"['kabinet', 'kerajaan', 'akan', 'dirombak', 'tidak', 'lama', 'lagi', '.']"
Jangan ikut hasutan syaitan.,noun,negative,-0.9,"['jangan', 'ikut', 'hasutan', 'syaitan', '.']"
Mke dia pucat.,noun,neutral,0.0,"['mke', 'dia', 'pucat', '.']"
Dia sedang mencoba untuk menyelesaikan masalah itu.,verb,neutral,0.0,"['dia', 'sedang', 'mencoba', 'untuk', 'menyelesaikan', 'masalah', 'itu', '.']"
Setiap Muslim bercita-cita masuk syurga.,noun,positive,0.9,"['setiap', 'muslim', 'bercita', '-', 'cita', 'masuk', 'syurga', '.']"
Saya pernah melawat Phillipines dan mereka boleh berbahasa Inggeris.,proper noun / modal verb,neutral,0.0,"['saya', 'pernah', 'melawat', 'phillipines', 'dan', 'mereka', 'boleh', 'berbahasa', 'inggeris', '.']"
Dia dibalun habis-habisan oleh pihak lawan.,verb,negative,-0.6,"['dia', 'dibalun', 'habis', '-', 'habisan', 'oleh', 'pihak', 'lawan', '.']"
Penyalahgunaan dadah adalah jenayah serius.,noun,negative,-0.9,"['penyalahgunaan', 'dadah', 'adalah', 'jenayah', 'serius', '.']"
Dia mampus dalam kemalangan itu.,verb / interjection,negative,-0.8,"['dia', 'mampus', 'dalam', 'kemalangan', 'itu', '.']"
Saya tahu dia tidak akan datang.,kata kerja,neutral,0.0,"['saya', 'tahu', 'dia', 'tidak', 'akan', 'datang', '.']"
Baju ini ngam-ngam dengan saya.,kata sifat,positive,0.3,"['baju', 'ini', 'ngam', '-', 'ngam', 'dengan', 'saya', '.']"
Dia mmg pandai. (Dia memang pandai.),kata keterangan,neutral,0.0,"['dia', 'mmg', 'pandai', '.', '(', 'dia', 'memang', 'pandai', '.', ')']"
Kami menghadapi masalah kewangan.,kata nama,negative,-0.6,"['kami', 'menghadapi', 'masalah', 'kewangan', '.']"
"Malangnya, dia gagal dalam peperiksaan itu.",kata keterangan,negative,-0.7,"['malangnya', ',', 'dia', 'gagal', 'dalam', 'peperiksaan', 'itu', '.']"
Agaknya dia tidak akan datang.,kata keterangan,neutral,0.0,"['agaknya', 'dia', 'tidak', 'akan', 'datang', '.']"
Semua rakyat perlu mematuhi undang2. (Semua rakyat perlu mematuhi undang-undang.),kata nama,neutral,0.0,"['semua', 'rakyat', 'perlu', 'mematuhi', 'undang2', '.', '(', 'semua', 'rakyat', 'perlu', 'mematuhi', 'undang', '-', 'undang', '.', ')']"
Kita sepatutnya bekerjasama.,kata keterangan,neutral,0.1,"['kita', 'sepatutnya', 'bekerjasama', '.']"
Bahasa Melayu ialah bahasa rasmi negara kita.,kata nama,neutral,0.0,"['bahasa', 'melayu', 'ialah', 'bahasa', 'rasmi', 'negara', 'kita', '.']"
Batu itu sangat keras.,kata sifat,neutral,0.0,"['batu', 'itu', 'sangat', 'keras', '.']"
Penyamun itu berjaya diberkas polis.,kata nama,negative,-0.9,"['penyamun', 'itu', 'berjaya', 'diberkas', 'polis', '.']"
"Syukur alhamdulillah, kami selamat sampai.",kata nama,positive,0.8,"['syukur', 'alhamdulillah', ',', 'kami', 'selamat', 'sampai', '.']"
Situasi di KORUT sentiasa tegang.,kata nama,neutral,0.0,"['situasi', 'di', 'korut', 'sentiasa', 'tegang', '.']"
Ko nak pergi mana? (Engkau/Awak nak pergi mana?),kata ganti nama diri kedua,neutral,0.0,"['ko', 'nak', 'pergi', 'mana', '?', '(', 'engkau', '/', 'awak', 'nak', 'pergi', 'mana', '?', ')']"
Makanan ini sangat enak.,kata sifat,positive,0.7,"['makanan', 'ini', 'sangat', 'enak', '.']"
Dia terpijak duri dan kakinya sakit.,kata nama,neutral,0.0,"['dia', 'terpijak', 'duri', 'dan', 'kakinya', 'sakit', '.']"
Dia datang dri rumah. (Dia datang dari rumah.),kata sendi nama,neutral,0.0,"['dia', 'datang', 'dri', 'rumah', '.', '(', 'dia', 'datang', 'dari', 'rumah', '.', ')']"
Orang yang tidak bersalah itu hampir mampus dilanggar.,kata kerja,negative,-0.9,"['orang', 'yang', 'tidak', 'bersalah', 'itu', 'hampir', 'mampus', 'dilanggar', '.']"
Dia baru pulang dari kerja.,kata sifat,neutral,0.0,"['dia', 'baru', 'pulang', 'dari', 'kerja', '.']"
Kualiti produk ini memang classnya. (Kualiti produk ini memang kelasnya.),kata nama,positive,0.5,"['kualiti', 'produk', 'ini', 'memang', 'classnya', '.', '(', 'kualiti', 'produk', 'ini', 'memang', 'kelasnya', '.', ')']"
Dia pandai tpi malas. (Dia pandai tetapi malas.),kata hubung,neutral,0.0,"['dia', 'pandai', 'tpi', 'malas', '.', '(', 'dia', 'pandai', 'tetapi', 'malas', '.', ')']"
Telefon baru itu sudah cacat.,kata sifat,negative,-0.7,"['telefon', 'baru', 'itu', 'sudah', 'cacat', '.']"
Merokok tidak dibolehkan di sini.,kata kerja,positive,0.3,"['merokok', 'tidak', 'dibolehkan', 'di', 'sini', '.']"
Dia terbabit dalam kemalangan itu.,kata kerja,neutral,0.0,"['dia', 'terbabit', 'dalam', 'kemalangan', 'itu', '.']"
Dia lempar bola itu kepada saya.,kata kerja,neutral,0.0,"['dia', 'lempar', 'bola', 'itu', 'kepada', 'saya', '.']"
“Sial!” jeritnya apabila terjatuh.,kata sifat,negative,-0.8,"['“', 'sial', '!', '”', 'jeritnya', 'apabila', 'terjatuh', '.']"
Ramai pekerja Bangla bekerja di kilang itu.,kata nama,neutral,0.0,"['ramai', 'pekerja', 'bangla', 'bekerja', 'di', 'kilang', 'itu', '.']"
Dia memandu kereta baharunya.,kata nama,neutral,0.0,"['dia', 'memandu', 'kereta', 'baharunya', '.']"
Dia buat kerja rumahnya.,kata kerja,neutral,0.0,"['dia', 'buat', 'kerja', 'rumahnya', '.']"
Saya belum makan lagi.,kata keterangan,neutral,0.0,"['saya', 'belum', 'makan', 'lagi', '.']"
Mereka cuba samun kedai itu.,kata kerja,negative,-0.9,"['mereka', 'cuba', 'samun', 'kedai', 'itu', '.']"
Kisah itu memberi kita banyak pengajaran.,kata nama,positive,0.5,"['kisah', 'itu', 'memberi', 'kita', 'banyak', 'pengajaran', '.']"
Smua orang setuju. (Semua orang setuju.),kata bilangan,neutral,0.0,"['smua', 'orang', 'setuju', '.', '(', 'semua', 'orang', 'setuju', '.', ')']"
Mereka bermain bola di padang.,kata nama,neutral,0.0,"['mereka', 'bermain', 'bola', 'di', 'padang', '.']"
Aku akan pergi ke sana.,kata ganti nama diri pertama,neutral,0.0,"['aku', 'akan', 'pergi', 'ke', 'sana', '.']"
Adakah dia menyamun kedai itu?,kata kerja,negative,-0.9,"['adakah', 'dia', 'menyamun', 'kedai', 'itu', '?']"
Dia cerdik tapi malas.,kata hubung,neutral,0.0,"['dia', 'cerdik', 'tapi', 'malas', '.']"
Dodol durian sangat popular di sana.,kata nama,positive,0.4,"['dodol', 'durian', 'sangat', 'popular', 'di', 'sana', '.']"
Saya nak sikit jee. (Saya nak sikit sahaja.),partikel,neutral,0.0,"['saya', 'nak', 'sikit', 'jee', '.', '(', 'saya', 'nak', 'sikit', 'sahaja', '.', ')']"
Projek itu xjadi dilaksanakan. (Projek itu tidak jadi dilaksanakan.),kata kerja,negative,-0.3,"['projek', 'itu', 'xjadi', 'dilaksanakan', '.', '(', 'projek', 'itu', 'tidak', 'jadi', 'dilaksanakan', '.', ')']"
Sila diam sebentar.,kata kerja,neutral,0.0,"['sila', 'diam', 'sebentar', '.']"
Dia memakai rantai di lehernya.,kata nama,neutral,0.0,"['dia', 'memakai', 'rantai', 'di', 'lehernya', '.']"
Rumah banglo itu adalah yang selalu diimpikan.,kata kerja,positive,0.6,"['rumah', 'banglo', 'itu', 'adalah', 'yang', 'selalu', 'diimpikan', '.']"
Perbuatan baiknya dipuji ramai.,kata nama,neutral,0.0,"['perbuatan', 'baiknya', 'dipuji', 'ramai', '.']"
Dia berdiri di dpan rumah.,noun,neutral,0.0,"['dia', 'berdiri', 'di', 'dpan', 'rumah', '.']"
Ibu memberi adik hadiah hari lahir.,verb,neutral,0.0,"['ibu', 'memberi', 'adik', 'hadiah', 'hari', 'lahir', '.']"
Jawapan yang diberikannya salah.,adjective,negative,-0.7,"['jawapan', 'yang', 'diberikannya', 'salah', '.']"
Dia seorang pelajar yang sangat pandai.,adjective,positive,0.8,"['dia', 'seorang', 'pelajar', 'yang', 'sangat', 'pandai', '.']"
Saya tidak pernah ke sana.,adverb,neutral,0.0,"['saya', 'tidak', 'pernah', 'ke', 'sana', '.']"
Keta dia rosak di tepi jalan.,noun,neutral,0.0,"['keta', 'dia', 'rosak', 'di', 'tepi', 'jalan', '.']"
Dia tidak datang kerana hujan lebat.,conjunction,neutral,0.0,"['dia', 'tidak', 'datang', 'kerana', 'hujan', 'lebat', '.']"
Cincin itu seberat lima gram.,adjective,neutral,0.0,"['cincin', 'itu', 'seberat', 'lima', 'gram', '.']"
Bangunan lama itu akan dirobohkan.,adjective,neutral,0.0,"['bangunan', 'lama', 'itu', 'akan', 'dirobohkan', '.']"
Dia menyimpan rusia itu dengan baik.,noun,neutral,0.0,"['dia', 'menyimpan', 'rusia', 'itu', 'dengan', 'baik', '.']"
Merokok sudah menjadi kebiasaan baginya.,noun,neutral,0.0,"['merokok', 'sudah', 'menjadi', 'kebiasaan', 'baginya', '.']"
Kemudahan awam perlu mesra OKU.,noun,neutral,0.0,"['kemudahan', 'awam', 'perlu', 'mesra', 'oku', '.']"
Tentera itu diarahkan undur dari medan perang.,verb,neutral,0.0,"['tentera', 'itu', 'diarahkan', 'undur', 'dari', 'medan', 'perang', '.']"
"""Teruskan perjalanan!"" kata pemandu bas.",verb,neutral,0.0,"['""', 'teruskan', 'perjalanan', '!', '""', 'kata', 'pemandu', 'bas', '.']"
Janganlah baitu sombong.,adverb,neutral,0.0,"['janganlah', 'baitu', 'sombong', '.']"
Dia sangat manjo dengan ibunya.,adjective,neutral,0.0,"['dia', 'sangat', 'manjo', 'dengan', 'ibunya', '.']"
Dia duduk di belakang saya.,noun,neutral,0.0,"['dia', 'duduk', 'di', 'belakang', 'saya', '.']"
Kereta itu dilanggar lori.,verb,negative,-0.6,"['kereta', 'itu', 'dilanggar', 'lori', '.']"
"Ahhh, akhirnya sampai juga!",interjection,neutral,0.0,"['ahhh', ',', 'akhirnya', 'sampai', 'juga', '!']"
Dia nampak sangat letih.,verb,neutral,0.0,"['dia', 'nampak', 'sangat', 'letih', '.']"
Kita perlu berusaha untuk mencapai kejayaan.,verb,positive,0.7,"['kita', 'perlu', 'berusaha', 'untuk', 'mencapai', 'kejayaan', '.']"
Kekadang dia datang melawat.,adverb,neutral,0.0,"['kekadang', 'dia', 'datang', 'melawat', '.']"
Kwsan itu bahaya untuk dilalui.,noun,neutral,0.0,"['kwsan', 'itu', 'bahaya', 'untuk', 'dilalui', '.']"
"Jenaka itu sangat lucu, sampai saya 😂.",emoji,positive,0.9,"['jenaka', 'itu', 'sangat', 'lucu', ',', 'sampai', 'saya', 'face', 'with', 'tears', 'of', 'joy', '.']"
Semoga kita berjaya.,adverb,positive,0.5,"['semoga', 'kita', 'berjaya', '.']"
Restoran itu menyajikan food yang sedap.,noun,neutral,0.0,"['restoran', 'itu', 'menyajikan', 'food', 'yang', 'sedap', '.']"
Penjenayah itu ..menyamun bank semalam.,verb,negative,-0.9,"['penjenayah', 'itu', '.', 'menyamun', 'bank', 'semalam', '.']"
Mereka memancing di kuala sungai.,noun,neutral,0.0,"['mereka', 'memancing', 'di', 'kuala', 'sungai', '.']"
Boleh bagi saya air skit?,adverb,neutral,0.0,"['boleh', 'bagi', 'saya', 'air', 'skit', '?']"
Dia minta tambah nasi.,verb,neutral,0.0,"['dia', 'minta', 'tambah', 'nasi', '.']"
Kita perlu Creat idea baharu.,verb,neutral,0.0,"['kita', 'perlu', 'creat', 'idea', 'baharu', '.']"
Dia suka ajar budak-budak.,verb,neutral,0.0,"['dia', 'suka', 'ajar', 'budak', '-', 'budak', '.']"
Ini buku saya.,pronoun,neutral,0.0,"['ini', 'buku', 'saya', '.']"
Saya nak bt kerja sekarang.,verb,neutral,0.0,"['saya', 'nak', 'bt', 'kerja', 'sekarang', '.']"
Dia terima hadiah itu dengan gembira.,verb,neutral,0.0,"['dia', 'terima', 'hadiah', 'itu', 'dengan', 'gembira', '.']"
Keretanya baru sahaja dibaiki.,noun,neutral,0.0,"['keretanya', 'baru', 'sahaja', 'dibaiki', '.']"
Dia menguruskan segala persiapan majlis.,determiner,neutral,0.0,"['dia', 'menguruskan', 'segala', 'persiapan', 'majlis', '.']"
Dia bawak beg besar.,verb,neutral,0.0,"['dia', 'bawak', 'beg', 'besar', '.']"
Dia fasih berbahasa Melayu.,noun,neutral,0.0,"['dia', 'fasih', 'berbahasa', 'melayu', '.']"
Dia tidak ada uang.,noun,neutral,0.0,"['dia', 'tidak', 'ada', 'uang', '.']"
Cuman itu yang dia tahu.,adverb,neutral,0.0,"['cuman', 'itu', 'yang', 'dia', 'tahu', '.']"
Ibu suruh saya belajar.,verb,neutral,0.0,"['ibu', 'suruh', 'saya', 'belajar', '.']"
Jawapan awak betul.,adjective,positive,0.6,"['jawapan', 'awak', 'betul', '.']"
Dia menjadi mangsa penipuan.,noun,negative,-0.7,"['dia', 'menjadi', 'mangsa', 'penipuan', '.']"
"Selagi ada hayat, teruskan berjuang.",conjunction,neutral,0.0,"['selagi', 'ada', 'hayat', ',', 'teruskan', 'berjuang', '.']"
Dia tidak dapat menyembunyikan perasaannya.,noun,neutral,0.0,"['dia', 'tidak', 'dapat', 'menyembunyikan', 'perasaannya', '.']"
Saya and awak pergi bersama.,conjunction,neutral,0.0,"['saya', 'and', 'awak', 'pergi', 'bersama', '.']"
Dia mengikat tali kasutnya.,noun,neutral,0.0,"['dia', 'mengikat', 'tali', 'kasutnya', '.']"
Ini adalah zaman moden.,noun,neutral,0.0,"['ini', 'adalah', 'zaman', 'moden', '.']"
Bateri telefon saya dah low.,adjective,neutral,0.0,"['bateri', 'telefon', 'saya', 'dah', 'low', '.']"
Buku tu mahal sangat.,pronoun,neutral,0.0,"['buku', 'tu', 'mahal', 'sangat', '.']"
Dia berasa 😡 apabila mendengar berita buruk itu.,emoji,negative,-0.8,"['dia', 'berasa', 'enraged', 'face', 'apabila', 'mendengar', 'berita', 'buruk', 'itu', '.']"
Hatinya 😥 apabila terpaksa berpisah.,emoji,negative,-0.6,"['hatinya', 'sad', 'but', 'relieved', 'face', 'apabila', 'terpaksa', 'berpisah', '.']"
"Ya, saya setuju.",interjection,neutral,0.0,"['ya', ',', 'saya', 'setuju', '.']"
Kereta adalah sejenis kenderaan darat.,noun,neutral,0.0,"['kereta', 'adalah', 'sejenis', 'kenderaan', 'darat', '.']"
Mmg dia cakap macam tu.,adverb,neutral,0.0,"['mmg', 'dia', 'cakap', 'macam', 'tu', '.']"
Tentera itu bersedia untuk menyerang kubu musuh.,verb,negative,-0.7,"['tentera', 'itu', 'bersedia', 'untuk', 'menyerang', 'kubu', 'musuh', '.']"
Baju baru dia law.,adjective,positive,0.6,"['baju', 'baru', 'dia', 'law', '.']"
Silahkan duduk.,verb,neutral,0.0,"['silahkan', 'duduk', '.']"
Penyamun itu didakwa kerana menyamun kedai emas.,verb,negative,-0.9,"['penyamun', 'itu', 'didakwa', 'kerana', 'menyamun', 'kedai', 'emas', '.']"
Adakah anda faham?,interrogative particle,neutral,0.0,"['adakah', 'anda', 'faham', '?']"
Dia cakap cm tu.,conjunction,neutral,0.0,"['dia', 'cakap', 'cm', 'tu', '.']"
Ekonomi negara itu dilihat mudur (mundur) sejak beberapa tahun lalu.,verb,negative,-0.4,"['ekonomi', 'negara', 'itu', 'dilihat', 'mudur', '(', 'mundur', ')', 'sejak', 'beberapa', 'tahun', 'lalu', '.']"
Persembahan kumpulan itu mntp sekali!,adjective,positive,0.7,"['persembahan', 'kumpulan', 'itu', 'mntp', 'sekali', '!']"
Jangan buang sampah merata-rata.,noun,negative,-0.6,"['jangan', 'buang', 'sampah', 'merata', '-', 'rata', '.']"
Rumahnya jauh dari bandar.,adjective,neutral,0.0,"['rumahnya', 'jauh', 'dari', 'bandar', '.']"
"Hati-hati menggunakan kata Baabi, ia sangat kesat.",noun,negative,-0.9,"['hati', '-', 'hati', 'menggunakan', 'kata', 'baabi', ',', 'ia', 'sangat', 'kesat', '.']"
Dia hanya hantar emoji ini sebagai balasan.,emoji,negative,-0.9,"['dia', 'hanya', 'hantar', 'emoji', 'ini', 'sebagai', 'balasan', '.']"
Kotak itu sangat berat.,adjective,neutral,0.0,"['kotak', 'itu', 'sangat', 'berat', '.']"
"Kalaau awak setuju, kita boleh teruskan.",conjunction,neutral,0.0,"['kalaau', 'awak', 'setuju', ',', 'kita', 'boleh', 'teruskan', '.']"
Kerja awak baguih sekali!,adjective,positive,0.6,"['kerja', 'awak', 'baguih', 'sekali', '!']"
Dia terus berjalan tanpa menoleh.,adverb,neutral,0.0,"['dia', 'terus', 'berjalan', 'tanpa', 'menoleh', '.']"
Dia gantung gambar di dinding.,verb,neutral,0.0,"['dia', 'gantung', 'gambar', 'di', 'dinding', '.']"
Buku ni kepunyaan saya.,demonstrative pronoun,neutral,0.0,"['buku', 'ni', 'kepunyaan', 'saya', '.']"
Dia memandu kereta Toyota Vios.,noun,neutral,0.0,"['dia', 'memandu', 'kereta', 'toyota', 'vios', '.']"
Dia dh makan.,auxiliary verb,neutral,0.0,"['dia', 'dh', 'makan', '.']"
Dia lgs tak datang.,adverb,neutral,0.0,"['dia', 'lgs', 'tak', 'datang', '.']"
Hakim itu tidak boleh memihak kepada mana-mana pihak.,verb,neutral,0.0,"['hakim', 'itu', 'tidak', 'boleh', 'memihak', 'kepada', 'mana', '-', 'mana', 'pihak', '.']"
Dia akan pergi esok.,auxiliary verb,neutral,0.0,"['dia', 'akan', 'pergi', 'esok', '.']"
Jangan memasal nanti kita lambat.,verb,negative,-0.3,"['jangan', 'memasal', 'nanti', 'kita', 'lambat', '.']"
Pemandu bas itu sangat cekap.,noun,neutral,0.0,"['pemandu', 'bas', 'itu', 'sangat', 'cekap', '.']"
Kita harus cinta akan negara.,noun,neutral,0.0,"['kita', 'harus', 'cinta', 'akan', 'negara', '.']"
Penjahatnya telah ditangkap polis.,noun,negative,-0.8,"['penjahatnya', 'telah', 'ditangkap', 'polis', '.']"
"Hai sist, apa khabar?",noun,neutral,0.0,"['hai', 'sist', ',', 'apa', 'khabar', '?']"
Kereta itu menabrak tiang lampu.,verb,negative,-0.6,"['kereta', 'itu', 'menabrak', 'tiang', 'lampu', '.']"
Polis sedang memburu peropak (perompak) itu.,noun,negative,-0.9,"['polis', 'sedang', 'memburu', 'peropak', '(', 'perompak', ')', 'itu', '.']"
Xpayah tunggu saya.,auxiliary verb,neutral,0.0,"['xpayah', 'tunggu', 'saya', '.']"
Dia balas dengan emoji 😎👌.,emoji,positive,0.8,"['dia', 'balas', 'dengan', 'emoji', 'smiling', 'face', 'with', 'sunglassesok', 'hand', '.']"
Saya suka makanan yang ada banyak pepper.,noun,neutral,0.0,"['saya', 'suka', 'makanan', 'yang', 'ada', 'banyak', 'pepper', '.']"
I tak faham.,pronoun,neutral,0.0,"['i', 'tak', 'faham', '.']"
Dia takut akan kegelapan.,adjective,negative,-0.6,"['dia', 'takut', 'akan', 'kegelapan', '.']"
Saya pun nak ikut jugak.,adverb,neutral,0.0,"['saya', 'pun', 'nak', 'ikut', 'jugak', '.']"
Kita perlu terus hdup.,verb,neutral,0.0,"['kita', 'perlu', 'terus', 'hdup', '.']"
Penyamun itu melarikan diri dengan wang curian.,noun,negative,-0.9,"['penyamun', 'itu', 'melarikan', 'diri', 'dengan', 'wang', 'curian', '.']"
Dia taknak makan nasi.,auxiliary verb,neutral,0.0,"['dia', 'taknak', 'makan', 'nasi', '.']"
Mereka pergi ke mall untuk membeli-belah.,noun,neutral,0.0,"['mereka', 'pergi', 'ke', 'mall', 'untuk', 'membeli', '-', 'belah', '.']"
Projek itu memerlukan dana yang besar.,noun,neutral,0.0,"['projek', 'itu', 'memerlukan', 'dana', 'yang', 'besar', '.']"
Mesyuarat diadakan di dewan serbaguna.,noun,neutral,0.0,"['mesyuarat', 'diadakan', 'di', 'dewan', 'serbaguna', '.']"
Dia datang sekejap aje.,adverb,neutral,0.0,"['dia', 'datang', 'sekejap', 'aje', '.']"
Apa yang sedang kamu buat?,interrogative pronoun,neutral,0.0,"['apa', 'yang', 'sedang', 'kamu', 'buat', '?']"
Dia ingin belajar bahasa baru.,verb,neutral,0.0,"['dia', 'ingin', 'belajar', 'bahasa', 'baru', '.']"
Bunga itu sangat elok.,adjective,positive,0.6,"['bunga', 'itu', 'sangat', 'elok', '.']"
Dia kena pergi sekolah esok.,auxiliary verb,neutral,0.0,"['dia', 'kena', 'pergi', 'sekolah', 'esok', '.']"
Aku pergi dulu.,pronoun,neutral,0.0,"['aku', 'pergi', 'dulu', '.']"
Dia seorang yang sangat baik hati.,adjective,positive,0.8,"['dia', 'seorang', 'yang', 'sangat', 'baik', 'hati', '.']"
Dia always datang lewat.,adverb,neutral,0.0,"['dia', 'always', 'datang', 'lewat', '.']"
Kereta itu rosak di tepi jalan.,noun,neutral,0.0,"['kereta', 'itu', 'rosak', 'di', 'tepi', 'jalan', '.']"
"Jadi, gitu??",adverb,neutral,0.0,"['jadi', ',', 'gitu', '?']"
Pihak polis sedang memburu penjenayah itu.,noun,negative,-0.9,"['pihak', 'polis', 'sedang', 'memburu', 'penjenayah', 'itu', '.']"
Kita perlu mengambil action segera.,noun,neutral,0.0,"['kita', 'perlu', 'mengambil', 'action', 'segera', '.']"
"Walaupun jatuh, telefon itu xbarai2.",adjective,neutral,0.2,"['walaupun', 'jatuh', ',', 'telefon', 'itu', 'xbarai2', '.']"
Mereka tinggal di Tanjung Malim.,noun,neutral,0.0,"['mereka', 'tinggal', 'di', 'tanjung', 'malim', '.']"
Dia bawa krta baru.,noun,neutral,0.0,"['dia', 'bawa', 'krta', 'baru', '.']"
Dy dah sampai.,pronoun,neutral,0.0,"['dy', 'dah', 'sampai', '.']"
Polis merampas sepucuk pistol dari suspek.,noun,neutral,0.0,"['polis', 'merampas', 'sepucuk', 'pistol', 'dari', 'suspek', '.']"
"Weh, tengoklah tu!",interjection,neutral,0.0,"['weh', ',', 'tengoklah', 'tu', '!']"
Dorang dah balik.,pronoun,neutral,0.0,"['dorang', 'dah', 'balik', '.']"
Ini for you.,preposition,neutral,0.0,"['ini', 'for', 'you', '.']"
Kepala saya pusing selepas naik buaian itu.,verb,neutral,0.0,"['kepala', 'saya', 'pusing', 'selepas', 'naik', 'buaian', 'itu', '.']"
Biarlah dia buat laa..,particle,neutral,0.0,"['biarlah', 'dia', 'buat', 'laa', '.']"
"Bersihkan tu,habuk di atas meja.",noun,neutral,0.0,"['bersihkan', 'tu', ',', 'habuk', 'di', 'atas', 'meja', '.']"
Nyawanya diselamatkan oleh doktor.,noun,neutral,0.0,"['nyawanya', 'diselamatkan', 'oleh', 'doktor', '.']"
Lori itu gelek batu-batu kecil di jalan.,verb,neutral,0.0,"['lori', 'itu', 'gelek', 'batu', '-', 'batu', 'kecil', 'di', 'jalan', '.']"
Kerajaan berusaha membanteras rasuah.,verb,positive,0.7,"['kerajaan', 'berusaha', 'membanteras', 'rasuah', '.']"
Dia masuk kedalam bilik.,preposition,neutral,0.0,"['dia', 'masuk', 'kedalam', 'bilik', '.']"
Dia membeli beberapa barang di kedai itu.,noun,neutral,0.0,"['dia', 'membeli', 'beberapa', 'barang', 'di', 'kedai', 'itu', '.']"
Dia pelawa saya datang ke rumahnya.,verb,positive,0.5,"['dia', 'pelawa', 'saya', 'datang', 'ke', 'rumahnya', '.']"
Mamposlah kau!,verb,negative,-0.9,"['mamposlah', 'kau', '!']"
Dia berasal dari Indonesia.,proper noun,neutral,0.0,"['dia', 'berasal', 'dari', 'indonesia', '.']"
Mending kita pulang sekarang.,adverb,positive,0.4,"['mending', 'kita', 'pulang', 'sekarang', '.']"
Dia tgh makan.,adverb,neutral,0.0,"['dia', 'tgh', 'makan', '.']"
Hulu Langat ialah sebuah daerah.,noun,neutral,0.0,"['hulu', 'langat', 'ialah', 'sebuah', 'daerah', '.']"
Dia empunya rumah ini.,noun,neutral,0.0,"['dia', 'empunya', 'rumah', 'ini', '.']"
Hatinya remuk..anda perlu berhati-hati.,adjective,negative,-0.7,"['hatinya', 'remuk', '.', 'anda', 'perlu', 'berhati', '-', 'hati', '.']"
Buku itu.. sangat tebal.,demonstrative pronoun,neutral,0.0,"['buku', 'itu', '.', 'sangat', 'tebal', '.']"
Dia sangat penat selepas bekerja.,adjective,negative,-0.4,"['dia', 'sangat', 'penat', 'selepas', 'bekerja', '.']"
Terdapat kesan tetakan pada kayu itu.,noun,negative,-0.6,"['terdapat', 'kesan', 'tetakan', 'pada', 'kayu', 'itu', '.']"
Seeloknya kita pulang awal.,adverb,positive,0.6,"['seeloknya', 'kita', 'pulang', 'awal', '.']"
Dia terpaksa menerima tawaran itu.,verb,negative,-0.5,"['dia', 'terpaksa', 'menerima', 'tawaran', 'itu', '.']"
Dia terkejut... apabila mendengar berita itu.,adjective,neutral,0.1,"['dia', 'terkejut', '.', 'apabila', 'mendengar', 'berita', 'itu', '.']"
Dia dpt hadiah.,verb,neutral,0.0,"['dia', 'dpt', 'hadiah', '.']"
Why are you late?,interrogative adverb,neutral,0.0,"['why', 'are', 'you', 'late', '?']"
Dia bercerita pasai kejadian itu.,preposition,neutral,0.0,"['dia', 'bercerita', 'pasai', 'kejadian', 'itu', '.']"
Mereka betetak menggunakan parang.,verb,negative,-0.7,"['mereka', 'betetak', 'menggunakan', 'parang', '.']"
Malaysia..Kite perlu bersatu.,proper noun,neutral,0.0,"['malaysia', '.', 'kite', 'perlu', 'bersatu', '.']"
Dia menggunakan pisau untuk memotong buah.,noun,neutral,0.0,"['dia', 'menggunakan', 'pisau', 'untuk', 'memotong', 'buah', '.']"
"Klau dia datang, beritahu saya.",conjunction,neutral,0.0,"['klau', 'dia', 'datang', ',', 'beritahu', 'saya', '.']"
Dia dimarahi gara2 lambat.,preposition,negative,-0.3,"['dia', 'dimarahi', 'gara2', 'lambat', '.']"
"Biar dia aja,full.",particle,neutral,0.0,"['biar', 'dia', 'aja', ',', 'full', '.']"
Patutlah dia berjaya.,adjective,positive,0.5,"['patutlah', 'dia', 'berjaya', '.']"
Kami membeli mobilya baru untuk ruang tamu.,noun,neutral,0.0,"['kami', 'membeli', 'mobilya', 'baru', 'untuk', 'ruang', 'tamu', '.']"
Knapa dia tak datang?,interrogative adverb,neutral,0.0,"['knapa', 'dia', 'tak', 'datang', '?']"
Dia Tak suka makan sayur.,adverb,neutral,0.0,"['dia', 'tak', 'suka', 'makan', 'sayur', '.']"
Hola! Apa khabar?,interjection,positive,0.3,"['hola', '!', 'apa', 'khabar', '?']"
Penyalahgunaan dadah adalah masalah sosial yang serius.,noun,negative,-0.8,"['penyalahgunaan', 'dadah', 'adalah', 'masalah', 'sosial', 'yang', 'serius', '.']"
Lawak itu memang kelakar 🤣🤣🤣🤣🤣,emoji/interjection,positive,0.9,"['lawak', 'itu', 'memang', 'kelakar', 'rolling', 'on', 'the', 'floor', 'laughingrolling', 'on', 'the', 'floor', 'laughingrolling', 'on', 'the', 'floor', 'laughingrolling', 'on', 'the', 'floor', 'laughingrolling', 'on', 'the', 'floor', 'laughing']"
Mari kita jumpa esok.,verb,neutral,0.0,"['mari', 'kita', 'jumpa', 'esok', '.']"
Korg dah makan ke?,pronoun (slang),neutral,0.0,"['korg', 'dah', 'makan', 'ke', '?']"
Terbaiklah bosskur!,interjection/title (slang),positive,0.6,"['terbaiklah', 'bosskur', '!']"
Kalau lama2...biar je dia buat apa dia nak.,adverb/verb phrase,neutral,0.0,"['kalau', 'lama2', '.', 'biar', 'je', 'dia', 'buat', 'apa', 'dia', 'nak', '.']"
Makanan kat sini memang best!,adjective,positive,0.8,"['makanan', 'kat', 'sini', 'memang', 'best', '!']"
Cikgu Siti sedang mengajar.,noun/title,neutral,0.0,"['cikgu', 'siti', 'sedang', 'mengajar', '.']"
Teruskan usaha anda.,verb,neutral,0.0,"['teruskan', 'usaha', 'anda', '.']"
Saya mahu membeli buku itu.,verb,neutral,0.0,"['saya', 'mahu', 'membeli', 'buku', 'itu', '.']"
Konteks diperlukan untuk memahami 'rpur'.,unknown/slang,negative,-0.5,"['konteks', 'diperlukan', 'untuk', 'memahami', ""'"", 'rpur', ""'"", '.']"
Sila berikan konteks untuk 'm'.,unknown/abbreviation,neutral,0.0,"['sila', 'berikan', 'konteks', 'untuk', ""'"", 'm', ""'"", '.']"
Aku.. tak tahu nak cakap apa.,pronoun,neutral,0.0,"['aku', '.', 'tak', 'tahu', 'nak', 'cakap', 'apa', '.']"
Maafkan saya atas kesilapan ini.,noun/interjection,neutral,0.0,"['maafkan', 'saya', 'atas', 'kesilapan', 'ini', '.']"
Jangan buat keputusan bodoh.,adjective,negative,-0.7,"['jangan', 'buat', 'keputusan', 'bodoh', '.']"
Saya sangat respect dengan usahanya.,noun/interjection,positive,0.7,"['saya', 'sangat', 'respect', 'dengan', 'usahanya', '.']"
Cincin itu diperbuat daripada emas tulen.,noun,positive,0.4,"['cincin', 'itu', 'diperbuat', 'daripada', 'emas', 'tulen', '.']"
Dia dikenakan saman kerana memandu laju.,noun/verb,negative,-0.6,"['dia', 'dikenakan', 'saman', 'kerana', 'memandu', 'laju', '.']"
Suara dia kuattttt sangat.,adjective/adverb,positive,0.5,"['suara', 'dia', 'kuattttt', 'sangat', '.']"
Tahniah atas kejayaan anda!,interjection,positive,0.8,"['tahniah', 'atas', 'kejayaan', 'anda', '!']"
Cepatlah laaaa!,particle/interjection,neutral,0.0,"['cepatlah', 'laaaa', '!']"
"Kalini, saya pasti berjaya.",adverbial phrase (contraction),neutral,0.0,"['kalini', ',', 'saya', 'pasti', 'berjaya', '.']"
Berikan saya nombor telefon anda.,noun,neutral,0.0,"['berikan', 'saya', 'nombor', 'telefon', 'anda', '.']"
Mereka enakan suasana malam itu.,verb,positive,0.6,"['mereka', 'enakan', 'suasana', 'malam', 'itu', '.']"
Penjenayah itu mnyamun bank.,verb (misspelling of 'menyamun'),negative,-0.8,"['penjenayah', 'itu', 'mnyamun', 'bank', '.']"
Polis berjaya menangkap perompak itu.,noun,negative,-0.9,"['polis', 'berjaya', 'menangkap', 'perompak', 'itu', '.']"
I want to eat that.,"verb (English, used in Malay informal contexts)",neutral,0.0,"['i', 'want', 'to', 'eat', 'that', '.']"
Jaga hati-hati ya? / Apa dalam hati dia?,noun (interrogative use),neutral,0.0,"['jaga', 'hati', '-', 'hati', 'ya', '?', '/', 'apa', 'dalam', 'hati', 'dia', '?']"
Sila berikan komentar anda.,noun,neutral,0.0,"['sila', 'berikan', 'komentar', 'anda', '.']"
Ini hadiah utk awak.,preposition (contraction),neutral,0.0,"['ini', 'hadiah', 'utk', 'awak', '.']"
Jawapan anda betul.,adjective/adverb,positive,0.6,"['jawapan', 'anda', 'betul', '.']"
Rumah itu sangat besar.,adjective,neutral,0.0,"['rumah', 'itu', 'sangat', 'besar', '.']"
"Tolong tengok, ada apa di sana.",verb,neutral,0.0,"['tolong', 'tengok', ',', 'ada', 'apa', 'di', 'sana', '.']"
Penyamunnya berjaya ditangkap.,noun,negative,-0.9,"['penyamunnya', 'berjaya', 'ditangkap', '.']"
Dia tinggal di sini dulu.,adverb,neutral,0.0,"['dia', 'tinggal', 'di', 'sini', 'dulu', '.']"
Kerja dia memang slow.,adjective/adverb,neutral,-0.2,"['kerja', 'dia', 'memang', 'slow', '.']"
Akhirnya selesai juga kerja ni 😌,emoji/interjection,positive,0.7,"['akhirnya', 'selesai', 'juga', 'kerja', 'ni', 'relieved', 'face']"
"Wekkkk, busuknya!",interjection,negative,-0.4,"['wekkkk', ',', 'busuknya', '!']"
Siapakah gerangan dia?,interrogative particle,neutral,0.0,"['siapakah', 'gerangan', 'dia', '?']"
Sila komen di bawah.,noun/verb,neutral,0.0,"['sila', 'komen', 'di', 'bawah', '.']"
Buku yg saya baca.,conjunction/relative pronoun (contraction),neutral,0.0,"['buku', 'yg', 'saya', 'baca', '.']"
Dia nampak hantu tu..terkejut betul dia.,pronoun/verb phrase,negative,-0.3,"['dia', 'nampak', 'hantu', 'tu', '.', 'terkejut', 'betul', 'dia', '.']"
Ambil sikit saja.,adjective/adverb (colloquial),neutral,0.0,"['ambil', 'sikit', 'saja', '.']"
Lakukan segere!,adverb (misspelling of 'segera'),neutral,0.0,"['lakukan', 'segere', '!']"
Dia hanya diam…,punctuation,neutral,0.0,"['dia', 'hanya', 'diam', '…']"
Jangan libatkan saya dalam hal ini.,verb,neutral,0.0,"['jangan', 'libatkan', 'saya', 'dalam', 'hal', 'ini', '.']"
Kerja awak bagus sekali.,adjective,positive,0.8,"['kerja', 'awak', 'bagus', 'sekali', '.']"
Kereta itu lnggar tiang.,verb (misspelling of 'langgar'),negative,-0.6,"['kereta', 'itu', 'lnggar', 'tiang', '.']"
Kenapa jadi cmni?,adverbial phrase (contraction),neutral,0.0,"['kenapa', 'jadi', 'cmni', '?']"
"Ya, btl tu.",adjective/adverb (contraction of 'betul'),positive,0.6,"['ya', ',', 'btl', 'tu', '.']"
Saya menaiki train untuk pulang ke kampung.,noun,neutral,0.0,"['saya', 'menaiki', 'train', 'untuk', 'pulang', 'ke', 'kampung', '.']"
Makanan di restoran ini mostly sedap.,adverb,neutral,0.0,"['makanan', 'di', 'restoran', 'ini', 'mostly', 'sedap', '.']"
Dia mahu makan lgi.,adverb,neutral,0.0,"['dia', 'mahu', 'makan', 'lgi', '.']"
Kreta baharu itu sangat laju.,noun,neutral,0.0,"['kreta', 'baharu', 'itu', 'sangat', 'laju', '.']"
Kucing itu sangat comel.,adjective,positive,0.7,"['kucing', 'itu', 'sangat', 'comel', '.']"
Lututnya lecet selepas jatuh.,adjective,negative,-0.4,"['lututnya', 'lecet', 'selepas', 'jatuh', '.']"
Dia datang dari rumah.,preposition,neutral,0.0,"['dia', 'datang', 'dari', 'rumah', '.']"
Hujan lebat menyebabkan banjir.,verb,neutral,0.0,"['hujan', 'lebat', 'menyebabkan', 'banjir', '.']"
Kereta itu tlangar pokok.,verb,negative,-0.5,"['kereta', 'itu', 'tlangar', 'pokok', '.']"
Dia memotong kuku4nya setiap minggu.,noun,neutral,0.0,"['dia', 'memotong', 'kuku4nya', 'setiap', 'minggu', '.']"
Awak mesti datang esok.,modal verb,neutral,0.0,"['awak', 'mesti', 'datang', 'esok', '.']"
Rasanya dia tidak akan datang.,adverb,neutral,0.0,"['rasanya', 'dia', 'tidak', 'akan', 'datang', '.']"
Saya geram dengan tingkah lakunya.,adjective,negative,-0.6,"['saya', 'geram', 'dengan', 'tingkah', 'lakunya', '.']"
Bilangan pelajar dalam kelas itu ialah 24.,numeral,neutral,0.0,"['bilangan', 'pelajar', 'dalam', 'kelas', 'itu', 'ialah', '24', '.']"
Pergi la cepat!,particle,neutral,0.0,"['pergi', 'la', 'cepat', '!']"
Dia sedang membaca buku.,pronoun,neutral,0.0,"['dia', 'sedang', 'membaca', 'buku', '.']"
Cantik kan bunga ni?,particle,neutral,0.0,"['cantik', 'kan', 'bunga', 'ni', '?']"
Semua pelajar telah hadir.,quantifier,neutral,0.0,"['semua', 'pelajar', 'telah', 'hadir', '.']"
Tulah yang saya cakap.,demonstrative pronoun,neutral,0.0,"['tulah', 'yang', 'saya', 'cakap', '.']"
Dia akan datang nanti.,adverb,neutral,0.0,"['dia', 'akan', 'datang', 'nanti', '.']"
Ini buku saya punya.,"verb, auxiliary, possessive marker",neutral,0.0,"['ini', 'buku', 'saya', 'punya', '.']"
Biarlah dia mmpoih!,verb,negative,-0.8,"['biarlah', 'dia', 'mmpoih', '!']"
Dia terbunuh dalam kemalangan itu.,verb,negative,-0.9,"['dia', 'terbunuh', 'dalam', 'kemalangan', 'itu', '.']"
"Ye, betul tu!",interjection,neutral,0.0,"['ye', ',', 'betul', 'tu', '!']"
"Sekian, terima kasih.","adverb, interjection",neutral,0.0,"['sekian', ',', 'terima', 'kasih', '.']"
Undang2 negara ini sangat ketat.,noun,neutral,0.0,"['undang2', 'negara', 'ini', 'sangat', 'ketat', '.']"
Botol itu penuh dengan air.,adjective,neutral,0.0,"['botol', 'itu', 'penuh', 'dengan', 'air', '.']"
Kerajaan telah mengeluarkan polisi baharu.,noun,neutral,0.0,"['kerajaan', 'telah', 'mengeluarkan', 'polisi', 'baharu', '.']"
Dia membeli satu buku.,numeral,neutral,0.0,"['dia', 'membeli', 'satu', 'buku', '.']"
Saya bangga menjadi rakyat Malaysia.,adjective,positive,0.7,"['saya', 'bangga', 'menjadi', 'rakyat', 'malaysia', '.']"
Buku ini milik saya.,demonstrative pronoun,neutral,0.0,"['buku', 'ini', 'milik', 'saya', '.']"
Jangan sentuh meja itu.,prohibitive particle,neutral,0.0,"['jangan', 'sentuh', 'meja', 'itu', '.']"
Prompak itu telah ditangkap.,noun,negative,-0.8,"['prompak', 'itu', 'telah', 'ditangkap', '.']"
Makanan ini halal untuk dimakan.,adjective,positive,0.6,"['makanan', 'ini', 'halal', 'untuk', 'dimakan', '.']"
Mereka melakukan pelbagai aktiviti riadah.,noun,neutral,0.0,"['mereka', 'melakukan', 'pelbagai', 'aktiviti', 'riadah', '.']"
Barang tu dah lama.,demonstrative pronoun,neutral,0.0,"['barang', 'tu', 'dah', 'lama', '.']"
Perkara itu menyusahkan semua pihak.,verb,negative,-0.6,"['perkara', 'itu', 'menyusahkan', 'semua', 'pihak', '.']"
Saya hampir jatuh tadi 😅.,emoji,neutral,0.0,"['saya', 'hampir', 'jatuh', 'tadi', 'grinning', 'face', 'with', 'sweat', '.']"
Hamidi sedang bekerja.,proper noun,neutral,0.0,"['hamidi', 'sedang', 'bekerja', '.']"
Dia cuba tetak batang pokok itu.,verb,negative,-0.8,"['dia', 'cuba', 'tetak', 'batang', 'pokok', 'itu', '.']"
Dia berasa malu apabila ditegur.,adjective,negative,-0.5,"['dia', 'berasa', 'malu', 'apabila', 'ditegur', '.']"
Perompak itu telah ditangkap.,noun,negative,-0.8,"['perompak', 'itu', 'telah', 'ditangkap', '.']"
Perbuatan jahatnya mendapat padah.,noun,negative,-0.6,"['perbuatan', 'jahatnya', 'mendapat', 'padah', '.']"
Saya sayang awak ❤.,emoji,positive,0.9,"['saya', 'sayang', 'awak', 'red', 'heart', '.']"
Lawak gila 🤣🤣🤣.,emoji,positive,0.8,"['lawak', 'gila', 'rolling', 'on', 'the', 'floor', 'laughingrolling', 'on', 'the', 'floor', 'laughingrolling', 'on', 'the', 'floor', 'laughing', '.']"
Dia pandai macam ayah dia.,"preposition, adverb",neutral,0.0,"['dia', 'pandai', 'macam', 'ayah', 'dia', '.']"
Dia dibilang sakit.,verb,neutral,0.0,"['dia', 'dibilang', 'sakit', '.']"
Dia duduk di tepi sungai.,"noun, adverb",neutral,0.0,"['dia', 'duduk', 'di', 'tepi', 'sungai', '.']"
Awak masti datang esok.,"modal verb, adverb",neutral,0.0,"['awak', 'masti', 'datang', 'esok', '.']"
Penjahat itu sangat jahat.,adjective,negative,-0.7,"['penjahat', 'itu', 'sangat', 'jahat', '.']"
Tolong bunyikn loceng itu.,verb,neutral,0.0,"['tolong', 'bunyikn', 'loceng', 'itu', '.']"
Ambil ja satu.,"particle, adverb",neutral,0.0,"['ambil', 'ja', 'satu', '.']"
Saya pergi ke bank untuk mengeluarkan wang.,noun,neutral,0.0,"['saya', 'pergi', 'ke', 'bank', 'untuk', 'mengeluarkan', 'wang', '.']"
Dia memandu kenderaannya perlahan.,noun,neutral,0.0,"['dia', 'memandu', 'kenderaannya', 'perlahan', '.']"
Hadiah ini untuk awak.,preposition,neutral,0.0,"['hadiah', 'ini', 'untuk', 'awak', '.']"
You shld come. (Anda sepatutnya datang.),modal verb,neutral,0.0,"['you', 'shld', 'come', '.', '(', 'anda', 'sepatutnya', 'datang', '.', ')']"
"Janganlah trhegeh2, cepat sikit!","adjective, adverb",negative,-0.4,"['janganlah', 'trhegeh2', ',', 'cepat', 'sikit', '!']"
Mari kita kongsi makanan ini.,verb,neutral,0.0,"['mari', 'kita', 'kongsi', 'makanan', 'ini', '.']"
Akak saya pandai memasak lauk kegemaran keluarga.,noun,neutral,0.0,"['akak', 'saya', 'pandai', 'memasak', 'lauk', 'kegemaran', 'keluarga', '.']"
Bende tu mahal sangat sampai tak mampu beli.,noun,neutral,0.0,"['bende', 'tu', 'mahal', 'sangat', 'sampai', 'tak', 'mampu', 'beli', '.']"
Dia hanya ada duit..main untuk berjudi.,"noun, verb",neutral,0.0,"['dia', 'hanya', 'ada', 'duit', '.', 'main', 'untuk', 'berjudi', '.']"
"Klau awak setuju, kita boleh teruskan perancangan ini.",conjunction,neutral,0.0,"['klau', 'awak', 'setuju', ',', 'kita', 'boleh', 'teruskan', 'perancangan', 'ini', '.']"
Dia suka pakai baju baru setiap kali keluar rumah.,verb,neutral,0.0,"['dia', 'suka', 'pakai', 'baju', 'baru', 'setiap', 'kali', 'keluar', 'rumah', '.']"
Kucing-kucing itu datang sekor2 untuk makan makanan.,adverb,neutral,0.0,"['kucing', '-', 'kucing', 'itu', 'datang', 'sekor2', 'untuk', 'makan', 'makanan', '.']"
"Ajaa,,cuba buat yang terbaik, jangan putus asa.","adverb, verb",neutral,0.0,"['ajaa', ',', 'cuba', 'buat', 'yang', 'terbaik', ',', 'jangan', 'putus', 'asa', '.']"
"Tmpt ni cantik sangat, sesuai untuk bergambar.",noun,neutral,0.0,"['tmpt', 'ni', 'cantik', 'sangat', ',', 'sesuai', 'untuk', 'bergambar', '.']"
Makanan ini AGAK pedas untuk selera saya.,adverb,neutral,0.0,"['makanan', 'ini', 'agak', 'pedas', 'untuk', 'selera', 'saya', '.']"
"Kerja rumah SDH siap, saya boleh berehat sekarang.",adverb,neutral,0.0,"['kerja', 'rumah', 'sdh', 'siap', ',', 'saya', 'boleh', 'berehat', 'sekarang', '.']"
Saya Mohon maaf atas segala kesilapan yang telah berlaku.,verb,neutral,0.0,"['saya', 'mohon', 'maaf', 'atas', 'segala', 'kesilapan', 'yang', 'telah', 'berlaku', '.']"
Polis sedang memburu penyerang yang menceroboh rumah itu.,noun,negative,-0.6,"['polis', 'sedang', 'memburu', 'penyerang', 'yang', 'menceroboh', 'rumah', 'itu', '.']"
Polis menahan Saspek utama dalam kes rompakan bank.,noun,negative,-0.5,"['polis', 'menahan', 'saspek', 'utama', 'dalam', 'kes', 'rompakan', 'bank', '.']"
Dia mempunyai semangat yang kuat untuk mencapai kejayaan.,noun,positive,0.7,"['dia', 'mempunyai', 'semangat', 'yang', 'kuat', 'untuk', 'mencapai', 'kejayaan', '.']"
Rakaman. CCTV menunjukkan kejadian itu dengan jelas.,noun,neutral,0.0,"['rakaman', '.', 'cctv', 'menunjukkan', 'kejadian', 'itu', 'dengan', 'jelas', '.']"
Kita semua adalah satu bangsa Malaysia yang bersatu padu.,noun,neutral,0.0,"['kita', 'semua', 'adalah', 'satu', 'bangsa', 'malaysia', 'yang', 'bersatu', 'padu', '.']"
Dia pulak.. yang kena selesaikan masalah ini.,adverb,neutral,0.0,"['dia', 'pulak', '.', 'yang', 'kena', 'selesaikan', 'masalah', 'ini', '.']"
"Pembelian ini ada banyak syarat, yang perlu dipatuhi.",noun,neutral,0.0,"['pembelian', 'ini', 'ada', 'banyak', 'syarat', ',', 'yang', 'perlu', 'dipatuhi', '.']"
Surat itu dikirim semalam dan dijangka tiba hari ini.,verb,neutral,0.0,"['surat', 'itu', 'dikirim', 'semalam', 'dan', 'dijangka', 'tiba', 'hari', 'ini', '.']"
Semua pelajar hadir KECUALI dia yang sakit.,conjunction,neutral,0.0,"['semua', 'pelajar', 'hadir', 'kecuali', 'dia', 'yang', 'sakit', '.']"
Dia kaga datang ke majlis semalam.,adverb,neutral,0.0,"['dia', 'kaga', 'datang', 'ke', 'majlis', 'semalam', '.']"
"Punn...klau hujan, kita tetap akan pergi juga.","particle, conjunction",neutral,0.0,"['punn', '.', 'klau', 'hujan', ',', 'kita', 'tetap', 'akan', 'pergi', 'juga', '.']"
Dia cerdik .tapi malas sedikit.,conjunction,neutral,0.0,"['dia', 'cerdik', '.', 'tapi', 'malas', 'sedikit', '.']"
Dia bekerja secara sukarela tanpa mengharapkan balasan.,adverb,neutral,0.0,"['dia', 'bekerja', 'secara', 'sukarela', 'tanpa', 'mengharapkan', 'balasan', '.']"
Anak itu sedang bermain di taman dengan riang.,noun,neutral,0.0,"['anak', 'itu', 'sedang', 'bermain', 'di', 'taman', 'dengan', 'riang', '.']"
Tukang gunting itu Potong rambut saya dengan kemas.,verb,neutral,0.0,"['tukang', 'gunting', 'itu', 'potong', 'rambut', 'saya', 'dengan', 'kemas', '.']"
"Memang dia yang melakukannya, tiada keraguan lagi.",adverb,neutral,0.0,"['memang', 'dia', 'yang', 'melakukannya', ',', 'tiada', 'keraguan', 'lagi', '.']"
Dia spray cat pada dinding lama itu.,verb,neutral,0.0,"['dia', 'spray', 'cat', 'pada', 'dinding', 'lama', 'itu', '.']"
Kereta itu langgar... lampu isyarat merah.,verb,negative,-0.5,"['kereta', 'itu', 'langgar', '.', 'lampu', 'isyarat', 'merah', '.']"
Semoga anda sentiasa jaya dalam semua usaha anda.,noun,positive,0.8,"['semoga', 'anda', 'sentiasa', 'jaya', 'dalam', 'semua', 'usaha', 'anda', '.']"
Kakak.. saya bekerja sebagai seorang jurutera.,noun,neutral,0.0,"['kakak', '.', 'saya', 'bekerja', 'sebagai', 'seorang', 'jurutera', '.']"
Dia mencari Kunci keretanya yang hilang.,"noun, verb",neutral,0.0,"['dia', 'mencari', 'kunci', 'keretanya', 'yang', 'hilang', '.']"
Awak tau tak macam mana nak selesaikan masalah ni?,verb,neutral,0.0,"['awak', 'tau', 'tak', 'macam', 'mana', 'nak', 'selesaikan', 'masalah', 'ni', '?']"
Dia terdiam ... sebelum memberikan jawapan.,punctuation,neutral,0.0,"['dia', 'terdiam', '.', 'sebelum', 'memberikan', 'jawapan', '.']"
Dia tinggal di kampung ini dlu sebelum berpindah ke bandar.,adverb,neutral,0.0,"['dia', 'tinggal', 'di', 'kampung', 'ini', 'dlu', 'sebelum', 'berpindah', 'ke', 'bandar', '.']"
Kita harus ada (respect). terhadap orang tua dan guru.,noun,positive,0.7,"['kita', 'harus', 'ada', '(', 'respect', ')', '.', 'terhadap', 'orang', 'tua', 'dan', 'guru', '.']"
Rumahnya dekat dengan sekolah.,"adjective, preposition",neutral,0.0,"['rumahnya', 'dekat', 'dengan', 'sekolah', '.']"
Kasus jenayah itu masih dalam siasatan polis.,noun,neutral,0.0,"['kasus', 'jenayah', 'itu', 'masih', 'dalam', 'siasatan', 'polis', '.']"
"Apa khabar, brader.. dah lama tak jumpa.",noun,neutral,0.0,"['apa', 'khabar', ',', 'brader', '.', 'dah', 'lama', 'tak', 'jumpa', '.']"
Maling itu telah ditangkap polis selepas rompakan.,noun,negative,-0.8,"['maling', 'itu', 'telah', 'ditangkap', 'polis', 'selepas', 'rompakan', '.']"
Dia harus menjaga diri dan kesihatan dengan baik.,"noun, pronoun",neutral,0.0,"['dia', 'harus', 'menjaga', 'diri', 'dan', 'kesihatan', 'dengan', 'baik', '.']"
Kaki kucing itu pichang setelah dilanggar motosikal.,adjective,negative,-0.4,"['kaki', 'kucing', 'itu', 'pichang', 'setelah', 'dilanggar', 'motosikal', '.']"
Dia ingin pergi to pasar untuk membeli barang.,preposition,neutral,0.0,"['dia', 'ingin', 'pergi', 'to', 'pasar', 'untuk', 'membeli', 'barang', '.']"
Dia cakap pasal 'kefai' tapi saya tak faham maksudnya.,unidentified,neutral,0.0,"['dia', 'cakap', 'pasal', ""'"", 'kefai', ""'"", 'tapi', 'saya', 'tak', 'faham', 'maksudnya', '.']"
Cis! Berani betul dia menipu orang ramai.,interjection,negative,-0.6,"['cis', '!', 'berani', 'betul', 'dia', 'menipu', 'orang', 'ramai', '.']"
Menteri Kewangan akan membentangkan bajet di Parlimen.,noun,neutral,0.0,"['menteri', 'kewangan', 'akan', 'membentangkan', 'bajet', 'di', 'parlimen', '.']"
Sila pastikan pintu terkunci sebelum anda keluar.,verb,neutral,0.0,"['sila', 'pastikan', 'pintu', 'terkunci', 'sebelum', 'anda', 'keluar', '.']"
Dia baru sahaja membeli kereta model vios baharu.,noun,neutral,0.0,"['dia', 'baru', 'sahaja', 'membeli', 'kereta', 'model', 'vios', 'baharu', '.']"
"Dia xrespect langsung orang tua, sungguh biadap.",verb,negative,-0.8,"['dia', 'xrespect', 'langsung', 'orang', 'tua', ',', 'sungguh', 'biadap', '.']"
Pemandu itu HON kuat-kuat apabila terperangkap dalam kesesakan.,verb,neutral,0.0,"['pemandu', 'itu', 'hon', 'kuat', '-', 'kuat', 'apabila', 'terperangkap', 'dalam', 'kesesakan', '.']"
Lelaki itu sedang membaca buku di taman.,noun,neutral,0.0,"['lelaki', 'itu', 'sedang', 'membaca', 'buku', 'di', 'taman', '.']"
Saya Nk pergi ke kedai sekarang.,verb (colloquial),neutral,0.0,"['saya', 'nk', 'pergi', 'ke', 'kedai', 'sekarang', '.']"
Telefon saya sudah broken dan tidak boleh digunakan.,adjective,negative,-0.7,"['telefon', 'saya', 'sudah', 'broken', 'dan', 'tidak', 'boleh', 'digunakan', '.']"
Dia berasa puas hati dengan hasil kerjanya yang cemerlang.,adjective,positive,0.6,"['dia', 'berasa', 'puas', 'hati', 'dengan', 'hasil', 'kerjanya', 'yang', 'cemerlang', '.']"
Harga pakej itu termasuk tiket penerbangan dan penginapan.,verb,neutral,0.0,"['harga', 'pakej', 'itu', 'termasuk', 'tiket', 'penerbangan', 'dan', 'penginapan', '.']"
Kematian adalah lumrah kehidupan yang tidak dapat dielakkan.,noun/adjective,neutral,0.0,"['kematian', 'adalah', 'lumrah', 'kehidupan', 'yang', 'tidak', 'dapat', 'dielakkan', '.']"
Berikan salam kepada semua orang yang awak temui.,noun/interjection,positive,0.5,"['berikan', 'salam', 'kepada', 'semua', 'orang', 'yang', 'awak', 'temui', '.']"
Dia tidak peduli dengan apa yang orang lain katakan tentangnya.,verb/adjective,neutral,0.0,"['dia', 'tidak', 'peduli', 'dengan', 'apa', 'yang', 'orang', 'lain', 'katakan', 'tentangnya', '.']"
Dia cuba menarik attention semua orang di dalam bilik.,noun,neutral,0.0,"['dia', 'cuba', 'menarik', 'attention', 'semua', 'orang', 'di', 'dalam', 'bilik', '.']"
Pelajar itu mendapat Mark yang tinggi dalam peperiksaan.,noun/verb (English),neutral,0.0,"['pelajar', 'itu', 'mendapat', 'mark', 'yang', 'tinggi', 'dalam', 'peperiksaan', '.']"
Sila repeat arahan itu supaya semua orang faham.,verb,neutral,0.0,"['sila', 'repeat', 'arahan', 'itu', 'supaya', 'semua', 'orang', 'faham', '.']"
Ada banyak buku di perpustakaan awam.,adjective/quantifier,neutral,0.0,"['ada', 'banyak', 'buku', 'di', 'perpustakaan', 'awam', '.']"
Jangan buat bgtu lagi lain kali.,adverb (colloquial),neutral,0.0,"['jangan', 'buat', 'bgtu', 'lagi', 'lain', 'kali', '.']"
Dia suka ulang2 lagu yang sama setiap hari.,verb (reduplication),neutral,0.0,"['dia', 'suka', 'ulang2', 'lagu', 'yang', 'sama', 'setiap', 'hari', '.']"
Mamat itu kawan saya dari zaman sekolah.,noun (slang),neutral,0.0,"['mamat', 'itu', 'kawan', 'saya', 'dari', 'zaman', 'sekolah', '.']"
Pihak berkuasa akan perketatkan undang-undang sedia ada.,verb,neutral,0.0,"['pihak', 'berkuasa', 'akan', 'perketatkan', 'undang', '-', 'undang', 'sedia', 'ada', '.']"
Dia memandang dirinya di Cermin sebelum keluar.,noun,neutral,0.0,"['dia', 'memandang', 'dirinya', 'di', 'cermin', 'sebelum', 'keluar', '.']"
Dia berjalan kebekakang perlahan-lahan untuk mengelak.,adverb,neutral,0.0,"['dia', 'berjalan', 'kebekakang', 'perlahan', '-', 'lahan', 'untuk', 'mengelak', '.']"
Kanak-kanak itu bermain pasir di tepi pantai.,noun,neutral,0.0,"['kanak', '-', 'kanak', 'itu', 'bermain', 'pasir', 'di', 'tepi', 'pantai', '.']"
Akhirnya impiannya Jadi kenyataan selepas lama berusaha.,verb/conjunction,neutral,0.0,"['akhirnya', 'impiannya', 'jadi', 'kenyataan', 'selepas', 'lama', 'berusaha', '.']"
Restoran itu sangat recommended untuk hidangan makan malam.,adjective,positive,0.7,"['restoran', 'itu', 'sangat', 'recommended', 'untuk', 'hidangan', 'makan', 'malam', '.']"
Kedai barang kemas itu dirompak malam tadi oleh sekumpulan penjenayah.,verb (passive),negative,-0.8,"['kedai', 'barang', 'kemas', 'itu', 'dirompak', 'malam', 'tadi', 'oleh', 'sekumpulan', 'penjenayah', '.']"
Mereka baru berpindah ke Rumah baru di pinggir bandar.,noun,neutral,0.0,"['mereka', 'baru', 'berpindah', 'ke', 'rumah', 'baru', 'di', 'pinggir', 'bandar', '.']"
Dia tiba disaat2 akhir mesyuarat bermula.,noun (reduplication with prefix),neutral,0.0,"['dia', 'tiba', 'disaat2', 'akhir', 'mesyuarat', 'bermula', '.']"
Perompak itu bersenjata pistol ketika melakukan rompakan.,adjective/verb,negative,-0.5,"['perompak', 'itu', 'bersenjata', 'pistol', 'ketika', 'melakukan', 'rompakan', '.']"
Dia menutup tingkp biliknya kerana hujan lebat.,noun,neutral,0.0,"['dia', 'menutup', 'tingkp', 'biliknya', 'kerana', 'hujan', 'lebat', '.']"
"Dia suka semua jenis buah, terutama rambutan.",adverb/adjective,neutral,0.0,"['dia', 'suka', 'semua', 'jenis', 'buah', ',', 'terutama', 'rambutan', '.']"
Dia Sgt pandai dalam mata pelajaran matematik.,adverb (colloquial),neutral,0.0,"['dia', 'sgt', 'pandai', 'dalam', 'mata', 'pelajaran', 'matematik', '.']"
Dia kelihatan Macam ibunya sewaktu muda dahulu.,adverb/noun,neutral,0.0,"['dia', 'kelihatan', 'macam', 'ibunya', 'sewaktu', 'muda', 'dahulu', '.']"
Awak mesti datang ke majlis itu esok pagi.,adverb/modal verb,neutral,0.0,"['awak', 'mesti', 'datang', 'ke', 'majlis', 'itu', 'esok', 'pagi', '.']"
Kita mesti hormat orang tua dan guru-guru kita.,noun/verb,positive,0.7,"['kita', 'mesti', 'hormat', 'orang', 'tua', 'dan', 'guru', '-', 'guru', 'kita', '.']"
Sikapnya yang baik mencerminkan didikan ibu bapanya.,verb,neutral,0.0,"['sikapnya', 'yang', 'baik', 'mencerminkan', 'didikan', 'ibu', 'bapanya', '.']"
Dia berlari dengan cepat untuk mengejar bas.,adjective/adverb,neutral,0.0,"['dia', 'berlari', 'dengan', 'cepat', 'untuk', 'mengejar', 'bas', '.']"
"Kok tak datang lagi, dah lama tunggu ni?",particle/interjection (colloquial),neutral,0.0,"['kok', 'tak', 'datang', 'lagi', ',', 'dah', 'lama', 'tunggu', 'ni', '?']"
Perbuatan itu sungguh kejam dan tidak berperikemanusiaan.,adjective,negative,-0.9,"['perbuatan', 'itu', 'sungguh', 'kejam', 'dan', 'tidak', 'berperikemanusiaan', '.']"
"Bayi itu menangis, 'Huaaaa!' apabila ibunya pergi.",interjection/onomatopoeia,negative,-0.5,"['bayi', 'itu', 'menangis', ',', ""'"", 'huaaaa', '!', ""'"", 'apabila', 'ibunya', 'pergi', '.']"
Dia menjadi .mansa penipuan internet itu.,noun,negative,-0.7,"['dia', 'menjadi', '.', 'mansa', 'penipuan', 'internet', 'itu', '.']"
"Cepatlh datang, kami dah lama tunggu!",particle (colloquial),neutral,0.0,"['cepatlh', 'datang', ',', 'kami', 'dah', 'lama', 'tunggu', '!']"
Dia ada byk duit dalam akaun banknya.,adjective/quantifier (colloquial),neutral,0.0,"['dia', 'ada', 'byk', 'duit', 'dalam', 'akaun', 'banknya', '.']"
"Semoga anda selamat,carilah tempat berlindung segera.",adjective,positive,0.8,"['semoga', 'anda', 'selamat', ',', 'carilah', 'tempat', 'berlindung', 'segera', '.']"
Dia terlepas bas ke sekolah pagi tadi.,verb,negative,-0.4,"['dia', 'terlepas', 'bas', 'ke', 'sekolah', 'pagi', 'tadi', '.']"
Dia memerlukan lebih banyak duit untuk membeli rumah.,noun,neutral,0.0,"['dia', 'memerlukan', 'lebih', 'banyak', 'duit', 'untuk', 'membeli', 'rumah', '.']"
Dia sudah Sampai di rumah ibunya.,verb/preposition,neutral,0.0,"['dia', 'sudah', 'sampai', 'di', 'rumah', 'ibunya', '.']"
Kenapa awak lambat datang ke majlis?,interrogative pronoun,neutral,0.0,"['kenapa', 'awak', 'lambat', 'datang', 'ke', 'majlis', '?']"
Dia mmbunyikn loceng pintu rumah.,verb (colloquial/typo),neutral,0.0,"['dia', 'mmbunyikn', 'loceng', 'pintu', 'rumah', '.']"
Ini bukunya yang tertinggal di atas meja.,pronoun/suffix,neutral,0.0,"['ini', 'bukunya', 'yang', 'tertinggal', 'di', 'atas', 'meja', '.']"
Dia didakwa? atas kesalahan rasuah.,verb (passive),negative,-0.6,"['dia', 'didakwa', '?', 'atas', 'kesalahan', 'rasuah', '.']"
Betul Ka apa yang dia cakap semalam?,particle/preposition (colloquial),neutral,0.0,"['betul', 'ka', 'apa', 'yang', 'dia', 'cakap', 'semalam', '?']"
Polis menemui beberapa butir peluru di tempat kejadian.,noun,neutral,0.0,"['polis', 'menemui', 'beberapa', 'butir', 'peluru', 'di', 'tempat', 'kejadian', '.']"
Dia menyodok sampah ke dalam tong.,verb,neutral,0.0,"['dia', 'menyodok', 'sampah', 'ke', 'dalam', 'tong', '.']"
Buku ni saya punya.,demonstrative_pronoun,neutral,0.0,"['buku', 'ni', 'saya', 'punya', '.']"
"Kalau hujan, kita tak jadi keluar.",conjunction,neutral,0.0,"['kalau', 'hujan', ',', 'kita', 'tak', 'jadi', 'keluar', '.']"
Jangan bising di sini.,prohibitory_particle,neutral,0.0,"['jangan', 'bising', 'di', 'sini', '.']"
Janganlah berkelakuan bodoh.,adjective,negative,-0.8,"['janganlah', 'berkelakuan', 'bodoh', '.']"
Tolong bg saya buku itu.,verb,neutral,0.0,"['tolong', 'bg', 'saya', 'buku', 'itu', '.']"
Mereka mengadakan protes terhadap kenaikan harga barang.,noun,negative,-0.6,"['mereka', 'mengadakan', 'protes', 'terhadap', 'kenaikan', 'harga', 'barang', '.']"
Kami ada respek yang tinggi kepada guru itu.,noun,positive,0.7,"['kami', 'ada', 'respek', 'yang', 'tinggi', 'kepada', 'guru', 'itu', '.']"
Buku itu ada pd saya.,preposition,neutral,0.0,"['buku', 'itu', 'ada', 'pd', 'saya', '.']"
Dia gerak perlahan-lahan.,verb,neutral,0.0,"['dia', 'gerak', 'perlahan', '-', 'lahan', '.']"
Ada banyak hal lain-lain yang perlu diselesaikan.,adjective,neutral,0.0,"['ada', 'banyak', 'hal', 'lain', '-', 'lain', 'yang', 'perlu', 'diselesaikan', '.']"
Dia sering datang melawat kami.,adverb,neutral,0.0,"['dia', 'sering', 'datang', 'melawat', 'kami', '.']"
Dia bagi hadiah kepada adiknya.,verb,neutral,0.0,"['dia', 'bagi', 'hadiah', 'kepada', 'adiknya', '.']"
Dia habiskan semua makanan itu.,verb,neutral,0.0,"['dia', 'habiskan', 'semua', 'makanan', 'itu', '.']"
Buku ini untuk kamu.,preposition,neutral,0.0,"['buku', 'ini', 'untuk', 'kamu', '.']"
Dia dituduh membunuh jirannya.,verb,negative,-0.9,"['dia', 'dituduh', 'membunuh', 'jirannya', '.']"
Dia seorang pemain bola sepak yang handal.,adjective,positive,0.8,"['dia', 'seorang', 'pemain', 'bola', 'sepak', 'yang', 'handal', '.']"
Dia cuba melawan musuhnya.,verb,neutral,0.0,"['dia', 'cuba', 'melawan', 'musuhnya', '.']"
Saya datang dua kali seminggu.,noun,neutral,0.0,"['saya', 'datang', 'dua', 'kali', 'seminggu', '.']"
Dia berjalan dengan lenggang kangkung.,verb,neutral,0.0,"['dia', 'berjalan', 'dengan', 'lenggang', 'kangkung', '.']"
Kucing itu died semalam. (Kucing itu mati semalam.),verb,negative,-0.7,"['kucing', 'itu', 'died', 'semalam', '.', '(', 'kucing', 'itu', 'mati', 'semalam', '.', ')']"
Saya harap awak berjaya.,verb,positive,0.6,"['saya', 'harap', 'awak', 'berjaya', '.']"
Dia msuk ke dalam rumah.,verb,neutral,0.0,"['dia', 'msuk', 'ke', 'dalam', 'rumah', '.']"
Tolong kasi saya duit.,verb,neutral,0.0,"['tolong', 'kasi', 'saya', 'duit', '.']"
Rumah tuu cantik.,demonstrative_pronoun,neutral,0.0,"['rumah', 'tuu', 'cantik', '.']"
Mobilnya rosak di tengah jalan.,noun,neutral,0.0,"['mobilnya', 'rosak', 'di', 'tengah', 'jalan', '.']"
Saya nk makan.,auxiliary_verb,neutral,0.0,"['saya', 'nk', 'makan', '.']"
Saya rasa makanan ini sedap.,verb,neutral,0.0,"['saya', 'rasa', 'makanan', 'ini', 'sedap', '.']"
Biar saya tolong dia.,verb,neutral,0.0,"['biar', 'saya', 'tolong', 'dia', '.']"
Salleh sedang membaca buku.,proper_noun,neutral,0.0,"['salleh', 'sedang', 'membaca', 'buku', '.']"
"Dia memang pemalas, kerja rumah tak pernah buat.",adjective,negative,-0.7,"['dia', 'memang', 'pemalas', ',', 'kerja', 'rumah', 'tak', 'pernah', 'buat', '.']"
Dia belajar bahasa Cina.,noun,neutral,0.0,"['dia', 'belajar', 'bahasa', 'cina', '.']"
Sampah itu dicampak ke dalam tong.,verb,neutral,0.0,"['sampah', 'itu', 'dicampak', 'ke', 'dalam', 'tong', '.']"
Korang dah makan ke?,pronoun,neutral,0.0,"['korang', 'dah', 'makan', 'ke', '?']"
Tolong jelaskan maksud perkataan ini.,verb,neutral,0.0,"['tolong', 'jelaskan', 'maksud', 'perkataan', 'ini', '.']"
Dia menjaga tubuhnya dengan baik.,noun,neutral,0.0,"['dia', 'menjaga', 'tubuhnya', 'dengan', 'baik', '.']"
Dia bekerja seharian tanpa henti.,adverb,neutral,0.0,"['dia', 'bekerja', 'seharian', 'tanpa', 'henti', '.']"
Rasanya dia takkan datang.,adverb,neutral,0.0,"['rasanya', 'dia', 'takkan', 'datang', '.']"
Kita perlu reflect atas kesilapan yang lalu.,verb,neutral,0.0,"['kita', 'perlu', 'reflect', 'atas', 'kesilapan', 'yang', 'lalu', '.']"
Dia tinggal di sini dulu.,adverb,neutral,0.0,"['dia', 'tinggal', 'di', 'sini', 'dulu', '.']"
Cuba angkat kotak ini.,verb,neutral,0.0,"['cuba', 'angkat', 'kotak', 'ini', '.']"
Mari kita tgk filem itu.,verb,neutral,0.0,"['mari', 'kita', 'tgk', 'filem', 'itu', '.']"
Kereta itu mula begerak.,verb,neutral,0.0,"['kereta', 'itu', 'mula', 'begerak', '.']"
"Alaa, kenapa jadi macam ni?",exclamation,neutral,0.0,"['alaa', ',', 'kenapa', 'jadi', 'macam', 'ni', '?']"
Dia akan datang esok.,verb,neutral,0.0,"['dia', 'akan', 'datang', 'esok', '.']"
Mereka berdepan dengan masalah besar.,verb,neutral,0.0,"['mereka', 'berdepan', 'dengan', 'masalah', 'besar', '.']"
Jangan buat kerja begitu.,adverb,neutral,0.0,"['jangan', 'buat', 'kerja', 'begitu', '.']"
Dia mendengar dengan telinganya.,noun,neutral,0.0,"['dia', 'mendengar', 'dengan', 'telinganya', '.']"
Cawan itu retak selepas jatuh.,adjective,negative,-0.5,"['cawan', 'itu', 'retak', 'selepas', 'jatuh', '.']"
Dia lpas tangan dari masalah itu.,verb,neutral,0.0,"['dia', 'lpas', 'tangan', 'dari', 'masalah', 'itu', '.']"
Dia seorang perempuan yang kuat.,noun,neutral,0.0,"['dia', 'seorang', 'perempuan', 'yang', 'kuat', '.']"
Semoga anda selamat tiba di destinasi.,adjective,positive,0.7,"['semoga', 'anda', 'selamat', 'tiba', 'di', 'destinasi', '.']"
Semua pelajar perlu hadir.,quantifier,neutral,0.0,"['semua', 'pelajar', 'perlu', 'hadir', '.']"
Dia pergi kerja menunggang motor.,noun,neutral,0.0,"['dia', 'pergi', 'kerja', 'menunggang', 'motor', '.']"
Jaga diri baik-baik.,pronoun,neutral,0.0,"['jaga', 'diri', 'baik', '-', 'baik', '.']"
Ramai org berkumpul di dataran.,noun,neutral,0.0,"['ramai', 'org', 'berkumpul', 'di', 'dataran', '.']"
Buku tuu mahal sangat.,demonstrative pronoun,neutral,0.0,"['buku', 'tuu', 'mahal', 'sangat', '.']"
Tekan butang ini untuk mula.,verb,neutral,0.0,"['tekan', 'butang', 'ini', 'untuk', 'mula', '.']"
Barang kecil-kecil itu mudah hilang.,adjective,neutral,0.0,"['barang', 'kecil', '-', 'kecil', 'itu', 'mudah', 'hilang', '.']"
Mereka bekerja dari siang hingga malam.,noun,neutral,0.0,"['mereka', 'bekerja', 'dari', 'siang', 'hingga', 'malam', '.']"
Saya perlukan more waktu.,adverb,neutral,0.0,"['saya', 'perlukan', 'more', 'waktu', '.']"
Kasi saya peluang sekali lagi.,verb,neutral,0.0,"['kasi', 'saya', 'peluang', 'sekali', 'lagi', '.']"
Mereka akan menyambut Hari Raya Aidilfitri.,adjective,neutral,0.0,"['mereka', 'akan', 'menyambut', 'hari', 'raya', 'aidilfitri', '.']"
Buku itu di atas meja.,preposition,neutral,0.0,"['buku', 'itu', 'di', 'atas', 'meja', '.']"
Persembahan mereka adalah yang terbaik.,adjective,positive,0.8,"['persembahan', 'mereka', 'adalah', 'yang', 'terbaik', '.']"
Dia sudah lepas dari penjara.,verb,neutral,0.0,"['dia', 'sudah', 'lepas', 'dari', 'penjara', '.']"
Semoga anda SELAMAT tiba di destinasi.,adjective,positive,0.7,"['semoga', 'anda', 'selamat', 'tiba', 'di', 'destinasi', '.']"
Isu kemanusiaan etnik rohingnya mendapat perhatian global.,noun,neutral,0.0,"['isu', 'kemanusiaan', 'etnik', 'rohingnya', 'mendapat', 'perhatian', 'global', '.']"
Dia tidak datang sebab sakit.,conjunction,neutral,0.0,"['dia', 'tidak', 'datang', 'sebab', 'sakit', '.']"
Dia udah makan.,adverb,neutral,0.0,"['dia', 'udah', 'makan', '.']"
Dia dapat hadiah itu. / Saya dapat hadir esok.,verb,neutral,0.0,"['dia', 'dapat', 'hadiah', 'itu', '.', '/', 'saya', 'dapat', 'hadir', 'esok', '.']"
Komuniti Rohingnya menghadapi cabaran besar.,noun,neutral,0.0,"['komuniti', 'rohingnya', 'menghadapi', 'cabaran', 'besar', '.']"
Dia sangat marah dengan tindakan itu.,adjective,negative,-0.6,"['dia', 'sangat', 'marah', 'dengan', 'tindakan', 'itu', '.']"
Dia sedang fikirkan cara untuk menyelesaikan masalah itu.,verb,neutral,0.0,"['dia', 'sedang', 'fikirkan', 'cara', 'untuk', 'menyelesaikan', 'masalah', 'itu', '.']"
Kanak-kanak itu sedang bermain.,noun,neutral,0.0,"['kanak', '-', 'kanak', 'itu', 'sedang', 'bermain', '.']"
Saya mahukan warna yang lain.,adjective,neutral,0.0,"['saya', 'mahukan', 'warna', 'yang', 'lain', '.']"
Bekalan makanan itu cukop2 untuk seminggu.,adverb,neutral,0.0,"['bekalan', 'makanan', 'itu', 'cukop2', 'untuk', 'seminggu', '.']"
"Dia cuba, tapi gagal.",conjunction,neutral,0.0,"['dia', 'cuba', ',', 'tapi', 'gagal', '.']"
Kanak-kanak itu bermain mercun pada Hari Raya.,noun,neutral,0.0,"['kanak', '-', 'kanak', 'itu', 'bermain', 'mercun', 'pada', 'hari', 'raya', '.']"
Dia berjuang untuk menyelamatkan nyawanya.,noun,neutral,0.0,"['dia', 'berjuang', 'untuk', 'menyelamatkan', 'nyawanya', '.']"
Betul ke ek?,particle,neutral,0.0,"['betul', 'ke', 'ek', '?']"
"Klauu hujan, kami batalkan perkelahan.",conjunction,neutral,0.0,"['klauu', 'hujan', ',', 'kami', 'batalkan', 'perkelahan', '.']"
Bumper kereta itu kemek akibat kemalangan.,adjective,negative,-0.3,"['bumper', 'kereta', 'itu', 'kemek', 'akibat', 'kemalangan', '.']"
Dia datang saje nak tengok-tengok.,adverb,neutral,0.0,"['dia', 'datang', 'saje', 'nak', 'tengok', '-', 'tengok', '.']"
Keadaannya sangat parah selepas kemalangan itu.,adjective,negative,-0.7,"['keadaannya', 'sangat', 'parah', 'selepas', 'kemalangan', 'itu', '.']"
Saya pasti dia akan datang.,adverb,neutral,0.0,"['saya', 'pasti', 'dia', 'akan', 'datang', '.']"
Biarkan dia pergi.,verb,neutral,0.0,"['biarkan', 'dia', 'pergi', '.']"
Ada banyak cara untuk belajar.,noun,neutral,0.0,"['ada', 'banyak', 'cara', 'untuk', 'belajar', '.']"
Dia ingin memberitahu sesuatu.,pronoun,neutral,0.0,"['dia', 'ingin', 'memberitahu', 'sesuatu', '.']"
Rumahnya sangat besr.,adjective,neutral,0.0,"['rumahnya', 'sangat', 'besr', '.']"
Ada anjing2 di taman.,noun,neutral,0.0,"['ada', 'anjing2', 'di', 'taman', '.']"
Para nyamun itu ditangkap polis.,noun,negative,-0.7,"['para', 'nyamun', 'itu', 'ditangkap', 'polis', '.']"
Dia menjadi mangsa intimidasi di tempat kerja.,noun,negative,-0.6,"['dia', 'menjadi', 'mangsa', 'intimidasi', 'di', 'tempat', 'kerja', '.']"
Jenayah rasuah perlu dibanteras.,noun,negative,-0.8,"['jenayah', 'rasuah', 'perlu', 'dibanteras', '.']"
Rumah itu sangat besar.,demonstrative pronoun,neutral,0.0,"['rumah', 'itu', 'sangat', 'besar', '.']"
Perbuatan membunuh adalah jenayah berat.,verb,negative,-0.9,"['perbuatan', 'membunuh', 'adalah', 'jenayah', 'berat', '.']"
Duit saya ckup untuk beli ini.,adverb,neutral,0.0,"['duit', 'saya', 'ckup', 'untuk', 'beli', 'ini', '.']"
Itu bkn masalah saya.,negation particle,neutral,0.0,"['itu', 'bkn', 'masalah', 'saya', '.']"
NGpa dia tidak datang?,adverb,neutral,0.0,"['ngpa', 'dia', 'tidak', 'datang', '?']"
Dia mewarisi banyak harta.,noun,neutral,0.0,"['dia', 'mewarisi', 'banyak', 'harta', '.']"
Belajar rajin supaya berjaya.,conjunction,neutral,0.0,"['belajar', 'rajin', 'supaya', 'berjaya', '.']"
Pakaiannya kelihatan agak wagu untuk majlis rasmi itu.,adjective,negative,-0.4,"['pakaiannya', 'kelihatan', 'agak', 'wagu', 'untuk', 'majlis', 'rasmi', 'itu', '.']"
Kerajaan telah mengumumkan pakej rangsangan ekonomi baharu.,noun,neutral,0.0,"['kerajaan', 'telah', 'mengumumkan', 'pakej', 'rangsangan', 'ekonomi', 'baharu', '.']"
Jiran2 saya sangat ramah dan suka membantu.,noun,neutral,0.0,"['jiran2', 'saya', 'sangat', 'ramah', 'dan', 'suka', 'membantu', '.']"
Dia berasa sangat malu apabila terjatuh di hadapan ramai orang.,adjective,negative,-0.5,"['dia', 'berasa', 'sangat', 'malu', 'apabila', 'terjatuh', 'di', 'hadapan', 'ramai', 'orang', '.']"
Kami duduk di atas lawn sambil menikmati pemandangan.,noun,neutral,0.0,"['kami', 'duduk', 'di', 'atas', 'lawn', 'sambil', 'menikmati', 'pemandangan', '.']"
Dia tidak akan mensia-siakan peluang keemasan ini.,noun,positive,0.6,"['dia', 'tidak', 'akan', 'mensia', '-', 'siakan', 'peluang', 'keemasan', 'ini', '.']"
Tolong bersihkn meja itu selepas makan.,verb,positive,0.7,"['tolong', 'bersihkn', 'meja', 'itu', 'selepas', 'makan', '.']"
Dia belajar sikit-sikit sehingga berjaya menguasai bahasa itu.,adverb,neutral,0.0,"['dia', 'belajar', 'sikit', '-', 'sikit', 'sehingga', 'berjaya', 'menguasai', 'bahasa', 'itu', '.']"
Dia melakukan kerja itu sendiri tanpa bantuan sesiapa.,adjective,neutral,0.0,"['dia', 'melakukan', 'kerja', 'itu', 'sendiri', 'tanpa', 'bantuan', 'sesiapa', '.']"
Dia buat muka lucu untuk menghiburkan kami.,noun,neutral,0.0,"['dia', 'buat', 'muka', 'lucu', 'untuk', 'menghiburkan', 'kami', '.']"
"Dia kan dah beritahu, toh awak tak percaya.",particle,neutral,0.0,"['dia', 'kan', 'dah', 'beritahu', ',', 'toh', 'awak', 'tak', 'percaya', '.']"
"Dia macam, like, tak faham apa yang saya cakap.",interjection,neutral,0.0,"['dia', 'macam', ',', 'like', ',', 'tak', 'faham', 'apa', 'yang', 'saya', 'cakap', '.']"
Apa yang sedang kamu lakukan?,interrogative pronoun,neutral,0.0,"['apa', 'yang', 'sedang', 'kamu', 'lakukan', '?']"
Ibu pergi ke kedai runcit untuk membeli barang dapur.,noun,neutral,0.0,"['ibu', 'pergi', 'ke', 'kedai', 'runcit', 'untuk', 'membeli', 'barang', 'dapur', '.']"
Dia makan lebih banyak daripada biasa.,adverb,neutral,0.0,"['dia', 'makan', 'lebih', 'banyak', 'daripada', 'biasa', '.']"
"Hati-hati bawa kereta, nanti polis...silap2 kena saman.",noun,negative,-0.3,"['hati', '-', 'hati', 'bawa', 'kereta', ',', 'nanti', 'polis', '.', 'silap2', 'kena', 'saman', '.']"
Dia siat2 surat itu kerana terlalu marah.,verb,negative,-0.5,"['dia', 'siat2', 'surat', 'itu', 'kerana', 'terlalu', 'marah', '.']"
"Janganlah over sangat bila bercakap, bertenang.",adjective,negative,-0.4,"['janganlah', 'over', 'sangat', 'bila', 'bercakap', ',', 'bertenang', '.']"
Nasib baik dia sempat menyelamatkan diri daripada kemalangan itu.,noun,neutral,0.0,"['nasib', 'baik', 'dia', 'sempat', 'menyelamatkan', 'diri', 'daripada', 'kemalangan', 'itu', '.']"
Dia menyanggak arahan yang diberikan oleh ketuanya.,verb,negative,-0.3,"['dia', 'menyanggak', 'arahan', 'yang', 'diberikan', 'oleh', 'ketuanya', '.']"
Sikapnya yang selfish itu menyebabkan dia dipulaukan rakan-rakan.,adjective,negative,-0.8,"['sikapnya', 'yang', 'selfish', 'itu', 'menyebabkan', 'dia', 'dipulaukan', 'rakan', '-', 'rakan', '.']"
Polis berjaya menahan penjahat yang dikehendaki itu.,noun,negative,-0.9,"['polis', 'berjaya', 'menahan', 'penjahat', 'yang', 'dikehendaki', 'itu', '.']"
'Babi!' dia menjerit apabila keretanya dilanggar.,expletive,negative,-0.7,"[""'"", 'babi', '!', ""'"", 'dia', 'menjerit', 'apabila', 'keretanya', 'dilanggar', '.']"
Saya akan pergi ke sana esok.,pronoun,neutral,0.0,"['saya', 'akan', 'pergi', 'ke', 'sana', 'esok', '.']"
Ibu masak kangkung belacan untuk makan malam.,noun,neutral,0.0,"['ibu', 'masak', 'kangkung', 'belacan', 'untuk', 'makan', 'malam', '.']"
Dia seorang yang sangat baik hati dan suka menolong.,adjective,positive,0.8,"['dia', 'seorang', 'yang', 'sangat', 'baik', 'hati', 'dan', 'suka', 'menolong', '.']"
Berapa ramai org. yang datang ke majlis itu?,noun,neutral,0.0,"['berapa', 'ramai', 'org', '.', 'yang', 'datang', 'ke', 'majlis', 'itu', '?']"
Kakak saya bekerja sebagai seorang guru.,noun,neutral,0.0,"['kakak', 'saya', 'bekerja', 'sebagai', 'seorang', 'guru', '.']"
Dia sedang makan sekarang.,adverb,neutral,0.0,"['dia', 'sedang', 'makan', 'sekarang', '.']"
Dia menjaga badan agar sentiasa sihat.,noun,neutral,0.0,"['dia', 'menjaga', 'badan', 'agar', 'sentiasa', 'sihat', '.']"
Ceritanya memang lucu 🤣,emoji,positive,0.8,"['ceritanya', 'memang', 'lucu', 'rolling', 'on', 'the', 'floor', 'laughing']"
"Kehidupannya sederhana, walaupun hartanya tidak banyak.",adjective,neutral,0.3,"['kehidupannya', 'sederhana', ',', 'walaupun', 'hartanya', 'tidak', 'banyak', '.']"
Kita jumpa nnti.. di sana.,adverb,neutral,0.0,"['kita', 'jumpa', 'nnti', '.', 'di', 'sana', '.']"
Ini bukan buku saya.,negation particle,neutral,0.0,"['ini', 'bukan', 'buku', 'saya', '.']"
Dia mintk tolong daripada rakannya.,verb,neutral,0.0,"['dia', 'mintk', 'tolong', 'daripada', 'rakannya', '.']"
Kereta saya rosak dan perlu dihantar ke bengkel.,noun,neutral,0.0,"['kereta', 'saya', 'rosak', 'dan', 'perlu', 'dihantar', 'ke', 'bengkel', '.']"
Kereta tu is rosak.,verb,neutral,0.0,"['kereta', 'tu', 'is', 'rosak', '.']"
Penyerang itu mencedera mangsanya dengan pisau.,verb,negative,-0.7,"['penyerang', 'itu', 'mencedera', 'mangsanya', 'dengan', 'pisau', '.']"
Dia menggunakan parang untuk membersihkan semak-samun.,noun,neutral,0.0,"['dia', 'menggunakan', 'parang', 'untuk', 'membersihkan', 'semak', '-', 'samun', '.']"
Kejadian itu baru berlaku pagi tadi.,noun,neutral,0.0,"['kejadian', 'itu', 'baru', 'berlaku', 'pagi', 'tadi', '.']"
Dia dengar bunyi orang knock pintu.,verb,neutral,0.0,"['dia', 'dengar', 'bunyi', 'orang', 'knock', 'pintu', '.']"
Ramai keluarga miskin menerima bantuan dari kerajaan.,adjective,negative,-0.6,"['ramai', 'keluarga', 'miskin', 'menerima', 'bantuan', 'dari', 'kerajaan', '.']"
Malaysia pernah dijajah oleh kuasa asing selama bertahun-tahun.,noun,negative,-0.7,"['malaysia', 'pernah', 'dijajah', 'oleh', 'kuasa', 'asing', 'selama', 'bertahun', '-', 'tahun', '.']"
Ak tak tahu nak cakap apa.,pronoun,neutral,0.0,"['ak', 'tak', 'tahu', 'nak', 'cakap', 'apa', '.']"
Dia ada klas tambahan petang ni.,noun,neutral,0.0,"['dia', 'ada', 'klas', 'tambahan', 'petang', 'ni', '.']"
Scene itu sangat menyentuh hati penonton.,noun,neutral,0.0,"['scene', 'itu', 'sangat', 'menyentuh', 'hati', 'penonton', '.']"
Kemalangan itu terjadi secara tiba-tiba.,verb,neutral,0.0,"['kemalangan', 'itu', 'terjadi', 'secara', 'tiba', '-', 'tiba', '.']"
Dia tak suka tgknya😡 perangai sebegitu.,verb,negative,-0.5,"['dia', 'tak', 'suka', 'tgknyaenraged', 'face', 'perangai', 'sebegitu', '.']"
Dia pergi ngan kawan-kawan.,preposition,neutral,0.0,"['dia', 'pergi', 'ngan', 'kawan', '-', 'kawan', '.']"
Dia ucapkan terima kasih banyak2 atas bantuan itu.,adverb,neutral,0.0,"['dia', 'ucapkan', 'terima', 'kasih', 'banyak2', 'atas', 'bantuan', 'itu', '.']"
Dia sorang saja yang datang.,numeral/determiner,neutral,0.0,"['dia', 'sorang', 'saja', 'yang', 'datang', '.']"
Keputusan itu bergantung kepada undian majoriti.,verb,neutral,0.0,"['keputusan', 'itu', 'bergantung', 'kepada', 'undian', 'majoriti', '.']"
Jarak dari sini ke sana sangat jauh.,noun,neutral,0.0,"['jarak', 'dari', 'sini', 'ke', 'sana', 'sangat', 'jauh', '.']"
Dia tak keja hari ni.,verb,neutral,0.0,"['dia', 'tak', 'keja', 'hari', 'ni', '.']"
Penjenayah itu cuba merompak bank.,verb,negative,-0.8,"['penjenayah', 'itu', 'cuba', 'merompak', 'bank', '.']"
Ibu sedang menguli doh roti.,noun,neutral,0.0,"['ibu', 'sedang', 'menguli', 'doh', 'roti', '.']"
Mangsa kemalangan itu cedera parah.,adjective,negative,-0.7,"['mangsa', 'kemalangan', 'itu', 'cedera', 'parah', '.']"
Dia meninggal dunia semalam.,verb,negative,-0.9,"['dia', 'meninggal', 'dunia', 'semalam', '.']"
Supirnya membawa kereta itu dengan laju.,noun,neutral,0.0,"['supirnya', 'membawa', 'kereta', 'itu', 'dengan', 'laju', '.']"
Dia masih hidup walaupun cedera parah.,verb/adjective,positive,0.6,"['dia', 'masih', 'hidup', 'walaupun', 'cedera', 'parah', '.']"
Pasukan penyelamat sentiasa standby untuk kecemasan.,verb/adjective,neutral,0.0,"['pasukan', 'penyelamat', 'sentiasa', 'standby', 'untuk', 'kecemasan', '.']"
Peninju itu KO pada pusingan pertama.,adjective,negative,-0.5,"['peninju', 'itu', 'ko', 'pada', 'pusingan', 'pertama', '.']"
Dia sedang membaca buku.,pronoun,neutral,0.0,"['dia', 'sedang', 'membaca', 'buku', '.']"
Cuaca hari ini sangat panas.,adjective,neutral,0.0,"['cuaca', 'hari', 'ini', 'sangat', 'panas', '.']"
Dengernya dia akan berpindah tahun depan.,adverb,neutral,0.0,"['dengernya', 'dia', 'akan', 'berpindah', 'tahun', 'depan', '.']"
Dia membunyikan hon keretanya.,noun,neutral,0.0,"['dia', 'membunyikan', 'hon', 'keretanya', '.']"
Makanan ini sangat sedap.,adjective,positive,0.8,"['makanan', 'ini', 'sangat', 'sedap', '.']"
Telaga itu sangat dalam.,adjective,neutral,0.0,"['telaga', 'itu', 'sangat', 'dalam', '.']"
Buku nie saya punya.,determiner/pronoun,neutral,0.0,"['buku', 'nie', 'saya', 'punya', '.']"
Adakah dia sudah sampai?,interrogative particle,neutral,0.0,"['adakah', 'dia', 'sudah', 'sampai', '?']"
Tidak ada apa2 yang berlaku.,pronoun/determiner,neutral,0.0,"['tidak', 'ada', 'apa2', 'yang', 'berlaku', '.']"
Saya tak taw dia datang ke tak.,verb,neutral,0.0,"['saya', 'tak', 'taw', 'dia', 'datang', 'ke', 'tak', '.']"
Baginda bergelar Sri Sultan.,noun,neutral,0.0,"['baginda', 'bergelar', 'sri', 'sultan', '.']"
Badannya sakit selepas jatuh.,adjective,negative,-0.7,"['badannya', 'sakit', 'selepas', 'jatuh', '.']"
Dia akan balik ke kampung esok.,verb/adverb,neutral,0.0,"['dia', 'akan', 'balik', 'ke', 'kampung', 'esok', '.']"
Polis sedang memburu penjahat itu.,noun,negative,-0.9,"['polis', 'sedang', 'memburu', 'penjahat', 'itu', '.']"
Dia sedang cari kunci yang hilang.,verb,neutral,0.0,"['dia', 'sedang', 'cari', 'kunci', 'yang', 'hilang', '.']"
Dia kerja setiap hari.,verb,neutral,0.0,"['dia', 'kerja', 'setiap', 'hari', '.']"
Dia ngasih hadiah pada adiknya.,verb,neutral,0.0,"['dia', 'ngasih', 'hadiah', 'pada', 'adiknya', '.']"
Dia akan apply kerja baru.,verb,neutral,0.0,"['dia', 'akan', 'apply', 'kerja', 'baru', '.']"
Polis merampas gun dari penjenayah.,noun,neutral,0.0,"['polis', 'merampas', 'gun', 'dari', 'penjenayah', '.']"
Dia makan sikit saja.,adverb/adjective,neutral,0.0,"['dia', 'makan', 'sikit', 'saja', '.']"
Situasi jadi pns bila dia datang.,adjective,neutral,0.0,"['situasi', 'jadi', 'pns', 'bila', 'dia', 'datang', '.']"
Polis sedang menyiasat kes itu.,noun,neutral,0.0,"['polis', 'sedang', 'menyiasat', 'kes', 'itu', '.']"
Maling itu berjaya ditangkap.,noun,negative,-0.8,"['maling', 'itu', 'berjaya', 'ditangkap', '.']"
Dia berkelakuan seperti orang gila.,adjective,negative,-0.6,"['dia', 'berkelakuan', 'seperti', 'orang', 'gila', '.']"
Saya nampak sekor kucing.,numeral/classifier,neutral,0.0,"['saya', 'nampak', 'sekor', 'kucing', '.']"
Awak boleh pergi sekarang.,modal verb,neutral,0.0,"['awak', 'boleh', 'pergi', 'sekarang', '.']"
Dia mempelajari ilmu syariat.,noun,neutral,0.0,"['dia', 'mempelajari', 'ilmu', 'syariat', '.']"
Palam pencucuh menghasilkan spark.,noun,neutral,0.0,"['palam', 'pencucuh', 'menghasilkan', 'spark', '.']"
Jangan mengambil makanan berlebihan.,adjective,negative,-0.3,"['jangan', 'mengambil', 'makanan', 'berlebihan', '.']"
Kebodohan itu menyebabkan banyak masalah.,noun,negative,-0.8,"['kebodohan', 'itu', 'menyebabkan', 'banyak', 'masalah', '.']"
Dia terlibat dalam pelbagai kejahatan.,noun,negative,-0.9,"['dia', 'terlibat', 'dalam', 'pelbagai', 'kejahatan', '.']"
Dia sibuk skrg.,adverb,neutral,0.0,"['dia', 'sibuk', 'skrg', '.']"
MCM mana ni?,preposition/adverb,neutral,0.0,"['mcm', 'mana', 'ni', '?']"
Buku itu mahal.,determiner/pronoun,neutral,0.0,"['buku', 'itu', 'mahal', '.']"
"Xkire siapa dia, semua sama.",verb phrase,neutral,0.0,"['xkire', 'siapa', 'dia', ',', 'semua', 'sama', '.']"
Dia dihantar ke pnjara.,noun,negative,-0.5,"['dia', 'dihantar', 'ke', 'pnjara', '.']"
Kereta itu berwarna merah dan baru sahaja dibeli.,noun,neutral,0.0,"['kereta', 'itu', 'berwarna', 'merah', 'dan', 'baru', 'sahaja', 'dibeli', '.']"
"Adoiii, sakitnya kaki aku terpijak duri.",interjection,negative,-0.6,"['adoiii', ',', 'sakitnya', 'kaki', 'aku', 'terpijak', 'duri', '.']"
Dia barusan tiba dari pejabat selepas mesyuarat.,adverb,neutral,0.0,"['dia', 'barusan', 'tiba', 'dari', 'pejabat', 'selepas', 'mesyuarat', '.']"
Harga barang-barang keperluan harian semakin mahal sekarang.,adjective,negative,-0.5,"['harga', 'barang', '-', 'barang', 'keperluan', 'harian', 'semakin', 'mahal', 'sekarang', '.']"
Soalan peperiksaan matematik itu sangat susah bagi pelajar-pelajar.,adjective,negative,-0.7,"['soalan', 'peperiksaan', 'matematik', 'itu', 'sangat', 'susah', 'bagi', 'pelajar', '-', 'pelajar', '.']"
Dia sedang membaca buku di perpustakaan.,pronoun,neutral,0.0,"['dia', 'sedang', 'membaca', 'buku', 'di', 'perpustakaan', '.']"
Dia dah makan tengah hari bersama kawan-kawannya.,adverb,neutral,0.0,"['dia', 'dah', 'makan', 'tengah', 'hari', 'bersama', 'kawan', '-', 'kawannya', '.']"
Pemandu itu langgar lampu isyarat merah dan menyebabkan kemalangan.,verb,negative,-0.7,"['pemandu', 'itu', 'langgar', 'lampu', 'isyarat', 'merah', 'dan', 'menyebabkan', 'kemalangan', '.']"
Dia memang kelakar orangnya🤣.,pronoun,neutral,0.0,"['dia', 'memang', 'kelakar', 'orangnyarolling', 'on', 'the', 'floor', 'laughing', '.']"
Aqq nak pergi ke bandar esok pagi.,pronoun,neutral,0.0,"['aqq', 'nak', 'pergi', 'ke', 'bandar', 'esok', 'pagi', '.']"
"Lps kerja, kita boleh jumpa untuk makan malam.",adverb,neutral,0.0,"['lps', 'kerja', ',', 'kita', 'boleh', 'jumpa', 'untuk', 'makan', 'malam', '.']"
Polis berjaya tangkap pencuri yang dikehendaki itu.,verb,neutral,0.0,"['polis', 'berjaya', 'tangkap', 'pencuri', 'yang', 'dikehendaki', 'itu', '.']"
Perempuan itu memakai baju kurung yang cantik.,noun,neutral,0.0,"['perempuan', 'itu', 'memakai', 'baju', 'kurung', 'yang', 'cantik', '.']"
I like that idea very much.,demonstrative pronoun,neutral,0.0,"['i', 'like', 'that', 'idea', 'very', 'much', '.']"
Tolong ltk buku itu di atas meja.,verb,neutral,0.0,"['tolong', 'ltk', 'buku', 'itu', 'di', 'atas', 'meja', '.']"
I will come to your house tomorrow.,auxiliary verb,neutral,0.0,"['i', 'will', 'come', 'to', 'your', 'house', 'tomorrow', '.']"
Ada sorg lelaki berdiri di hadapan pintu.,numeral classifier,neutral,0.0,"['ada', 'sorg', 'lelaki', 'berdiri', 'di', 'hadapan', 'pintu', '.']"
Dia trus pergi selepas tamat kelas.,adverb,neutral,0.0,"['dia', 'trus', 'pergi', 'selepas', 'tamat', 'kelas', '.']"
Baju baru itu pas betul dengan badannya.,adjective,neutral,0.0,"['baju', 'baru', 'itu', 'pas', 'betul', 'dengan', 'badannya', '.']"
Kita harus menghormati ibu bapa dan guru-guru.,auxiliary verb,neutral,0.0,"['kita', 'harus', 'menghormati', 'ibu', 'bapa', 'dan', 'guru', '-', 'guru', '.']"
Apa yang awak katakan itu betul..,adjective,positive,0.6,"['apa', 'yang', 'awak', 'katakan', 'itu', 'betul', '.']"
"Aku, suka makan nasi lemak setiap pagi.",pronoun,neutral,0.0,"['aku', ',', 'suka', 'makan', 'nasi', 'lemak', 'setiap', 'pagi', '.']"
Mcine dia boleh buat kerja secepat itu?,interrogative adverb,neutral,0.0,"['mcine', 'dia', 'boleh', 'buat', 'kerja', 'secepat', 'itu', '?']"
Dia bercakap dengan logat Kedah yang pekat.,noun,neutral,0.0,"['dia', 'bercakap', 'dengan', 'logat', 'kedah', 'yang', 'pekat', '.']"
Pastikan plug dipasang dengan betul ke soket.,noun,neutral,0.0,"['pastikan', 'plug', 'dipasang', 'dengan', 'betul', 'ke', 'soket', '.']"
Terima kasih atas bantuan anda 🙏.,emoji,positive,0.7,"['terima', 'kasih', 'atas', 'bantuan', 'anda', 'folded', 'hands', '.']"
Jangan buat kerja bodoh.. Fikirlah dulu sebelum bertindak.,adjective,negative,-0.8,"['jangan', 'buat', 'kerja', 'bodoh', '.', 'fikirlah', 'dulu', 'sebelum', 'bertindak', '.']"
Burung itu dilepaskan dan kini terbang bebas di langit.,adjective,positive,0.7,"['burung', 'itu', 'dilepaskan', 'dan', 'kini', 'terbang', 'bebas', 'di', 'langit', '.']"
Buku ini pnya adik saya.,possessive particle,neutral,0.0,"['buku', 'ini', 'pnya', 'adik', 'saya', '.']"
Laki dia bekerja sebagai jurutera di Kuala Lumpur.,noun,neutral,0.0,"['laki', 'dia', 'bekerja', 'sebagai', 'jurutera', 'di', 'kuala', 'lumpur', '.']"
Baju yang awak pakai tu nampak law sangat.,adjective,positive,0.6,"['baju', 'yang', 'awak', 'pakai', 'tu', 'nampak', 'law', 'sangat', '.']"
Jangan bermain api.. Ia sangat bahaya.,noun,neutral,0.0,"['jangan', 'bermain', 'api', '.', 'ia', 'sangat', 'bahaya', '.']"
Kita kena buat kerja ni slow2 supaya tak ada kesilapan.,adverb,neutral,0.0,"['kita', 'kena', 'buat', 'kerja', 'ni', 'slow2', 'supaya', 'tak', 'ada', 'kesilapan', '.']"
Pemilik restoran itu adalah seorang yang sangat dermawan.,noun,neutral,0.0,"['pemilik', 'restoran', 'itu', 'adalah', 'seorang', 'yang', 'sangat', 'dermawan', '.']"
Buku rujukan itu disimpan dibahagian atas rak buku.,prepositional phrase,neutral,0.0,"['buku', 'rujukan', 'itu', 'disimpan', 'dibahagian', 'atas', 'rak', 'buku', '.']"
Kereta itu berhenti di persimpangan jalan.,verb,neutral,0.0,"['kereta', 'itu', 'berhenti', 'di', 'persimpangan', 'jalan', '.']"
Hidup ini adalah anugerah yang perlu dihargai.,verb,positive,0.8,"['hidup', 'ini', 'adalah', 'anugerah', 'yang', 'perlu', 'dihargai', '.']"
Wajahnya kelihatan berseri-seri selepas mendapat berita baik itu.,noun,neutral,0.0,"['wajahnya', 'kelihatan', 'berseri', '-', 'seri', 'selepas', 'mendapat', 'berita', 'baik', 'itu', '.']"
"Astaga, saya terlupa untuk menghantar tugasan semalam!",interjection,negative,-0.5,"['astaga', ',', 'saya', 'terlupa', 'untuk', 'menghantar', 'tugasan', 'semalam', '!']"
"Mujur dia sempat mengelak, kalau tidak pasti cedera parah.",adjective,positive,0.7,"['mujur', 'dia', 'sempat', 'mengelak', ',', 'kalau', 'tidak', 'pasti', 'cedera', 'parah', '.']"
Pergilah.. aku dah tak tahan.,particle,neutral,0.0,"['pergilah', '.', 'aku', 'dah', 'tak', 'tahan', '.']"
Kerja awak memang terbaik! Respect👍🏻,noun,positive,0.8,"['kerja', 'awak', 'memang', 'terbaik', '!', 'respectthumbs', 'up', 'light', 'skin', 'tone']"
Pengalaman pahit itu menyedarkan saya tentang pentingnya persiapan.,verb,positive,0.6,"['pengalaman', 'pahit', 'itu', 'menyedarkan', 'saya', 'tentang', 'pentingnya', 'persiapan', '.']"
Pemandu bas itu membunyikan hon dengan kuat.,noun,neutral,0.0,"['pemandu', 'bas', 'itu', 'membunyikan', 'hon', 'dengan', 'kuat', '.']"
"Ada dua jenis buah-buahan di atas meja, iaitu epal dan oren.",conjunction,neutral,0.0,"['ada', 'dua', 'jenis', 'buah', '-', 'buahan', 'di', 'atas', 'meja', ',', 'iaitu', 'epal', 'dan', 'oren', '.']"
"Dia datang esok kut, kalau tak sibuk.",adverb,neutral,0.0,"['dia', 'datang', 'esok', 'kut', ',', 'kalau', 'tak', 'sibuk', '.']"
Saya jamin dia akan menyelesaikan tugasan ini dengan baik.,verb,neutral,0.0,"['saya', 'jamin', 'dia', 'akan', 'menyelesaikan', 'tugasan', 'ini', 'dengan', 'baik', '.']"
Malaysia. ialah sebuah negara yang berbilang kaum dan budaya.,proper noun,neutral,0.0,"['malaysia', '.', 'ialah', 'sebuah', 'negara', 'yang', 'berbilang', 'kaum', 'dan', 'budaya', '.']"
Sila kemas kini profile anda di laman web syarikat.,noun,neutral,0.0,"['sila', 'kemas', 'kini', 'profile', 'anda', 'di', 'laman', 'web', 'syarikat', '.']"
Dia ga datang ke majlis semalam.,negative particle,neutral,0.0,"['dia', 'ga', 'datang', 'ke', 'majlis', 'semalam', '.']"
Dia tadah air hujan dalam baldi.,verb,neutral,0.0,"['dia', 'tadah', 'air', 'hujan', 'dalam', 'baldi', '.']"
Dia menyanyi sambil menari.,conjunction,neutral,0.0,"['dia', 'menyanyi', 'sambil', 'menari', '.']"
Polis berjaya menangkap penjenayah itu.,noun,negative,-0.8,"['polis', 'berjaya', 'menangkap', 'penjenayah', 'itu', '.']"
Bendera Malaysia mempunyai jalur merah putih.,noun,neutral,0.0,"['bendera', 'malaysia', 'mempunyai', 'jalur', 'merah', 'putih', '.']"
Dia leka bermain telefon sehingga lupa makan.,adjective,negative,-0.5,"['dia', 'leka', 'bermain', 'telefon', 'sehingga', 'lupa', 'makan', '.']"
Dia mau pergi ke sana.,verb (modal),neutral,0.0,"['dia', 'mau', 'pergi', 'ke', 'sana', '.']"
Mereka semua datang belaka.,adverb,neutral,0.0,"['mereka', 'semua', 'datang', 'belaka', '.']"
Dia geram dengan tingkah laku adiknya.,adjective,negative,-0.7,"['dia', 'geram', 'dengan', 'tingkah', 'laku', 'adiknya', '.']"
Cepatlah datang!,particle,neutral,0.0,"['cepatlah', 'datang', '!']"
Situasi ekonomi negara semakin stabil.,noun,neutral,0.0,"['situasi', 'ekonomi', 'negara', 'semakin', 'stabil', '.']"
Mereka ditahan kerana menyamun kedai emas.,verb,negative,-0.9,"['mereka', 'ditahan', 'kerana', 'menyamun', 'kedai', 'emas', '.']"
Kereta itu bergerak dengan sangat laju.,adjective,neutral,0.0,"['kereta', 'itu', 'bergerak', 'dengan', 'sangat', 'laju', '.']"
Dia memotong kukunya.,noun,neutral,0.0,"['dia', 'memotong', 'kukunya', '.']"
Buku tu sangat menarik.,pronoun (colloquial),neutral,0.0,"['buku', 'tu', 'sangat', 'menarik', '.']"
Dia undur ke belakang sedikit.,verb,neutral,0.0,"['dia', 'undur', 'ke', 'belakang', 'sedikit', '.']"
Bola itu berada di bawah meja.,preposition,neutral,0.0,"['bola', 'itu', 'berada', 'di', 'bawah', 'meja', '.']"
Anjing itu sedang menyalak.,noun,neutral,0.0,"['anjing', 'itu', 'sedang', 'menyalak', '.']"
Abang saya bekerja di Kuala Lumpur.,noun,neutral,0.0,"['abang', 'saya', 'bekerja', 'di', 'kuala', 'lumpur', '.']"
Pasukan itu mempunyai defense yang kuat.,noun,neutral,0.0,"['pasukan', 'itu', 'mempunyai', 'defense', 'yang', 'kuat', '.']"
Drg dah balik.,pronoun (colloquial),neutral,0.0,"['drg', 'dah', 'balik', '.']"
Dia cuba hit bola itu.,verb/noun,neutral,0.0,"['dia', 'cuba', 'hit', 'bola', 'itu', '.']"
Tolong bukak pintu itu.,verb (colloquial),neutral,0.0,"['tolong', 'bukak', 'pintu', 'itu', '.']"
Banyak orang datang ke majlis itu.,noun,neutral,0.0,"['banyak', 'orang', 'datang', 'ke', 'majlis', 'itu', '.']"
Dia knock pintu sebelum masuk.,verb,neutral,0.0,"['dia', 'knock', 'pintu', 'sebelum', 'masuk', '.']"
Cermin itu pecah.,verb/adjective,negative,-0.6,"['cermin', 'itu', 'pecah', '.']"
Dia praktis bermain gitar setiap hari.,verb/noun,neutral,0.0,"['dia', 'praktis', 'bermain', 'gitar', 'setiap', 'hari', '.']"
Kita pergi bersama-sama.,pronoun,neutral,0.0,"['kita', 'pergi', 'bersama', '-', 'sama', '.']"
Persembahan mereka sangat hebat.,adjective,positive,0.8,"['persembahan', 'mereka', 'sangat', 'hebat', '.']"
Dia seorang yang berani.,adjective,positive,0.7,"['dia', 'seorang', 'yang', 'berani', '.']"
Itu cerita lain.,adjective,neutral,0.0,"['itu', 'cerita', 'lain', '.']"
Buku tu sangat menarik.,pronoun (colloquial),neutral,0.0,"['buku', 'tu', 'sangat', 'menarik', '.']"
Aku suka makan nasi lemak.,pronoun,neutral,0.0,"['aku', 'suka', 'makan', 'nasi', 'lemak', '.']"
"Mereka menjual buku, pensel dan sebagainya.",adverb,neutral,0.0,"['mereka', 'menjual', 'buku', ',', 'pensel', 'dan', 'sebagainya', '.']"
Dulu saya tinggal di kampung.,adverb,neutral,0.0,"['dulu', 'saya', 'tinggal', 'di', 'kampung', '.']"
Konflik di Palestina masih berterusan.,noun (proper noun),neutral,0.0,"['konflik', 'di', 'palestina', 'masih', 'berterusan', '.']"
Indonesia mempunyai banyak pulau.,noun (proper noun),neutral,0.0,"['indonesia', 'mempunyai', 'banyak', 'pulau', '.']"
Dia akan datang nanti.,adverb,neutral,0.0,"['dia', 'akan', 'datang', 'nanti', '.']"
"Selain itu, dia juga pandai melukis.",conjunction,neutral,0.0,"['selain', 'itu', ',', 'dia', 'juga', 'pandai', 'melukis', '.']"
Dia berumur 17 tahun.,numeral,neutral,0.0,"['dia', 'berumur', '17', 'tahun', '.']"
"Ehh, kenapa tak cakap awal-awal?",interjection,neutral,0.0,"['ehh', ',', 'kenapa', 'tak', 'cakap', 'awal', '-', 'awal', '?']"
"Klu hujan, kita tak jadi pergi.",conjunction (colloquial),neutral,0.0,"['klu', 'hujan', ',', 'kita', 'tak', 'jadi', 'pergi', '.']"
Askar itu memberi tabik hormat.,verb/noun,positive,0.6,"['askar', 'itu', 'memberi', 'tabik', 'hormat', '.']"
Apa yang berlaku?,pronoun (interrogative),neutral,0.0,"['apa', 'yang', 'berlaku', '?']"
Tolong angkat barang ini.,verb (colloquial),positive,0.5,"['tolong', 'angkat', 'barang', 'ini', '.']"
Haritu saya ada nampak dia.,adverb (colloquial),neutral,0.0,"['haritu', 'saya', 'ada', 'nampak', 'dia', '.']"
Polisi syarikat itu sangat ketat.,noun,neutral,0.0,"['polisi', 'syarikat', 'itu', 'sangat', 'ketat', '.']"
Dia menunggu di gate lapangan terbang.,noun,neutral,0.0,"['dia', 'menunggu', 'di', 'gate', 'lapangan', 'terbang', '.']"
Dia cedera dalam kemalangan itu.,adjective,negative,-0.7,"['dia', 'cedera', 'dalam', 'kemalangan', 'itu', '.']"
Semoga hidup kita sentiasa mendapat barakah.,noun,positive,0.9,"['semoga', 'hidup', 'kita', 'sentiasa', 'mendapat', 'barakah', '.']"
Buku ni sangat bagus.,pronoun (colloquial),neutral,0.0,"['buku', 'ni', 'sangat', 'bagus', '.']"
Kami makan ikan kakap bakar.,noun,neutral,0.0,"['kami', 'makan', 'ikan', 'kakap', 'bakar', '.']"
Jangan jadi orang bodoh.,adjective,negative,-0.8,"['jangan', 'jadi', 'orang', 'bodoh', '.']"
Dia adalah seorang guy yang baik.,noun,neutral,0.0,"['dia', 'adalah', 'seorang', 'guy', 'yang', 'baik', '.']"
Dia mempunyai kedudukan yang tinggi dalam syarikat.,noun,neutral,0.0,"['dia', 'mempunyai', 'kedudukan', 'yang', 'tinggi', 'dalam', 'syarikat', '.']"
Buku ini sangat bagus.,pronoun,neutral,0.0,"['buku', 'ini', 'sangat', 'bagus', '.']"
Kita pergi bersama-sama.,pronoun,neutral,0.0,"['kita', 'pergi', 'bersama', '-', 'sama', '.']"
Tolong bawa buku itu ke sini.,verb,neutral,0.0,"['tolong', 'bawa', 'buku', 'itu', 'ke', 'sini', '.']"
"Selamat datang, Tuan.",noun/pronoun,neutral,0.0,"['selamat', 'datang', ',', 'tuan', '.']"
Polis perlu bertindak segera.,verb,neutral,0.0,"['polis', 'perlu', 'bertindak', 'segera', '.']"
"""Cak!"" kata ibu sambil mencuit pipi anaknya.",interjection,neutral,0.0,"['""', 'cak', '!', '""', 'kata', 'ibu', 'sambil', 'mencuit', 'pipi', 'anaknya', '.']"
Baju dia mcm baju saya.,adverb,neutral,0.0,"['baju', 'dia', 'mcm', 'baju', 'saya', '.']"
"Makan nasi aja, tak ada lauk lain.",adverb,neutral,0.0,"['makan', 'nasi', 'aja', ',', 'tak', 'ada', 'lauk', 'lain', '.']"
Polis merampas sepucuk pistol daripada suspek.,noun,neutral,0.0,"['polis', 'merampas', 'sepucuk', 'pistol', 'daripada', 'suspek', '.']"
Dia ada d rumah.,preposition,neutral,0.0,"['dia', 'ada', 'd', 'rumah', '.']"
Ada somethings tak kena dengan kereta ni.,pronoun,neutral,0.0,"['ada', 'somethings', 'tak', 'kena', 'dengan', 'kereta', 'ni', '.']"
"Mangsa cedera,dh dihantar ke hospital.","adjective, adverb",negative,-0.7,"['mangsa', 'cedera', ',', 'dh', 'dihantar', 'ke', 'hospital', '.']"
Saya akan melancong tahun depan.,noun,neutral,0.0,"['saya', 'akan', 'melancong', 'tahun', 'depan', '.']"
Bapak saya seorang petani.,noun,neutral,0.0,"['bapak', 'saya', 'seorang', 'petani', '.']"
Wajah kanak-kanak itu menunjukkan ketakutan...kasihan sungguh melihatnya.,"noun, adjective",negative,-0.8,"['wajah', 'kanak', '-', 'kanak', 'itu', 'menunjukkan', 'ketakutan', '.', 'kasihan', 'sungguh', 'melihatnya', '.']"
Ini adalah masalah world yang perlu diselesaikan.,noun,neutral,0.0,"['ini', 'adalah', 'masalah', 'world', 'yang', 'perlu', 'diselesaikan', '.']"
Penjahat cuba rmpak bank itu.,verb,negative,-0.9,"['penjahat', 'cuba', 'rmpak', 'bank', 'itu', '.']"
"""Haa, baru kau tahu!""",interjection,neutral,0.0,"['""', 'haa', ',', 'baru', 'kau', 'tahu', '!', '""']"
Hadiah ini untuk kamu.,preposition,neutral,0.0,"['hadiah', 'ini', 'untuk', 'kamu', '.']"
Barang itu da..ada di sana.,verb,neutral,0.0,"['barang', 'itu', 'da', '.', 'ada', 'di', 'sana', '.']"
Dia bekerja sebagai guru.,preposition,neutral,0.0,"['dia', 'bekerja', 'sebagai', 'guru', '.']"
"Kelau hujan, kita batalkan perkelahan.",conjunction,neutral,0.0,"['kelau', 'hujan', ',', 'kita', 'batalkan', 'perkelahan', '.']"
Dia sedang kira jumlah wang.,verb,neutral,0.0,"['dia', 'sedang', 'kira', 'jumlah', 'wang', '.']"
Hamidi belajar di universiti.,proper noun,neutral,0.0,"['hamidi', 'belajar', 'di', 'universiti', '.']"
Dia mempunyai gaya berjalan yang unik.,noun,neutral,0.0,"['dia', 'mempunyai', 'gaya', 'berjalan', 'yang', 'unik', '.']"
Saya sedih melihat keadaan Malaysiaku..😥,proper noun,negative,-0.5,"['saya', 'sedih', 'melihat', 'keadaan', 'malaysiaku', '.', 'sad', 'but', 'relieved', 'face']"
Kami akan bercuti bersama keluarga.,noun,neutral,0.0,"['kami', 'akan', 'bercuti', 'bersama', 'keluarga', '.']"
Makanan ini terlalu manis.,adverb,neutral,0.0,"['makanan', 'ini', 'terlalu', 'manis', '.']"
Mahu makan lg?,adverb,neutral,0.0,"['mahu', 'makan', 'lg', '?']"
Negara kita sedang maju dengan pesat.,verb,positive,0.8,"['negara', 'kita', 'sedang', 'maju', 'dengan', 'pesat', '.']"
Dia bekerja di jabatan kerajaan.,noun,neutral,0.0,"['dia', 'bekerja', 'di', 'jabatan', 'kerajaan', '.']"
"Dia cuba lari, last2 kena tangkap juga.",adverb,neutral,0.0,"['dia', 'cuba', 'lari', ',', 'last2', 'kena', 'tangkap', 'juga', '.']"
Pencuri itu berjaya ditangkap oleh polis.,noun,negative,-0.9,"['pencuri', 'itu', 'berjaya', 'ditangkap', 'oleh', 'polis', '.']"
Rambut dia pnjng sangat.,adjective,neutral,0.0,"['rambut', 'dia', 'pnjng', 'sangat', '.']"
Akuni dah cakap jangan buat macam tu.,pronoun,neutral,0.0,"['akuni', 'dah', 'cakap', 'jangan', 'buat', 'macam', 'tu', '.']"
Pesalah itu dijatuhi hukuman penjara.,noun,negative,-0.7,"['pesalah', 'itu', 'dijatuhi', 'hukuman', 'penjara', '.']"
Baju itu jarang dipakai.,verb,neutral,0.0,"['baju', 'itu', 'jarang', 'dipakai', '.']"
Dia nye...kena datang esok.,"particle, verb",neutral,0.0,"['dia', 'nye', '.', 'kena', 'datang', 'esok', '.']"
Saya mencari maksud perkataan di dalam kamus.,noun,neutral,0.0,"['saya', 'mencari', 'maksud', 'perkataan', 'di', 'dalam', 'kamus', '.']"
Perbuatan laknat itu harus dihentikan.,adjective,negative,-0.9,"['perbuatan', 'laknat', 'itu', 'harus', 'dihentikan', '.']"
Dia kena marah kaw2.,adverb,neutral,0.0,"['dia', 'kena', 'marah', 'kaw2', '.']"
Jangan jadi orang yang bodoh.,adjective,negative,-0.8,"['jangan', 'jadi', 'orang', 'yang', 'bodoh', '.']"
Kerajaan berazam untuk basmi kemiskinan.,verb,positive,0.7,"['kerajaan', 'berazam', 'untuk', 'basmi', 'kemiskinan', '.']"
Saya membaca berita di Harian Metro.,proper noun,neutral,0.0,"['saya', 'membaca', 'berita', 'di', 'harian', 'metro', '.']"
Ambil sikit jer.,adverb,neutral,0.0,"['ambil', 'sikit', 'jer', '.']"
Burung terbang tinggi di langit.,noun,neutral,0.0,"['burung', 'terbang', 'tinggi', 'di', 'langit', '.']"
"Alang2 dah sampai, biar terus habiskan kerja ni.",adverb,neutral,0.0,"['alang2', 'dah', 'sampai', ',', 'biar', 'terus', 'habiskan', 'kerja', 'ni', '.']"
"Baju tu..eee, kotornya!","demonstrative pronoun, interjection",negative,-0.4,"['baju', 'tu', '.', 'eee', ',', 'kotornya', '!']"
Keadaan negara sangat aman dan damai.,adjective,positive,0.8,"['keadaan', 'negara', 'sangat', 'aman', 'dan', 'damai', '.']"
Orang ramai berkumpul di dataran.,adjective,neutral,0.0,"['orang', 'ramai', 'berkumpul', 'di', 'dataran', '.']"
"Dia seorang penyangak,tapi kini sudah bertaubat.","noun, conjunction",negative,-0.7,"['dia', 'seorang', 'penyangak', ',', 'tapi', 'kini', 'sudah', 'bertaubat', '.']"
Izinkan saya masuk.,verb,neutral,0.0,"['izinkan', 'saya', 'masuk', '.']"
Kejadian rompakan itu mengejutkan penduduk.,noun,neutral,0.0,"['kejadian', 'rompakan', 'itu', 'mengejutkan', 'penduduk', '.']"
Makanan ini kurang masin.,adverb,neutral,0.0,"['makanan', 'ini', 'kurang', 'masin', '.']"
"""Fulamak! Cantiknya kereta awak!""",interjection,positive,0.6,"['""', 'fulamak', '!', 'cantiknya', 'kereta', 'awak', '!', '""']"
Dia sangat fokus pada kerjanya.,noun/verb,neutral,0.0,"['dia', 'sangat', 'fokus', 'pada', 'kerjanya', '.']"
Saya mau makan nasi goreng.,verb (auxiliary),neutral,0.0,"['saya', 'mau', 'makan', 'nasi', 'goreng', '.']"
Kualiti produk itu sangat bad.,adjective,negative,-0.7,"['kualiti', 'produk', 'itu', 'sangat', 'bad', '.']"
"Dia bercerita tentang insiden lucu itu, wkwk.",interjection,positive,0.6,"['dia', 'bercerita', 'tentang', 'insiden', 'lucu', 'itu', ',', 'wkwk', '.']"
Kami jalan kaki ke kedai.,noun/verb,neutral,0.0,"['kami', 'jalan', 'kaki', 'ke', 'kedai', '.']"
Ada seseorang mengetuk pintu.,pronoun,neutral,0.0,"['ada', 'seseorang', 'mengetuk', 'pintu', '.']"
"Jangan risau, xpe.",interjection/phrase,neutral,0.2,"['jangan', 'risau', ',', 'xpe', '.']"
"Dia ketawa terbahak-bahak, hahah.",interjection,positive,0.7,"['dia', 'ketawa', 'terbahak', '-', 'bahak', ',', 'hahah', '.']"
Kita akan pergi bersama-sama.,pronoun,neutral,0.0,"['kita', 'akan', 'pergi', 'bersama', '-', 'sama', '.']"
Dia berasal dari Kelantan.,noun (proper noun),neutral,0.0,"['dia', 'berasal', 'dari', 'kelantan', '.']"
Ibu pergi ke pasar untuk membeli sayur.,noun,neutral,0.0,"['ibu', 'pergi', 'ke', 'pasar', 'untuk', 'membeli', 'sayur', '.']"
Makanan itu sgt sedap.,adverb,neutral,0.0,"['makanan', 'itu', 'sgt', 'sedap', '.']"
Hamba mohon ampun tuanku.,noun/verb,neutral,0.4,"['hamba', 'mohon', 'ampun', 'tuanku', '.']"
Kita perlu berusaha lebih gigih.,verb/adjective,neutral,0.0,"['kita', 'perlu', 'berusaha', 'lebih', 'gigih', '.']"
Dia juga datang ke majlis itu.,adverb,neutral,0.0,"['dia', 'juga', 'datang', 'ke', 'majlis', 'itu', '.']"
"Awak dah makan, kan?",particle/interjection,neutral,0.0,"['awak', 'dah', 'makan', ',', 'kan', '?']"
Dia lepas dari penjara.,verb/adjective/preposition,neutral,0.0,"['dia', 'lepas', 'dari', 'penjara', '.']"
Dia tidak ada kesampatan untuk datang.,noun,neutral,0.0,"['dia', 'tidak', 'ada', 'kesampatan', 'untuk', 'datang', '.']"
Penyalahgunaan dadah adalah jenayah serius.,noun,negative,-0.9,"['penyalahgunaan', 'dadah', 'adalah', 'jenayah', 'serius', '.']"
Kereta itu berwarna hitam.,adjective,neutral,0.0,"['kereta', 'itu', 'berwarna', 'hitam', '.']"
Ingat pesan ibu.,verb,neutral,0.0,"['ingat', 'pesan', 'ibu', '.']"
Jawapan kamu salah.,adjective/noun,negative,-0.6,"['jawapan', 'kamu', 'salah', '.']"
Nak makan nasi ato mi?,conjunction,neutral,0.0,"['nak', 'makan', 'nasi', 'ato', 'mi', '?']"
Negara itu mundur dalam teknologi.,verb/adjective,negative,-0.5,"['negara', 'itu', 'mundur', 'dalam', 'teknologi', '.']"
Dia menumpahkan air di atas meja.,verb,neutral,-0.3,"['dia', 'menumpahkan', 'air', 'di', 'atas', 'meja', '.']"
"Hai sis, nak order apa?",noun (informal address),neutral,0.2,"['hai', 'sis', ',', 'nak', 'order', 'apa', '?']"
"Alang-alang dah sampai sini, baik kita makan.",adverb/conjunction,neutral,0.0,"['alang', '-', 'alang', 'dah', 'sampai', 'sini', ',', 'baik', 'kita', 'makan', '.']"
Awak sure ke boleh buat?,adjective/adverb,positive,0.6,"['awak', 'sure', 'ke', 'boleh', 'buat', '?']"
Dia berasa teraniaya dengan layanan itu.,adjective/verb,negative,-0.8,"['dia', 'berasa', 'teraniaya', 'dengan', 'layanan', 'itu', '.']"
"Mula-mula buat ni, then buat tu.",adverb/conjunction,neutral,0.0,"['mula', '-', 'mula', 'buat', 'ni', ',', 'then', 'buat', 'tu', '.']"
Keluarga itu akan pindah ke rumah baru.,verb,neutral,0.0,"['keluarga', 'itu', 'akan', 'pindah', 'ke', 'rumah', 'baru', '.']"
Dia memegang dadanya kerana sakit.,noun,neutral,0.0,"['dia', 'memegang', 'dadanya', 'kerana', 'sakit', '.']"
Wak nak ke mana?,noun (informal address),neutral,0.2,"['wak', 'nak', 'ke', 'mana', '?']"
Mereka menguji kekuatan jambatan itu.,verb,neutral,0.0,"['mereka', 'menguji', 'kekuatan', 'jambatan', 'itu', '.']"
Sila tunggu sebentar.,verb,neutral,0.0,"['sila', 'tunggu', 'sebentar', '.']"
Kemalangan itu mencederakan ramai orang.,verb,negative,-0.8,"['kemalangan', 'itu', 'mencederakan', 'ramai', 'orang', '.']"
Sungai itu sangat panjang.,adjective,neutral,0.0,"['sungai', 'itu', 'sangat', 'panjang', '.']"
"Dia kata penat, pdhal baru je duduk.",conjunction/adverb,neutral,0.0,"['dia', 'kata', 'penat', ',', 'pdhal', 'baru', 'je', 'duduk', '.']"
Hati2 di jalan raya.,interjection/adverb,neutral,0.3,"['hati2', 'di', 'jalan', 'raya', '.']"
Polis terpaksa menembak suspek.,verb,neutral,-0.4,"['polis', 'terpaksa', 'menembak', 'suspek', '.']"
Dia cuma ada dua ringgit.,adverb,neutral,0.0,"['dia', 'cuma', 'ada', 'dua', 'ringgit', '.']"
Buku tu mahal.,demonstrative pronoun/adjective,neutral,0.0,"['buku', 'tu', 'mahal', '.']"
Dorg dah balik.,pronoun,neutral,0.0,"['dorg', 'dah', 'balik', '.']"
Kejadian itu sangat ngeriiii.,adjective,negative,-0.8,"['kejadian', 'itu', 'sangat', 'ngeriiii', '.']"
Buku ni cantik.,demonstrative pronoun/adjective,neutral,0.0,"['buku', 'ni', 'cantik', '.']"
Boleh buat sekarang? K.,interjection,neutral,0.1,"['boleh', 'buat', 'sekarang', '?', 'k', '.']"
Sila dengarkan arahan saya.,verb (imperative),neutral,0.0,"['sila', 'dengarkan', 'arahan', 'saya', '.']"
Dia masih bekerja di sana.,adverb,neutral,0.0,"['dia', 'masih', 'bekerja', 'di', 'sana', '.']"
Sila berikan perhatian kepada pengumuman ini.,noun,neutral,0.3,"['sila', 'berikan', 'perhatian', 'kepada', 'pengumuman', 'ini', '.']"
PDI sering mengadakan ceramah umum.,noun (acronym),neutral,0.0,"['pdi', 'sering', 'mengadakan', 'ceramah', 'umum', '.']"
Lori itu membawa muatan pasir.,noun,neutral,0.0,"['lori', 'itu', 'membawa', 'muatan', 'pasir', '.']"
Takyah datang kalau sibuk.,verb/adverb (informal negative imperative),neutral,0.0,"['takyah', 'datang', 'kalau', 'sibuk', '.']"
Kulit pisang itu berwarna kuning.,noun,neutral,0.0,"['kulit', 'pisang', 'itu', 'berwarna', 'kuning', '.']"
Dia baru sahaja masuk ke dalam bilik.,verb,neutral,0.0,"['dia', 'baru', 'sahaja', 'masuk', 'ke', 'dalam', 'bilik', '.']"
Diorg dah sampai ke?,pronoun,neutral,0.0,"['diorg', 'dah', 'sampai', 'ke', '?']"
Seorang thief telah ditangkap malam tadi.,noun,negative,-0.8,"['seorang', 'thief', 'telah', 'ditangkap', 'malam', 'tadi', '.']"
Buku ini ialah hadiah dari ibu saya.,copula,neutral,0.0,"['buku', 'ini', 'ialah', 'hadiah', 'dari', 'ibu', 'saya', '.']"
Makanan itu sangat sedap.,adverb,neutral,0.0,"['makanan', 'itu', 'sangat', 'sedap', '.']"
"Alhamdulillah, kami selamat sampai ke destinasi.",interjection,positive,0.9,"['alhamdulillah', ',', 'kami', 'selamat', 'sampai', 'ke', 'destinasi', '.']"
Rumah itu mempunyai pagar yang rendah.,adjective,neutral,0.0,"['rumah', 'itu', 'mempunyai', 'pagar', 'yang', 'rendah', '.']"
Rakyat Malaysia hidup dalam harmoni.,noun,neutral,0.0,"['rakyat', 'malaysia', 'hidup', 'dalam', 'harmoni', '.']"
Dia pergi ke sekolah dgn kawan-kawannya.,preposition,neutral,0.0,"['dia', 'pergi', 'ke', 'sekolah', 'dgn', 'kawan', '-', 'kawannya', '.']"
Dia terus berjalan tanpa menoleh.,adverb,neutral,0.0,"['dia', 'terus', 'berjalan', 'tanpa', 'menoleh', '.']"
"Rumahnya, yang besar itu, terletak di hujung jalan.",noun,neutral,0.0,"['rumahnya', ',', 'yang', 'besar', 'itu', ',', 'terletak', 'di', 'hujung', 'jalan', '.']"
Dia menjerit kuat2 agar didengari.,adverb,neutral,0.0,"['dia', 'menjerit', 'kuat2', 'agar', 'didengari', '.']"
Diorang semua setuju dengan cadangan itu.,pronoun,neutral,0.0,"['diorang', 'semua', 'setuju', 'dengan', 'cadangan', 'itu', '.']"
"Haha, lawak sungguh cerita kamu!",interjection,positive,0.6,"['haha', ',', 'lawak', 'sungguh', 'cerita', 'kamu', '!']"
Takda siapa di rumah sekarang.,adverb,neutral,0.0,"['takda', 'siapa', 'di', 'rumah', 'sekarang', '.']"
"Hujan lebat, jadinya, kami terpaksa batalkan rancangan.",conjunction,neutral,0.0,"['hujan', 'lebat', ',', 'jadinya', ',', 'kami', 'terpaksa', 'batalkan', 'rancangan', '.']"
"Jangan jadi pemalas, rajinlah berusaha.",adjective,negative,-0.7,"['jangan', 'jadi', 'pemalas', ',', 'rajinlah', 'berusaha', '.']"
Soalan ujian itu sangat mudah.,adjective,positive,0.6,"['soalan', 'ujian', 'itu', 'sangat', 'mudah', '.']"
Polis telah menahan beberapa suspek.,noun,neutral,-0.2,"['polis', 'telah', 'menahan', 'beberapa', 'suspek', '.']"
Semoga berjaya dalam peperiksaan anda.,particle,positive,0.7,"['semoga', 'berjaya', 'dalam', 'peperiksaan', 'anda', '.']"
Dia mengetuk pintu sebelum masuk.,noun,neutral,0.0,"['dia', 'mengetuk', 'pintu', 'sebelum', 'masuk', '.']"
Dia memandang wajahnya di crmin.,noun,neutral,0.0,"['dia', 'memandang', 'wajahnya', 'di', 'crmin', '.']"
Ramai orang dislike komen negatif itu.,verb,negative,-0.6,"['ramai', 'orang', 'dislike', 'komen', 'negatif', 'itu', '.']"
Warna baju itu sangat padan dengan kulitnya.,adjective,positive,0.3,"['warna', 'baju', 'itu', 'sangat', 'padan', 'dengan', 'kulitnya', '.']"
Dia suka nyanyi lagu Melayu.,verb,neutral,0.0,"['dia', 'suka', 'nyanyi', 'lagu', 'melayu', '.']"
Harga barang naik mendadak.,adverb,neutral,0.0,"['harga', 'barang', 'naik', 'mendadak', '.']"
Dia melihat dirinya di cermin.,noun,neutral,0.0,"['dia', 'melihat', 'dirinya', 'di', 'cermin', '.']"
"Tk mengapa, saya faham.",adverb,neutral,0.0,"['tk', 'mengapa', ',', 'saya', 'faham', '.']"
Dia terdesak untuk mencari pekerjaan.,adjective,negative,-0.6,"['dia', 'terdesak', 'untuk', 'mencari', 'pekerjaan', '.']"
Kehidupan di kota besar sangat sibuk.,noun,neutral,0.0,"['kehidupan', 'di', 'kota', 'besar', 'sangat', 'sibuk', '.']"
Dia mengambil satu buku dari rak.,numeral,neutral,0.0,"['dia', 'mengambil', 'satu', 'buku', 'dari', 'rak', '.']"
Saya suka makan nasi lemak.,verb,positive,0.7,"['saya', 'suka', 'makan', 'nasi', 'lemak', '.']"
Berita melaporkan aktiviti Fpi di kawasan itu.,noun,neutral,0.0,"['berita', 'melaporkan', 'aktiviti', 'fpi', 'di', 'kawasan', 'itu', '.']"
Kami sokong cadangan itu sepenuhnya.,verb,positive,0.7,"['kami', 'sokong', 'cadangan', 'itu', 'sepenuhnya', '.']"
Dia berkongsi tips untuk belajar dengan berkesan.,noun,neutral,0.0,"['dia', 'berkongsi', 'tips', 'untuk', 'belajar', 'dengan', 'berkesan', '.']"
Dia berlari sampi ke garisan penamat.,preposition,neutral,0.0,"['dia', 'berlari', 'sampi', 'ke', 'garisan', 'penamat', '.']"
Buat apa jaa yang dia suruh.,particle,neutral,0.0,"['buat', 'apa', 'jaa', 'yang', 'dia', 'suruh', '.']"
"Sudah siap, sja...xpayah buat lagi.",phrase,negative,-0.3,"['sudah', 'siap', ',', 'sja', '.', 'xpayah', 'buat', 'lagi', '.']"
Dia datang untuk membantu. Malah dia membawa makanan sekali.,verb,positive,0.7,"['dia', 'datang', 'untuk', 'membantu', '.', 'malah', 'dia', 'membawa', 'makanan', 'sekali', '.']"
"Ambil ni. Klu tak nak, pulangkan.",demonstrative,neutral,0.0,"['ambil', 'ni', '.', 'klu', 'tak', 'nak', ',', 'pulangkan', '.']"
Mereka membina rumah baru.,noun,neutral,0.0,"['mereka', 'membina', 'rumah', 'baru', '.']"
Dia hidup kaye-raye di bandar.,adjective,positive,0.7,"['dia', 'hidup', 'kaye', '-', 'raye', 'di', 'bandar', '.']"
Kanun jenayah negara itu sangat ketat.,noun,neutral,0.0,"['kanun', 'jenayah', 'negara', 'itu', 'sangat', 'ketat', '.']"
Dia didenda kerana langgak lampu isyarat.,verb,negative,-0.5,"['dia', 'didenda', 'kerana', 'langgak', 'lampu', 'isyarat', '.']"
"Wah, cantiknya pemandangan ini!",interjection,positive,0.5,"['wah', ',', 'cantiknya', 'pemandangan', 'ini', '!']"
Dia sedang tidur ketika saya pulang.,conjunction,neutral,0.0,"['dia', 'sedang', 'tidur', 'ketika', 'saya', 'pulang', '.']"
Dia menghubungi talian kecemasan.,noun,negative,-0.7,"['dia', 'menghubungi', 'talian', 'kecemasan', '.']"
Pihak berkuasa mengecam kekerasn yang berlaku.,noun,negative,-0.8,"['pihak', 'berkuasa', 'mengecam', 'kekerasn', 'yang', 'berlaku', '.']"
Dia datang lambat sbb kesesakan jalan.,conjunction,neutral,0.0,"['dia', 'datang', 'lambat', 'sbb', 'kesesakan', 'jalan', '.']"
"Dia bukannye tak suka, cuma segan.",partikel,neutral,0.0,"['dia', 'bukannye', 'tak', 'suka', ',', 'cuma', 'segan', '.']"
Janganlah buat kerja bodoh macam tu.,kata sifat,negative,-0.8,"['janganlah', 'buat', 'kerja', 'bodoh', 'macam', 'tu', '.']"
Santan kelapa ini sangat pekat patinya.,kata nama,neutral,0.0,"['santan', 'kelapa', 'ini', 'sangat', 'pekat', 'patinya', '.']"
Kita perlu memastikan keselamatan diri daripada ancaman senjata.,gabungan kata sifat dan kata nama,neutral,0.0,"['kita', 'perlu', 'memastikan', 'keselamatan', 'diri', 'daripada', 'ancaman', 'senjata', '.']"
Dia perlu hone kemahiran bertuturnya.,kata kerja (English),neutral,0.0,"['dia', 'perlu', 'hone', 'kemahiran', 'bertuturnya', '.']"
Lelaki itu sedang membaca buku.,kata nama,neutral,0.0,"['lelaki', 'itu', 'sedang', 'membaca', 'buku', '.']"
Dia takkan datang hari ini.,partikel/penegas,neutral,0.0,"['dia', 'takkan', 'datang', 'hari', 'ini', '.']"
Awak jangan jadi bodo sangatlah.,kata sifat,negative,-0.8,"['awak', 'jangan', 'jadi', 'bodo', 'sangatlah', '.']"
"Jangan sentuh benda tu, bahayalah.",gabungan kata ganti nama penunjuk dan kata sifat,negative,-0.7,"['jangan', 'sentuh', 'benda', 'tu', ',', 'bahayalah', '.']"
Diaorg dah balik ke rumah.,kata ganti nama diri ketiga,neutral,0.0,"['diaorg', 'dah', 'balik', 'ke', 'rumah', '.']"
Kes rogol semakin berleluasa.,kata kerja,negative,-0.9,"['kes', 'rogol', 'semakin', 'berleluasa', '.']"
Ini adalah ujia (sepatutnya 'ujian') terakhir.,kata kerja/kata nama (kemungkinan typo untuk 'ujian' atau 'uji'),neutral,0.0,"['ini', 'adalah', 'ujia', '(', 'sepatutnya', ""'"", 'ujian', ""'"", ')', 'terakhir', '.']"
"Dari segi ekonomi, negara itu semakin maju.",kata nama,neutral,0.0,"['dari', 'segi', 'ekonomi', ',', 'negara', 'itu', 'semakin', 'maju', '.']"
Kita perlu bincang hal ini dengan lebih mendalam.,kata nama,neutral,0.0,"['kita', 'perlu', 'bincang', 'hal', 'ini', 'dengan', 'lebih', 'mendalam', '.']"
Kes rompakan bank itu masih disiasat.,kata nama,negative,-0.8,"['kes', 'rompakan', 'bank', 'itu', 'masih', 'disiasat', '.']"
Mari kita pergi shopping hujung minggu ini.,kata kerja/kata nama (English),neutral,0.0,"['mari', 'kita', 'pergi', 'shopping', 'hujung', 'minggu', 'ini', '.']"
Dia pulk yang datang lambat.,partikel,neutral,0.0,"['dia', 'pulk', 'yang', 'datang', 'lambat', '.']"
Kita perlu hadapi cabaran ini dengan berani.,kata kerja,neutral,0.0,"['kita', 'perlu', 'hadapi', 'cabaran', 'ini', 'dengan', 'berani', '.']"
Dia dah tido awal malam ni.,kata kerja,neutral,0.0,"['dia', 'dah', 'tido', 'awal', 'malam', 'ni', '.']"
The book is on the table.,penentu (English),neutral,0.0,"['the', 'book', 'is', 'on', 'the', 'table', '.']"
Dia ckp dia tak datang.,kata kerja,neutral,0.0,"['dia', 'ckp', 'dia', 'tak', 'datang', '.']"
Kereta ny rosak.,kata ganti nama diri ketiga/partikel,neutral,0.0,"['kereta', 'ny', 'rosak', '.']"
Pembunuh bersiri itu akhirnya ditangkap.,kata nama,negative,-0.9,"['pembunuh', 'bersiri', 'itu', 'akhirnya', 'ditangkap', '.']"
"Kalau dah gini, patutlah dia marah.",gabungan kata keterangan dan kata kerja/sifat,neutral,0.0,"['kalau', 'dah', 'gini', ',', 'patutlah', 'dia', 'marah', '.']"
Buku tu atas meja.,kata ganti nama penunjuk,neutral,0.0,"['buku', 'tu', 'atas', 'meja', '.']"
Dia banyak duit hasil bekerja keras.,kata nama,neutral,0.0,"['dia', 'banyak', 'duit', 'hasil', 'bekerja', 'keras', '.']"
Dia hanya tercongok di situ menunggu arahan.,kata kerja,neutral,0.0,"['dia', 'hanya', 'tercongok', 'di', 'situ', 'menunggu', 'arahan', '.']"
Lampu dah on ke?,kata sendi nama/kata keterangan/kata kerja (English),neutral,0.0,"['lampu', 'dah', 'on', 'ke', '?']"
Polis telah menerima laporan tentang kejadian itu.,kata nama,neutral,0.0,"['polis', 'telah', 'menerima', 'laporan', 'tentang', 'kejadian', 'itu', '.']"
Dia mungkin datang esok.,kata keterangan,neutral,0.0,"['dia', 'mungkin', 'datang', 'esok', '.']"
Banyak koje nak kena settle hari ni.,kata nama/kata kerja,neutral,0.0,"['banyak', 'koje', 'nak', 'kena', 'settle', 'hari', 'ni', '.']"
Apa tme kita nak jumpa?,kata nama,neutral,0.0,"['apa', 'tme', 'kita', 'nak', 'jumpa', '?']"
Perkhidmatan awam harus dipertingkatkan.,kata sifat,neutral,0.0,"['perkhidmatan', 'awam', 'harus', 'dipertingkatkan', '.']"
Orang yg pakai baju merah itu abang saya.,kata penghubung/kata ganti nama relatif,neutral,0.0,"['orang', 'yg', 'pakai', 'baju', 'merah', 'itu', 'abang', 'saya', '.']"
Dia TDK datang hari ini.,kata nafi,neutral,0.0,"['dia', 'tdk', 'datang', 'hari', 'ini', '.']"
Jam yg rosak itu perlu dibaiki.,gabungan kata nama dan kata penghubung,neutral,0.0,"['jam', 'yg', 'rosak', 'itu', 'perlu', 'dibaiki', '.']"
Pelajar-pelajar memakai pakaian seragam ke sekolah.,kata sifat/kata nama,neutral,0.0,"['pelajar', '-', 'pelajar', 'memakai', 'pakaian', 'seragam', 'ke', 'sekolah', '.']"
Dia hampir jatuh tadi.,kata keterangan/kata sifat,neutral,0.0,"['dia', 'hampir', 'jatuh', 'tadi', '.']"
Takde siapa di rumah.,kata nafi/kata kerja,neutral,0.0,"['takde', 'siapa', 'di', 'rumah', '.']"
Dia suka lihat pemandangan gunung.,kata kerja,neutral,0.0,"['dia', 'suka', 'lihat', 'pemandangan', 'gunung', '.']"
"Kalau hujan, saya tak pergi.",kata hubung,neutral,0.0,"['kalau', 'hujan', ',', 'saya', 'tak', 'pergi', '.']"
Jawapan dia salah.,kata sifat/kata nama,negative,-0.6,"['jawapan', 'dia', 'salah', '.']"
Dia cuman nak tahu berita tu.,kata keterangan/partikel,neutral,0.0,"['dia', 'cuman', 'nak', 'tahu', 'berita', 'tu', '.']"
Dia sungguh baik hati.,kata keterangan/kata sifat,neutral,0.0,"['dia', 'sungguh', 'baik', 'hati', '.']"
Dia dtg lewat ke majlis.,kata kerja,neutral,0.0,"['dia', 'dtg', 'lewat', 'ke', 'majlis', '.']"
Dia kuar rumah awal pagi.,kata kerja,neutral,0.0,"['dia', 'kuar', 'rumah', 'awal', 'pagi', '.']"
Jaga hti-hti bila memandu.,kata nama,neutral,0.0,"['jaga', 'hti', '-', 'hti', 'bila', 'memandu', '.']"
Dia membeli kereta yang berwarna merah.,kata penghubung/kata ganti nama relatif,neutral,0.0,"['dia', 'membeli', 'kereta', 'yang', 'berwarna', 'merah', '.']"
Kerja rumahnya sudah siap.,adverb,neutral,0.0,"['kerja', 'rumahnya', 'sudah', 'siap', '.']"
Tindakan bodoh itu hanya menunjukkan dia goblok.,adjective,negative,-0.8,"['tindakan', 'bodoh', 'itu', 'hanya', 'menunjukkan', 'dia', 'goblok', '.']"
Dia akan sampai ke destinasi sebentar lagi.,verb,neutral,0.0,"['dia', 'akan', 'sampai', 'ke', 'destinasi', 'sebentar', 'lagi', '.']"
Kumpulan penyangak itu telah ditangkap polis.,noun,negative,-0.7,"['kumpulan', 'penyangak', 'itu', 'telah', 'ditangkap', 'polis', '.']"
"Dia makan, kemudian membaca buku.",adverb,neutral,0.0,"['dia', 'makan', ',', 'kemudian', 'membaca', 'buku', '.']"
Dia memerlukan backup untuk menyiapkan projek itu.,noun,neutral,0.0,"['dia', 'memerlukan', 'backup', 'untuk', 'menyiapkan', 'projek', 'itu', '.']"
Harga minyak mentah telah meningkat.,noun,neutral,0.0,"['harga', 'minyak', 'mentah', 'telah', 'meningkat', '.']"
Tolong beri saya sedikit air.,adjective,neutral,0.0,"['tolong', 'beri', 'saya', 'sedikit', 'air', '.']"
Dia memandu kereta baru ke tempat kerja.,noun,neutral,0.0,"['dia', 'memandu', 'kereta', 'baru', 'ke', 'tempat', 'kerja', '.']"
Kehidupan mereka kini lebih senang.,adjective,positive,0.7,"['kehidupan', 'mereka', 'kini', 'lebih', 'senang', '.']"
Hadiah itu daripada ibu saya.,preposition,neutral,0.0,"['hadiah', 'itu', 'daripada', 'ibu', 'saya', '.']"
Ayah saya seorang yang sangat rajin.,noun,neutral,0.0,"['ayah', 'saya', 'seorang', 'yang', 'sangat', 'rajin', '.']"
Bangunan lama itu sudah jahanam.,adjective,negative,-0.9,"['bangunan', 'lama', 'itu', 'sudah', 'jahanam', '.']"
Dia cuba menyembunyikan perasaannya.,noun,neutral,0.0,"['dia', 'cuba', 'menyembunyikan', 'perasaannya', '.']"
Buku itu ada di atas meja.,demonstrative pronoun,neutral,0.0,"['buku', 'itu', 'ada', 'di', 'atas', 'meja', '.']"
Polis sedang menyoal siasat suspek.,noun,negative,-0.5,"['polis', 'sedang', 'menyoal', 'siasat', 'suspek', '.']"
Dia berharap tidak akan ke neraka.,noun,negative,-0.9,"['dia', 'berharap', 'tidak', 'akan', 'ke', 'neraka', '.']"
Kumpulan penyamun itu telah melarikan diri.,noun,negative,-0.8,"['kumpulan', 'penyamun', 'itu', 'telah', 'melarikan', 'diri', '.']"
Dia mendapat feel yang baik tentang projek ini.,noun,neutral,0.0,"['dia', 'mendapat', 'feel', 'yang', 'baik', 'tentang', 'projek', 'ini', '.']"
Kenapa dia tidak datang hari ini?,interrogative adverb,neutral,0.0,"['kenapa', 'dia', 'tidak', 'datang', 'hari', 'ini', '?']"
Ayah dan ibu pergi ke pasar.,conjunction,neutral,0.0,"['ayah', 'dan', 'ibu', 'pergi', 'ke', 'pasar', '.']"
Dia akan datang ke rumah saya esok.,verb,neutral,0.0,"['dia', 'akan', 'datang', 'ke', 'rumah', 'saya', 'esok', '.']"
Kes jenayah itu masih dalam siasatan.,noun,neutral,0.0,"['kes', 'jenayah', 'itu', 'masih', 'dalam', 'siasatan', '.']"
Buku ini adalah edisi terhad.,noun,neutral,0.0,"['buku', 'ini', 'adalah', 'edisi', 'terhad', '.']"
Langit dilitupi awan gelap.,noun,neutral,0.0,"['langit', 'dilitupi', 'awan', 'gelap', '.']"
Dia berasa takut untuk berjalan sendirian di malam hari.,adjective,negative,-0.8,"['dia', 'berasa', 'takut', 'untuk', 'berjalan', 'sendirian', 'di', 'malam', 'hari', '.']"
Jangan jadi orang yang banggang.,adjective,negative,-0.7,"['jangan', 'jadi', 'orang', 'yang', 'banggang', '.']"
Kumpulan penjenayah itu menyamun bank semalam.,verb,negative,-0.8,"['kumpulan', 'penjenayah', 'itu', 'menyamun', 'bank', 'semalam', '.']"
Dia mencari path yang betul untuk masa depannya.,noun,neutral,0.0,"['dia', 'mencari', 'path', 'yang', 'betul', 'untuk', 'masa', 'depannya', '.']"
Pemandu itu menabrakkan keretanya ke pokok.,verb,negative,-0.6,"['pemandu', 'itu', 'menabrakkan', 'keretanya', 'ke', 'pokok', '.']"
Hari ini cuaca sangat baik.,noun,neutral,0.0,"['hari', 'ini', 'cuaca', 'sangat', 'baik', '.']"
Kalian boleh mula sekarang.,pronoun,neutral,0.0,"['kalian', 'boleh', 'mula', 'sekarang', '.']"
"Aduhai, malangnya nasib dia.",interjection,neutral,0.0,"['aduhai', ',', 'malangnya', 'nasib', 'dia', '.']"
Ayat itu bermaksud untuk menjelaskan sesuatu.,verb,neutral,0.0,"['ayat', 'itu', 'bermaksud', 'untuk', 'menjelaskan', 'sesuatu', '.']"
Dia belajar untuk menjaga self (diri)nya.,noun,neutral,0.0,"['dia', 'belajar', 'untuk', 'menjaga', 'self', '(', 'diri)nya', '.']"
Kami selalu membantu jiran kami.,noun,neutral,0.0,"['kami', 'selalu', 'membantu', 'jiran', 'kami', '.']"
Dia memilih baju yang lain.,adjective,neutral,0.0,"['dia', 'memilih', 'baju', 'yang', 'lain', '.']"
Dia berlari menggunakan legs (kakinya) dengan pantas.,noun,neutral,0.0,"['dia', 'berlari', 'menggunakan', 'legs', '(', 'kakinya', ')', 'dengan', 'pantas', '.']"
Bunga itu sudah mati.,verb,negative,-0.7,"['bunga', 'itu', 'sudah', 'mati', '.']"
"Ini adalah wang real (sebenar), bukan palsu.",adjective,neutral,0.0,"['ini', 'adalah', 'wang', 'real', '(', 'sebenar', ')', ',', 'bukan', 'palsu', '.']"
Windshield kereta saya retak.,noun,neutral,0.0,"['windshield', 'kereta', 'saya', 'retak', '.']"
Dia mempunyai muka yang cantik.,noun,neutral,0.0,"['dia', 'mempunyai', 'muka', 'yang', 'cantik', '.']"
Kita harus menghormati orang tua.,auxiliary verb,neutral,0.0,"['kita', 'harus', 'menghormati', 'orang', 'tua', '.']"
Buku itu ada di atas meja.,demonstrative pronoun,neutral,0.0,"['buku', 'itu', 'ada', 'di', 'atas', 'meja', '.']"
Dia cedera parah dalam kemalangan itu.,adjective,negative,-0.6,"['dia', 'cedera', 'parah', 'dalam', 'kemalangan', 'itu', '.']"
Jaraknya kira-kira 1-2 kilometer dari sini.,noun,neutral,0.0,"['jaraknya', 'kira', '-', 'kira', '1', '-', '2', 'kilometer', 'dari', 'sini', '.']"
Dia bekerja di kilang pembuatan kereta.,noun,neutral,0.0,"['dia', 'bekerja', 'di', 'kilang', 'pembuatan', 'kereta', '.']"
Mesin itu tidak berfungsi dengan baik.,verb,neutral,0.0,"['mesin', 'itu', 'tidak', 'berfungsi', 'dengan', 'baik', '.']"
Dia perlu menjaga diri sendiri.,pronoun,neutral,0.0,"['dia', 'perlu', 'menjaga', 'diri', 'sendiri', '.']"
The robbers (perompak) telah ditangkap.,noun,negative,-0.8,"['the', 'robbers', '(', 'perompak', ')', 'telah', 'ditangkap', '.']"
Dia perlu keluar dari bangunan itu sekarang.,verb,neutral,0.0,"['dia', 'perlu', 'keluar', 'dari', 'bangunan', 'itu', 'sekarang', '.']"
Kerja sekolah saya dh siap.,adverb,neutral,0.0,"['kerja', 'sekolah', 'saya', 'dh', 'siap', '.']"
Ini adalah gabungan kata 'merah-jambu'.,punctuation,neutral,0.0,"['ini', 'adalah', 'gabungan', 'kata', ""'"", 'merah', '-', 'jambu', ""'"", '.']"
Sila stop kereta anda di tepi jalan.,verb,neutral,0.0,"['sila', 'stop', 'kereta', 'anda', 'di', 'tepi', 'jalan', '.']"
Kita patut menolong orang yang dalam kesusahan.,verb,positive,0.7,"['kita', 'patut', 'menolong', 'orang', 'yang', 'dalam', 'kesusahan', '.']"
Dia datang dari Kuala Lumpur.,preposition,neutral,0.0,"['dia', 'datang', 'dari', 'kuala', 'lumpur', '.']"
Bunyi alarm kebakaran sangat kuat.,noun,neutral,0.0,"['bunyi', 'alarm', 'kebakaran', 'sangat', 'kuat', '.']"
Perbuatan itu boleh membahayakan nyawa orang lain.,verb,negative,-0.8,"['perbuatan', 'itu', 'boleh', 'membahayakan', 'nyawa', 'orang', 'lain', '.']"
"Aduhh, sakitnya kepala saya!",interjection,negative,-0.3,"['aduhh', ',', 'sakitnya', 'kepala', 'saya', '!']"
Saya nak makan nasi lemak.,auxiliary verb,neutral,0.0,"['saya', 'nak', 'makan', 'nasi', 'lemak', '.']"
Ini adalah aktiviti biasa pada hujung minggu.,adjective,neutral,0.0,"['ini', 'adalah', 'aktiviti', 'biasa', 'pada', 'hujung', 'minggu', '.']"
Di dalam hutan itu tiada bekalan air.,adverb,neutral,0.0,"['di', 'dalam', 'hutan', 'itu', 'tiada', 'bekalan', 'air', '.']"
Rumah tu sangat cantik.,demonstrative pronoun,neutral,0.0,"['rumah', 'tu', 'sangat', 'cantik', '.']"
Dia dah confirm kehadiran untuk mesyuarat.,verb,neutral,0.0,"['dia', 'dah', 'confirm', 'kehadiran', 'untuk', 'mesyuarat', '.']"
Buah pisang itu lenyek di dalam beg.,verb,negative,-0.5,"['buah', 'pisang', 'itu', 'lenyek', 'di', 'dalam', 'beg', '.']"
Ko nak pergi mana hari ini?,pronoun,neutral,0.0,"['ko', 'nak', 'pergi', 'mana', 'hari', 'ini', '?']"
Tumbuhan itu mati kerana kekurangan air.,verb,negative,-0.9,"['tumbuhan', 'itu', 'mati', 'kerana', 'kekurangan', 'air', '.']"
Kita semua hidup di atas bumi ini.,noun,neutral,0.0,"['kita', 'semua', 'hidup', 'di', 'atas', 'bumi', 'ini', '.']"
Dia sentiasa berusaha untuk menjadi yang terbaik.,adverb,neutral,0.0,"['dia', 'sentiasa', 'berusaha', 'untuk', 'menjadi', 'yang', 'terbaik', '.']"
Bangunan lama itu sudah hncur sepenuhnya.,adjective,negative,-0.7,"['bangunan', 'lama', 'itu', 'sudah', 'hncur', 'sepenuhnya', '.']"
Dia ditangkap kerana curi dompet.,verb,negative,-0.8,"['dia', 'ditangkap', 'kerana', 'curi', 'dompet', '.']"
Sekumpulan lelaki merompak kedai emas semalam.,verb,negative,-0.9,"['sekumpulan', 'lelaki', 'merompak', 'kedai', 'emas', 'semalam', '.']"
Baju mereka berwarna sama.,adjective,neutral,0.0,"['baju', 'mereka', 'berwarna', 'sama', '.']"
Dia seorang kawan yang sangat baik.,noun,positive,0.6,"['dia', 'seorang', 'kawan', 'yang', 'sangat', 'baik', '.']"
Setoran wang telah dibuat ke dalam akaun bank.,noun,neutral,0.0,"['setoran', 'wang', 'telah', 'dibuat', 'ke', 'dalam', 'akaun', 'bank', '.']"
Ramai orang berkumpul di dataran.,noun,neutral,0.0,"['ramai', 'orang', 'berkumpul', 'di', 'dataran', '.']"
Dia hanya ingin berehat di rumah.,adverb,neutral,0.0,"['dia', 'hanya', 'ingin', 'berehat', 'di', 'rumah', '.']"
Mari kita coba resepi baru ini.,verb,neutral,0.0,"['mari', 'kita', 'coba', 'resepi', 'baru', 'ini', '.']"
Kereta itu undur sedikit ke belakang.,verb,neutral,0.0,"['kereta', 'itu', 'undur', 'sedikit', 'ke', 'belakang', '.']"
Dia da sampai di sana.,adverb,neutral,0.0,"['dia', 'da', 'sampai', 'di', 'sana', '.']"
Kerata baharu itu diparkir di hadapan rumah.,noun,neutral,0.0,"['kerata', 'baharu', 'itu', 'diparkir', 'di', 'hadapan', 'rumah', '.']"
Dia membawa buku-buku ke perpustakaan.,verb,neutral,0.0,"['dia', 'membawa', 'buku', '-', 'buku', 'ke', 'perpustakaan', '.']"
Dia lgsg pulang ke rumah selepas kerja.,adverb,neutral,0.0,"['dia', 'lgsg', 'pulang', 'ke', 'rumah', 'selepas', 'kerja', '.']"
Mereka sedang melakukan persiapan untuk majlis itu.,verb,neutral,0.0,"['mereka', 'sedang', 'melakukan', 'persiapan', 'untuk', 'majlis', 'itu', '.']"
"Dia membeli epal, oren, dan pisang.",punctuation,neutral,0.0,"['dia', 'membeli', 'epal', ',', 'oren', ',', 'dan', 'pisang', '.']"
Aku akan pergi ke sana nanti.,pronoun,neutral,0.0,"['aku', 'akan', 'pergi', 'ke', 'sana', 'nanti', '.']"
Memakai tali pinggang keledar adalah wajib.,adjective,positive,0.1,"['memakai', 'tali', 'pinggang', 'keledar', 'adalah', 'wajib', '.']"
Dia perlu bertindak sekarang.,adverb,neutral,0.0,"['dia', 'perlu', 'bertindak', 'sekarang', '.']"
Ada banyak buku di rak itu.,adjective,neutral,0.0,"['ada', 'banyak', 'buku', 'di', 'rak', 'itu', '.']"
Sikapnya yang positif disenangi ramai.,noun,neutral,0.0,"['sikapnya', 'yang', 'positif', 'disenangi', 'ramai', '.']"
Penyertaan dalam program ini mendatangkan banyak faedah.,noun,positive,0.7,"['penyertaan', 'dalam', 'program', 'ini', 'mendatangkan', 'banyak', 'faedah', '.']"
Penjahat itu todongkan pisau ke arah mangsa.,verb,negative,-0.7,"['penjahat', 'itu', 'todongkan', 'pisau', 'ke', 'arah', 'mangsa', '.']"
Cepatlah sikit laa.,particle,neutral,0.0,"['cepatlah', 'sikit', 'laa', '.']"
Patutnya dia sudah sampai sekarang.,adverb,neutral,0.0,"['patutnya', 'dia', 'sudah', 'sampai', 'sekarang', '.']"
Dia sedang membaiki mobilnya yang rosak.,noun,neutral,0.0,"['dia', 'sedang', 'membaiki', 'mobilnya', 'yang', 'rosak', '.']"
"Dia bukannya sedih, cuma penat.",adverb,neutral,0.0,"['dia', 'bukannya', 'sedih', ',', 'cuma', 'penat', '.']"
Basikalnya ditantak oleh sebuah lori.,verb,negative,-0.8,"['basikalnya', 'ditantak', 'oleh', 'sebuah', 'lori', '.']"
Mereka berjalan smpi ke hujung kampung.,verb,neutral,0.0,"['mereka', 'berjalan', 'smpi', 'ke', 'hujung', 'kampung', '.']"
Buku itu ada di atas meja.,preposition,neutral,0.0,"['buku', 'itu', 'ada', 'di', 'atas', 'meja', '.']"
Kita perlu lindungi hutan daripada musnah.,verb,positive,0.8,"['kita', 'perlu', 'lindungi', 'hutan', 'daripada', 'musnah', '.']"
Jangan bercakap seperti babi.,noun,negative,-0.6,"['jangan', 'bercakap', 'seperti', 'babi', '.']"
Jalan raya itu sangat bhaye pada waktu malam.,adjective,negative,-0.8,"['jalan', 'raya', 'itu', 'sangat', 'bhaye', 'pada', 'waktu', 'malam', '.']"
Pasar itu selalu rmai dengan pengunjung.,adjective,neutral,0.0,"['pasar', 'itu', 'selalu', 'rmai', 'dengan', 'pengunjung', '.']"
"Dia asyik ""keh keh keh"" bila dengar cerita lawak tu.",interjection,neutral,0.0,"['dia', 'asyik', '""', 'keh', 'keh', 'keh', '""', 'bila', 'dengar', 'cerita', 'lawak', 'tu', '.']"
Tu...biar sajalah dia buat keputusan sendiri.,"pronoun, verb",neutral,0.0,"['tu', '.', 'biar', 'sajalah', 'dia', 'buat', 'keputusan', 'sendiri', '.']"
Mereka mengambil bahagian masing2 dalam pertandingan itu.,pronoun,neutral,0.0,"['mereka', 'mengambil', 'bahagian', 'masing2', 'dalam', 'pertandingan', 'itu', '.']"
Jangan hantam orang tanpa sebab.,verb,negative,-0.7,"['jangan', 'hantam', 'orang', 'tanpa', 'sebab', '.']"
"Dia berteriak, ""Mampuslah kau!"" dalam kemarahannya.",verb,negative,-1.0,"['dia', 'berteriak', ',', '""', 'mampuslah', 'kau', '!', '""', 'dalam', 'kemarahannya', '.']"
Knp awak tak datang semalam?,interrogative adverb,neutral,0.0,"['knp', 'awak', 'tak', 'datang', 'semalam', '?']"
This lah yang saya nak cakap.,demonstrative pronoun,neutral,0.0,"['this', 'lah', 'yang', 'saya', 'nak', 'cakap', '.']"
"Dia tak datang, jd saya pergi seorang.","conjunction, adverb",neutral,0.0,"['dia', 'tak', 'datang', ',', 'jd', 'saya', 'pergi', 'seorang', '.']"
Awak kene pergi sekarang.,"verb, auxiliary verb",neutral,0.0,"['awak', 'kene', 'pergi', 'sekarang', '.']"
Kereta baru dia memang power!,"noun, adjective",positive,0.6,"['kereta', 'baru', 'dia', 'memang', 'power', '!']"
Dia tahan sakit itu dengan sabar.,verb,neutral,0.0,"['dia', 'tahan', 'sakit', 'itu', 'dengan', 'sabar', '.']"
Berita terkini disiarkan di televisyen.,noun,neutral,0.0,"['berita', 'terkini', 'disiarkan', 'di', 'televisyen', '.']"
Tolong ambilkan buku di atas meja itu.,verb,neutral,0.0,"['tolong', 'ambilkan', 'buku', 'di', 'atas', 'meja', 'itu', '.']"
Saya datang melawat jee.,adverb,neutral,0.0,"['saya', 'datang', 'melawat', 'jee', '.']"
Be lah dia buat apa dia nak.,verb,neutral,0.0,"['be', 'lah', 'dia', 'buat', 'apa', 'dia', 'nak', '.']"
Rumah saya ada di dpn sekolah.,"noun, preposition",neutral,0.0,"['rumah', 'saya', 'ada', 'di', 'dpn', 'sekolah', '.']"
Kereta itu hancur setelah terlibat dalam kemalangan.,"adjective, verb",negative,-0.8,"['kereta', 'itu', 'hancur', 'setelah', 'terlibat', 'dalam', 'kemalangan', '.']"
Dia ngga datang semalam.,adverb,neutral,0.0,"['dia', 'ngga', 'datang', 'semalam', '.']"
"Aduhai, malangnya nasibnya!",interjection,negative,-0.5,"['aduhai', ',', 'malangnya', 'nasibnya', '!']"
Sila tutup pintu itu.,verb,neutral,0.0,"['sila', 'tutup', 'pintu', 'itu', '.']"
Dia tidak datang ke majlis itu.,adverb,neutral,0.0,"['dia', 'tidak', 'datang', 'ke', 'majlis', 'itu', '.']"
Dia kerat roti itu kepada empat bahagian.,verb,neutral,0.0,"['dia', 'kerat', 'roti', 'itu', 'kepada', 'empat', 'bahagian', '.']"
Ada banyak buku di perpustakaan itu.,"verb, auxiliary verb",neutral,0.0,"['ada', 'banyak', 'buku', 'di', 'perpustakaan', 'itu', '.']"
Buku itu menjadi lunyai kerana terkena hujan.,adjective,negative,-0.6,"['buku', 'itu', 'menjadi', 'lunyai', 'kerana', 'terkena', 'hujan', '.']"
Saya x pergi sekolah hari ni.,adverb,neutral,0.0,"['saya', 'x', 'pergi', 'sekolah', 'hari', 'ni', '.']"
"Jangan lanjak kerja itu, siapkan segera.",verb,neutral,-0.2,"['jangan', 'lanjak', 'kerja', 'itu', ',', 'siapkan', 'segera', '.']"
Tingkap...kenapa tak ditutup rapat?,"noun, interrogative adverb",neutral,0.0,"['tingkap', '.', 'kenapa', 'tak', 'ditutup', 'rapat', '?']"
Fon saya dah rosak..hahahha.,"adjective, interjection",neutral,0.0,"['fon', 'saya', 'dah', 'rosak', '.', 'hahahha', '.']"
Dia sedang menutup pintu biliknya.,verb,neutral,0.0,"['dia', 'sedang', 'menutup', 'pintu', 'biliknya', '.']"
Bas itu langgar tiang lampu.,verb,negative,-0.7,"['bas', 'itu', 'langgar', 'tiang', 'lampu', '.']"
Dia menunjukkan keberanian yang luar biasa.,noun,positive,0.8,"['dia', 'menunjukkan', 'keberanian', 'yang', 'luar', 'biasa', '.']"
Letak buku itu di situ.,"adverb, pronoun",neutral,0.0,"['letak', 'buku', 'itu', 'di', 'situ', '.']"
Banjir itu sbbkan banyak kerosakan.,verb,neutral,0.0,"['banjir', 'itu', 'sbbkan', 'banyak', 'kerosakan', '.']"
Cuaca makin panas.,adverb,neutral,0.0,"['cuaca', 'makin', 'panas', '.']"
Setiap warga negara mempunyai hak untuk bersuara.,noun,neutral,0.0,"['setiap', 'warga', 'negara', 'mempunyai', 'hak', 'untuk', 'bersuara', '.']"
Awak buat pa tu?,interrogative pronoun,neutral,0.0,"['awak', 'buat', 'pa', 'tu', '?']"
Saya rase tak sedap badan.,"verb, noun",neutral,0.0,"['saya', 'rase', 'tak', 'sedap', 'badan', '.']"
Aq nak makan sekarang.,pronoun,neutral,0.0,"['aq', 'nak', 'makan', 'sekarang', '.']"
Dia makan lagi.,adverb,neutral,0.0,"['dia', 'makan', 'lagi', '.']"
Kumpulan preman itu sering mengganggu penduduk.,noun,negative,-0.8,"['kumpulan', 'preman', 'itu', 'sering', 'mengganggu', 'penduduk', '.']"
PASTIKAN semua pintu berkunci sebelum tidur.,verb,positive,0.3,"['pastikan', 'semua', 'pintu', 'berkunci', 'sebelum', 'tidur', '.']"
Dia disabit bersalah atas tuduhan rasuah.,verb,negative,-0.7,"['dia', 'disabit', 'bersalah', 'atas', 'tuduhan', 'rasuah', '.']"
"Balik dari kerja, malam..penat sangat.","noun, adjective",negative,-0.5,"['balik', 'dari', 'kerja', ',', 'malam', '.', 'penat', 'sangat', '.']"
Saya takde duit sekarang.,adverb,neutral,0.0,"['saya', 'takde', 'duit', 'sekarang', '.']"
Dia suka ambil selfe di tempat menarik.,noun,neutral,0.0,"['dia', 'suka', 'ambil', 'selfe', 'di', 'tempat', 'menarik', '.']"
Tuan rumah menyambut tetamu dengan mesra.,"noun, title",neutral,0.0,"['tuan', 'rumah', 'menyambut', 'tetamu', 'dengan', 'mesra', '.']"
Dia nunjukin gambar-gambar percutiannya.,verb,neutral,0.0,"['dia', 'nunjukin', 'gambar', '-', 'gambar', 'percutiannya', '.']"
Ini buku saya.,demonstrative pronoun,neutral,0.0,"['ini', 'buku', 'saya', '.']"
Dia datang langsung ke rumah saya. (Secara terus) / Dia tidak langsung peduli. (Sama sekali tidak),adverb,neutral,0.0,"['dia', 'datang', 'langsung', 'ke', 'rumah', 'saya', '.', '(', 'secara', 'terus', ')', '/', 'dia', 'tidak', 'langsung', 'peduli', '.', '(', 'sama', 'sekali', 'tidak', ')']"
Dia hiris bawang itu nipis-nipis.,"pronoun, verb",neutral,0.0,"['dia', 'hiris', 'bawang', 'itu', 'nipis', '-', 'nipis', '.']"
Dia belajar sikit2 untuk memahami topik itu.,adverb,neutral,0.0,"['dia', 'belajar', 'sikit2', 'untuk', 'memahami', 'topik', 'itu', '.']"
Berita itu buat saya 😭😂😂,interjection,neutral,0.0,"['berita', 'itu', 'buat', 'saya', 'loudly', 'crying', 'faceface', 'with', 'tears', 'of', 'joyface', 'with', 'tears', 'of', 'joy']"
Teknologi moden telah mengubah cara kita bekerja.,noun,neutral,0.0,"['teknologi', 'moden', 'telah', 'mengubah', 'cara', 'kita', 'bekerja', '.']"
"Assalamualaikum, selamat pagi semua!",interjection,positive,0.8,"['assalamualaikum', ',', 'selamat', 'pagi', 'semua', '!']"
Kami sedang buat planning untuk projek baharu.,noun,neutral,0.0,"['kami', 'sedang', 'buat', 'planning', 'untuk', 'projek', 'baharu', '.']"
Tada! Ini hadiah untuk awak!,interjection,positive,0.5,"['tada', '!', 'ini', 'hadiah', 'untuk', 'awak', '!']"
Saya suka makan nasi lemak.,pronoun,neutral,0.0,"['saya', 'suka', 'makan', 'nasi', 'lemak', '.']"
Dia menunjukkan arah ke perpustakaan.,verb,neutral,0.0,"['dia', 'menunjukkan', 'arah', 'ke', 'perpustakaan', '.']"
Saya dn awak pergi ke pasar.,conjunction,neutral,0.0,"['saya', 'dn', 'awak', 'pergi', 'ke', 'pasar', '.']"
Dia perlu percaya pada diri sendiri.,noun,neutral,0.0,"['dia', 'perlu', 'percaya', 'pada', 'diri', 'sendiri', '.']"
Semoga kita semua mendapat Rizki yang berkat.,noun,positive,0.7,"['semoga', 'kita', 'semua', 'mendapat', 'rizki', 'yang', 'berkat', '.']"
Jawapan yang diberi itu salah.,adjective,negative,-0.7,"['jawapan', 'yang', 'diberi', 'itu', 'salah', '.']"
Jiran² saya sangat peramah.,noun,neutral,0.0,"['jiran²', 'saya', 'sangat', 'peramah', '.']"
Saya pingin makan aiskrim sekarang.,verb,neutral,0.0,"['saya', 'pingin', 'makan', 'aiskrim', 'sekarang', '.']"
Pergilah la kalau nak.,particle,neutral,0.0,"['pergilah', 'la', 'kalau', 'nak', '.']"
Awak kne ikut arahan ini.,auxiliary verb,neutral,0.0,"['awak', 'kne', 'ikut', 'arahan', 'ini', '.']"
Dia dah makan tengah hari.,adverb,neutral,0.0,"['dia', 'dah', 'makan', 'tengah', 'hari', '.']"
Penjenayah itu dihukum masuk penjara.,noun,negative,-0.8,"['penjenayah', 'itu', 'dihukum', 'masuk', 'penjara', '.']"
"Cerita itu sangat lucu, Hahhaha.",interjection,positive,0.6,"['cerita', 'itu', 'sangat', 'lucu', ',', 'hahhaha', '.']"
Plat nombor kereta saya hilang.,noun,neutral,0.0,"['plat', 'nombor', 'kereta', 'saya', 'hilang', '.']"
Penyamun itu berjaya diberkas polis.,noun,negative,-0.9,"['penyamun', 'itu', 'berjaya', 'diberkas', 'polis', '.']"
Soalan peperiksaan itu sangat senang.,adjective,positive,0.7,"['soalan', 'peperiksaan', 'itu', 'sangat', 'senang', '.']"
Dia plak yang perlu buat kerja itu.,particle,neutral,0.0,"['dia', 'plak', 'yang', 'perlu', 'buat', 'kerja', 'itu', '.']"
Kesalahan itu harus diperbaiki segera.,noun,negative,-0.7,"['kesalahan', 'itu', 'harus', 'diperbaiki', 'segera', '.']"
Dia bagi saya sebiji epal.,verb,neutral,0.0,"['dia', 'bagi', 'saya', 'sebiji', 'epal', '.']"
Buku itu ada pada saya.,preposition,neutral,0.0,"['buku', 'itu', 'ada', 'pada', 'saya', '.']"
Perampuk itu ditangkap ketika cuba melarikan diri.,noun,negative,-0.9,"['perampuk', 'itu', 'ditangkap', 'ketika', 'cuba', 'melarikan', 'diri', '.']"
"ALHAMDULILLAH, projek kami berjalan lancar.",interjection,positive,0.9,"['alhamdulillah', ',', 'projek', 'kami', 'berjalan', 'lancar', '.']"
Pergi sajalah.... saya dah penat.,particle,neutral,0.0,"['pergi', 'sajalah', '.', 'saya', 'dah', 'penat', '.']"
Jgn lupa kunci pintu sebelum keluar.,auxiliary verb,neutral,0.0,"['jgn', 'lupa', 'kunci', 'pintu', 'sebelum', 'keluar', '.']"
Membunuh adalah satu jenayah yang kejam.,verb,negative,-1.0,"['membunuh', 'adalah', 'satu', 'jenayah', 'yang', 'kejam', '.']"
Agama islam mengajar tentang keamanan dan toleransi.,noun,neutral,0.0,"['agama', 'islam', 'mengajar', 'tentang', 'keamanan', 'dan', 'toleransi', '.']"
"Wauu, cantiknya pemandangan ini!",interjection,positive,0.6,"['wauu', ',', 'cantiknya', 'pemandangan', 'ini', '!']"
Kami dah sempai ke destinasi.,verb,neutral,0.0,"['kami', 'dah', 'sempai', 'ke', 'destinasi', '.']"
Dia teri nama saya dari jauh.,verb,neutral,0.0,"['dia', 'teri', 'nama', 'saya', 'dari', 'jauh', '.']"
Kejadian itu berlaku pada waktu malam.,verb,neutral,0.0,"['kejadian', 'itu', 'berlaku', 'pada', 'waktu', 'malam', '.']"
Dia tidak sengaja pcahkan pasu bunga itu.,verb,negative,-0.5,"['dia', 'tidak', 'sengaja', 'pcahkan', 'pasu', 'bunga', 'itu', '.']"
Dia terlibat dalam kemalangan mautt.,noun,negative,-0.9,"['dia', 'terlibat', 'dalam', 'kemalangan', 'mautt', '.']"
Pttnye dia dah sampai sekarang.,adverb,neutral,0.0,"['pttnye', 'dia', 'dah', 'sampai', 'sekarang', '.']"
Pelabuhan Tanjung Priok merupakan pelabuhan tersibuk di Indonesia.,proper noun,neutral,0.0,"['pelabuhan', 'tanjung', 'priok', 'merupakan', 'pelabuhan', 'tersibuk', 'di', 'indonesia', '.']"
Tangannya kudung akibat kemalangan itu.,adjective,negative,-0.7,"['tangannya', 'kudung', 'akibat', 'kemalangan', 'itu', '.']"
Dia datang aja untuk melawat.,adverb,neutral,0.0,"['dia', 'datang', 'aja', 'untuk', 'melawat', '.']"
Dia adalah ahli kelab drama sekolah.,noun,neutral,0.0,"['dia', 'adalah', 'ahli', 'kelab', 'drama', 'sekolah', '.']"
Kami masih menyiasat kejadiannya.,noun,neutral,0.0,"['kami', 'masih', 'menyiasat', 'kejadiannya', '.']"
Ramai orang datang ke majlis perkahwinan itu.,adjective,neutral,0.0,"['ramai', 'orang', 'datang', 'ke', 'majlis', 'perkahwinan', 'itu', '.']"
Buat jela apa yang awak rasa betul.,particle,neutral,0.0,"['buat', 'jela', 'apa', 'yang', 'awak', 'rasa', 'betul', '.']"
Suspek kes itu ditahan di lokap.,noun,negative,-0.8,"['suspek', 'kes', 'itu', 'ditahan', 'di', 'lokap', '.']"
Dia mempunyai tabiat yang agak pelik.,adjective,neutral,0.0,"['dia', 'mempunyai', 'tabiat', 'yang', 'agak', 'pelik', '.']"
Tolonglah saya angkat kotak berat ini.,verb,positive,0.6,"['tolonglah', 'saya', 'angkat', 'kotak', 'berat', 'ini', '.']"
Terlalu banyak kerja buat saya 😵,interjection,negative,-0.5,"['terlalu', 'banyak', 'kerja', 'buat', 'saya', 'face', 'with', 'crossed', '-', 'out', 'eyes']"
Biarkan dia mampos kalau tak nak dengar cakap!,verb,negative,-0.8,"['biarkan', 'dia', 'mampos', 'kalau', 'tak', 'nak', 'dengar', 'cakap', '!']"
Dia memanggil saya 'babi' kerana marah.,noun,negative,-0.7,"['dia', 'memanggil', 'saya', ""'"", 'babi', ""'"", 'kerana', 'marah', '.']"
Askar itu sangat berani berdepan dengan musuh.,adjective,positive,0.8,"['askar', 'itu', 'sangat', 'berani', 'berdepan', 'dengan', 'musuh', '.']"
Dia takut pada hantu dan kegelapan.,adjective,negative,-0.7,"['dia', 'takut', 'pada', 'hantu', 'dan', 'kegelapan', '.']"
Saya sedang berada di rumah.,verb / adjective,neutral,0.0,"['saya', 'sedang', 'berada', 'di', 'rumah', '.']"
Kereta itu jahanam teruk akibat kemalangan.,noun / adjective,negative,-0.9,"['kereta', 'itu', 'jahanam', 'teruk', 'akibat', 'kemalangan', '.']"
Tolong letak buku itu di atas meja.,verb,neutral,0.0,"['tolong', 'letak', 'buku', 'itu', 'di', 'atas', 'meja', '.']"
Human beings have complex emotions.,noun,neutral,0.0,"['human', 'beings', 'have', 'complex', 'emotions', '.']"
Rumah tu cantik sangat.,demonstrative pronoun,neutral,0.0,"['rumah', 'tu', 'cantik', 'sangat', '.']"
Persembahan mereka dsyat sungguh!,adjective,neutral,0.0,"['persembahan', 'mereka', 'dsyat', 'sungguh', '!']"
Pahlawan itu dikatakan kebal daripada sebarang serangan.,adjective,positive,0.7,"['pahlawan', 'itu', 'dikatakan', 'kebal', 'daripada', 'sebarang', 'serangan', '.']"
Dia cabut rumput di halaman rumah.,verb,neutral,0.0,"['dia', 'cabut', 'rumput', 'di', 'halaman', 'rumah', '.']"
Dia terus berjalan tanpa menoleh.,adverb,neutral,0.0,"['dia', 'terus', 'berjalan', 'tanpa', 'menoleh', '.']"
Every student must submit their assignment.,determiner,neutral,0.0,"['every', 'student', 'must', 'submit', 'their', 'assignment', '.']"
Kanak-kanak itu suka bermain Roblox.,proper noun,neutral,0.0,"['kanak', '-', 'kanak', 'itu', 'suka', 'bermain', 'roblox', '.']"
Saya pon tidak tahu menahu.,particle,neutral,0.0,"['saya', 'pon', 'tidak', 'tahu', 'menahu', '.']"
Kami perlukkan bantuan segera untuk menyiapkan tugasan ini.,verb,neutral,0.0,"['kami', 'perlukkan', 'bantuan', 'segera', 'untuk', 'menyiapkan', 'tugasan', 'ini', '.']"
"Eh, awak dah sampai ke?",interjection,neutral,0.0,"['eh', ',', 'awak', 'dah', 'sampai', 'ke', '?']"
Beberapa penyamun2 telah ditangkap polis semalam.,noun,negative,-0.8,"['beberapa', 'penyamun2', 'telah', 'ditangkap', 'polis', 'semalam', '.']"
What is your name?,noun,neutral,0.0,"['what', 'is', 'your', 'name', '?']"
Dia masih belajar di universiti.,adverb,neutral,0.0,"['dia', 'masih', 'belajar', 'di', 'universiti', '.']"
Kucingnya mati selepas dilanggar kereta.,verb / adjective,negative,-0.8,"['kucingnya', 'mati', 'selepas', 'dilanggar', 'kereta', '.']"
Pihak polis buntuti suspek selama beberapa hari.,verb,neutral,0.0,"['pihak', 'polis', 'buntuti', 'suspek', 'selama', 'beberapa', 'hari', '.']"
Dia membuka tingkap untuk membiarkan angin masuk.,noun,neutral,0.0,"['dia', 'membuka', 'tingkap', 'untuk', 'membiarkan', 'angin', 'masuk', '.']"
Kita mesti pertahankan kedaulatan negara.,verb,positive,0.8,"['kita', 'mesti', 'pertahankan', 'kedaulatan', 'negara', '.']"
"Buku itu menarik, ianya patut dibaca oleh semua.",pronoun,neutral,0.0,"['buku', 'itu', 'menarik', ',', 'ianya', 'patut', 'dibaca', 'oleh', 'semua', '.']"
Kami melawat gua batu kapur yang indah. / Gua tak nak pergi lah.,noun / pronoun,neutral,0.0,"['kami', 'melawat', 'gua', 'batu', 'kapur', 'yang', 'indah', '.', '/', 'gua', 'tak', 'nak', 'pergi', 'lah', '.']"
Dia pukul bola itu dengan kuat. / Sekarang pukul berapa?,verb / noun,neutral,0.0,"['dia', 'pukul', 'bola', 'itu', 'dengan', 'kuat', '.', '/', 'sekarang', 'pukul', 'berapa', '?']"
Janganlah buat kerja bodo macam tu.,adjective,negative,-0.7,"['janganlah', 'buat', 'kerja', 'bodo', 'macam', 'tu', '.']"
Bgi saya air sejuk.,preposition / verb,neutral,0.0,"['bgi', 'saya', 'air', 'sejuk', '.']"
Sya rasa benda tu tak betul.,pronoun,neutral,0.0,"['sya', 'rasa', 'benda', 'tu', 'tak', 'betul', '.']"
Bunyinya sangat kuat dan mengganggu.,noun,neutral,0.0,"['bunyinya', 'sangat', 'kuat', 'dan', 'mengganggu', '.']"
Cepatlah sikit dong!,particle,neutral,0.0,"['cepatlah', 'sikit', 'dong', '!']"
Pelaburan itu mengalami kerugian besar.,adjective / verb,negative,-0.7,"['pelaburan', 'itu', 'mengalami', 'kerugian', 'besar', '.']"
Geramnya saya dengan perangai dia yang tak berubah!,adjective,negative,-0.6,"['geramnya', 'saya', 'dengan', 'perangai', 'dia', 'yang', 'tak', 'berubah', '!']"
Dia sedang bercakap di telefon.,noun / verb,neutral,0.0,"['dia', 'sedang', 'bercakap', 'di', 'telefon', '.']"
Dia keluar dengan cewek barunya malam tadi.,noun,neutral,0.0,"['dia', 'keluar', 'dengan', 'cewek', 'barunya', 'malam', 'tadi', '.']"
Saya Nak makan nasi lemak.,auxiliary verb,neutral,0.0,"['saya', 'nak', 'makan', 'nasi', 'lemak', '.']"
"Tunggu sebentar, saya datang.",adverb,neutral,0.0,"['tunggu', 'sebentar', ',', 'saya', 'datang', '.']"
Diorng semua dah balik rumah.,pronoun,neutral,0.0,"['diorng', 'semua', 'dah', 'balik', 'rumah', '.']"
Wanita itu bekerja sebagai seorang jurutera.,noun,neutral,0.0,"['wanita', 'itu', 'bekerja', 'sebagai', 'seorang', 'jurutera', '.']"
Dia didapati bersalah atas tuduhan mencuri.,adjective,negative,-0.6,"['dia', 'didapati', 'bersalah', 'atas', 'tuduhan', 'mencuri', '.']"
Ape yang awak nak buat ni?,interrogative pronoun,neutral,0.0,"['ape', 'yang', 'awak', 'nak', 'buat', 'ni', '?']"
Dia datang dari Kuala Lumpur.,preposition,neutral,0.0,"['dia', 'datang', 'dari', 'kuala', 'lumpur', '.']"
Surat itu DARI kawan lamanya.,preposition,neutral,0.0,"['surat', 'itu', 'dari', 'kawan', 'lamanya', '.']"
Suara jiran itu sangat bising.,adjective,negative,-0.5,"['suara', 'jiran', 'itu', 'sangat', 'bising', '.']"
Dia seorang prempuan yang gigih.,noun,neutral,0.0,"['dia', 'seorang', 'prempuan', 'yang', 'gigih', '.']"
Beg plastik itu mudah koyak.,noun / adjective,neutral,0.0,"['beg', 'plastik', 'itu', 'mudah', 'koyak', '.']"
Ada macam2 barang di kedai itu.,adjective / adverb,neutral,0.0,"['ada', 'macam2', 'barang', 'di', 'kedai', 'itu', '.']"
Penjenayah itu bertopeng ketika merompak bank.,verb / adjective,neutral,0.0,"['penjenayah', 'itu', 'bertopeng', 'ketika', 'merompak', 'bank', '.']"
Kenapa dia pulak yang kena?,particle,neutral,0.0,"['kenapa', 'dia', 'pulak', 'yang', 'kena', '?']"
Makcik Kiah menjual kuih di pasar.,noun,neutral,0.0,"['makcik', 'kiah', 'menjual', 'kuih', 'di', 'pasar', '.']"
Dia telah taubat dari perbuatan buruknya dan memohon ampun.,noun / verb,positive,0.7,"['dia', 'telah', 'taubat', 'dari', 'perbuatan', 'buruknya', 'dan', 'memohon', 'ampun', '.']"
Dia kelihatan seperti ayahnya.,preposisi,neutral,0.0,"['dia', 'kelihatan', 'seperti', 'ayahnya', '.']"
Ada banyak korban dalam kemalangan itu.,noun,negative,-0.7,"['ada', 'banyak', 'korban', 'dalam', 'kemalangan', 'itu', '.']"
Apa yang kau lakukan?,kata ganti nama diri kedua,neutral,0.0,"['apa', 'yang', 'kau', 'lakukan', '?']"
Dia diperlakukan seperti paria oleh masyarakat itu.,noun,negative,-0.8,"['dia', 'diperlakukan', 'seperti', 'paria', 'oleh', 'masyarakat', 'itu', '.']"
Dia suka melihat bintang pada waktu malam.,verb,neutral,0.0,"['dia', 'suka', 'melihat', 'bintang', 'pada', 'waktu', 'malam', '.']"
Mereka berlari helter-skelter setelah mendengar letupan.,adverb,negative,-0.6,"['mereka', 'berlari', 'helter', '-', 'skelter', 'setelah', 'mendengar', 'letupan', '.']"
Driver bas itu sangat berhati-hati.,noun,neutral,0.0,"['driver', 'bas', 'itu', 'sangat', 'berhati', '-', 'hati', '.']"
Kereta itu tabrak dinding.,verb,negative,-0.8,"['kereta', 'itu', 'tabrak', 'dinding', '.']"
Tlg tutup pintu itu.,interjection,neutral,0.0,"['tlg', 'tutup', 'pintu', 'itu', '.']"
Raja itu berkuasa penuh atas negaranya.,verb,neutral,0.0,"['raja', 'itu', 'berkuasa', 'penuh', 'atas', 'negaranya', '.']"
Pasukan itu mengalahkan lawan mereka.,noun,neutral,0.0,"['pasukan', 'itu', 'mengalahkan', 'lawan', 'mereka', '.']"
Makanan itu sudah hbis.,adjective,neutral,0.0,"['makanan', 'itu', 'sudah', 'hbis', '.']"
"Menurut laporan, hujan akan turun esok.",preposisi,neutral,0.0,"['menurut', 'laporan', ',', 'hujan', 'akan', 'turun', 'esok', '.']"
Saya have kerja banyak.,verb,neutral,0.0,"['saya', 'have', 'kerja', 'banyak', '.']"
Dia sedang blajar untuk peperiksaan.,verb,neutral,0.0,"['dia', 'sedang', 'blajar', 'untuk', 'peperiksaan', '.']"
Dia pecahkan cermin tingkap itu.,verb,negative,-0.7,"['dia', 'pecahkan', 'cermin', 'tingkap', 'itu', '.']"
Sape nama kamu?,kata ganti nama tanya,neutral,0.0,"['sape', 'nama', 'kamu', '?']"
Dia tak datang sbb sakit.,konjungsi,neutral,0.0,"['dia', 'tak', 'datang', 'sbb', 'sakit', '.']"
Dia pun datang.,partikel,neutral,0.0,"['dia', 'pun', 'datang', '.']"
Seluruh dunia sedang menghadapi cabaran ini.,noun,neutral,0.0,"['seluruh', 'dunia', 'sedang', 'menghadapi', 'cabaran', 'ini', '.']"
Dia tinggal di sini smentara waktu.,adverb,neutral,0.0,"['dia', 'tinggal', 'di', 'sini', 'smentara', 'waktu', '.']"
Pawagam itu akan menayangkan filem baru esok.,verb,neutral,0.0,"['pawagam', 'itu', 'akan', 'menayangkan', 'filem', 'baru', 'esok', '.']"
Saya pernah melawat Indonesia.,noun,neutral,0.0,"['saya', 'pernah', 'melawat', 'indonesia', '.']"
Mangsa kemalangan itu terselamat daripada maut.,verb,positive,0.8,"['mangsa', 'kemalangan', 'itu', 'terselamat', 'daripada', 'maut', '.']"
Mari kita pandang kedepan.,adverb,neutral,0.0,"['mari', 'kita', 'pandang', 'kedepan', '.']"
Ade makanan lagi ke?,verb,neutral,0.0,"['ade', 'makanan', 'lagi', 'ke', '?']"
Dia ditelan ular hidup2.,adverb,neutral,0.0,"['dia', 'ditelan', 'ular', 'hidup2', '.']"
Sila follow arahan saya.,verb,neutral,0.0,"['sila', 'follow', 'arahan', 'saya', '.']"
Dia merasa gembira dengan berita itu.,verb,neutral,0.0,"['dia', 'merasa', 'gembira', 'dengan', 'berita', 'itu', '.']"
"Dia tidak datang, instead adiknya yang datang.",adverb,neutral,0.0,"['dia', 'tidak', 'datang', ',', 'instead', 'adiknya', 'yang', 'datang', '.']"
Dia bersumpah akan sentiasa jujur.,noun,neutral,0.0,"['dia', 'bersumpah', 'akan', 'sentiasa', 'jujur', '.']"
Dia berdepan dengan cabaran disituasi yang sukar.,preposisi + noun,neutral,0.0,"['dia', 'berdepan', 'dengan', 'cabaran', 'disituasi', 'yang', 'sukar', '.']"
"Walaupun xkaya, dia tetap gembira.",adjective,negative,-0.5,"['walaupun', 'xkaya', ',', 'dia', 'tetap', 'gembira', '.']"
Jawapan kamu betul.,adjective,positive,0.7,"['jawapan', 'kamu', 'betul', '.']"
Persembahan mereka sangat hebat.,adjective,positive,0.9,"['persembahan', 'mereka', 'sangat', 'hebat', '.']"
Ini adalah cerita yang sebenar.,adjective,neutral,0.0,"['ini', 'adalah', 'cerita', 'yang', 'sebenar', '.']"
Saya hv banyak buku.,verb,neutral,0.0,"['saya', 'hv', 'banyak', 'buku', '.']"
Dia na makan nasi.,verb,neutral,0.0,"['dia', 'na', 'makan', 'nasi', '.']"
Perompak itu ditangkap polis.,noun,negative,-0.9,"['perompak', 'itu', 'ditangkap', 'polis', '.']"
Dia belajar kungfu sejak kecil.,noun,neutral,0.0,"['dia', 'belajar', 'kungfu', 'sejak', 'kecil', '.']"
Dia mcm ayah dia.,preposisi,neutral,0.0,"['dia', 'mcm', 'ayah', 'dia', '.']"
Kanak-kanak itu gembira dengan mainan barunya.,noun,positive,0.6,"['kanak', '-', 'kanak', 'itu', 'gembira', 'dengan', 'mainan', 'barunya', '.']"
Dia memandu kereta baharunya.,noun,neutral,0.0,"['dia', 'memandu', 'kereta', 'baharunya', '.']"
Kerja itu suda siap.,adverb,neutral,0.0,"['kerja', 'itu', 'suda', 'siap', '.']"
Televisyen saya rosak.,adjective,negative,-0.8,"['televisyen', 'saya', 'rosak', '.']"
Saya ada 3 biji epal.,nombor,neutral,0.0,"['saya', 'ada', '3', 'biji', 'epal', '.']"
Dia orang first yang sampai.,adjective,neutral,0.0,"['dia', 'orang', 'first', 'yang', 'sampai', '.']"
"Klu hujan, kita tak pergi.",konjungsi,neutral,0.0,"['klu', 'hujan', ',', 'kita', 'tak', 'pergi', '.']"
Saya tdk tahu.,adverb,neutral,0.0,"['saya', 'tdk', 'tahu', '.']"
Dia mengambil buku dari meja.,verb,neutral,0.0,"['dia', 'mengambil', 'buku', 'dari', 'meja', '.']"
Dia berjanji akan mencintainya seumur hidup.,adverb,neutral,0.0,"['dia', 'berjanji', 'akan', 'mencintainya', 'seumur', 'hidup', '.']"
Baju tu cantik sangat.,demonstrative pronoun,neutral,0.0,"['baju', 'tu', 'cantik', 'sangat', '.']"
Lambatnyaaa dia sampai!,particle,neutral,0.0,"['lambatnyaaa', 'dia', 'sampai', '!']"
Saya sudah makan.,adverb,neutral,0.0,"['saya', 'sudah', 'makan', '.']"
Dia mewarisi banyak harta daripada bapanya.,noun,neutral,0.0,"['dia', 'mewarisi', 'banyak', 'harta', 'daripada', 'bapanya', '.']"
Kita patut memuji usaha gigih mereka.,verb,positive,0.7,"['kita', 'patut', 'memuji', 'usaha', 'gigih', 'mereka', '.']"
Segala puji bagi Allah.,proper noun,positive,0.9,"['segala', 'puji', 'bagi', 'allah', '.']"
Mereka akan mengundang tetamu ke majlis perkahwinan. / Kita mesti mematuhi undang-undang.,verb/noun,neutral,0.0,"['mereka', 'akan', 'mengundang', 'tetamu', 'ke', 'majlis', 'perkahwinan', '.', '/', 'kita', 'mesti', 'mematuhi', 'undang', '-', 'undang', '.']"
Saya tahu jawapannya.,verb,neutral,0.0,"['saya', 'tahu', 'jawapannya', '.']"
Kereta itu terlanggar tiang elektrik.,verb,negative,-0.6,"['kereta', 'itu', 'terlanggar', 'tiang', 'elektrik', '.']"
Kata-kata itu kedengaran kasar seperti jubor.,noun,negative,-0.8,"['kata', '-', 'kata', 'itu', 'kedengaran', 'kasar', 'seperti', 'jubor', '.']"
Keselamatan awam adalah keutamaan.,noun,positive,0.8,"['keselamatan', 'awam', 'adalah', 'keutamaan', '.']"
"Dia bukan sahaja tidak datang, malah tidak menghubungi kami.",conjunction,neutral,0.0,"['dia', 'bukan', 'sahaja', 'tidak', 'datang', ',', 'malah', 'tidak', 'menghubungi', 'kami', '.']"
Seorang pemimpin yang baik sentiasa mendahulukan rakyat.,noun,neutral,0.0,"['seorang', 'pemimpin', 'yang', 'baik', 'sentiasa', 'mendahulukan', 'rakyat', '.']"
Buku TU yang saya cari.,demonstrative pronoun,neutral,0.0,"['buku', 'tu', 'yang', 'saya', 'cari', '.']"
