tokens,partOfSpeech,sentimentTag,sentimentStrength,overallSentenceTag,overallSentenceStrength
"['barang', 'yang', 'diimport', 'itu', 'akan', 'melalui', 'pemeriksaan', 'kastam', '.']","['noun', 'pronoun, conjunction', 'unknown', 'demonstrative pronoun', 'auxiliary verb', 'unknown', 'unknown', 'noun', 'unknown']","['neutral', 'neutral', 'unknown', 'neutral', 'neutral', 'unknown', 'unknown', 'neutral', 'unknown']","[0.0, 0.0, 0.0, 0.0, 0.0, 0.0, 0.0, 0.0, 0.0]",neutral,0.0
"['saya', 'perlu', 'membeli', 'phone', 'baru', '.']","['pronoun', 'verb/adjective', 'unknown', 'noun', 'adjective, adverb', 'unknown']","['neutral', 'neutral', 'unknown', 'neutral', 'neutral', 'unknown']","[0.0, 0.0, 0.0, 0.0, 0.0, 0.0]",neutral,0.0
"['inilah', 'yang', 'saya', 'cari', 'selama', 'ini', '.']","['demonstrative pronoun', 'pronoun, conjunction', 'pronoun', 'verb', 'unknown', 'demonstrative pronoun', 'unknown']","['neutral', 'neutral', 'neutral', 'neutral', 'unknown', 'neutral', 'unknown']","[0.0, 0.0, 0.0, 0.0, 0.0, 0.0, 0.0]",neutral,0.0
"['this', 'is', 'my', 'book', '.']","['demonstrative pronoun', 'verb', 'unknown', 'unknown', 'unknown']","['neutral', 'neutral', 'unknown', 'unknown', 'unknown']","[0.0, 0.0, 0.0, 0.0, 0.0]",neutral,0.0
"['ramai', '.orang', 'hadir', 'ke', 'majlis', 'itu', '.']","['adjective', 'noun', 'unknown', 'particle (interrogative)', 'unknown', 'demonstrative pronoun', 'unknown']","['neutral', 'neutral', 'unknown', 'neutral', 'unknown', 'neutral', 'unknown']","[0.1, 0.0, 0.0, 0.0, 0.0, 0.0, 0.0]",neutral,0.0
"['awak', 'bole', 'datang', 'esok', '?']","['unknown', 'modal verb', 'verb', 'unknown', 'punctuation']","['unknown', 'neutral', 'neutral', 'unknown', 'neutral']","[0.0, 0.0, 0.0, 0.0, 0.0]",neutral,0.0
"['apakah', 'pendapat', 'anda', 'tentang', 'isu', 'ini', '?']","['unknown', 'unknown', 'pronoun', 'unknown', 'unknown', 'demonstrative pronoun', 'punctuation']","['unknown', 'unknown', 'neutral', 'unknown', 'unknown', 'neutral', 'neutral']","[0.0, 0.0, 0.0, 0.0, 0.0, 0.0, 0.0]",neutral,0.0
"['dia', 'membeli', 'epal', ',', ',', 'oren', 'dan', 'pisang', '.']","['pronoun', 'unknown', 'unknown', 'punctuation', 'punctuation', 'unknown', 'conjunction', 'unknown', 'unknown']","['neutral', 'unknown', 'unknown', 'neutral', 'neutral', 'unknown', 'neutral', 'unknown', 'unknown']","[0.0, 0.0, 0.0, 0.0, 0.0, 0.0, 0.0, 0.0, 0.0]",neutral,0.0
"['kami', 'meletakkan', 'harapan', 'yang', 'tinggi', 'terhadap', 'projek', 'ini', '.']","['unknown', 'unknown', 'noun', 'pronoun, conjunction', 'adjective', 'unknown', 'unknown', 'demonstrative pronoun', 'unknown']","['unknown', 'unknown', 'positive', 'neutral', 'neutral', 'unknown', 'unknown', 'neutral', 'unknown']","[0.0, 0.0, 0.7, 0.0, 0.0, 0.0, 0.0, 0.0, 0.0]",positive,0.7
"['dia', 'selalu', 'datang', 'awal', 'ke', 'pejabat', '.']","['pronoun', 'adverb', 'verb', 'unknown', 'particle (interrogative)', 'unknown', 'unknown']","['neutral', 'neutral', 'neutral', 'unknown', 'neutral', 'unknown', 'unknown']","[0.0, 0.0, 0.0, 0.0, 0.0, 0.0, 0.0]",neutral,0.0
"['polis', 'berjaya', 'menumpaskan', 'cubaan', 'seludup', 'dadah', '.']","['noun', 'unknown', 'unknown', 'noun', 'verb', 'noun', 'unknown']","['neutral', 'unknown', 'unknown', 'neutral', 'negative', 'negative', 'unknown']","[0.0, 0.0, 0.0, 0.0, -0.8, -0.8, 0.0]",negative,-0.8
"['awak', 'dari', 'mana', '?']","['unknown', 'preposition', 'interrogative pronoun', 'punctuation']","['unknown', 'neutral', 'neutral', 'neutral']","[0.0, 0.0, 0.0, 0.0]",neutral,0.0
"['beberapa', 'orang', 'pelajar', 'telah', 'hadir', '.']","['determiner', 'noun', 'unknown', 'unknown', 'unknown', 'unknown']","['neutral', 'neutral', 'unknown', 'unknown', 'unknown', 'unknown']","[0.0, 0.0, 0.0, 0.0, 0.0, 0.0]",neutral,0.0
"['sepatutnya', 'dia', 'sudah', 'sampai', 'sekarang', '.']","['adverb', 'pronoun', 'adverb', 'verb', 'adverb', 'unknown']","['neutral', 'neutral', 'neutral', 'neutral', 'neutral', 'unknown']","[0.0, 0.0, 0.0, 0.0, 0.0, 0.0]",neutral,0.0
"['kerja', 'awak', 'memang', 'victory', 'handok', 'handthumbs', 'up', '!']","['verb', 'unknown', 'adverb', 'unknown', 'unknown', 'unknown', 'unknown', 'unknown']","['neutral', 'unknown', 'neutral', 'unknown', 'unknown', 'unknown', 'unknown', 'unknown']","[0.0, 0.0, 0.0, 0.0, 0.0, 0.0, 0.0, 0.0]",positive,0.9
"['kes', 'itu', 'akan', 'dibawa', 'ke', 'mahkamah', ',', 'pada', 'minggu', 'depan', '.']","['noun', 'demonstrative pronoun', 'auxiliary verb', 'unknown', 'particle (interrogative)', 'unknown', 'punctuation', 'preposition', 'unknown', 'noun', 'unknown']","['neutral', 'neutral', 'neutral', 'unknown', 'neutral', 'unknown', 'neutral', 'neutral', 'unknown', 'neutral', 'unknown']","[0.0, 0.0, 0.0, 0.0, 0.0, 0.0, 0.0, 0.0, 0.0, 0.0, 0.0]",neutral,0.0
"['mari', 'kita', '.', 'pergi', 'bersama', '.']","['unknown', 'pronoun', 'unknown', 'verb', 'unknown', 'unknown']","['unknown', 'neutral', 'unknown', 'neutral', 'unknown', 'unknown']","[0.0, 0.0, 0.0, 0.0, 0.0, 0.0]",neutral,0.0
"['dia', 'makan', 'nasi', ',', '.pastu', 'minum', 'air', '.']","['pronoun', 'verb', 'unknown', 'punctuation', 'unknown', 'verb', 'unknown', 'unknown']","['neutral', 'neutral', 'unknown', 'neutral', 'unknown', 'neutral', 'unknown', 'unknown']","[0.0, 0.0, 0.0, 0.0, 0.0, 0.0, 0.0, 0.0]",neutral,0.0
"['jangan', 'jadi', 'bodo', ',', 'fikirkan', 'baik', '-', 'baik', '.']","['particle', 'verb / conjunction', 'adjective', 'punctuation', 'unknown', 'adjective', 'punctuation', 'adjective', 'unknown']","['neutral', 'neutral', 'negative', 'neutral', 'unknown', 'positive', 'neutral', 'positive', 'unknown']","[0.0, 0.0, -0.7, 0.0, 0.0, 0.8, 0.0, 0.8, 0.0]",negative,-0.7
"['dia', 'ingin', 'mnjadi', 'doktor', 'apabila', 'dewasa', 'nanti', '.']","['pronoun', 'verb', 'verb', 'unknown', 'unknown', 'unknown', 'adverb', 'unknown']","['neutral', 'neutral', 'neutral', 'unknown', 'unknown', 'unknown', 'neutral', 'unknown']","[0.0, 0.0, 0.0, 0.0, 0.0, 0.0, 0.0, 0.0]",neutral,0.0
"['berita', 'tentang', 'perampok,,takut', 'itu', 'tersebar', 'luas', '.']","['noun', 'unknown', 'noun', 'demonstrative pronoun', 'unknown', 'unknown', 'unknown']","['neutral', 'unknown', 'negative', 'neutral', 'unknown', 'unknown', 'unknown']","[0.0, 0.0, -0.9, 0.0, 0.0, 0.0, 0.0]",negative,-0.9
"['dia', 'de', 'kat', 'sana', 'ke', '?']","['pronoun', 'colloquialism', 'preposition / verb (informal)', 'unknown', 'particle (interrogative)', 'punctuation']","['neutral', 'neutral', 'neutral', 'unknown', 'neutral', 'neutral']","[0.0, 0.0, 0.0, 0.0, 0.0, 0.0]",neutral,0.0
"['we', 'will', 'be', 'together', 'forever', '.']","['unknown', 'auxiliary verb', 'verb', 'unknown', 'adverb', 'unknown']","['unknown', 'neutral', 'neutral', 'unknown', 'neutral', 'unknown']","[0.0, 0.0, 0.0, 0.0, 0.0, 0.0]",neutral,0.0
"['dia', 'datang', 'jugak', '.', 'walaupun', 'lambat', '.']","['pronoun', 'verb', 'adverb', 'unknown', 'conjunction', 'unknown', 'unknown']","['neutral', 'neutral', 'neutral', 'unknown', 'neutral', 'unknown', 'unknown']","[0.0, 0.0, 0.0, 0.0, 0.0, 0.0, 0.0]",neutral,0.0
"['dia', 'meletakkan', 'taruhan', '.', 'yang', 'besar', 'pada', 'perlumbaan', 'itu', '.']","['pronoun', 'unknown', 'noun', 'unknown', 'pronoun, conjunction', 'adjective', 'preposition', 'unknown', 'demonstrative pronoun', 'unknown']","['neutral', 'unknown', 'neutral', 'unknown', 'neutral', 'neutral', 'neutral', 'unknown', 'neutral', 'unknown']","[0.0, 0.0, 0.0, 0.0, 0.0, 0.0, 0.0, 0.0, 0.0, 0.0]",neutral,0.0
"['dia', 'mengatakan', 'bahwa', 'dia', 'akan', 'datang', '.']","['pronoun', 'unknown', 'conjunction', 'pronoun', 'auxiliary verb', 'verb', 'unknown']","['neutral', 'unknown', 'neutral', 'neutral', 'neutral', 'neutral', 'unknown']","[0.0, 0.0, 0.0, 0.0, 0.0, 0.0, 0.0]",neutral,0.0
"['kereta', 'itu', 'bergerak', 'terlalu', 'laju', '.']","['kata nama', 'demonstrative pronoun', 'unknown', 'adverb', 'adjective', 'unknown']","['neutral', 'neutral', 'unknown', 'neutral', 'neutral', 'unknown']","[0.0, 0.0, 0.0, 0.0, 0.0, 0.0]",neutral,0.0
"['hola', ',', 'apa', 'khabar', '?']","['interjection', 'punctuation', 'pronoun', 'unknown', 'punctuation']","['positive', 'neutral', 'neutral', 'unknown', 'neutral']","[0.3, 0.0, 0.0, 0.0, 0.0]",positive,0.3
"['anjing', '-', 'anjing', 'di', 'jalan', 'itu', 'kelihatan', 'kelaparan', '.']","['noun', 'punctuation', 'noun', 'preposition', 'noun/verb', 'demonstrative pronoun', 'unknown', 'unknown', 'unknown']","['neutral', 'neutral', 'neutral', 'neutral', 'neutral', 'neutral', 'unknown', 'unknown', 'unknown']","[0.0, 0.0, 0.0, 0.0, 0.0, 0.0, 0.0, 0.0, 0.0]",negative,-0.4
"['pasai', 'apa', 'dia', 'tak', 'datang', '?']","['preposition', 'pronoun', 'pronoun', 'adverb (negation)', 'verb', 'punctuation']","['neutral', 'neutral', 'neutral', 'neutral', 'neutral', 'neutral']","[0.0, 0.0, 0.0, 0.0, 0.0, 0.0]",neutral,0.0
"['kenapa', 'dia', 'tak', 'datang', '?', 'xdak', ',', 'tulaa', '.']","['interrogative pronoun/adverb', 'pronoun', 'adverb (negation)', 'verb', 'punctuation', 'unknown', 'punctuation', 'unknown', 'unknown']","['neutral', 'neutral', 'neutral', 'neutral', 'neutral', 'unknown', 'neutral', 'unknown', 'unknown']","[0.0, 0.0, 0.0, 0.0, 0.0, 0.0, 0.0, 0.0, 0.0]",neutral,0.0
"['duit', 'saya', 'xde', 'dalam', 'dompet', '.']","['noun', 'pronoun', 'colloquialism', 'preposition', 'unknown', 'unknown']","['neutral', 'neutral', 'neutral', 'neutral', 'unknown', 'unknown']","[0.0, 0.0, 0.0, 0.0, 0.0, 0.0]",neutral,0.0
"['semua', 'makhluk', 'hidup', 'perlu', 'air', '.']","['quantifier / pronoun', 'unknown', 'verb, adjective', 'verb/adjective', 'unknown', 'unknown']","['neutral', 'unknown', 'positive', 'neutral', 'unknown', 'unknown']","[0.0, 0.0, 0.5, 0.0, 0.0, 0.0]",positive,0.5
"['keputusan', 'itu', 'tetap', 'tidak', 'boleh', 'diubah', '.']","['unknown', 'demonstrative pronoun', 'adjective, adverb', 'adverb', 'modal verb', 'unknown', 'unknown']","['unknown', 'neutral', 'neutral', 'neutral', 'neutral', 'unknown', 'unknown']","[0.0, 0.0, 0.0, 0.0, 0.0, 0.0, 0.0]",neutral,0.0
"['saya', 'baru', 'membeli', 'car', '.', 'baru', '.']","['pronoun', 'adjective, adverb', 'unknown', 'noun', 'unknown', 'adjective, adverb', 'unknown']","['neutral', 'neutral', 'unknown', 'neutral', 'unknown', 'neutral', 'unknown']","[0.0, 0.0, 0.0, 0.0, 0.0, 0.0, 0.0]",neutral,0.0
"['dia', 'memandu', 'slow2.kuku', 'di', 'jalan', 'yang', 'licin', '.']","['pronoun', 'unknown', 'unknown', 'preposition', 'noun/verb', 'pronoun, conjunction', 'unknown', 'unknown']","['neutral', 'unknown', 'unknown', 'neutral', 'neutral', 'neutral', 'unknown', 'unknown']","[0.0, 0.0, 0.0, 0.0, 0.0, 0.0, 0.0, 0.0]",neutral,0.0
"['mesyuarat', 'itu', 'berlangsung', 'selama', 'tiga', 'puluh', 'minit', '.']","['unknown', 'demonstrative pronoun', 'unknown', 'unknown', 'unknown', 'unknown', 'noun', 'unknown']","['unknown', 'neutral', 'unknown', 'unknown', 'unknown', 'unknown', 'neutral', 'unknown']","[0.0, 0.0, 0.0, 0.0, 0.0, 0.0, 0.0, 0.0]",neutral,0.0
"['dia', 'hampir', 'mampus', 'dilanggar', 'kereta', '.']","['pronoun', 'kata keterangan/kata sifat', 'verb, exclamation', 'verb', 'kata nama', 'unknown']","['neutral', 'neutral', 'negative', 'negative', 'neutral', 'unknown']","[0.0, 0.0, -0.9, -0.6, 0.0, 0.0]",negative,-0.9
"['produk', 'd9', 'telah', 'dilancarkan', 'di', 'pasaran', '.']","['unknown', 'code', 'unknown', 'unknown', 'preposition', 'unknown', 'unknown']","['unknown', 'neutral', 'unknown', 'unknown', 'neutral', 'unknown', 'unknown']","[0.0, 0.0, 0.0, 0.0, 0.0, 0.0, 0.0]",neutral,0.0
"['pihak', 'polis', 'berjaya', 'menangkap', 'pnyamun', 'itu', '.']","['noun', 'noun', 'unknown', 'unknown', 'noun', 'demonstrative pronoun', 'unknown']","['neutral', 'neutral', 'unknown', 'unknown', 'negative', 'neutral', 'unknown']","[0.0, 0.0, 0.0, 0.0, -0.9, 0.0, 0.0]",negative,-0.9
"['buku', 'ni', ',', 'saya', 'punya', '.']","['unknown', 'pronoun', 'punctuation', 'pronoun', 'verb, auxiliary, possessive marker', 'unknown']","['unknown', 'neutral', 'neutral', 'neutral', 'neutral', 'unknown']","[0.0, 0.0, 0.0, 0.0, 0.0, 0.0]",neutral,0.0
"['kami', 'akan', 'makan', 'malam', 'di', 'restoran', 'itu', '.']","['unknown', 'auxiliary verb', 'verb', 'unknown', 'preposition', 'unknown', 'demonstrative pronoun', 'unknown']","['unknown', 'neutral', 'neutral', 'unknown', 'neutral', 'unknown', 'neutral', 'unknown']","[0.0, 0.0, 0.0, 0.0, 0.0, 0.0, 0.0, 0.0]",neutral,0.0
"['apa', 'time', 'kita', 'nak', 'jumpa', '?']","['pronoun', 'noun', 'pronoun', 'auxiliary verb', 'verb', 'punctuation']","['neutral', 'neutral', 'neutral', 'neutral', 'neutral', 'neutral']","[0.0, 0.0, 0.0, 0.0, 0.0, 0.0]",neutral,0.0
"['perkara', 'tersebut', '.', 'perlu', 'diberi', 'perhatian', '.']","['unknown', 'adjective', 'unknown', 'verb/adjective', 'verb', 'noun', 'unknown']","['unknown', 'neutral', 'unknown', 'neutral', 'neutral', 'positive', 'unknown']","[0.0, 0.0, 0.0, 0.0, 0.0, 0.5, 0.0]",neutral,0.0
"['arahan', 'yang', 'diberikan', 'sangat', 'jelas', '.']","['unknown', 'pronoun, conjunction', 'unknown', 'adverb', 'adjective', 'unknown']","['unknown', 'neutral', 'unknown', 'neutral', 'positive', 'unknown']","[0.0, 0.0, 0.0, 0.0, 0.4, 0.0]",positive,0.4
"['rumah', 'saya', 'dkt', 'dengan', 'sekolah', '.']","['noun', 'pronoun', 'preposition', 'preposition', 'unknown', 'unknown']","['neutral', 'neutral', 'neutral', 'neutral', 'unknown', 'unknown']","[0.0, 0.0, 0.0, 0.0, 0.0, 0.0]",neutral,0.0
"['kami', 'bekerja', 'sehingga', 'larut', 'malam', '.']","['unknown', 'unknown', 'conjunction, preposition', 'unknown', 'unknown', 'unknown']","['unknown', 'unknown', 'neutral', 'unknown', 'unknown', 'unknown']","[0.0, 0.0, 0.0, 0.0, 0.0, 0.0]",neutral,0.0
"['jawapan', 'awak', 'wrong', '.']","['unknown', 'unknown', 'adjective', 'unknown']","['unknown', 'unknown', 'negative', 'unknown']","[0.0, 0.0, -0.5, 0.0]",negative,-0.5
"['dia', 'baru', 'tiba', 'dari', 'kuala', 'lumpur', '.']","['pronoun', 'adjective, adverb', 'unknown', 'preposition', 'noun', 'unknown', 'unknown']","['neutral', 'neutral', 'unknown', 'neutral', 'neutral', 'unknown', 'unknown']","[0.0, 0.0, 0.0, 0.0, 0.0, 0.0, 0.0]",neutral,0.0
"['saya', 'datang', 'saja', 'untuk', 'melihat', '.']","['pronoun', 'verb', 'adverb', 'preposition', 'verb', 'unknown']","['neutral', 'neutral', 'neutral', 'neutral', 'neutral', 'unknown']","[0.0, 0.0, 0.0, 0.0, 0.0, 0.0]",neutral,0.0
"['saksi', 'menceritakan', 'kejadiannya', 'dengan', 'terperinci', '.']","['unknown', 'unknown', 'noun', 'preposition', 'unknown', 'unknown']","['unknown', 'unknown', 'neutral', 'neutral', 'unknown', 'unknown']","[0.0, 0.0, 0.0, 0.0, 0.0, 0.0]",neutral,0.0
"['awak', 'patut', 'buat', 'macamni', '.']","['unknown', 'adjective', 'kata kerja', 'adverb', 'unknown']","['unknown', 'positive', 'neutral', 'neutral', 'unknown']","[0.0, 0.5, 0.0, 0.0, 0.0]",neutral,0.0
"['dia', 'tercarut', 'apabila', 'jarinya', 'tersepit', 'pintu', '.']","['pronoun', 'verb', 'unknown', 'unknown', 'unknown', 'noun', 'unknown']","['neutral', 'negative', 'unknown', 'unknown', 'unknown', 'neutral', 'unknown']","[0.0, -0.6, 0.0, 0.0, 0.0, 0.0, 0.0]",negative,-0.6
"['jumpa', 'nnti', '.']","['verb', 'adverb', 'unknown']","['neutral', 'neutral', 'unknown']","[0.0, 0.0, 0.0]",neutral,0.0
"['kami', 'ada', 'respek', 'yang', 'tinggi', 'padanya', '.']","['unknown', 'verb', 'noun', 'pronoun, conjunction', 'adjective', 'unknown', 'unknown']","['unknown', 'neutral', 'positive', 'neutral', 'neutral', 'unknown', 'unknown']","[0.0, 0.0, 0.7, 0.0, 0.0, 0.0, 0.0]",positive,0.7
"['buah', '-', 'buahan', 'berlambak', 'di', 'pasar', '.']","['unknown', 'punctuation', 'unknown', 'adjective', 'preposition', 'noun', 'unknown']","['unknown', 'neutral', 'unknown', 'neutral', 'neutral', 'neutral', 'unknown']","[0.0, 0.0, 0.0, 0.2, 0.0, 0.0, 0.0]",neutral,0.2
"['awak', 'boleh', 'pergi', 'sekarang', '.']","['unknown', 'modal verb', 'verb', 'adverb', 'unknown']","['unknown', 'neutral', 'neutral', 'neutral', 'unknown']","[0.0, 0.0, 0.0, 0.0, 0.0]",neutral,0.0
"['dia', 'kehilangan', 'semua', 'taruhannya', 'semalam', '.']","['pronoun', 'unknown', 'quantifier / pronoun', 'unknown', 'unknown', 'unknown']","['neutral', 'unknown', 'neutral', 'unknown', 'unknown', 'unknown']","[0.0, 0.0, 0.0, 0.0, 0.0, 0.0]",neutral,0.0
"['polis', 'menahan', 'beberapa', 'orang', 'tersangka', 'dalam', 'kes', 'rompakan', 'itu', '.']","['noun', 'unknown', 'determiner', 'noun', 'noun', 'preposition', 'noun', 'kata nama', 'demonstrative pronoun', 'unknown']","['neutral', 'unknown', 'neutral', 'neutral', 'negative', 'neutral', 'neutral', 'negative', 'neutral', 'unknown']","[0.0, 0.0, 0.0, 0.0, -0.5, 0.0, 0.0, -0.8, 0.0, 0.0]",negative,-0.5
"['knpa', 'awak', 'tak', 'datang', 'semalam', '?']","['interrogative adverb', 'unknown', 'adverb (negation)', 'verb', 'unknown', 'punctuation']","['neutral', 'unknown', 'neutral', 'neutral', 'unknown', 'neutral']","[0.0, 0.0, 0.0, 0.0, 0.0, 0.0]",neutral,0.0
"['dia', 'suka', 'minum', 'air', 'sejuk', '.']","['pronoun', 'verb', 'verb', 'unknown', 'unknown', 'unknown']","['neutral', 'positive', 'neutral', 'unknown', 'unknown', 'unknown']","[0.0, 0.7, 0.0, 0.0, 0.0, 0.0]",neutral,0.0
"['kalau', 'awak', 'setuju', ',', 'kita', 'boleh', 'teruskan', '.']","['conjunction', 'unknown', 'unknown', 'punctuation', 'pronoun', 'modal verb', 'verb', 'unknown']","['neutral', 'unknown', 'unknown', 'neutral', 'neutral', 'neutral', 'neutral', 'unknown']","[0.0, 0.0, 0.0, 0.0, 0.0, 0.0, 0.0, 0.0]",neutral,0.0
"['dia', 'nak', 'jumpa', 'awak', 'now', '.']","['pronoun', 'auxiliary verb', 'verb', 'unknown', 'adverb', 'unknown']","['neutral', 'neutral', 'neutral', 'unknown', 'neutral', 'unknown']","[0.0, 0.0, 0.0, 0.0, 0.0, 0.0]",neutral,0.0
"['dia', 'sedang', 'menunggu', 'di', 'luar', 'rumah', '.']","['pronoun', 'unknown', 'unknown', 'preposition', 'adverb', 'noun', 'unknown']","['neutral', 'unknown', 'unknown', 'neutral', 'neutral', 'neutral', 'unknown']","[0.0, 0.0, 0.0, 0.0, 0.0, 0.0, 0.0]",neutral,0.0
"['buku', 'hok', 'dia', 'baca', 'tu', 'menarik', '.']","['unknown', 'conjunction', 'pronoun', 'unknown', 'pronoun', 'unknown', 'unknown']","['unknown', 'neutral', 'neutral', 'unknown', 'neutral', 'unknown', 'unknown']","[0.0, 0.0, 0.0, 0.0, 0.0, 0.0, 0.0]",neutral,0.0
"['yah', ',', 'betul', 'tu', '!']","['interjection', 'punctuation', 'adjective', 'pronoun', 'unknown']","['neutral', 'neutral', 'positive', 'neutral', 'unknown']","[0.0, 0.0, 0.6, 0.0, 0.0]",neutral,0.0
"['rumah', 'itu', 'sangat', 'besar', '.']","['noun', 'demonstrative pronoun', 'adverb', 'adjective', 'unknown']","['neutral', 'neutral', 'neutral', 'neutral', 'unknown']","[0.0, 0.0, 0.0, 0.0, 0.0]",neutral,0.0
"['dia', 'lari', 'ke', 'arah', 'hutan', '.']","['pronoun', 'verb', 'particle (interrogative)', 'unknown', 'unknown', 'unknown']","['neutral', 'neutral', 'neutral', 'unknown', 'unknown', 'unknown']","[0.0, 0.0, 0.0, 0.0, 0.0, 0.0]",neutral,0.0
"['dia', 'menjadi', 'kaya', 'setelah', 'berjaya', 'dalam', 'perniagaan', '.']","['pronoun', 'unknown', 'adjective', 'unknown', 'unknown', 'preposition', 'unknown', 'unknown']","['neutral', 'unknown', 'positive', 'unknown', 'unknown', 'neutral', 'unknown', 'unknown']","[0.0, 0.0, 0.8, 0.0, 0.0, 0.0, 0.0, 0.0]",positive,0.8
"['bdx', '-', 'bdx', 'tu', 'main', 'bola', 'di', 'padang', '.']","['noun', 'punctuation', 'noun', 'pronoun', 'verb', 'kata nama', 'preposition', 'unknown', 'unknown']","['neutral', 'neutral', 'neutral', 'neutral', 'neutral', 'neutral', 'neutral', 'unknown', 'unknown']","[0.0, 0.0, 0.0, 0.0, 0.0, 0.0, 0.0, 0.0, 0.0]",neutral,0.0
"['dia', 'berkelakuan', 'seperti', 'orang', 'gila', '.']","['pronoun', 'unknown', 'preposition', 'noun', 'adjective', 'unknown']","['neutral', 'unknown', 'neutral', 'neutral', 'negative', 'unknown']","[0.0, 0.0, 0.0, 0.0, -0.7, 0.0]",negative,-0.7
"['dia', 'sentiasa', 'berdoa', 'untuk', 'kebaikan', 'keluarganya', '.']","['pronoun', 'adverb', 'unknown', 'preposition', 'unknown', 'unknown', 'unknown']","['neutral', 'neutral', 'unknown', 'neutral', 'unknown', 'unknown', 'unknown']","[0.0, 0.0, 0.0, 0.0, 0.0, 0.0, 0.0]",positive,0.6
"['rumah', 'itu', 'diperbuat', 'daripada', 'kayu', '.']","['noun', 'demonstrative pronoun', 'unknown', 'preposition', 'noun', 'unknown']","['neutral', 'neutral', 'unknown', 'neutral', 'neutral', 'unknown']","[0.0, 0.0, 0.0, 0.0, 0.0, 0.0]",neutral,0.0
"['apa', 'khabar', ',', 'anda', '?']","['pronoun', 'unknown', 'punctuation', 'pronoun', 'punctuation']","['neutral', 'unknown', 'neutral', 'neutral', 'neutral']","[0.0, 0.0, 0.0, 0.0, 0.0]",neutral,0.0
"['perompak', 'itu', 'berjaya', 'ditangkap', 'polis', '.']","['noun', 'demonstrative pronoun', 'unknown', 'unknown', 'noun', 'unknown']","['negative', 'neutral', 'unknown', 'unknown', 'neutral', 'unknown']","[-0.9, 0.0, 0.0, 0.0, 0.0, 0.0]",negative,-0.9
"['tolong', 'bwk', 'buku', 'ni', '.']","['verb', 'verb', 'unknown', 'pronoun', 'unknown']","['neutral', 'neutral', 'unknown', 'neutral', 'unknown']","[0.0, 0.0, 0.0, 0.0, 0.0]",neutral,0.0
"['merokok', 'adalah', 'bahaya', 'kepada', 'kesihatan', '.']","['unknown', 'copula / verb', 'noun', 'preposition', 'unknown', 'unknown']","['unknown', 'neutral', 'negative', 'neutral', 'unknown', 'unknown']","[0.0, 0.0, -0.8, 0.0, 0.0, 0.0]",negative,-0.8
"['barang', 'tu', 'takda', 'di', 'kedai', '.']","['noun', 'pronoun', 'adverb', 'preposition', 'noun', 'unknown']","['neutral', 'neutral', 'neutral', 'neutral', 'neutral', 'unknown']","[0.0, 0.0, 0.0, 0.0, 0.0, 0.0]",neutral,0.0
"['teruknya', 'keadaan', 'rumah', 'itu', 'selepas', 'banjir', '.']","['adjective', 'noun', 'noun', 'demonstrative pronoun', 'unknown', 'unknown', 'unknown']","['negative', 'neutral', 'neutral', 'neutral', 'unknown', 'unknown', 'unknown']","[-0.7, 0.0, 0.0, 0.0, 0.0, 0.0, 0.0]",negative,-0.7
"['walau', 'hujan', 'lebat', ',', 'kami', 'tetap', 'pergi', '.']","['conjunction', 'unknown', 'unknown', 'punctuation', 'unknown', 'adjective, adverb', 'verb', 'unknown']","['neutral', 'unknown', 'unknown', 'neutral', 'unknown', 'neutral', 'neutral', 'unknown']","[0.0, 0.0, 0.0, 0.0, 0.0, 0.0, 0.0, 0.0]",neutral,0.0
"['sila', 'bunyikan', 'loceng', 'jika', 'anda', 'memerlukan', 'bantuan', '.']","['unknown', 'verb', 'unknown', 'conjunction', 'pronoun', 'unknown', 'noun', 'unknown']","['unknown', 'neutral', 'unknown', 'neutral', 'neutral', 'unknown', 'positive', 'unknown']","[0.0, 0.0, 0.0, 0.0, 0.0, 0.0, 0.7, 0.0]",neutral,0.0
"['dia', 'tentu', 'akan', 'datang', 'esok', '.']","['pronoun', 'adjective', 'auxiliary verb', 'verb', 'unknown', 'unknown']","['neutral', 'neutral', 'neutral', 'neutral', 'unknown', 'unknown']","[0.0, 0.0, 0.0, 0.0, 0.0, 0.0]",neutral,0.0
"['huhu', ',', 'memang', 'kelakar', 'cerita', 'tu', '.']","['interjection', 'punctuation', 'adverb', 'unknown', 'unknown', 'pronoun', 'unknown']","['neutral', 'neutral', 'neutral', 'unknown', 'unknown', 'neutral', 'unknown']","[0.0, 0.0, 0.0, 0.0, 0.0, 0.0, 0.0]",neutral,0.0
"['penyamun', 'itu', 'bersenjatakan', 'parang', '.']","['noun', 'demonstrative pronoun', 'unknown', 'noun', 'unknown']","['negative', 'neutral', 'unknown', 'neutral', 'unknown']","[-0.9, 0.0, 0.0, 0.0, 0.0]",negative,-0.9
"['mereka', 'sedang', 'bicara', 'tentang', 'masa', 'depan', 'syarikat', '.']","['pronoun', 'unknown', 'verb', 'unknown', 'noun', 'noun', 'unknown', 'unknown']","['neutral', 'unknown', 'neutral', 'unknown', 'neutral', 'neutral', 'unknown', 'unknown']","[0.0, 0.0, 0.0, 0.0, 0.0, 0.0, 0.0, 0.0]",neutral,0.0
"['bau', 'hancing', 'dari', 'longkang', 'itu', 'sangat', 'kuat', '.']","['unknown', 'adjective', 'preposition', 'unknown', 'demonstrative pronoun', 'adverb', 'adjective', 'unknown']","['unknown', 'negative', 'neutral', 'unknown', 'neutral', 'neutral', 'positive', 'unknown']","[0.0, -0.6, 0.0, 0.0, 0.0, 0.0, 0.6, 0.0]",negative,-0.6
"['mrk', 'semua', 'dah', 'balik', '.']","['pronoun', 'quantifier / pronoun', 'adverb', 'verb', 'unknown']","['neutral', 'neutral', 'neutral', 'neutral', 'unknown']","[0.0, 0.0, 0.0, 0.0, 0.0]",neutral,0.0
"['ini', 'adalah', 'bahagian', 'akhir', 'bab', 'ini', '.']","['demonstrative pronoun', 'copula / verb', 'unknown', 'adjective', 'unknown', 'demonstrative pronoun', 'unknown']","['neutral', 'neutral', 'unknown', 'neutral', 'unknown', 'neutral', 'unknown']","[0.0, 0.0, 0.0, 0.0, 0.0, 0.0, 0.0]",neutral,0.0
"['tolong', 'beritahu', 'saya', 'jika', 'ada', 'apa', '-', 'apa', 'perubahan', '.']","['verb', 'verb', 'pronoun', 'conjunction', 'verb', 'pronoun', 'punctuation', 'pronoun', 'unknown', 'unknown']","['neutral', 'neutral', 'neutral', 'neutral', 'neutral', 'neutral', 'neutral', 'neutral', 'unknown', 'unknown']","[0.0, 0.0, 0.0, 0.0, 0.0, 0.0, 0.0, 0.0, 0.0, 0.0]",neutral,0.0
"['dia', 'mlepaskan', 'burung', 'itu', 'ke', 'udara', '.']","['pronoun', 'verb', 'unknown', 'demonstrative pronoun', 'particle (interrogative)', 'unknown', 'unknown']","['neutral', 'neutral', 'unknown', 'neutral', 'neutral', 'unknown', 'unknown']","[0.0, 0.0, 0.0, 0.0, 0.0, 0.0, 0.0]",neutral,0.0
"['be', 'careful', 'bila', 'berjalan', 'di', 'sana', '.']","['verb', 'adjective', 'adverb', 'unknown', 'preposition', 'unknown', 'unknown']","['neutral', 'positive', 'neutral', 'unknown', 'neutral', 'unknown', 'unknown']","[0.0, 0.4, 0.0, 0.0, 0.0, 0.0, 0.0]",positive,0.4
"['you', 'should', 'pergi', 'sekarang', '.']","['unknown', 'modal verb', 'verb', 'adverb', 'unknown']","['unknown', 'neutral', 'neutral', 'neutral', 'unknown']","[0.0, 0.0, 0.0, 0.0, 0.0]",neutral,0.0
"['dia', 'tak', 'reti', 'cakap', 'melayu', '.']","['pronoun', 'adverb (negation)', 'verb', 'unknown', 'noun/adjective', 'unknown']","['neutral', 'neutral', 'neutral', 'unknown', 'neutral', 'unknown']","[0.0, 0.0, 0.0, 0.0, 0.0, 0.0]",neutral,0.0
"['dia', 'menunggang', 'motor', 'ke', 'tempat', 'kerja', '.']","['pronoun', 'unknown', 'noun', 'particle (interrogative)', 'noun', 'verb', 'unknown']","['neutral', 'unknown', 'neutral', 'neutral', 'neutral', 'neutral', 'unknown']","[0.0, 0.0, 0.0, 0.0, 0.0, 0.0, 0.0]",neutral,0.0
"['mangsa', 'banjir', 'dipindahkan', 'ke', 'pusat', 'perlindungan', '.']","['noun', 'unknown', 'unknown', 'particle (interrogative)', 'unknown', 'unknown', 'unknown']","['negative', 'unknown', 'unknown', 'neutral', 'unknown', 'unknown', 'unknown']","[-0.7, 0.0, 0.0, 0.0, 0.0, 0.0, 0.0]",negative,-0.7
"['kak', ',', 'tolong', 'belikan', 'roti', '.']","['noun', 'punctuation', 'verb', 'unknown', 'unknown', 'unknown']","['neutral', 'neutral', 'neutral', 'unknown', 'unknown', 'unknown']","[0.0, 0.0, 0.0, 0.0, 0.0, 0.0]",neutral,0.0
"['kereta', 'itu', 'langgar', 'lampu', 'isyarat', '.']","['kata nama', 'demonstrative pronoun', 'verb', 'unknown', 'unknown', 'unknown']","['neutral', 'neutral', 'negative', 'unknown', 'unknown', 'unknown']","[0.0, 0.0, -0.6, 0.0, 0.0, 0.0]",negative,-0.6
"['akulah', 'yang', 'bertanggungjawab', '.']","['pronoun', 'pronoun, conjunction', 'unknown', 'unknown']","['neutral', 'neutral', 'unknown', 'unknown']","[0.0, 0.0, 0.0, 0.0]",neutral,0.0
"['dia', 'intai', 'dari', 'balik', 'tirai', '.']","['pronoun', 'verb', 'preposition', 'verb', 'unknown', 'unknown']","['neutral', 'neutral', 'neutral', 'neutral', 'unknown', 'unknown']","[0.0, -0.2, 0.0, 0.0, 0.0, 0.0]",neutral,-0.2
"['filem', 'itu', 'adalah', 'yang', 'scariest', '(', 'paling', 'menakutkan', ')', 'yang', 'pernah', 'saya', 'tonton', '.']","['unknown', 'demonstrative pronoun', 'copula / verb', 'pronoun, conjunction', 'adjective', 'unknown', 'unknown', 'unknown', 'unknown', 'pronoun, conjunction', 'adverb', 'pronoun', 'unknown', 'unknown']","['unknown', 'neutral', 'neutral', 'neutral', 'negative', 'unknown', 'unknown', 'unknown', 'unknown', 'neutral', 'neutral', 'neutral', 'unknown', 'unknown']","[0.0, 0.0, 0.0, 0.0, -0.8, 0.0, 0.0, 0.0, 0.0, 0.0, 0.0, 0.0, 0.0, 0.0]",negative,-0.8
"['pasukan', 'musuh', 'akhirnya', 'tumpas', 'di', 'medan', 'perang', '.']","['unknown', 'unknown', 'unknown', 'verb', 'preposition', 'unknown', 'unknown', 'unknown']","['unknown', 'unknown', 'unknown', 'negative', 'neutral', 'unknown', 'unknown', 'unknown']","[0.0, 0.0, 0.0, -0.7, 0.0, 0.0, 0.0, 0.0]",negative,-0.7
"['dia', 'diberi', 'penghargaan', 'atas', 'usahanya', '.']","['pronoun', 'verb', 'unknown', 'unknown', 'unknown', 'unknown']","['neutral', 'neutral', 'unknown', 'unknown', 'unknown', 'unknown']","[0.0, 0.0, 0.0, 0.0, 0.0, 0.0]",neutral,0.0
"['adakah', 'anda', 'dengr', '(', 'dengar', ')', 'apa', 'yang', 'dia', 'katakan', '?']","['interrogative particle', 'pronoun', 'verb', 'unknown', 'verb', 'unknown', 'pronoun', 'pronoun, conjunction', 'pronoun', 'unknown', 'punctuation']","['neutral', 'neutral', 'neutral', 'unknown', 'neutral', 'unknown', 'neutral', 'neutral', 'neutral', 'unknown', 'neutral']","[0.0, 0.0, 0.0, 0.0, 0.0, 0.0, 0.0, 0.0, 0.0, 0.0, 0.0]",neutral,0.0
"['kerajaan', 'mengambil', 'tindakan', '(', 'tindakan', ')', 'tegas', 'terhadap', 'rasuah', '.']","['noun', 'verb', 'noun', 'unknown', 'noun', 'unknown', 'adjective', 'unknown', 'noun', 'unknown']","['neutral', 'neutral', 'neutral', 'unknown', 'neutral', 'unknown', 'neutral', 'unknown', 'negative', 'unknown']","[0.0, 0.0, 0.0, 0.0, 0.0, 0.0, 0.0, 0.0, -0.8, 0.0]",neutral,0.0
"['longkong.yg', '(', 'longkang', 'yang', ')', 'kotor', 'itu', 'perlu', 'dibersihkan', '.']","['noun', 'unknown', 'unknown', 'pronoun, conjunction', 'unknown', 'unknown', 'demonstrative pronoun', 'verb/adjective', 'unknown', 'unknown']","['neutral', 'unknown', 'unknown', 'neutral', 'unknown', 'unknown', 'neutral', 'neutral', 'unknown', 'unknown']","[0.0, 0.0, 0.0, 0.0, 0.0, 0.0, 0.0, 0.0, 0.0, 0.0]",neutral,0.0
"['saya', 'ca', ""n't"", '(', 'tidak', 'dapat', ')', 'datang', 'ke', 'majlis', 'itu', '.']","['pronoun', 'unknown', 'unknown', 'unknown', 'adverb', 'verb', 'unknown', 'verb', 'particle (interrogative)', 'unknown', 'demonstrative pronoun', 'unknown']","['neutral', 'unknown', 'unknown', 'unknown', 'neutral', 'positive', 'unknown', 'neutral', 'neutral', 'unknown', 'neutral', 'unknown']","[0.0, 0.0, 0.0, 0.0, 0.0, 0.5, 0.0, 0.0, 0.0, 0.0, 0.0, 0.0]",neutral,0.0
"['merokok', 'sangat', 'bahaya', ',', 'kalau', '(', 'bahaya', ',', 'kalau', ')', 'tidak', 'berhenti', '.']","['unknown', 'adverb', 'noun', 'punctuation', 'conjunction', 'unknown', 'noun', 'punctuation', 'conjunction', 'unknown', 'adverb', 'verb', 'unknown']","['unknown', 'neutral', 'negative', 'neutral', 'neutral', 'unknown', 'negative', 'neutral', 'neutral', 'unknown', 'neutral', 'neutral', 'unknown']","[0.0, 0.0, -0.8, 0.0, 0.0, 0.0, -0.8, 0.0, 0.0, 0.0, 0.0, 0.0, 0.0]",negative,-0.8
"['mereka', 'cuba', 'duit.rmpak', '(', 'merompak', 'duit', ')', 'dari', 'bank', 'itu', '.']","['pronoun', 'verb', 'unknown', 'unknown', 'verb', 'noun', 'unknown', 'preposition', 'noun', 'demonstrative pronoun', 'unknown']","['neutral', 'neutral', 'unknown', 'unknown', 'negative', 'neutral', 'unknown', 'neutral', 'neutral', 'neutral', 'unknown']","[0.0, 0.0, 0.0, 0.0, -0.9, 0.0, 0.0, 0.0, 0.0, 0.0, 0.0]",negative,-0.9
"['wanita', 'itu', 'seorang', 'usahawan', 'yang', 'berjaya', '.']","['noun', 'demonstrative pronoun', 'unknown', 'unknown', 'pronoun, conjunction', 'unknown', 'unknown']","['neutral', 'neutral', 'unknown', 'unknown', 'neutral', 'unknown', 'unknown']","[0.0, 0.0, 0.0, 0.0, 0.0, 0.0, 0.0]",neutral,0.0
"['polis', 'berjaya', 'menangkap', 'penjenayah', '(', 'penjenayah', ')', 'itu', '.']","['noun', 'unknown', 'unknown', 'noun', 'unknown', 'noun', 'unknown', 'demonstrative pronoun', 'unknown']","['neutral', 'unknown', 'unknown', 'negative', 'unknown', 'negative', 'unknown', 'neutral', 'unknown']","[0.0, 0.0, 0.0, -0.8, 0.0, -0.8, 0.0, 0.0, 0.0]",negative,-0.8
"['dia', 'selalunya', 'pulang', 'ke', 'rumah', 'awal', '.']","['pronoun', 'adverb', 'unknown', 'particle (interrogative)', 'noun', 'unknown', 'unknown']","['neutral', 'neutral', 'unknown', 'neutral', 'neutral', 'unknown', 'unknown']","[0.0, 0.0, 0.0, 0.0, 0.0, 0.0, 0.0]",neutral,0.0
"['naudzubillahiminzalik', ',', 'semoga', 'kita', 'dijauhkan', 'dari', 'musibah', 'itu', '.']","['interjection', 'punctuation', 'adverb', 'pronoun', 'unknown', 'preposition', 'unknown', 'demonstrative pronoun', 'unknown']","['negative', 'neutral', 'positive', 'neutral', 'unknown', 'neutral', 'unknown', 'neutral', 'unknown']","[-0.5, 0.0, 0.5, 0.0, 0.0, 0.0, 0.0, 0.0, 0.0]",negative,-0.5
"['sy', '(', 'saya', ')', 'tidak', 'tahu', '.']","['pronoun', 'unknown', 'pronoun', 'unknown', 'adverb', 'verb', 'unknown']","['neutral', 'unknown', 'neutral', 'unknown', 'neutral', 'neutral', 'unknown']","[0.0, 0.0, 0.0, 0.0, 0.0, 0.0, 0.0]",neutral,0.0
"['buku', 'itu', 'ada', 'di', 'dalam', 'beg', '.']","['unknown', 'demonstrative pronoun', 'verb', 'preposition', 'preposition', 'unknown', 'unknown']","['unknown', 'neutral', 'neutral', 'neutral', 'neutral', 'unknown', 'unknown']","[0.0, 0.0, 0.0, 0.0, 0.0, 0.0, 0.0]",neutral,0.0
"['perangai', 'dia', 'macam', 'iblis', '!', '(', 'syaitan', ')']","['unknown', 'pronoun', 'preposition, adverb', 'noun', 'unknown', 'unknown', 'noun', 'unknown']","['unknown', 'neutral', 'neutral', 'negative', 'unknown', 'unknown', 'negative', 'unknown']","[0.0, 0.0, 0.0, -1.0, 0.0, 0.0, -0.9, 0.0]",negative,-0.9
"['dia', 'fasih', 'berbahasa', 'inggeris', '(', 'inggeris', ')', '.']","['pronoun', 'unknown', 'unknown', 'adjective', 'unknown', 'adjective', 'unknown', 'unknown']","['neutral', 'unknown', 'unknown', 'neutral', 'unknown', 'neutral', 'unknown', 'unknown']","[0.0, 0.0, 0.0, 0.0, 0.0, 0.0, 0.0, 0.0]",neutral,0.0
"['bangunan', 'itu', 'sangat', 'tinggi', '.']","['unknown', 'demonstrative pronoun', 'adverb', 'adjective', 'unknown']","['unknown', 'neutral', 'neutral', 'neutral', 'unknown']","[0.0, 0.0, 0.0, 0.0, 0.0]",neutral,0.0
"['dia', 'trus', '(', 'terus', ')', 'berjalan', 'tanpa', 'menoleh', '.']","['pronoun', 'adverb', 'unknown', 'adverb/verb', 'unknown', 'unknown', 'unknown', 'unknown', 'unknown']","['neutral', 'neutral', 'unknown', 'neutral', 'unknown', 'unknown', 'unknown', 'unknown', 'unknown']","[0.0, 0.0, 0.0, 0.0, 0.0, 0.0, 0.0, 0.0, 0.0]",neutral,0.0
"['ucapan', 'itu', 'sangat', 'bermakna', 'baginya', '.']","['unknown', 'demonstrative pronoun', 'adverb', 'verb', 'unknown', 'unknown']","['unknown', 'neutral', 'neutral', 'neutral', 'unknown', 'unknown']","[0.0, 0.0, 0.0, 0.0, 0.0, 0.0]",neutral,0.0
"['dia', 'juga', 'ingin', 'turut', 'serta', '.']","['pronoun', 'adverb', 'verb', 'unknown', 'conjunction', 'unknown']","['neutral', 'neutral', 'neutral', 'unknown', 'neutral', 'unknown']","[0.0, 0.0, 0.0, 0.0, 0.0, 0.0]",neutral,0.0
"['dia', 'tepuk', 'bahu', 'saya', '.']","['pronoun', 'verb', 'unknown', 'pronoun', 'unknown']","['neutral', 'neutral', 'unknown', 'neutral', 'unknown']","[0.0, 0.0, 0.0, 0.0, 0.0]",neutral,0.0
"['tiada', 'bukti', 'kukuh', 'ditemui', '.']","['adverb', 'noun', 'unknown', 'unknown', 'unknown']","['neutral', 'neutral', 'unknown', 'unknown', 'unknown']","[0.0, 0.0, 0.0, 0.0, 0.0]",neutral,0.0
"['saya', 'dan', '(', 'dan', ')', 'kawan', 'saya', 'pergi', 'ke', 'pasar', '.']","['pronoun', 'conjunction', 'unknown', 'conjunction', 'unknown', 'noun', 'pronoun', 'verb', 'particle (interrogative)', 'noun', 'unknown']","['neutral', 'neutral', 'unknown', 'neutral', 'unknown', 'positive', 'neutral', 'neutral', 'neutral', 'neutral', 'unknown']","[0.0, 0.0, 0.0, 0.0, 0.0, 0.6, 0.0, 0.0, 0.0, 0.0, 0.0]",neutral,0.0
"['malaysia', 'terkenal', 'dengan', 'kepelbagaian', 'budayanya', '.']","['proper noun', 'unknown', 'preposition', 'unknown', 'unknown', 'unknown']","['neutral', 'unknown', 'neutral', 'unknown', 'unknown', 'unknown']","[0.0, 0.0, 0.0, 0.0, 0.0, 0.0]",neutral,0.0
"['dia', 'mempunyai', 'niat', 'baik', 'untuk', 'membantu', '.']","['pronoun', 'unknown', 'noun', 'adjective', 'preposition', 'unknown', 'unknown']","['neutral', 'unknown', 'neutral', 'positive', 'neutral', 'unknown', 'unknown']","[0.0, 0.0, 0.0, 0.8, 0.0, 0.0, 0.0]",neutral,0.0
"['mereka', 'berbincang', 'pasal', 'masalah', 'itu', '.']","['pronoun', 'unknown', 'preposition', 'noun', 'demonstrative pronoun', 'unknown']","['neutral', 'unknown', 'neutral', 'negative', 'neutral', 'unknown']","[0.0, 0.0, 0.0, -0.7, 0.0, 0.0]",neutral,0.0
"['dia', 'pergi', 'keje', '(', 'kerja', ')', 'setiap', 'pagi', '.']","['pronoun', 'verb', 'noun', 'unknown', 'verb', 'unknown', 'unknown', 'unknown', 'unknown']","['neutral', 'neutral', 'neutral', 'unknown', 'neutral', 'unknown', 'unknown', 'unknown', 'unknown']","[0.0, 0.0, 0.0, 0.0, 0.0, 0.0, 0.0, 0.0, 0.0]",neutral,0.0
"['penjenayah', 'itu', 'masih', 'dicari', 'oleh', 'pihak', 'polis', '.']","['noun', 'demonstrative pronoun', 'adverb', 'verb', 'preposition', 'noun', 'noun', 'unknown']","['negative', 'neutral', 'neutral', 'neutral', 'neutral', 'neutral', 'neutral', 'unknown']","[-0.8, 0.0, 0.0, 0.0, 0.0, 0.0, 0.0, 0.0]",neutral,0.0
"['dia', 'taknak', '.', '(', 'tidak', 'mahu', ')', 'makan', 'nasi', '.']","['pronoun', 'auxiliary verb', 'unknown', 'unknown', 'adverb', 'verb', 'unknown', 'verb', 'unknown', 'unknown']","['neutral', 'neutral', 'unknown', 'unknown', 'neutral', 'neutral', 'unknown', 'neutral', 'unknown', 'unknown']","[0.0, 0.0, 0.0, 0.0, 0.0, 0.0, 0.0, 0.0, 0.0, 0.0]",neutral,0.0
"['kita', 'memerlukan.sekarang', '(', 'memerlukan', 'sekarang', ')', 'bantuan', 'anda', '.']","['pronoun', 'unknown', 'unknown', 'unknown', 'adverb', 'unknown', 'noun', 'pronoun', 'unknown']","['neutral', 'unknown', 'unknown', 'unknown', 'neutral', 'unknown', 'positive', 'neutral', 'unknown']","[0.0, 0.0, 0.0, 0.0, 0.0, 0.0, 0.7, 0.0, 0.0]",neutral,0.0
"['betul', 'ka', '(', 'betulkah', ')', 'apa', 'yang', 'dia', 'cakap', '?']","['adjective', 'particle', 'unknown', 'unknown', 'unknown', 'pronoun', 'pronoun, conjunction', 'pronoun', 'unknown', 'punctuation']","['positive', 'neutral', 'unknown', 'unknown', 'unknown', 'neutral', 'neutral', 'neutral', 'unknown', 'neutral']","[0.6, 0.0, 0.0, 0.0, 0.0, 0.0, 0.0, 0.0, 0.0, 0.0]",neutral,0.0
"['dia', 'tidak', 'datang', 'karna', '(', 'kerana', ')', 'hujan', 'lebat', '.']","['pronoun', 'adverb', 'verb', 'conjunction', 'unknown', 'conjunction', 'unknown', 'unknown', 'unknown', 'unknown']","['neutral', 'neutral', 'neutral', 'neutral', 'unknown', 'neutral', 'unknown', 'unknown', 'unknown', 'unknown']","[0.0, 0.0, 0.0, 0.0, 0.0, 0.0, 0.0, 0.0, 0.0, 0.0]",neutral,0.0
"['ada', 'banyak', '.', '(', 'banyak', ')', 'buku', 'di', 'perpustakaan', 'itu', '.']","['verb', 'adjective/quantifier', 'unknown', 'unknown', 'adjective/quantifier', 'unknown', 'unknown', 'preposition', 'unknown', 'demonstrative pronoun', 'unknown']","['neutral', 'neutral', 'unknown', 'unknown', 'neutral', 'unknown', 'unknown', 'neutral', 'unknown', 'neutral', 'unknown']","[0.0, 0.0, 0.0, 0.0, 0.0, 0.0, 0.0, 0.0, 0.0, 0.0, 0.0]",neutral,0.0
"['dia', 'mempunyai', 'muka', 'yang', 'cantik', '.']","['pronoun', 'unknown', 'noun', 'pronoun, conjunction', 'unknown', 'unknown']","['neutral', 'unknown', 'neutral', 'neutral', 'unknown', 'unknown']","[0.0, 0.0, 0.0, 0.0, 0.0, 0.0]",neutral,0.0
"['dia', 'mengetuk', 'pintu', 'berkali', '-', 'kali', '.']","['pronoun', 'verb', 'noun', 'unknown', 'punctuation', 'noun/adverb', 'unknown']","['neutral', 'neutral', 'neutral', 'unknown', 'neutral', 'neutral', 'unknown']","[0.0, 0.0, 0.0, 0.0, 0.0, 0.0, 0.0]",neutral,0.0
"['guru', 'itu', 'sangat', 'tegas', 'dalam', 'mendidik', 'muridnya', '.']","['unknown', 'demonstrative pronoun', 'adverb', 'adjective', 'preposition', 'unknown', 'unknown', 'unknown']","['unknown', 'neutral', 'neutral', 'neutral', 'neutral', 'unknown', 'unknown', 'unknown']","[0.0, 0.0, 0.0, 0.0, 0.0, 0.0, 0.0, 0.0]",neutral,0.0
"['penciptaan', 'alat', 'baharu', 'itu', 'mengambil', 'masa', 'bertahun', '-', 'tahun', '.']","['noun', 'unknown', 'unknown', 'demonstrative pronoun', 'verb', 'noun', 'unknown', 'punctuation', 'noun', 'unknown']","['neutral', 'unknown', 'unknown', 'neutral', 'neutral', 'neutral', 'unknown', 'neutral', 'neutral', 'unknown']","[0.0, 0.0, 0.0, 0.0, 0.0, 0.0, 0.0, 0.0, 0.0, 0.0]",neutral,0.0
"['selepas', 'keja', ',', 'dapat', '(', 'kerja', ',', 'dapat)lah', 'gajinya', '.']","['unknown', 'verb', 'punctuation', 'verb', 'unknown', 'verb', 'punctuation', 'unknown', 'unknown', 'unknown']","['unknown', 'neutral', 'neutral', 'positive', 'unknown', 'neutral', 'neutral', 'unknown', 'unknown', 'unknown']","[0.0, 0.0, 0.0, 0.5, 0.0, 0.0, 0.0, 0.0, 0.0, 0.0]",neutral,0.0
"['saya', 'bumped', '(', 'terlanggar', ')', 'meja', 'itu', 'tadi', '.']","['pronoun', 'verb', 'unknown', 'unknown', 'unknown', 'unknown', 'demonstrative pronoun', 'unknown', 'unknown']","['neutral', 'negative', 'unknown', 'unknown', 'unknown', 'unknown', 'neutral', 'unknown', 'unknown']","[0.0, -0.2, 0.0, 0.0, 0.0, 0.0, 0.0, 0.0, 0.0]",negative,-0.2
"['dia', 'diri.langgar', '(', 'melanggar', ')', 'keretanya', '.']","['pronoun', 'unknown', 'unknown', 'verb', 'unknown', 'noun', 'unknown']","['neutral', 'unknown', 'unknown', 'negative', 'unknown', 'neutral', 'unknown']","[0.0, 0.0, 0.0, -0.6, 0.0, 0.0, 0.0]",negative,-0.7
"['dia', 'drive', '(', 'memandu', ')', 'keretanya', 'dengan', 'laju', '.']","['pronoun', 'verb', 'unknown', 'unknown', 'unknown', 'noun', 'preposition', 'adjective', 'unknown']","['neutral', 'neutral', 'unknown', 'unknown', 'unknown', 'neutral', 'neutral', 'neutral', 'unknown']","[0.0, 0.0, 0.0, 0.0, 0.0, 0.0, 0.0, 0.0, 0.0]",neutral,0.0
"['dia', 'tinggal', 'di', 'jb', ',', '(', 'johor', 'bahru', ')', '.']","['pronoun', 'unknown', 'preposition', 'unknown', 'punctuation', 'unknown', 'unknown', 'unknown', 'unknown', 'unknown']","['neutral', 'unknown', 'neutral', 'unknown', 'neutral', 'unknown', 'unknown', 'unknown', 'unknown', 'unknown']","[0.0, 0.0, 0.0, 0.0, 0.0, 0.0, 0.0, 0.0, 0.0, 0.0]",neutral,0.0
"['tolong', 'saya', 'angkat', 'kotak', 'ini', '.']","['verb', 'pronoun', 'unknown', 'unknown', 'demonstrative pronoun', 'unknown']","['neutral', 'neutral', 'unknown', 'unknown', 'neutral', 'unknown']","[0.0, 0.0, 0.0, 0.0, 0.0, 0.0]",neutral,0.0
"['kereta', 'itu', 'ada', 'gear', 'auto', '(', 'automatik', ')', '.']","['kata nama', 'demonstrative pronoun', 'verb', 'unknown', 'adjective', 'unknown', 'unknown', 'unknown', 'unknown']","['neutral', 'neutral', 'neutral', 'unknown', 'neutral', 'unknown', 'unknown', 'unknown', 'unknown']","[0.0, 0.0, 0.0, 0.0, 0.0, 0.0, 0.0, 0.0, 0.0]",neutral,0.0
"['aduh', '!', 'sakitnya', 'kaki', 'saya', '.']","['interjection', 'unknown', 'unknown', 'noun', 'pronoun', 'unknown']","['negative', 'unknown', 'unknown', 'neutral', 'neutral', 'unknown']","[-0.3, 0.0, 0.0, 0.0, 0.0, 0.0]",negative,-0.3
"['saya', 'xbulih', '(', 'tidak', 'boleh', ')', 'datang', 'esok', '.']","['pronoun', 'modal verb', 'unknown', 'adverb', 'modal verb', 'unknown', 'verb', 'unknown', 'unknown']","['neutral', 'neutral', 'unknown', 'neutral', 'neutral', 'unknown', 'neutral', 'unknown', 'unknown']","[0.0, 0.0, 0.0, 0.0, 0.0, 0.0, 0.0, 0.0, 0.0]",neutral,0.0
"['di', 'mana', 'awak', 'tinggal', '?']","['preposition', 'interrogative pronoun', 'unknown', 'unknown', 'punctuation']","['neutral', 'neutral', 'unknown', 'unknown', 'neutral']","[0.0, 0.0, 0.0, 0.0, 0.0]",neutral,0.0
"['kita', '(', 'kita', ')', 'perlu', 'bekerjasama', '.']","['pronoun', 'unknown', 'pronoun', 'unknown', 'verb/adjective', 'unknown', 'unknown']","['neutral', 'unknown', 'neutral', 'unknown', 'neutral', 'unknown', 'unknown']","[0.0, 0.0, 0.0, 0.0, 0.0, 0.0, 0.0]",neutral,0.0
"['dia', 'ingin', 'keluar.aduhhh', ',', 'cara', '(', 'keluar', ',', 'aduh', ',', 'cari', 'cara', ')', 'untuk', 'menyelesaikan', 'masalah', 'ini', '.']","['pronoun', 'verb', 'unknown', 'punctuation', 'noun', 'unknown', 'verb', 'punctuation', 'interjection', 'punctuation', 'verb', 'noun', 'unknown', 'preposition', 'unknown', 'noun', 'demonstrative pronoun', 'unknown']","['neutral', 'neutral', 'unknown', 'neutral', 'neutral', 'unknown', 'neutral', 'neutral', 'negative', 'neutral', 'neutral', 'neutral', 'unknown', 'neutral', 'unknown', 'negative', 'neutral', 'unknown']","[0.0, 0.0, 0.0, 0.0, 0.0, 0.0, 0.0, 0.0, -0.3, 0.0, 0.0, 0.0, 0.0, 0.0, 0.0, -0.7, 0.0, 0.0]",neutral,0.0
"['saya', 'akan', 'pulang', 'ke', 'kampung', 'esok', '.']","['pronoun', 'auxiliary verb', 'unknown', 'particle (interrogative)', 'unknown', 'unknown', 'unknown']","['neutral', 'neutral', 'unknown', 'neutral', 'unknown', 'unknown', 'unknown']","[0.0, 0.0, 0.0, 0.0, 0.0, 0.0, 0.0]",neutral,0.0
"['dia', 'memuat', 'naik', 'video', 'baru', 'ke', 'saluran', 'youtube', '.']","['pronoun', 'unknown', 'unknown', 'noun', 'adjective, adverb', 'particle (interrogative)', 'unknown', 'noun', 'unknown']","['neutral', 'unknown', 'unknown', 'neutral', 'neutral', 'neutral', 'unknown', 'neutral', 'unknown']","[0.0, 0.0, 0.0, 0.0, 0.0, 0.0, 0.0, 0.1, 0.0]",neutral,0.0
"['huruf', ""'"", 'r', ""'"", 'sering', 'digunakan', 'dalam', 'perkataan', 'pinjaman', '.']","['unknown', 'unknown', 'letter', 'unknown', 'adverb', 'unknown', 'preposition', 'unknown', 'unknown', 'unknown']","['unknown', 'unknown', 'neutral', 'unknown', 'neutral', 'unknown', 'neutral', 'unknown', 'unknown', 'unknown']","[0.0, 0.0, 0.0, 0.0, 0.0, 0.0, 0.0, 0.0, 0.0, 0.0]",neutral,0.0
"['persembahan', 'mereka', 'malam', 'tadi', 'sangat', 'fantastis', '.']","['unknown', 'pronoun', 'unknown', 'unknown', 'adverb', 'adjective', 'unknown']","['unknown', 'neutral', 'unknown', 'unknown', 'neutral', 'positive', 'unknown']","[0.0, 0.0, 0.0, 0.0, 0.0, 0.8, 0.0]",positive,0.8
"['saya', 'ada', 'klas', 'tambahan', 'petang', 'ini', '.']","['pronoun', 'verb', 'noun', 'unknown', 'unknown', 'demonstrative pronoun', 'unknown']","['neutral', 'neutral', 'neutral', 'unknown', 'unknown', 'neutral', 'unknown']","[0.0, 0.0, 0.0, 0.0, 0.0, 0.0, 0.0]",neutral,0.0
"['dia', 'memakai', 'cap', 'berwarna', 'biru', '.']","['pronoun', 'unknown', 'noun', 'unknown', 'unknown', 'unknown']","['neutral', 'unknown', 'neutral', 'unknown', 'unknown', 'unknown']","[0.0, 0.0, 0.0, 0.0, 0.0, 0.0]",neutral,0.0
"['woww.cermin', 'ini', 'sangat', 'bersih', '!']","['unknown', 'demonstrative pronoun', 'adverb', 'unknown', 'unknown']","['unknown', 'neutral', 'neutral', 'unknown', 'unknown']","[0.0, 0.0, 0.0, 0.0, 0.0]",neutral,0.0
"['pihak', 'polis', 'sedang', 'memburu', 'pelaku', 'jenayah', 'itu', '.']","['noun', 'noun', 'unknown', 'unknown', 'noun', 'noun', 'demonstrative pronoun', 'unknown']","['neutral', 'neutral', 'unknown', 'unknown', 'neutral', 'negative', 'neutral', 'unknown']","[0.0, 0.0, 0.0, 0.0, 0.0, -0.8, 0.0, 0.0]",neutral,0.0
"['“', 'awak', 'faham', '?', '”', '“', 'ye', ',', 'saya', 'faham', '.', '”']","['unknown', 'unknown', 'verb / adjective', 'punctuation', 'unknown', 'unknown', 'interjection', 'punctuation', 'pronoun', 'verb / adjective', 'unknown', 'unknown']","['unknown', 'unknown', 'neutral', 'neutral', 'unknown', 'unknown', 'neutral', 'neutral', 'neutral', 'neutral', 'unknown', 'unknown']","[0.0, 0.0, 0.0, 0.0, 0.0, 0.0, 0.0, 0.0, 0.0, 0.0, 0.0, 0.0]",neutral,0.0
"['dia', 'memerlukan', 'lebih', 'banyak', 'tenaga', 'untuk', 'menyelesaikan', 'kerja', 'itu', '.']","['pronoun', 'unknown', 'adverb', 'adjective/quantifier', 'noun', 'preposition', 'unknown', 'verb', 'demonstrative pronoun', 'unknown']","['neutral', 'unknown', 'neutral', 'neutral', 'neutral', 'neutral', 'unknown', 'neutral', 'neutral', 'unknown']","[0.0, 0.0, 0.0, 0.0, 0.0, 0.0, 0.0, 0.0, 0.0, 0.0]",neutral,0.0
"['tindakannya', 'itu', 'hanya', 'menyusahkn', 'orang', 'lain', '.']","['unknown', 'demonstrative pronoun', 'adverb', 'verb', 'noun', 'adjective', 'unknown']","['unknown', 'neutral', 'neutral', 'negative', 'neutral', 'neutral', 'unknown']","[0.0, 0.0, 0.0, -0.7, 0.0, 0.0, 0.0]",negative,-0.7
"['makanan', 'sihat', 'adalah', 'penting', 'untuk', 'kesihatan', '.']","['noun', 'adjective', 'copula / verb', 'adjective', 'preposition', 'unknown', 'unknown']","['neutral', 'positive', 'neutral', 'positive', 'neutral', 'unknown', 'unknown']","[0.0, 0.8, 0.0, 0.7, 0.0, 0.0, 0.0]",neutral,0.0
"['saya', 'akan', 'melawat', 'sepupu', 'saya', 'hujung', 'minggu', 'ini', '.']","['pronoun', 'auxiliary verb', 'unknown', 'noun', 'pronoun', 'unknown', 'unknown', 'demonstrative pronoun', 'unknown']","['neutral', 'neutral', 'unknown', 'neutral', 'neutral', 'unknown', 'unknown', 'neutral', 'unknown']","[0.0, 0.0, 0.0, 0.0, 0.0, 0.0, 0.0, 0.0, 0.0]",neutral,0.0
"['saya', 'tak', 'thu', 'bila', 'dia', 'akan', 'sampai', '.']","['pronoun', 'adverb (negation)', 'verb', 'adverb', 'pronoun', 'auxiliary verb', 'verb', 'unknown']","['neutral', 'neutral', 'neutral', 'neutral', 'neutral', 'neutral', 'neutral', 'unknown']","[0.0, 0.0, 0.0, 0.0, 0.0, 0.0, 0.0, 0.0]",neutral,0.0
"['kalau', 'ada', 'masa', ',', 'saya', 'akan', 'datang', '.']","['conjunction', 'verb', 'noun', 'punctuation', 'pronoun', 'auxiliary verb', 'verb', 'unknown']","['neutral', 'neutral', 'neutral', 'neutral', 'neutral', 'neutral', 'neutral', 'unknown']","[0.0, 0.0, 0.0, 0.0, 0.0, 0.0, 0.0, 0.0]",neutral,0.0
"['dia', 'bukan', 'penakut', ',', 'dia', 'cuma', 'berhati', '-', 'hati', '.']","['pronoun', 'particle', 'adjective', 'punctuation', 'pronoun', 'adverb', 'unknown', 'punctuation', 'noun', 'unknown']","['neutral', 'neutral', 'negative', 'neutral', 'neutral', 'neutral', 'unknown', 'neutral', 'neutral', 'unknown']","[0.0, 0.0, -0.6, 0.0, 0.0, 0.0, 0.0, 0.0, 0.0, 0.0]",negative,-0.6
"['kereta', 'itu', 'remuk', 'teruk', 'selepas', 'kemalangan', '.']","['kata nama', 'demonstrative pronoun', 'adjective', 'unknown', 'unknown', 'unknown', 'unknown']","['neutral', 'neutral', 'negative', 'unknown', 'unknown', 'unknown', 'unknown']","[0.0, 0.0, -0.5, 0.0, 0.0, 0.0, 0.0]",negative,-0.5
"['dia', 'berasa', 'hidupnya', 'seperti', 'di', 'neraka', 'selepas', 'kejadian', 'itu', '.']","['pronoun', 'unknown', 'unknown', 'preposition', 'preposition', 'noun', 'unknown', 'noun', 'demonstrative pronoun', 'unknown']","['neutral', 'unknown', 'unknown', 'neutral', 'neutral', 'negative', 'unknown', 'neutral', 'neutral', 'unknown']","[0.0, 0.0, 0.0, 0.0, 0.0, -0.8, 0.0, 0.0, 0.0, 0.0]",negative,-0.8
"['jiran', 'baharu', 'kami', 'sangat', 'peramah', '.']","['noun', 'unknown', 'unknown', 'adverb', 'unknown', 'unknown']","['neutral', 'unknown', 'unknown', 'neutral', 'unknown', 'unknown']","[0.0, 0.0, 0.0, 0.0, 0.0, 0.0]",neutral,0.0
"['dia', 'menulis', 'dengan', 'tangan', 'kanannya', '.']","['pronoun', 'unknown', 'preposition', 'noun', 'unknown', 'unknown']","['neutral', 'unknown', 'neutral', 'neutral', 'unknown', 'unknown']","[0.0, 0.0, 0.0, 0.0, 0.0, 0.0]",neutral,0.0
"['dia', 'pergi', 'ke', 'sekolah', 'menunggang', 'basikal', '.']","['pronoun', 'verb', 'particle (interrogative)', 'unknown', 'unknown', 'noun', 'unknown']","['neutral', 'neutral', 'neutral', 'unknown', 'unknown', 'neutral', 'unknown']","[0.0, 0.0, 0.0, 0.0, 0.0, 0.0, 0.0]",neutral,0.0
"['pelajar', 'itu', 'sedang', 'belajar', 'alg2', 'di', 'universiti', '.']","['unknown', 'demonstrative pronoun', 'unknown', 'unknown', 'noun', 'preposition', 'unknown', 'unknown']","['unknown', 'neutral', 'unknown', 'unknown', 'neutral', 'neutral', 'unknown', 'unknown']","[0.0, 0.0, 0.0, 0.0, 0.0, 0.0, 0.0, 0.0]",neutral,0.0
"['jantungnya', 'berdegup', 'laju', 'kerana', 'takut', '.']","['unknown', 'unknown', 'adjective', 'conjunction', 'adjective', 'unknown']","['unknown', 'unknown', 'neutral', 'neutral', 'negative', 'unknown']","[0.0, 0.0, 0.0, 0.0, -0.6, 0.0]",neutral,0.0
"['dia', 'berasa', 'down', 'selepas', 'gagal', 'dalam', 'peperiksaan', '.']","['pronoun', 'unknown', 'adjective', 'unknown', 'unknown', 'preposition', 'unknown', 'unknown']","['neutral', 'unknown', 'negative', 'unknown', 'unknown', 'neutral', 'unknown', 'unknown']","[0.0, 0.0, -0.4, 0.0, 0.0, 0.0, 0.0, 0.0]",negative,-0.4
"['sediakan', '2', '-', '3', 'biji', 'telur', 'untuk', 'resepi', 'ini', '.']","['unknown', 'unknown', 'punctuation', 'nombor', 'unknown', 'unknown', 'preposition', 'unknown', 'demonstrative pronoun', 'unknown']","['unknown', 'unknown', 'neutral', 'neutral', 'unknown', 'unknown', 'neutral', 'unknown', 'neutral', 'unknown']","[0.0, 0.0, 0.0, 0.0, 0.0, 0.0, 0.0, 0.0, 0.0, 0.0]",neutral,0.0
"['saya', 'xdpt', 'hadir', 'ke', 'majlis', 'itu', '.']","['pronoun', 'verb', 'unknown', 'particle (interrogative)', 'unknown', 'demonstrative pronoun', 'unknown']","['neutral', 'negative', 'unknown', 'neutral', 'unknown', 'neutral', 'unknown']","[0.0, -0.3, 0.0, 0.0, 0.0, 0.0, 0.0]",negative,-0.3
"['beliau', 'ialah', 'seorang', 'tokoh', 'masyarakat', 'yang', 'dihormati', '.']","['pronoun', 'copula', 'unknown', 'unknown', 'unknown', 'pronoun, conjunction', 'unknown', 'unknown']","['neutral', 'neutral', 'unknown', 'unknown', 'unknown', 'neutral', 'unknown', 'unknown']","[0.0, 0.0, 0.0, 0.0, 0.0, 0.0, 0.0, 0.0]",neutral,0.0
"['gunakan', 'akai', 'anda', 'untuk', 'menyelesaikan', 'masalah', 'ini', '.']","['unknown', 'unknown', 'pronoun', 'preposition', 'unknown', 'noun', 'demonstrative pronoun', 'unknown']","['unknown', 'unknown', 'neutral', 'neutral', 'unknown', 'negative', 'neutral', 'unknown']","[0.0, 0.0, 0.0, 0.0, 0.0, -0.7, 0.0, 0.0]",neutral,0.0
"['kami', 'telah', 'berjaya', 'menamatkan', 'projek', 'ini', 'chequered', 'flagchequered', 'flagchequered', 'flag', '.']","['unknown', 'unknown', 'unknown', 'unknown', 'unknown', 'demonstrative pronoun', 'unknown', 'unknown', 'unknown', 'unknown', 'unknown']","['unknown', 'unknown', 'unknown', 'unknown', 'unknown', 'neutral', 'unknown', 'unknown', 'unknown', 'unknown', 'unknown']","[0.0, 0.0, 0.0, 0.0, 0.0, 0.0, 0.0, 0.0, 0.0, 0.0, 0.0]",positive,0.5
"['makan', 'sambil', 'berdiri', 'itu', 'harambeaming', 'face', 'with', 'smiling', 'eyes', 'katanya', '.']","['verb', 'conjunction', 'unknown', 'demonstrative pronoun', 'unknown', 'unknown', 'unknown', 'unknown', 'unknown', 'unknown', 'unknown']","['neutral', 'neutral', 'unknown', 'neutral', 'unknown', 'unknown', 'unknown', 'unknown', 'unknown', 'unknown', 'unknown']","[0.0, 0.0, 0.0, 0.0, 0.0, 0.0, 0.0, 0.0, 0.0, 0.0, 0.0]",negative,-0.7
"['hati', '-', 'hati', 'dengan', 'api', ',', 'ia', 'boleh', 'membakar', '.']","['noun', 'punctuation', 'noun', 'preposition', 'noun', 'punctuation', 'unknown', 'modal verb', 'unknown', 'unknown']","['neutral', 'neutral', 'neutral', 'neutral', 'neutral', 'neutral', 'unknown', 'neutral', 'unknown', 'unknown']","[0.0, 0.0, 0.0, 0.0, 0.0, 0.0, 0.0, 0.0, 0.0, 0.0]",neutral,0.0
"['zahid', 'akan', 'datang', 'ke', 'majlis', 'esok', '.']","['proper noun', 'auxiliary verb', 'verb', 'particle (interrogative)', 'unknown', 'unknown', 'unknown']","['neutral', 'neutral', 'neutral', 'neutral', 'unknown', 'unknown', 'unknown']","[0.0, 0.0, 0.0, 0.0, 0.0, 0.0, 0.0]",neutral,0.0
"['tayar', 'keretanya', 'pancit', 'di', 'tepi', 'jalan', '.']","['noun', 'noun', 'unknown', 'preposition', 'noun, adverb', 'noun/verb', 'unknown']","['neutral', 'neutral', 'unknown', 'neutral', 'neutral', 'neutral', 'unknown']","[0.0, 0.0, 0.0, 0.0, 0.0, 0.0, 0.0]",neutral,0.0
"['penjenayah', 'itu', 'dihantar', 'ke', 'jail', '.']","['noun', 'demonstrative pronoun', 'unknown', 'particle (interrogative)', 'noun', 'unknown']","['negative', 'neutral', 'unknown', 'neutral', 'negative', 'unknown']","[-0.8, 0.0, 0.0, 0.0, -0.7, 0.0]",negative,-0.7
"['semoga', 'doa', 'kita', 'dimakbulkan', '.', 'aamiin3', '.']","['adverb', 'noun', 'pronoun', 'unknown', 'unknown', 'interjection', 'unknown']","['positive', 'positive', 'neutral', 'unknown', 'unknown', 'positive', 'unknown']","[0.5, 0.6, 0.0, 0.0, 0.0, 0.8, 0.0]",positive,0.8
"['dia', 'datang', 'ke', 'majlis', 'itu', 'serta', 'rakan', '-', 'rakannya', '.']","['pronoun', 'verb', 'particle (interrogative)', 'unknown', 'demonstrative pronoun', 'conjunction', 'unknown', 'punctuation', 'unknown', 'unknown']","['neutral', 'neutral', 'neutral', 'unknown', 'neutral', 'neutral', 'unknown', 'neutral', 'unknown', 'unknown']","[0.0, 0.0, 0.0, 0.0, 0.0, 0.0, 0.0, 0.0, 0.0, 0.0]",neutral,0.0
"['buku', 'itu', 'ada', 'didalam', 'beg', '.']","['unknown', 'demonstrative pronoun', 'verb', 'preposition', 'unknown', 'unknown']","['unknown', 'neutral', 'neutral', 'neutral', 'unknown', 'unknown']","[0.0, 0.0, 0.0, 0.0, 0.0, 0.0]",neutral,0.0
"['sungguh', 'bodohnya', 'tindakan', 'itu', '!']","['kata keterangan/kata sifat', 'adjective', 'noun', 'demonstrative pronoun', 'unknown']","['neutral', 'negative', 'neutral', 'neutral', 'unknown']","[0.0, -0.8, 0.0, 0.0, 0.0]",negative,-0.8
"['ada', 'banyak', 'makanan', 'di', 'sana', '.']","['verb', 'adjective/quantifier', 'noun', 'preposition', 'unknown', 'unknown']","['neutral', 'neutral', 'neutral', 'neutral', 'unknown', 'unknown']","[0.0, 0.0, 0.0, 0.0, 0.0, 0.0]",neutral,0.0
"['tolong', 'padam', 'lampu', 'sebelum', 'tidur', '.']","['verb', 'verb', 'unknown', 'preposition', 'unknown', 'unknown']","['neutral', 'neutral', 'unknown', 'neutral', 'unknown', 'unknown']","[0.0, 0.0, 0.0, 0.0, 0.0, 0.0]",neutral,0.0
"['oh', ',', 'ii', ',', 'saya', 'faham', 'sekarang', '.']","['unknown', 'punctuation', 'interjection', 'punctuation', 'pronoun', 'verb / adjective', 'adverb', 'unknown']","['unknown', 'neutral', 'neutral', 'neutral', 'neutral', 'neutral', 'neutral', 'unknown']","[0.0, 0.0, 0.0, 0.0, 0.0, 0.0, 0.0, 0.0]",neutral,0.0
"['kreta.kita', 'perlu', 'dibaiki', 'segera', '.']","['unknown', 'verb/adjective', 'unknown', 'unknown', 'unknown']","['unknown', 'neutral', 'unknown', 'unknown', 'unknown']","[0.0, 0.0, 0.0, 0.0, 0.0]",neutral,0.0
"['dia', 'aduk', 'kopi', 'itu', 'dengan', 'sudu', '.']","['pronoun', 'verb', 'unknown', 'demonstrative pronoun', 'preposition', 'unknown', 'unknown']","['neutral', 'neutral', 'unknown', 'neutral', 'neutral', 'unknown', 'unknown']","[0.0, 0.0, 0.0, 0.0, 0.0, 0.0, 0.0]",neutral,0.0
"['awak', 'nak', 'pergi', 'ker', 'mana', '?']","['unknown', 'auxiliary verb', 'verb', 'particle', 'interrogative pronoun', 'punctuation']","['unknown', 'neutral', 'neutral', 'neutral', 'neutral', 'neutral']","[0.0, 0.0, 0.0, 0.0, 0.0, 0.0]",neutral,0.0
"['lampu', 'ini', 'guna', 'api.boleh', 'menyala', 'dengan', 'baik', '.']","['unknown', 'demonstrative pronoun', 'verb', 'unknown', 'unknown', 'preposition', 'adjective', 'unknown']","['unknown', 'neutral', 'neutral', 'unknown', 'unknown', 'neutral', 'positive', 'unknown']","[0.0, 0.0, 0.0, 0.0, 0.0, 0.0, 0.8, 0.0]",neutral,0.0
"['dia', 'baru', 'membeli', 'sebuah', 'suv', 'baru', '.']","['pronoun', 'adjective, adverb', 'unknown', 'unknown', 'noun', 'adjective, adverb', 'unknown']","['neutral', 'neutral', 'unknown', 'unknown', 'neutral', 'neutral', 'unknown']","[0.0, 0.0, 0.0, 0.0, 0.0, 0.0, 0.0]",neutral,0.0
"['kita', 'mesti', 'mematuhi', 'undang²', 'negara', '.']","['pronoun', 'modal verb', 'unknown', 'noun', 'noun', 'unknown']","['neutral', 'neutral', 'unknown', 'neutral', 'neutral', 'unknown']","[0.0, 0.0, 0.0, 0.0, 0.0, 0.0]",neutral,0.0
"['dia', 'memukul', 'bola', 'dengan', 'bat', '.']","['pronoun', 'unknown', 'kata nama', 'preposition', 'noun', 'unknown']","['neutral', 'unknown', 'neutral', 'neutral', 'neutral', 'unknown']","[0.0, 0.0, 0.0, 0.0, 0.0, 0.0]",neutral,0.0
"['golongan', 'fakir', 'miskin', 'memerlukan', 'bantuan', 'kita', '.']","['unknown', 'noun', 'unknown', 'unknown', 'noun', 'pronoun', 'unknown']","['unknown', 'negative', 'unknown', 'unknown', 'positive', 'neutral', 'unknown']","[0.0, -0.6, 0.0, 0.0, 0.7, 0.0, 0.0]",negative,-0.6
"['kami', 'mencari', 'penyelesaian', 'terbaik', 'untuk', 'isu', 'ini', '.']","['unknown', 'unknown', 'noun', 'adjective', 'preposition', 'unknown', 'demonstrative pronoun', 'unknown']","['unknown', 'unknown', 'neutral', 'positive', 'neutral', 'unknown', 'neutral', 'unknown']","[0.0, 0.0, 0.0, 0.9, 0.0, 0.0, 0.0, 0.0]",neutral,0.0
"['setakat', 'ini', ',', 'tiada', 'masalah', 'besar', 'yang', 'timbul', '.']","['adverb', 'demonstrative pronoun', 'punctuation', 'adverb', 'noun', 'adjective', 'pronoun, conjunction', 'unknown', 'unknown']","['neutral', 'neutral', 'neutral', 'neutral', 'negative', 'neutral', 'neutral', 'unknown', 'unknown']","[0.0, 0.0, 0.0, 0.0, -0.7, 0.0, 0.0, 0.0, 0.0]",neutral,0.0
"['dia', 'sedang', 'mencari', 'kosan', 'yang', 'dekat', 'dengan', 'universiti', '.']","['pronoun', 'unknown', 'unknown', 'noun', 'pronoun, conjunction', 'adjective, preposition', 'preposition', 'unknown', 'unknown']","['neutral', 'unknown', 'unknown', 'neutral', 'neutral', 'neutral', 'neutral', 'unknown', 'unknown']","[0.0, 0.0, 0.0, 0.0, 0.0, 0.0, 0.0, 0.0, 0.0]",neutral,0.0
"['aplikasi', 'itu', 'tidak', 'dapat', 'run', 'pada', 'peranti', 'lama', '.']","['unknown', 'demonstrative pronoun', 'adverb', 'verb', 'verb', 'preposition', 'unknown', 'adjective', 'unknown']","['unknown', 'neutral', 'neutral', 'positive', 'neutral', 'neutral', 'unknown', 'neutral', 'unknown']","[0.0, 0.0, 0.0, 0.5, 0.0, 0.0, 0.0, 0.0, 0.0]",neutral,0.0
"['buku', 'nii', '.', 'memang', 'menarik', '.']","['unknown', 'unknown', 'unknown', 'adverb', 'unknown', 'unknown']","['unknown', 'unknown', 'unknown', 'neutral', 'unknown', 'unknown']","[0.0, 0.0, 0.0, 0.0, 0.0, 0.0]",neutral,0.0
"['semua', 'warga', 'perlu', 'mematuhi', 'peraturan', '.']","['quantifier / pronoun', 'noun', 'verb/adjective', 'unknown', 'unknown', 'unknown']","['neutral', 'neutral', 'neutral', 'unknown', 'unknown', 'unknown']","[0.0, 0.0, 0.0, 0.0, 0.0, 0.0]",neutral,0.0
"['dia', 'akan', 'balik', 'ke', 'kampung', 'hujung', 'minggu', 'ini', '.']","['pronoun', 'auxiliary verb', 'verb', 'particle (interrogative)', 'unknown', 'unknown', 'unknown', 'demonstrative pronoun', 'unknown']","['neutral', 'neutral', 'neutral', 'neutral', 'unknown', 'unknown', 'unknown', 'neutral', 'unknown']","[0.0, 0.0, 0.0, 0.0, 0.0, 0.0, 0.0, 0.0, 0.0]",neutral,0.0
"['semoga', 'perjalanan', 'anda', 'selamat', 'sampai', 'ke', 'destinasi', '.']","['adverb', 'unknown', 'pronoun', 'adjective', 'verb', 'particle (interrogative)', 'unknown', 'unknown']","['positive', 'unknown', 'neutral', 'positive', 'neutral', 'neutral', 'unknown', 'unknown']","[0.5, 0.0, 0.0, 0.7, 0.0, 0.0, 0.0, 0.0]",positive,0.7
"['dia', 'membuka', 'tingkap', 'untuk', 'membiarkan', 'angin', 'masuk', '.']","['pronoun', 'unknown', 'noun', 'preposition', 'unknown', 'unknown', 'verb', 'unknown']","['neutral', 'unknown', 'neutral', 'neutral', 'unknown', 'unknown', 'neutral', 'unknown']","[0.0, 0.0, 0.0, 0.0, 0.0, 0.0, 0.0, 0.0]",neutral,0.0
"['saya', 'membeli', 'epal', ',', 'oren', ',', 'dan', 'pisang', '.']","['pronoun', 'unknown', 'unknown', 'punctuation', 'unknown', 'punctuation', 'conjunction', 'unknown', 'unknown']","['neutral', 'unknown', 'unknown', 'neutral', 'unknown', 'neutral', 'neutral', 'unknown', 'unknown']","[0.0, 0.0, 0.0, 0.0, 0.0, 0.0, 0.0, 0.0, 0.0]",neutral,0.0
"['berjuta', 'orang', 'telah', 'terjejas', 'akibat', 'bencana', 'itu', '.']","['numeral', 'noun', 'unknown', 'unknown', 'unknown', 'unknown', 'demonstrative pronoun', 'unknown']","['neutral', 'neutral', 'unknown', 'unknown', 'unknown', 'unknown', 'neutral', 'unknown']","[0.0, 0.0, 0.0, 0.0, 0.0, 0.0, 0.0, 0.0]",neutral,0.0
"['janganlah', 'berkelakuan', 'sakai', 'di', 'khalayak', 'ramai', '.']","['unknown', 'unknown', 'adjective', 'preposition', 'unknown', 'adjective', 'unknown']","['unknown', 'unknown', 'negative', 'neutral', 'unknown', 'neutral', 'unknown']","[0.0, 0.0, -0.8, 0.0, 0.0, 0.1, 0.0]",negative,-0.8
"['penyalahgunaan', 'dadah', 'boleh', 'merosakkan', 'masa', 'depan', '.']","['unknown', 'noun', 'modal verb', 'unknown', 'noun', 'noun', 'unknown']","['unknown', 'negative', 'neutral', 'unknown', 'neutral', 'neutral', 'unknown']","[0.0, -0.8, 0.0, 0.0, 0.0, 0.0, 0.0]",negative,-0.9
"['kita', 'perlu', 'mempertankan', 'kedaulatan', 'negara', '.']","['pronoun', 'verb/adjective', 'verb', 'unknown', 'noun', 'unknown']","['neutral', 'neutral', 'neutral', 'unknown', 'neutral', 'unknown']","[0.0, 0.0, 0.0, 0.0, 0.0, 0.0]",neutral,0.0
"['dia', 'berasa', 'kesal', 'dengan', 'keputusan', 'yang', 'telah', 'dibuatnya', '.']","['pronoun', 'unknown', 'adjective', 'preposition', 'unknown', 'pronoun, conjunction', 'unknown', 'unknown', 'unknown']","['neutral', 'unknown', 'negative', 'neutral', 'unknown', 'neutral', 'unknown', 'unknown', 'unknown']","[0.0, 0.0, -0.6, 0.0, 0.0, 0.0, 0.0, 0.0, 0.0]",negative,-0.6
"['janganlah', 'buat', 'kerja', 'bs', 'macam', 'tu', '.']","['unknown', 'kata kerja', 'verb', 'adjective', 'preposition, adverb', 'pronoun', 'unknown']","['unknown', 'neutral', 'neutral', 'negative', 'neutral', 'neutral', 'unknown']","[0.0, 0.0, 0.0, -0.7, 0.0, 0.0, 0.0]",negative,-0.7
"['sepatut', 'dia', 'sudah', 'tiba', 'di', 'sini', '.']","['adverb', 'pronoun', 'adverb', 'unknown', 'preposition', 'adverb (of place)', 'unknown']","['neutral', 'neutral', 'neutral', 'unknown', 'neutral', 'neutral', 'unknown']","[0.0, 0.0, 0.0, 0.0, 0.0, 0.0, 0.0]",neutral,0.0
"['dia', 'sangat', 'sayang', 'akan', 'keluarganya', '.']","['pronoun', 'adverb', 'verb', 'auxiliary verb', 'unknown', 'unknown']","['neutral', 'neutral', 'positive', 'neutral', 'unknown', 'unknown']","[0.0, 0.0, 0.8, 0.0, 0.0, 0.0]",positive,0.8
"['dia', 'adalah', 'pembawa', 'berita', 'baik', 'itu', '.']","['pronoun', 'copula / verb', 'noun', 'noun', 'adjective', 'demonstrative pronoun', 'unknown']","['neutral', 'neutral', 'neutral', 'neutral', 'positive', 'neutral', 'unknown']","[0.0, 0.0, 0.0, 0.0, 0.8, 0.0, 0.0]",neutral,0.0
"['dia', 'hanya', 'membalas', ',', ""'"", 'hehe', ""'"", '.']","['pronoun', 'adverb', 'unknown', 'punctuation', 'unknown', 'interjection', 'unknown', 'unknown']","['neutral', 'neutral', 'unknown', 'neutral', 'unknown', 'positive', 'unknown', 'unknown']","[0.0, 0.0, 0.0, 0.0, 0.0, 0.3, 0.0, 0.0]",positive,0.3
"['dia', 'perlu', 'buat', 'keputusan', 'skarang', '.']","['pronoun', 'verb/adjective', 'kata kerja', 'unknown', 'unknown', 'unknown']","['neutral', 'neutral', 'neutral', 'unknown', 'unknown', 'unknown']","[0.0, 0.0, 0.0, 0.0, 0.0, 0.0]",neutral,0.0
"['tekanlah', 'butang', 'merah', 'itu', '.']","['verb', 'unknown', 'unknown', 'demonstrative pronoun', 'unknown']","['neutral', 'unknown', 'unknown', 'neutral', 'unknown']","[0.0, 0.0, 0.0, 0.0, 0.0]",neutral,0.0
"['buku', 'ini', '.', 'adalah', 'milik', 'saya', '.']","['unknown', 'demonstrative pronoun', 'unknown', 'copula / verb', 'unknown', 'pronoun', 'unknown']","['unknown', 'neutral', 'unknown', 'neutral', 'unknown', 'neutral', 'unknown']","[0.0, 0.0, 0.0, 0.0, 0.0, 0.0, 0.0]",neutral,0.0
"['ramai', 'org', 'datang', 'ke', 'majlis', 'itu', '.']","['adjective', 'noun', 'verb', 'particle (interrogative)', 'unknown', 'demonstrative pronoun', 'unknown']","['neutral', 'neutral', 'neutral', 'neutral', 'unknown', 'neutral', 'unknown']","[0.1, 0.0, 0.0, 0.0, 0.0, 0.0, 0.0]",neutral,0.0
"['berapa', 'kali', '.', 'kamu', 'sudah', 'mengulanginya', '?']","['unknown', 'noun/adverb', 'unknown', 'unknown', 'adverb', 'unknown', 'punctuation']","['unknown', 'neutral', 'unknown', 'unknown', 'neutral', 'unknown', 'neutral']","[0.0, 0.0, 0.0, 0.0, 0.0, 0.0, 0.0]",neutral,0.0
"['tindakannya', 'itu', 'sudah', 'melampau', '.']","['unknown', 'demonstrative pronoun', 'adverb', 'adjective', 'unknown']","['unknown', 'neutral', 'neutral', 'negative', 'unknown']","[0.0, 0.0, 0.0, -0.5, 0.0]",negative,-0.5
"['semua', 'pelajar', 'sudah', 'siap', 'untuk', 'peperiksaan', '.']","['quantifier / pronoun', 'unknown', 'adverb', 'adjective', 'preposition', 'unknown', 'unknown']","['neutral', 'unknown', 'neutral', 'neutral', 'neutral', 'unknown', 'unknown']","[0.0, 0.0, 0.0, 0.0, 0.0, 0.0, 0.0]",neutral,0.0
"['perkataannya', 'sangat', 'kasar', 'dan', 'menyinggung', 'perasaan', '.']","['unknown', 'adverb', 'adjective', 'conjunction', 'unknown', 'noun', 'unknown']","['unknown', 'neutral', 'negative', 'neutral', 'unknown', 'neutral', 'unknown']","[0.0, 0.0, -0.6, 0.0, 0.0, 0.0, 0.0]",negative,-0.6
"['saya', 'akan', 'cuba', 'datang', 'esok', ',', 'insyaallah', '.']","['pronoun', 'auxiliary verb', 'verb', 'verb', 'unknown', 'punctuation', 'interjection', 'unknown']","['neutral', 'neutral', 'neutral', 'neutral', 'unknown', 'neutral', 'positive', 'unknown']","[0.0, 0.0, 0.0, 0.0, 0.0, 0.0, 0.6, 0.0]",positive,0.6
"['dia', 'memerlukan', 'duit', 'untuk', 'membeli', 'makanan', '.']","['pronoun', 'unknown', 'noun', 'preposition', 'unknown', 'noun', 'unknown']","['neutral', 'unknown', 'neutral', 'neutral', 'unknown', 'neutral', 'unknown']","[0.0, 0.0, 0.0, 0.0, 0.0, 0.0, 0.0]",neutral,0.0
"['dia', 'mengangkat', 'tngan.nya', 'untuk', 'memberi', 'isyarat', '.']","['pronoun', 'unknown', 'unknown', 'preposition', 'verb', 'unknown', 'unknown']","['neutral', 'unknown', 'unknown', 'neutral', 'neutral', 'unknown', 'unknown']","[0.0, 0.0, 0.0, 0.0, 0.0, 0.0, 0.0]",neutral,0.0
"['syabas', 'atas', 'kejayaan', 'cemerlang', 'anda', '!']","['interjection', 'unknown', 'unknown', 'unknown', 'pronoun', 'unknown']","['positive', 'unknown', 'unknown', 'unknown', 'neutral', 'unknown']","[0.9, 0.0, 0.0, 0.0, 0.0, 0.0]",positive,0.9
"['kereta', 'itu', 'hampir', 'gilis', 'motosikal', 'di', 'jalan', '.']","['kata nama', 'demonstrative pronoun', 'kata keterangan/kata sifat', 'verb', 'unknown', 'preposition', 'noun/verb', 'unknown']","['neutral', 'neutral', 'neutral', 'negative', 'unknown', 'neutral', 'neutral', 'unknown']","[0.0, 0.0, 0.0, -0.7, 0.0, 0.0, 0.0, 0.0]",negative,-0.7
"['bila', 'anda', 'akan', 'mula', 'bekerja', '?']","['adverb', 'pronoun', 'auxiliary verb', 'unknown', 'unknown', 'punctuation']","['neutral', 'neutral', 'neutral', 'unknown', 'unknown', 'neutral']","[0.0, 0.0, 0.0, 0.0, 0.0, 0.0]",neutral,0.0
"['dengan', 'adanya', 'bantuan', ',', 'projek', 'ini', 'dapat', 'disiapkan', '.']","['preposition', 'verb', 'noun', 'punctuation', 'unknown', 'demonstrative pronoun', 'verb', 'unknown', 'unknown']","['neutral', 'neutral', 'positive', 'neutral', 'unknown', 'neutral', 'positive', 'unknown', 'unknown']","[0.0, 0.0, 0.7, 0.0, 0.0, 0.0, 0.5, 0.0, 0.0]",neutral,0.0
"['ramai', 'orng', 'berkumpul', 'di', 'dataran', '.']","['adjective', 'noun', 'unknown', 'preposition', 'unknown', 'unknown']","['neutral', 'neutral', 'unknown', 'neutral', 'unknown', 'unknown']","[0.1, 0.0, 0.0, 0.0, 0.0, 0.0]",neutral,0.0
"['penjarakan', 'sosial', 'penting', 'untuk', 'membendung', 'wabak', '.']","['verb', 'unknown', 'adjective', 'preposition', 'unknown', 'unknown', 'unknown']","['neutral', 'unknown', 'positive', 'neutral', 'unknown', 'unknown', 'unknown']","[0.0, 0.0, 0.7, 0.0, 0.0, 0.0, 0.0]",neutral,0.0
"['jangan', 'sentuh', 'barang', 'itu', '.']","['particle', 'unknown', 'noun', 'demonstrative pronoun', 'unknown']","['neutral', 'unknown', 'neutral', 'neutral', 'unknown']","[0.0, 0.0, 0.0, 0.0, 0.0]",neutral,0.0
"['dia', 'bru', 'sampai', 'dari', 'perjalanan', '.']","['pronoun', 'adjective', 'verb', 'preposition', 'unknown', 'unknown']","['neutral', 'neutral', 'neutral', 'neutral', 'unknown', 'unknown']","[0.0, 0.0, 0.0, 0.0, 0.0, 0.0]",neutral,0.0
"['janganlah', 'jadi', 'bingai', ',', 'gunakan', 'akal', '.']","['unknown', 'verb / conjunction', 'adjective', 'punctuation', 'unknown', 'unknown', 'unknown']","['unknown', 'neutral', 'negative', 'neutral', 'unknown', 'unknown', 'unknown']","[0.0, 0.0, -0.7, 0.0, 0.0, 0.0, 0.0]",negative,-0.7
"['makanan', 'ini', 'sangat', 'enak', '.']","['noun', 'demonstrative pronoun', 'adverb', 'adjective', 'unknown']","['neutral', 'neutral', 'neutral', 'positive', 'unknown']","[0.0, 0.0, 0.0, 0.7, 0.0]",positive,0.7
"['saya', 'tiada', 'masa', ',', 'so', 'saya', 'tak', 'dapat', 'ikut', '.']","['pronoun', 'adverb', 'noun', 'punctuation', 'conjunction', 'pronoun', 'adverb (negation)', 'verb', 'unknown', 'unknown']","['neutral', 'neutral', 'neutral', 'neutral', 'neutral', 'neutral', 'neutral', 'positive', 'unknown', 'unknown']","[0.0, 0.0, 0.0, 0.0, 0.0, 0.0, 0.0, 0.5, 0.0, 0.0]",neutral,0.0
"['dia', 'sepatut', 'datang', 'lebih', 'awal', '.']","['pronoun', 'adverb', 'verb', 'adverb', 'unknown', 'unknown']","['neutral', 'neutral', 'neutral', 'neutral', 'unknown', 'unknown']","[0.0, 0.0, 0.0, 0.0, 0.0, 0.0]",neutral,0.0
"['ada', 'bunyi', 'aneh', 'dari', 'luar', '.']","['verb', 'noun', 'adjective', 'preposition', 'adverb', 'unknown']","['neutral', 'neutral', 'neutral', 'neutral', 'neutral', 'unknown']","[0.0, 0.0, 0.0, 0.0, 0.0, 0.0]",neutral,0.0
"['kes', 'itu', 'akan', 'dibawa', 'ke', 'mahkamah', 'esok', '.']","['noun', 'demonstrative pronoun', 'auxiliary verb', 'unknown', 'particle (interrogative)', 'unknown', 'unknown', 'unknown']","['neutral', 'neutral', 'neutral', 'unknown', 'neutral', 'unknown', 'unknown', 'unknown']","[0.0, 0.0, 0.0, 0.0, 0.0, 0.0, 0.0, 0.0]",neutral,0.0
"['baju', 'tu.kalo', 'awak', 'suka', '.']","['unknown', 'unknown', 'unknown', 'verb', 'unknown']","['unknown', 'unknown', 'unknown', 'positive', 'unknown']","[0.0, 0.0, 0.0, 0.7, 0.0]",neutral,0.0
"['dia', 'bukan', 'seorang', 'penakut', '.']","['pronoun', 'particle', 'unknown', 'adjective', 'unknown']","['neutral', 'neutral', 'unknown', 'negative', 'unknown']","[0.0, 0.0, 0.0, -0.6, 0.0]",negative,-0.6
"['klw', 'dia', 'datang', ',', 'beritahu', 'saya', '.']","['conjunction', 'pronoun', 'verb', 'punctuation', 'verb', 'pronoun', 'unknown']","['neutral', 'neutral', 'neutral', 'neutral', 'neutral', 'neutral', 'unknown']","[0.0, 0.0, 0.0, 0.0, 0.0, 0.0, 0.0]",neutral,0.0
"['benda', 'itu', 'ada', 'di', 'atas', 'meja', '.']","['noun', 'demonstrative pronoun', 'verb', 'preposition', 'unknown', 'unknown', 'unknown']","['neutral', 'neutral', 'neutral', 'neutral', 'unknown', 'unknown', 'unknown']","[0.0, 0.0, 0.0, 0.0, 0.0, 0.0, 0.0]",neutral,0.0
"['buku', 'itu', 'ada', 'dlm', 'beg', '.']","['unknown', 'demonstrative pronoun', 'verb', 'preposition', 'unknown', 'unknown']","['unknown', 'neutral', 'neutral', 'neutral', 'unknown', 'unknown']","[0.0, 0.0, 0.0, 0.0, 0.0, 0.0]",neutral,0.0
"['berikan', 'satu', 'cth', 'ayat', 'yang', 'mudah', '.']","['unknown', 'numeral', 'noun', 'unknown', 'pronoun, conjunction', 'adjective', 'unknown']","['unknown', 'neutral', 'neutral', 'unknown', 'neutral', 'positive', 'unknown']","[0.0, 0.0, 0.0, 0.0, 0.0, 0.6, 0.0]",neutral,0.0
"['penyamun', 'itu', 'ditangkap', 'polis', 'semalam', '.']","['noun', 'demonstrative pronoun', 'unknown', 'noun', 'unknown', 'unknown']","['negative', 'neutral', 'unknown', 'neutral', 'unknown', 'unknown']","[-0.9, 0.0, 0.0, 0.0, 0.0, 0.0]",negative,-0.8
"['dia', 'bercakap', 'sprti', 'tiada', 'apa', 'yang', 'berlaku', '.']","['pronoun', 'unknown', 'preposition', 'adverb', 'pronoun', 'pronoun, conjunction', 'verb', 'unknown']","['neutral', 'unknown', 'neutral', 'neutral', 'neutral', 'neutral', 'neutral', 'unknown']","[0.0, 0.0, 0.0, 0.0, 0.0, 0.0, 0.0, 0.0]",neutral,0.0
"['dia', 'disabitkan', 'dengan', 'kesalahan', 'mencuri', '.']","['pronoun', 'verb', 'preposition', 'unknown', 'verb', 'unknown']","['neutral', 'negative', 'neutral', 'unknown', 'negative', 'unknown']","[0.0, -0.6, 0.0, 0.0, -0.9, 0.0]",negative,-0.6
"['jaga', 'hati', 'orang', 'lain', '.']","['unknown', 'noun', 'noun', 'adjective', 'unknown']","['unknown', 'neutral', 'neutral', 'neutral', 'unknown']","[0.0, 0.0, 0.0, 0.0, 0.0]",neutral,0.0
"['kami', 'sampai', 'ke', 'destinasi', 'tepat', 'pada', 'masanya', '.']","['unknown', 'verb', 'particle (interrogative)', 'unknown', 'adjective', 'preposition', 'unknown', 'unknown']","['unknown', 'neutral', 'neutral', 'unknown', 'positive', 'neutral', 'unknown', 'unknown']","[0.0, 0.0, 0.0, 0.0, 0.6, 0.0, 0.0, 0.0]",neutral,0.0
"['dia', 'membuat', 'kek', 'hari', 'jadi', 'untuk', 'adiknya', '.']","['pronoun', 'verb', 'unknown', 'noun', 'verb / conjunction', 'preposition', 'unknown', 'unknown']","['neutral', 'neutral', 'unknown', 'neutral', 'neutral', 'neutral', 'unknown', 'unknown']","[0.0, 0.0, 0.0, 0.0, 0.0, 0.0, 0.0, 0.0]",neutral,0.0
"['buah', 'limau', 'itu', 'sangat', 'masam', '.']","['unknown', 'unknown', 'demonstrative pronoun', 'adverb', 'adjective', 'unknown']","['unknown', 'unknown', 'neutral', 'neutral', 'negative', 'unknown']","[0.0, 0.0, 0.0, 0.0, -0.5, 0.0]",negative,-0.5
"['dia', 'memulas', 'tombol', 'pintu', 'untuk', 'membukanya', '.']","['pronoun', 'unknown', 'unknown', 'noun', 'preposition', 'unknown', 'unknown']","['neutral', 'unknown', 'unknown', 'neutral', 'neutral', 'unknown', 'unknown']","[0.0, 0.0, 0.0, 0.0, 0.0, 0.0, 0.0]",neutral,0.0
"['presiden', 'negara', 'itu', 'telah', 'berucap', 'semalam', '.']","['noun', 'noun', 'demonstrative pronoun', 'unknown', 'unknown', 'unknown', 'unknown']","['neutral', 'neutral', 'neutral', 'unknown', 'unknown', 'unknown', 'unknown']","[0.0, 0.0, 0.0, 0.0, 0.0, 0.0, 0.0]",neutral,0.0
"['andainya', 'dia', 'datang', ',', 'beritahu', 'saya', '.']","['conjunction', 'pronoun', 'verb', 'punctuation', 'verb', 'pronoun', 'unknown']","['neutral', 'neutral', 'neutral', 'neutral', 'neutral', 'neutral', 'unknown']","[0.0, 0.0, 0.0, 0.0, 0.0, 0.0, 0.0]",neutral,0.0
"['x', 'pe', 'lah', ',', 'saya', 'boleh', 'buat', 'sendiri', '.']","['particle', 'unknown', 'particle', 'punctuation', 'pronoun', 'modal verb', 'kata kerja', 'adjective', 'unknown']","['neutral', 'unknown', 'neutral', 'neutral', 'neutral', 'neutral', 'neutral', 'neutral', 'unknown']","[0.0, 0.0, 0.0, 0.0, 0.0, 0.0, 0.0, 0.0, 0.0]",neutral,0.0
"['sy', 'akan', 'pergi', 'ke', 'sana', 'esok', '.']","['pronoun', 'auxiliary verb', 'verb', 'particle (interrogative)', 'unknown', 'unknown', 'unknown']","['neutral', 'neutral', 'neutral', 'neutral', 'unknown', 'unknown', 'unknown']","[0.0, 0.0, 0.0, 0.0, 0.0, 0.0, 0.0]",neutral,0.0
"['dia', 'n', 'saya', 'akan', 'datang', '.']","['pronoun', 'conjunction', 'pronoun', 'auxiliary verb', 'verb', 'unknown']","['neutral', 'neutral', 'neutral', 'neutral', 'neutral', 'unknown']","[0.0, 0.0, 0.0, 0.0, 0.0, 0.0]",neutral,0.0
"['belok', 'ke', 'kanan', 'di', 'persimpangan', 'itu', '.']","['unknown', 'particle (interrogative)', 'adjective', 'preposition', 'unknown', 'demonstrative pronoun', 'unknown']","['unknown', 'neutral', 'neutral', 'neutral', 'unknown', 'neutral', 'unknown']","[0.0, 0.0, 0.0, 0.0, 0.0, 0.0, 0.0]",neutral,0.0
"['tu.klu', 'dia', 'nak', 'datang', ',', 'bagitahu', 'saya', '.']","['unknown', 'pronoun', 'auxiliary verb', 'verb', 'punctuation', 'unknown', 'pronoun', 'unknown']","['unknown', 'neutral', 'neutral', 'neutral', 'neutral', 'unknown', 'neutral', 'unknown']","[0.0, 0.0, 0.0, 0.0, 0.0, 0.0, 0.0, 0.0]",neutral,0.0
"['patutnya', 'dia', 'sudah', 'sampai', 'sekarang', '.']","['adverb', 'pronoun', 'adverb', 'verb', 'adverb', 'unknown']","['neutral', 'neutral', 'neutral', 'neutral', 'neutral', 'unknown']","[0.0, 0.0, 0.0, 0.0, 0.0, 0.0]",neutral,0.0
"['mereka', 'membina', 'pagar', 'di', 'sempadan', '.']","['pronoun', 'unknown', 'unknown', 'preposition', 'noun', 'unknown']","['neutral', 'unknown', 'unknown', 'neutral', 'neutral', 'unknown']","[0.0, 0.0, 0.0, 0.0, 0.0, 0.0]",neutral,0.0
"['sbab', 'dia', 'lambat', ',', 'kami', 'terpaksa', 'tunggu', '.']","['conjunction', 'pronoun', 'unknown', 'punctuation', 'unknown', 'verb', 'verb', 'unknown']","['neutral', 'neutral', 'unknown', 'neutral', 'unknown', 'negative', 'neutral', 'unknown']","[0.0, 0.0, 0.0, 0.0, 0.0, -0.5, 0.0, 0.0]",neutral,0.0
"['dia', 'menaiki', 'metro', 'ke', 'tempat', 'kerja', '.']","['pronoun', 'unknown', 'noun', 'particle (interrogative)', 'noun', 'verb', 'unknown']","['neutral', 'unknown', 'neutral', 'neutral', 'neutral', 'neutral', 'unknown']","[0.0, 0.0, 0.0, 0.0, 0.0, 0.0, 0.0]",neutral,0.0
"['awak', 'ok', '?']","['unknown', 'unknown', 'punctuation']","['unknown', 'unknown', 'neutral']","[0.0, 0.0, 0.0]",neutral,0.0
"['ramai', 'netizen', 'meluahkan', 'rasa', 'tidak', 'puas', 'hati', '.']","['adjective', 'noun', 'unknown', 'verb', 'adverb', 'adjective', 'noun', 'unknown']","['neutral', 'neutral', 'unknown', 'neutral', 'neutral', 'positive', 'neutral', 'unknown']","[0.1, 0.0, 0.0, 0.0, 0.0, 0.7, 0.0, 0.0]",neutral,0.0
"['scene', 'itu', 'sangat', 'menyentuh', 'hati', '.']","['noun', 'demonstrative pronoun', 'adverb', 'unknown', 'noun', 'unknown']","['neutral', 'neutral', 'neutral', 'unknown', 'neutral', 'unknown']","[0.0, 0.0, 0.0, 0.0, 0.0, 0.0]",neutral,0.0
"['klakson', 'keretanya', 'sangat', 'kuat', '.']","['noun', 'noun', 'adverb', 'adjective', 'unknown']","['neutral', 'neutral', 'neutral', 'positive', 'unknown']","[0.0, 0.0, 0.0, 0.6, 0.0]",neutral,0.0
"['pihak', 'polis', 'berusaha', 'mengamankan', 'kawasan', 'itu', '.']","['noun', 'noun', 'verb', 'verb', 'unknown', 'demonstrative pronoun', 'unknown']","['neutral', 'neutral', 'positive', 'positive', 'unknown', 'neutral', 'unknown']","[0.0, 0.0, 0.7, 0.7, 0.0, 0.0, 0.0]",positive,0.7
"['kita', 'perlu', 'pergi', 'sekarang', '.']","['pronoun', 'verb/adjective', 'verb', 'adverb', 'unknown']","['neutral', 'neutral', 'neutral', 'neutral', 'unknown']","[0.0, 0.0, 0.0, 0.0, 0.0]",neutral,0.0
"['makanan', 'sudah', 'habis', '.']","['noun', 'adverb', 'verb', 'unknown']","['neutral', 'neutral', 'neutral', 'unknown']","[0.0, 0.0, 0.0, 0.0]",neutral,0.0
"['dia', 'duduk', 'di', 'atas', 'punggung', '.']","['pronoun', 'verb', 'preposition', 'unknown', 'noun', 'unknown']","['neutral', 'neutral', 'neutral', 'unknown', 'neutral', 'unknown']","[0.0, 0.0, 0.0, 0.0, 0.0, 0.0]",neutral,0.0
"['makanan', 'itu', 'terlalu', 'pedas', '.']","['noun', 'demonstrative pronoun', 'adverb', 'unknown', 'unknown']","['neutral', 'neutral', 'neutral', 'unknown', 'unknown']","[0.0, 0.0, 0.0, 0.0, 0.0]",neutral,0.0
"['dia', 'malas', 'untuk', 'bekerja', 'hari', 'ini', '.']","['pronoun', 'unknown', 'preposition', 'unknown', 'noun', 'demonstrative pronoun', 'unknown']","['neutral', 'unknown', 'neutral', 'unknown', 'neutral', 'neutral', 'unknown']","[0.0, 0.0, 0.0, 0.0, 0.0, 0.0, 0.0]",negative,-0.7
"['dia', 'bakar', 'sampah', 'di', 'belakang', 'rumah', '.']","['pronoun', 'verb', 'unknown', 'preposition', 'noun / adverb', 'noun', 'unknown']","['neutral', 'neutral', 'unknown', 'neutral', 'neutral', 'neutral', 'unknown']","[0.0, 0.0, 0.0, 0.0, 0.0, 0.0, 0.0]",neutral,0.0
"['pihak', 'berkuasa', 'telah', 'mengambil', 'tindakan', '.']","['noun', 'verb', 'unknown', 'verb', 'noun', 'unknown']","['neutral', 'neutral', 'unknown', 'neutral', 'neutral', 'unknown']","[0.0, 0.0, 0.0, 0.0, 0.0, 0.0]",neutral,0.0
"['mereka', 'sedang', 'menyiasat', 'punca', 'kejadian', 'itu', '.']","['pronoun', 'unknown', 'unknown', 'unknown', 'noun', 'demonstrative pronoun', 'unknown']","['neutral', 'unknown', 'unknown', 'unknown', 'neutral', 'neutral', 'unknown']","[0.0, 0.0, 0.0, 0.0, 0.0, 0.0, 0.0]",neutral,0.0
"['kalau', 'dia', 'datang', ',', 'beritahu', 'saya', '.']","['conjunction', 'pronoun', 'verb', 'punctuation', 'verb', 'pronoun', 'unknown']","['neutral', 'neutral', 'neutral', 'neutral', 'neutral', 'neutral', 'unknown']","[0.0, 0.0, 0.0, 0.0, 0.0, 0.0, 0.0]",neutral,0.0
"['ini', 'adalah', 'percubaan', 'ke3', 'saya', '.']","['demonstrative pronoun', 'copula / verb', 'unknown', 'adjective', 'pronoun', 'unknown']","['neutral', 'neutral', 'unknown', 'neutral', 'neutral', 'unknown']","[0.0, 0.0, 0.0, 0.0, 0.0, 0.0]",neutral,0.0
"['saya', 'akan', 'call', 'awak', 'nanti', '.']","['pronoun', 'auxiliary verb', 'verb', 'unknown', 'adverb', 'unknown']","['neutral', 'neutral', 'neutral', 'unknown', 'neutral', 'unknown']","[0.0, 0.0, 0.0, 0.0, 0.0, 0.0]",neutral,0.0
"['tulh', 'pasal', 'dia', 'tak', 'datang', '.']","['demonstrative pronoun', 'preposition', 'pronoun', 'adverb (negation)', 'verb', 'unknown']","['neutral', 'neutral', 'neutral', 'neutral', 'neutral', 'unknown']","[0.0, 0.0, 0.0, 0.0, 0.0, 0.0]",neutral,0.0
"['jangan', 'terlalu', 'bergantung', 'pada', 'orglain', '.']","['particle', 'adverb', 'verb', 'preposition', 'noun phrase', 'unknown']","['neutral', 'neutral', 'neutral', 'neutral', 'neutral', 'unknown']","[0.0, 0.0, 0.0, 0.0, 0.0, 0.0]",neutral,0.0
"['kalau', 'buat', 'ceni', ',', 'mesti', 'cepat', 'siap', '.']","['conjunction', 'kata kerja', 'adverb', 'punctuation', 'modal verb', 'adjective, adverb', 'adjective', 'unknown']","['neutral', 'neutral', 'neutral', 'neutral', 'neutral', 'neutral', 'neutral', 'unknown']","[0.0, 0.0, 0.0, 0.0, 0.0, 0.1, 0.0, 0.0]",neutral,0.0
"['jangan', 'habisin', 'semua', 'makanan', 'itu', '.']","['particle', 'verb', 'quantifier / pronoun', 'noun', 'demonstrative pronoun', 'unknown']","['neutral', 'neutral', 'neutral', 'neutral', 'neutral', 'unknown']","[0.0, 0.0, 0.0, 0.0, 0.0, 0.0]",neutral,0.0
"['kakeknya', 'seorang', 'petani', '.']","['noun', 'unknown', 'unknown', 'unknown']","['neutral', 'unknown', 'unknown', 'unknown']","[0.0, 0.0, 0.0, 0.0]",neutral,0.0
"['those', 'are', 'my', 'friends', '.']","['demonstrative pronoun', 'unknown', 'unknown', 'unknown', 'unknown']","['neutral', 'unknown', 'unknown', 'unknown', 'unknown']","[0.0, 0.0, 0.0, 0.0, 0.0]",neutral,0.0
"['the', 'book', 'is', 'in', 'the', 'bag', '.']","['penentu (English)', 'unknown', 'verb', 'preposition', 'penentu (English)', 'unknown', 'unknown']","['neutral', 'unknown', 'neutral', 'neutral', 'neutral', 'unknown', 'unknown']","[0.0, 0.0, 0.0, 0.0, 0.0, 0.0, 0.0]",neutral,0.0
"['kita', 'digalakkan', 'untuk', 'bersedekah', '.']","['pronoun', 'unknown', 'preposition', 'unknown', 'unknown']","['neutral', 'unknown', 'neutral', 'unknown', 'unknown']","[0.0, 0.0, 0.0, 0.0, 0.0]",positive,0.8
"['penangkapan', 'suspek', 'berlaku', 'semalam', '.']","['noun', 'noun', 'verb', 'unknown', 'unknown']","['neutral', 'neutral', 'neutral', 'unknown', 'unknown']","[0.0, -0.2, 0.0, 0.0, 0.0]",neutral,0.0
"['jangan', 'jadi', 'orang', 'bodoh', '.']","['particle', 'verb / conjunction', 'noun', 'adjective', 'unknown']","['neutral', 'neutral', 'neutral', 'negative', 'unknown']","[0.0, 0.0, 0.0, -0.8, 0.0]",negative,-0.9
"['sila', 'reverse', 'kereta', 'anda', '.']","['unknown', 'verb', 'kata nama', 'pronoun', 'unknown']","['unknown', 'neutral', 'neutral', 'neutral', 'unknown']","[0.0, 0.0, 0.0, 0.0, 0.0]",neutral,0.0
"['jangan', 'menyusah', 'orang', 'lain', '.']","['particle', 'verb', 'noun', 'adjective', 'unknown']","['neutral', 'negative', 'neutral', 'neutral', 'unknown']","[0.0, -0.6, 0.0, 0.0, 0.0]",negative,-0.6
"['dia', 'menerima', 'hukuman', 'yang', 'berat', '.']","['pronoun', 'unknown', 'noun', 'pronoun, conjunction', 'adjective', 'unknown']","['neutral', 'unknown', 'negative', 'neutral', 'neutral', 'unknown']","[0.0, 0.0, -0.7, 0.0, 0.0, 0.0]",negative,-0.7
"['dia', 'melawan', 'arus', 'air', '.']","['pronoun', 'verb', 'unknown', 'unknown', 'unknown']","['neutral', 'neutral', 'unknown', 'unknown', 'unknown']","[0.0, 0.0, 0.0, 0.0, 0.0]",neutral,0.0
"['ini', 'bukan', 'buku', 'saya', '.']","['demonstrative pronoun', 'particle', 'unknown', 'pronoun', 'unknown']","['neutral', 'neutral', 'unknown', 'neutral', 'unknown']","[0.0, 0.0, 0.0, 0.0, 0.0]",neutral,0.0
"['dia', 'duduk', 'di', 'barisan', 'depan', '.']","['pronoun', 'verb', 'preposition', 'unknown', 'noun', 'unknown']","['neutral', 'neutral', 'neutral', 'unknown', 'neutral', 'unknown']","[0.0, 0.0, 0.0, 0.0, 0.0, 0.0]",neutral,0.0
"['kita', 'perlu', 'mempertahankan', 'kedaulatan', 'negara', '.']","['pronoun', 'verb/adjective', 'verb', 'unknown', 'noun', 'unknown']","['neutral', 'neutral', 'positive', 'unknown', 'neutral', 'unknown']","[0.0, 0.0, 0.5, 0.0, 0.0, 0.0]",positive,0.5
"['dia', 'menghadapi', 'masalah', 'kewangan', 'yang', 'besar', '.']","['pronoun', 'unknown', 'noun', 'unknown', 'pronoun, conjunction', 'adjective', 'unknown']","['neutral', 'unknown', 'negative', 'unknown', 'neutral', 'neutral', 'unknown']","[0.0, 0.0, -0.7, 0.0, 0.0, 0.0, 0.0]",negative,-0.7
"['kalau', 'hujan', ',', 'kami', 'tidak', 'akan', 'keluar', '.']","['conjunction', 'unknown', 'punctuation', 'unknown', 'adverb', 'auxiliary verb', 'verb', 'unknown']","['neutral', 'unknown', 'neutral', 'unknown', 'neutral', 'neutral', 'neutral', 'unknown']","[0.0, 0.0, 0.0, 0.0, 0.0, 0.0, 0.0, 0.0]",neutral,0.0
"['dia', 'datang', 'sekali', 'lagi', '.', '/', 'pemandangan', 'itu', 'cantik', 'sekali', '.']","['pronoun', 'verb', 'adverb', 'adverb', 'unknown', 'unknown', 'unknown', 'demonstrative pronoun', 'unknown', 'adverb', 'unknown']","['neutral', 'neutral', 'neutral', 'neutral', 'unknown', 'unknown', 'unknown', 'neutral', 'unknown', 'neutral', 'unknown']","[0.0, 0.0, 0.0, 0.0, 0.0, 0.0, 0.0, 0.0, 0.0, 0.0, 0.0]",neutral,0.0
"['askar', 'itu', 'membawa', 'senjata', 'api', 'yang', 'canggih', '.']","['unknown', 'demonstrative pronoun', 'verb', 'noun', 'noun', 'pronoun, conjunction', 'unknown', 'unknown']","['unknown', 'neutral', 'neutral', 'neutral', 'neutral', 'neutral', 'unknown', 'unknown']","[0.0, 0.0, 0.0, 0.0, 0.0, 0.0, 0.0, 0.0]",neutral,0.0
"['dia', 'menunjuk', 'ke', 'arah', 'gunung', 'yang', 'tinggi', '.']","['pronoun', 'unknown', 'particle (interrogative)', 'unknown', 'unknown', 'pronoun, conjunction', 'adjective', 'unknown']","['neutral', 'unknown', 'neutral', 'unknown', 'unknown', 'neutral', 'neutral', 'unknown']","[0.0, 0.0, 0.0, 0.0, 0.0, 0.0, 0.0, 0.0]",neutral,0.0
"['saya', 'takan', 'maafkan', 'dia', '.']","['pronoun', 'adverbial phrase', 'unknown', 'pronoun', 'unknown']","['neutral', 'neutral', 'unknown', 'neutral', 'unknown']","[0.0, 0.0, 0.0, 0.0, 0.0]",neutral,0.0
"['pekan', 'langat', 'terkenal', 'dengan', 'pasar', 'malamnya', '.']","['unknown', 'proper noun', 'unknown', 'preposition', 'noun', 'unknown', 'unknown']","['unknown', 'neutral', 'unknown', 'neutral', 'neutral', 'unknown', 'unknown']","[0.0, 0.0, 0.0, 0.0, 0.0, 0.0, 0.0]",neutral,0.0
"['saya', 'nak', 'makan', 'roti', 'je', '.']","['pronoun', 'auxiliary verb', 'verb', 'unknown', 'adverb', 'unknown']","['neutral', 'neutral', 'neutral', 'unknown', 'neutral', 'unknown']","[0.0, 0.0, 0.0, 0.0, 0.0, 0.0]",neutral,0.0
"['nasib', 'baik', 'dia', 'tidak', 'cedera', 'parah', '.']","['noun', 'adjective', 'pronoun', 'adverb', 'adjective/verb', 'adjective', 'unknown']","['neutral', 'positive', 'neutral', 'neutral', 'negative', 'negative', 'unknown']","[0.0, 0.8, 0.0, 0.0, -0.6, -0.8, 0.0]",neutral,0.0
"['dia', 'simpan', 'wang', 'di', 'dalam', 'bank', '.']","['pronoun', 'verb', 'unknown', 'preposition', 'preposition', 'noun', 'unknown']","['neutral', 'neutral', 'unknown', 'neutral', 'neutral', 'neutral', 'unknown']","[0.0, 0.0, 0.0, 0.0, 0.0, 0.0, 0.0]",neutral,0.0
"['dia', 'campur', 'semua', 'bahan', 'untuk', 'membuat', 'kek', '.']","['pronoun', 'verb', 'quantifier / pronoun', 'unknown', 'preposition', 'verb', 'unknown', 'unknown']","['neutral', 'neutral', 'neutral', 'unknown', 'neutral', 'neutral', 'unknown', 'unknown']","[0.0, 0.0, 0.0, 0.0, 0.0, 0.0, 0.0, 0.0]",neutral,0.0
"['keadaan', 'pesakit', 'itu', 'sangat', 'parah', '.']","['noun', 'unknown', 'demonstrative pronoun', 'adverb', 'adjective', 'unknown']","['neutral', 'unknown', 'neutral', 'neutral', 'negative', 'unknown']","[0.0, 0.0, 0.0, 0.0, -0.8, 0.0]",negative,-0.8
"['bodohnya', 'dia', 'percaya', 'kata', '-', 'kata', 'penipu', 'itu', '.']","['adjective', 'pronoun', 'unknown', 'unknown', 'punctuation', 'unknown', 'unknown', 'demonstrative pronoun', 'unknown']","['negative', 'neutral', 'unknown', 'unknown', 'neutral', 'unknown', 'unknown', 'neutral', 'unknown']","[-0.8, 0.0, 0.0, 0.0, 0.0, 0.0, 0.0, 0.0, 0.0]",negative,-0.9
"['dia', 'guna', 'pisau', 'untuk', 'memotong', 'buah', '.']","['pronoun', 'verb', 'noun', 'preposition', 'unknown', 'unknown', 'unknown']","['neutral', 'neutral', 'neutral', 'neutral', 'unknown', 'unknown', 'unknown']","[0.0, 0.0, 0.0, 0.0, 0.0, 0.0, 0.0]",neutral,0.0
"['dia', 'tanya', 'saya', 'tentang', 'jadual', 'mesyuarat', '.']","['pronoun', 'verb', 'pronoun', 'unknown', 'unknown', 'unknown', 'unknown']","['neutral', 'neutral', 'neutral', 'unknown', 'unknown', 'unknown', 'unknown']","[0.0, 0.0, 0.0, 0.0, 0.0, 0.0, 0.0]",neutral,0.0
"['penjenayah', 'itu', 'didakwa', 'cuba', 'membunuh', 'mangsanya', '.']","['noun', 'demonstrative pronoun', 'unknown', 'verb', 'verb', 'unknown', 'unknown']","['negative', 'neutral', 'unknown', 'neutral', 'negative', 'unknown', 'unknown']","[-0.8, 0.0, 0.0, 0.0, -1.0, 0.0, 0.0]",negative,-1.0
"['dia', 'memang', 'pandai', 'dalam', 'pelajaran', '.']","['pronoun', 'adverb', 'adjective', 'preposition', 'unknown', 'unknown']","['neutral', 'neutral', 'positive', 'neutral', 'unknown', 'unknown']","[0.0, 0.0, 0.7, 0.0, 0.0, 0.0]",neutral,0.0
"['dia', 'tidak', 'faham', 'langsung', 'apa', 'yang', 'saya', 'katakan', '.']","['pronoun', 'adverb', 'verb / adjective', 'adverb', 'pronoun', 'pronoun, conjunction', 'pronoun', 'unknown', 'unknown']","['neutral', 'neutral', 'neutral', 'neutral', 'neutral', 'neutral', 'neutral', 'unknown', 'unknown']","[0.0, 0.0, 0.0, 0.0, 0.0, 0.0, 0.0, 0.0, 0.0]",neutral,0.0
"['dia', 'terkena', 'selesema', 'teruk', '.']","['pronoun', 'verb', 'unknown', 'unknown', 'unknown']","['neutral', 'neutral', 'unknown', 'unknown', 'unknown']","[0.0, 0.0, 0.0, 0.0, 0.0]",neutral,0.0
"['dia', 'makan', 'nasi', ',', 'pastu', 'dia', 'tidur', '.']","['pronoun', 'verb', 'unknown', 'punctuation', 'adverbial phrase', 'pronoun', 'unknown', 'unknown']","['neutral', 'neutral', 'unknown', 'neutral', 'neutral', 'neutral', 'unknown', 'unknown']","[0.0, 0.0, 0.0, 0.0, 0.0, 0.0, 0.0, 0.0]",neutral,0.0
"['dia', 'mahu', 'makan', 'lagi', '.']","['pronoun', 'verb', 'verb', 'adverb', 'unknown']","['neutral', 'neutral', 'neutral', 'neutral', 'unknown']","[0.0, 0.0, 0.0, 0.0, 0.0]",neutral,0.0
"['kanak', '-', 'kanak', 'itu', 'suka', 'sorok', 'di', 'belakang', 'pokok', '.']","['noun', 'punctuation', 'noun', 'demonstrative pronoun', 'verb', 'verb', 'preposition', 'noun / adverb', 'unknown', 'unknown']","['neutral', 'neutral', 'neutral', 'neutral', 'positive', 'neutral', 'neutral', 'neutral', 'unknown', 'unknown']","[0.0, 0.0, 0.0, 0.0, 0.7, 0.0, 0.0, 0.0, 0.0, 0.0]",neutral,0.0
"['jika', 'ada', 'masalah', ',', 'beritahu', 'saya', '.']","['conjunction', 'verb', 'noun', 'punctuation', 'verb', 'pronoun', 'unknown']","['neutral', 'neutral', 'negative', 'neutral', 'neutral', 'neutral', 'unknown']","[0.0, 0.0, -0.7, 0.0, 0.0, 0.0, 0.0]",neutral,0.0
"['dia', 'baru', 'beli', 'kereta', 'baru', '.']","['pronoun', 'adjective, adverb', 'unknown', 'kata nama', 'adjective, adverb', 'unknown']","['neutral', 'neutral', 'unknown', 'neutral', 'neutral', 'unknown']","[0.0, 0.0, 0.0, 0.0, 0.0, 0.0]",neutral,0.0
"['makcik', 'saya', 'seorang', 'guru', 'di', 'sekolah', 'itu', '.']","['noun', 'pronoun', 'unknown', 'unknown', 'preposition', 'unknown', 'demonstrative pronoun', 'unknown']","['neutral', 'neutral', 'unknown', 'unknown', 'neutral', 'unknown', 'neutral', 'unknown']","[0.0, 0.0, 0.0, 0.0, 0.0, 0.0, 0.0, 0.0]",neutral,0.0
"['jomlah', 'kita', 'pergi', 'sekarang', '.']","['unknown', 'pronoun', 'verb', 'adverb', 'unknown']","['unknown', 'neutral', 'neutral', 'neutral', 'unknown']","[0.0, 0.0, 0.0, 0.0, 0.0]",neutral,0.0
"['kuala', 'lumpur', 'ialah', 'ibu', 'negara', 'malaysia', '.']","['noun', 'unknown', 'copula', 'unknown', 'noun', 'proper noun', 'unknown']","['neutral', 'unknown', 'neutral', 'unknown', 'neutral', 'neutral', 'unknown']","[0.0, 0.0, 0.0, 0.0, 0.0, 0.0, 0.0]",neutral,0.0
"['mangsa', 'banjir', 'memerlukan', 'bantuan', 'segera', '.']","['noun', 'unknown', 'unknown', 'noun', 'unknown', 'unknown']","['negative', 'unknown', 'unknown', 'positive', 'unknown', 'unknown']","[-0.7, 0.0, 0.0, 0.7, 0.0, 0.0]",positive,0.7
"['buku', 'itu', 'kepunyaan', 'saya', '.']","['unknown', 'demonstrative pronoun', 'unknown', 'pronoun', 'unknown']","['unknown', 'neutral', 'unknown', 'neutral', 'unknown']","[0.0, 0.0, 0.0, 0.0, 0.0]",neutral,0.0
"['dia', 'ada', 'banyak', 'buku', 'di', 'rumahnya', '.']","['pronoun', 'verb', 'adjective/quantifier', 'unknown', 'preposition', 'unknown', 'unknown']","['neutral', 'neutral', 'neutral', 'unknown', 'neutral', 'unknown', 'unknown']","[0.0, 0.0, 0.0, 0.0, 0.0, 0.0, 0.0]",neutral,0.0
"['kotak', 'itu', 'sangat', 'berat', 'untuk', 'diangkat', '.']","['unknown', 'demonstrative pronoun', 'adverb', 'adjective', 'preposition', 'unknown', 'unknown']","['unknown', 'neutral', 'neutral', 'neutral', 'neutral', 'unknown', 'unknown']","[0.0, 0.0, 0.0, 0.0, 0.0, 0.0, 0.0]",neutral,0.0
"['kita', 'perlu', 'menjaga', 'badan', 'agar', 'sentiasa', 'sihat', '.']","['pronoun', 'verb/adjective', 'unknown', 'noun', 'unknown', 'adverb', 'adjective', 'unknown']","['neutral', 'neutral', 'unknown', 'neutral', 'unknown', 'neutral', 'positive', 'unknown']","[0.0, 0.0, 0.0, 0.0, 0.0, 0.0, 0.8, 0.0]",positive,0.8
"['jangan', 'jadi', 'goblok', ',', 'fikir', 'sebelum', 'bertindak', '.']","['particle', 'verb / conjunction', 'adjective', 'punctuation', 'verb', 'preposition', 'verb', 'unknown']","['neutral', 'neutral', 'negative', 'neutral', 'neutral', 'neutral', 'neutral', 'unknown']","[0.0, 0.0, -0.9, 0.0, 0.0, 0.0, 0.0, 0.0]",negative,-0.9
"['dia', 'didakwa', 'mencederakan', 'mangsanya', 'dalam', 'pergaduhan', '.']","['pronoun', 'unknown', 'verb', 'unknown', 'preposition', 'unknown', 'unknown']","['neutral', 'unknown', 'negative', 'unknown', 'neutral', 'unknown', 'unknown']","[0.0, 0.0, -0.9, 0.0, 0.0, 0.0, 0.0]",negative,-0.9
"['dia', 'bisa', 'menyelesaikan', 'masalah', 'itu', '.']","['pronoun', 'modal verb', 'unknown', 'noun', 'demonstrative pronoun', 'unknown']","['neutral', 'neutral', 'unknown', 'negative', 'neutral', 'unknown']","[0.0, 0.0, 0.0, -0.7, 0.0, 0.0]",neutral,0.0
"['dia', 'seorang', 'jurugambar', 'amatur', 'yang', 'berbakat', '.']","['pronoun', 'unknown', 'unknown', 'noun', 'pronoun, conjunction', 'unknown', 'unknown']","['neutral', 'unknown', 'unknown', 'neutral', 'neutral', 'unknown', 'unknown']","[0.0, 0.0, 0.0, 0.0, 0.0, 0.0, 0.0]",neutral,0.0
"['dia', 'mengakui', 'kesilapannya', 'dan', 'meminta', 'maaf', '.']","['pronoun', 'unknown', 'unknown', 'conjunction', 'unknown', 'noun/interjection', 'unknown']","['neutral', 'unknown', 'unknown', 'neutral', 'unknown', 'neutral', 'unknown']","[0.0, 0.0, 0.0, 0.0, 0.0, 0.0, 0.0]",negative,-0.6
"['maknya', 'risau', 'akan', 'keselamatan', 'anaknya', '.']","['noun', 'unknown', 'auxiliary verb', 'noun', 'unknown', 'unknown']","['neutral', 'unknown', 'neutral', 'positive', 'unknown', 'unknown']","[0.0, 0.0, 0.0, 0.8, 0.0, 0.0]",neutral,0.0
"['ramai', 'orang', 'berkumpul', 'di', 'dataran', '.']","['adjective', 'noun', 'unknown', 'preposition', 'unknown', 'unknown']","['neutral', 'neutral', 'unknown', 'neutral', 'unknown', 'unknown']","[0.1, 0.0, 0.0, 0.0, 0.0, 0.0]",neutral,0.0
"['dia', 'perlu', 'pilih', 'baju', 'yang', 'sesuai', 'untuk', 'majlis', 'itu', '.']","['pronoun', 'verb/adjective', 'verb', 'unknown', 'pronoun, conjunction', 'unknown', 'preposition', 'unknown', 'demonstrative pronoun', 'unknown']","['neutral', 'neutral', 'neutral', 'unknown', 'neutral', 'unknown', 'neutral', 'unknown', 'neutral', 'unknown']","[0.0, 0.0, 0.0, 0.0, 0.0, 0.0, 0.0, 0.0, 0.0, 0.0]",neutral,0.0
"['dia', 'akan', 'datang', 'esok', 'pagi', '.']","['pronoun', 'auxiliary verb', 'verb', 'unknown', 'unknown', 'unknown']","['neutral', 'neutral', 'neutral', 'unknown', 'unknown', 'unknown']","[0.0, 0.0, 0.0, 0.0, 0.0, 0.0]",neutral,0.0
"['dia', 'seorang', 'pelajar', 'yang', 'rajin', '.']","['pronoun', 'unknown', 'unknown', 'pronoun, conjunction', 'unknown', 'unknown']","['neutral', 'unknown', 'unknown', 'neutral', 'unknown', 'unknown']","[0.0, 0.0, 0.0, 0.0, 0.0, 0.0]",neutral,0.0
"['anak', 'muda', 'digalakkan', 'untuk', 'belajar', 'berdikari', '.']","['noun', 'unknown', 'unknown', 'preposition', 'unknown', 'verb', 'unknown']","['neutral', 'unknown', 'unknown', 'neutral', 'unknown', 'positive', 'unknown']","[0.0, 0.0, 0.0, 0.0, 0.0, 0.7, 0.0]",positive,0.7
"['dia', 'menyebut', 'nama', 'saya', 'dengan', 'jelas', '.']","['pronoun', 'verb', 'unknown', 'pronoun', 'preposition', 'adjective', 'unknown']","['neutral', 'neutral', 'unknown', 'neutral', 'neutral', 'positive', 'unknown']","[0.0, 0.0, 0.0, 0.0, 0.0, 0.4, 0.0]",neutral,0.0
"['iblis', 'sentiasa', 'menggoda', 'manusia', 'untuk', 'melakukan', 'dosa', '.']","['noun', 'adverb', 'unknown', 'unknown', 'preposition', 'verb', 'unknown', 'unknown']","['negative', 'neutral', 'unknown', 'unknown', 'neutral', 'neutral', 'unknown', 'unknown']","[-1.0, 0.0, 0.0, 0.0, 0.0, 0.0, 0.0, 0.0]",negative,-1.0
"['elakkan', 'menggunakan', 'perkataan', ""'"", 'pukimak', ""'"", 'kerana', 'ia', 'sangat', 'biadab', '.']","['unknown', 'unknown', 'unknown', 'unknown', 'expletive', 'unknown', 'conjunction', 'unknown', 'adverb', 'unknown', 'unknown']","['unknown', 'unknown', 'unknown', 'unknown', 'negative', 'unknown', 'neutral', 'unknown', 'neutral', 'unknown', 'unknown']","[0.0, 0.0, 0.0, 0.0, -1.0, 0.0, 0.0, 0.0, 0.0, 0.0, 0.0]",negative,-1.0
"['kucing', 'saya', 'suka', 'bermain', 'dengan', 'bebola', 'benang', '.']","['noun', 'pronoun', 'verb', 'unknown', 'preposition', 'unknown', 'unknown', 'unknown']","['neutral', 'neutral', 'positive', 'unknown', 'neutral', 'unknown', 'unknown', 'unknown']","[0.0, 0.0, 0.7, 0.0, 0.0, 0.0, 0.0, 0.0]",neutral,0.0
"['dia', 'kelihatan', 'sihat', 'selepas', 'berehat', 'yang', 'mencukupi', '.']","['pronoun', 'unknown', 'adjective', 'unknown', 'unknown', 'pronoun, conjunction', 'unknown', 'unknown']","['neutral', 'unknown', 'positive', 'unknown', 'unknown', 'neutral', 'unknown', 'unknown']","[0.0, 0.0, 0.8, 0.0, 0.0, 0.0, 0.0, 0.0]",positive,0.8
"['dia', 'sedar', 'akan', 'kesilapannya', 'dan', 'berjanji', 'akan', 'berubah', '.']","['pronoun', 'verb', 'auxiliary verb', 'unknown', 'conjunction', 'unknown', 'auxiliary verb', 'unknown', 'unknown']","['neutral', 'neutral', 'neutral', 'unknown', 'neutral', 'unknown', 'neutral', 'unknown', 'unknown']","[0.0, 0.0, 0.0, 0.0, 0.0, 0.0, 0.0, 0.0, 0.0]",neutral,0.0
"['dia', 'belajar', 'silat', 'sejak', 'kecil', '.']","['pronoun', 'unknown', 'noun', 'unknown', 'unknown', 'unknown']","['neutral', 'unknown', 'neutral', 'unknown', 'unknown', 'unknown']","[0.0, 0.0, 0.0, 0.0, 0.0, 0.0]",neutral,0.0
"['tentera', 'itu', 'sangat', 'berani', 'di', 'medan', 'perang', '.']","['unknown', 'demonstrative pronoun', 'adverb', 'adjective', 'preposition', 'unknown', 'unknown', 'unknown']","['unknown', 'neutral', 'neutral', 'positive', 'neutral', 'unknown', 'unknown', 'unknown']","[0.0, 0.0, 0.0, 0.7, 0.0, 0.0, 0.0, 0.0]",positive,0.7
"['treler', 'itu', 'membawa', 'muatan', 'berat', 'ke', 'pelabuhan', '.']","['noun', 'demonstrative pronoun', 'verb', 'unknown', 'adjective', 'particle (interrogative)', 'unknown', 'unknown']","['neutral', 'neutral', 'neutral', 'unknown', 'neutral', 'neutral', 'unknown', 'unknown']","[0.0, 0.0, 0.0, 0.0, 0.0, 0.0, 0.0, 0.0]",neutral,0.0
"['tekan', 'butang', 'ini', 'untuk', 'memulakan', 'mesin', '.']","['verb', 'unknown', 'demonstrative pronoun', 'preposition', 'unknown', 'unknown', 'unknown']","['neutral', 'unknown', 'neutral', 'neutral', 'unknown', 'unknown', 'unknown']","[0.0, 0.0, 0.0, 0.0, 0.0, 0.0, 0.0]",neutral,0.0
"['awak', 'makan', 'mi', 'je', 'ke', '?']","['unknown', 'verb', 'unknown', 'adverb', 'particle (interrogative)', 'punctuation']","['unknown', 'neutral', 'unknown', 'neutral', 'neutral', 'neutral']","[0.0, 0.0, 0.0, 0.0, 0.0, 0.0]",neutral,0.0
"['baju', 'ni', 'cantik', '.']","['unknown', 'pronoun', 'unknown', 'unknown']","['unknown', 'neutral', 'unknown', 'unknown']","[0.0, 0.0, 0.0, 0.0]",neutral,0.0
"['maka', ',', 'bermulalah', 'cerita', 'itu', '.']","['conjunction', 'punctuation', 'unknown', 'unknown', 'demonstrative pronoun', 'unknown']","['neutral', 'neutral', 'unknown', 'unknown', 'neutral', 'unknown']","[0.0, 0.0, 0.0, 0.0, 0.0, 0.0]",neutral,0.0
"['apa', 'yang', 'awak', 'buat', '?']","['pronoun', 'pronoun, conjunction', 'unknown', 'kata kerja', 'punctuation']","['neutral', 'neutral', 'unknown', 'neutral', 'neutral']","[0.0, 0.0, 0.0, 0.0, 0.0]",neutral,0.0
"['kumpulan', 'pengganas', 'itu', 'sangat', 'ganas', '.']","['unknown', 'unknown', 'demonstrative pronoun', 'adverb', 'adjective', 'unknown']","['unknown', 'unknown', 'neutral', 'neutral', 'negative', 'unknown']","[0.0, 0.0, 0.0, 0.0, -0.8, 0.0]",negative,-0.8
"['kita', 'perlu', 'defaind', 'hak', 'kita', '.']","['pronoun', 'verb/adjective', 'verb (loanword)', 'noun', 'pronoun', 'unknown']","['neutral', 'neutral', 'neutral', 'neutral', 'neutral', 'unknown']","[0.0, 0.0, 0.0, 0.0, 0.0, 0.0]",neutral,0.0
"['dia', 'pulang', 'ke', 'ruma', 'selepas', 'bekerja', '.']","['pronoun', 'unknown', 'particle (interrogative)', 'noun', 'unknown', 'unknown', 'unknown']","['neutral', 'unknown', 'neutral', 'neutral', 'unknown', 'unknown', 'unknown']","[0.0, 0.0, 0.0, 0.0, 0.0, 0.0, 0.0]",neutral,0.0
"['dia', 'selalu', 'datang', 'lewat', 'ke', 'pejabat', '.']","['pronoun', 'adverb', 'verb', 'unknown', 'particle (interrogative)', 'unknown', 'unknown']","['neutral', 'neutral', 'neutral', 'unknown', 'neutral', 'unknown', 'unknown']","[0.0, 0.0, 0.0, 0.0, 0.0, 0.0, 0.0]",neutral,0.0
"['dia', 'rasa', 'jelous', 'melihat', 'kejayaan', 'kawannya', '.']","['pronoun', 'verb', 'adjective (loanword)', 'verb', 'unknown', 'unknown', 'unknown']","['neutral', 'neutral', 'negative', 'neutral', 'unknown', 'unknown', 'unknown']","[0.0, 0.0, -0.6, 0.0, 0.0, 0.0, 0.0]",negative,-0.6
"['kereta', 'itu', 'langgor', 'tiang', 'lampu', '.']","['kata nama', 'demonstrative pronoun', 'verb', 'unknown', 'unknown', 'unknown']","['neutral', 'neutral', 'neutral', 'unknown', 'unknown', 'unknown']","[0.0, 0.0, 0.0, 0.0, 0.0, 0.0]",neutral,0.0
"['jika', 'hujan', ',', 'kita', 'batalkan', 'perkelahan', '.']","['conjunction', 'unknown', 'punctuation', 'pronoun', 'unknown', 'unknown', 'unknown']","['neutral', 'unknown', 'neutral', 'neutral', 'unknown', 'unknown', 'unknown']","[0.0, 0.0, 0.0, 0.0, 0.0, 0.0, 0.0]",neutral,0.0
"['dia', 'tidak', 'mengerti', 'arahan', 'itu', '.']","['pronoun', 'adverb', 'verb', 'unknown', 'demonstrative pronoun', 'unknown']","['neutral', 'neutral', 'neutral', 'unknown', 'neutral', 'unknown']","[0.0, 0.0, 0.0, 0.0, 0.0, 0.0]",neutral,0.0
"['abang', 'baru', 'beli', 'kereta', 'toyota', 'vios', '.']","['noun', 'adjective, adverb', 'unknown', 'kata nama', 'unknown', 'noun (proper)', 'unknown']","['neutral', 'neutral', 'unknown', 'neutral', 'unknown', 'neutral', 'unknown']","[0.0, 0.0, 0.0, 0.0, 0.0, 0.0, 0.0]",neutral,0.0
"['lanun', 'itu', 'cuba', 'rompak', 'kapal', 'dagang', '.']","['unknown', 'demonstrative pronoun', 'verb', 'verb', 'unknown', 'unknown', 'unknown']","['unknown', 'neutral', 'neutral', 'negative', 'unknown', 'unknown', 'unknown']","[0.0, 0.0, 0.0, -0.9, 0.0, 0.0, 0.0]",negative,-0.9
"['dia', 'ditangkap', 'kerana', 'mencuri', 'telefon', 'bimbit', '.']","['pronoun', 'unknown', 'conjunction', 'verb', 'noun / verb', 'unknown', 'unknown']","['neutral', 'unknown', 'neutral', 'negative', 'neutral', 'unknown', 'unknown']","[0.0, 0.0, 0.0, -0.9, 0.0, 0.0, 0.0]",negative,-0.9
"['buku', 'itu', 'ditulis', 'oleh', 'seorang', 'penulis', 'terkenal', '.']","['unknown', 'demonstrative pronoun', 'unknown', 'preposition', 'unknown', 'unknown', 'unknown', 'unknown']","['unknown', 'neutral', 'unknown', 'neutral', 'unknown', 'unknown', 'unknown', 'unknown']","[0.0, 0.0, 0.0, 0.0, 0.0, 0.0, 0.0, 0.0]",neutral,0.0
"['dia', 'sangat', 'kuat', 'mengangkat', 'kotak', 'itu', '.']","['pronoun', 'adverb', 'adjective', 'unknown', 'unknown', 'demonstrative pronoun', 'unknown']","['neutral', 'neutral', 'positive', 'unknown', 'unknown', 'neutral', 'unknown']","[0.0, 0.0, 0.6, 0.0, 0.0, 0.0, 0.0]",positive,0.6
"['dia', 'pergi', 'ke', 'spa', 'untuk', 'berehat', '.']","['pronoun', 'verb', 'particle (interrogative)', 'noun', 'preposition', 'unknown', 'unknown']","['neutral', 'neutral', 'neutral', 'positive', 'neutral', 'unknown', 'unknown']","[0.0, 0.0, 0.0, 0.5, 0.0, 0.0, 0.0]",positive,0.5
"['kak', ',', 'boleh', 'tolong', 'saya', '?']","['noun', 'punctuation', 'modal verb', 'verb', 'pronoun', 'punctuation']","['neutral', 'neutral', 'neutral', 'neutral', 'neutral', 'neutral']","[0.0, 0.0, 0.0, 0.0, 0.0, 0.0]",positive,0.7
"['enjin', 'pesawat', 'itu', 'bedengung', 'kuat', '.']","['unknown', 'unknown', 'demonstrative pronoun', 'verb', 'adjective', 'unknown']","['unknown', 'unknown', 'neutral', 'neutral', 'positive', 'unknown']","[0.0, 0.0, 0.0, 0.0, 0.6, 0.0]",neutral,0.0
"['kami', 'bekerja', 'hingga', 'larut', 'malam', '.']","['unknown', 'unknown', 'preposition / conjunction', 'unknown', 'unknown', 'unknown']","['unknown', 'unknown', 'neutral', 'unknown', 'unknown', 'unknown']","[0.0, 0.0, 0.0, 0.0, 0.0, 0.0]",neutral,0.0
"['persembahan', 'kumpulan', 'itu', 'memang', 'joss', '!']","['unknown', 'unknown', 'demonstrative pronoun', 'adverb', 'interjection / adjective', 'unknown']","['unknown', 'unknown', 'neutral', 'neutral', 'positive', 'unknown']","[0.0, 0.0, 0.0, 0.0, 0.8, 0.0]",positive,0.8
"['awak', 'nak', 'pergi', 'mana', 'ke', '?']","['unknown', 'auxiliary verb', 'verb', 'interrogative pronoun', 'particle (interrogative)', 'punctuation']","['unknown', 'neutral', 'neutral', 'neutral', 'neutral', 'neutral']","[0.0, 0.0, 0.0, 0.0, 0.0, 0.0]",neutral,0.0
"['boleh', 'saya', 'amik', 'buku', 'ni', '?']","['modal verb', 'pronoun', 'verb', 'unknown', 'pronoun', 'punctuation']","['neutral', 'neutral', 'neutral', 'unknown', 'neutral', 'neutral']","[0.0, 0.0, 0.0, 0.0, 0.0, 0.0]",neutral,0.0
"['dia', 'tunggu', 'di', 'tmpat', 'biasa', '.']","['pronoun', 'verb', 'preposition', 'noun', 'adjective', 'unknown']","['neutral', 'neutral', 'neutral', 'neutral', 'neutral', 'unknown']","[0.0, 0.0, 0.0, 0.0, 0.0, 0.0]",neutral,0.0
"['dia', 'melihat', 'dirinya', 'di', 'cermin', '.']","['pronoun', 'verb', 'unknown', 'preposition', 'noun', 'unknown']","['neutral', 'neutral', 'unknown', 'neutral', 'neutral', 'unknown']","[0.0, 0.0, 0.0, 0.0, 0.0, 0.0]",neutral,0.0
"['kau', 'nak', 'makan', 'apa', '?']","['pronoun', 'auxiliary verb', 'verb', 'pronoun', 'punctuation']","['neutral', 'neutral', 'neutral', 'neutral', 'neutral']","[0.0, 0.0, 0.0, 0.0, 0.0]",neutral,0.0
"['filem', 'komedi', 'itu', 'sangat', 'lucu', '.']","['unknown', 'unknown', 'demonstrative pronoun', 'adverb', 'adjective', 'unknown']","['unknown', 'unknown', 'neutral', 'neutral', 'positive', 'unknown']","[0.0, 0.0, 0.0, 0.0, 0.7, 0.0]",positive,0.7
"['projek', 'perumahan', 'baru', 'akan', 'dibina', 'di', 'sini', '.']","['unknown', 'noun', 'adjective, adverb', 'auxiliary verb', 'unknown', 'preposition', 'adverb (of place)', 'unknown']","['unknown', 'neutral', 'neutral', 'neutral', 'unknown', 'neutral', 'neutral', 'unknown']","[0.0, 0.0, 0.0, 0.0, 0.0, 0.0, 0.0, 0.0]",neutral,0.0
"['cerita', 'itu', 'sangat', 'lame', '.']","['unknown', 'demonstrative pronoun', 'adverb', 'adjective (loanword)', 'unknown']","['unknown', 'neutral', 'neutral', 'negative', 'unknown']","[0.0, 0.0, 0.0, -0.6, 0.0]",negative,-0.6
"['mereka', 'cuba', 'rompak', 'bank', 'itu', '.']","['pronoun', 'verb', 'verb', 'noun', 'demonstrative pronoun', 'unknown']","['neutral', 'neutral', 'negative', 'neutral', 'neutral', 'unknown']","[0.0, 0.0, -0.9, 0.0, 0.0, 0.0]",negative,-0.9
"['ibu', 'bapa', 'sentiasa', 'mencurahkan', 'kasih', 'kepada', 'anak', '-', 'anak', '.']","['unknown', 'unknown', 'adverb', 'unknown', 'noun / verb', 'preposition', 'noun', 'punctuation', 'noun', 'unknown']","['unknown', 'unknown', 'neutral', 'unknown', 'positive', 'neutral', 'neutral', 'neutral', 'neutral', 'unknown']","[0.0, 0.0, 0.0, 0.0, 0.8, 0.0, 0.0, 0.0, 0.0, 0.0]",positive,0.8
"['tolong', 'ingat', 'pesanan', 'saya', '.']","['verb', 'verb', 'unknown', 'pronoun', 'unknown']","['neutral', 'neutral', 'unknown', 'neutral', 'unknown']","[0.0, 0.0, 0.0, 0.0, 0.0]",neutral,0.0
"['kami', 'membeli', 'produk', 'tempatan', 'untuk', 'menyokong', 'ekonomi', '.']","['unknown', 'unknown', 'unknown', 'adjective', 'preposition', 'unknown', 'unknown', 'unknown']","['unknown', 'unknown', 'unknown', 'neutral', 'neutral', 'unknown', 'unknown', 'unknown']","[0.0, 0.0, 0.0, 0.0, 0.0, 0.0, 0.0, 0.0]",neutral,0.0
"['buku', 'ini', 'ditulis', 'by', 'dia', '.']","['unknown', 'demonstrative pronoun', 'unknown', 'preposition (loanword)', 'pronoun', 'unknown']","['unknown', 'neutral', 'unknown', 'neutral', 'neutral', 'unknown']","[0.0, 0.0, 0.0, 0.0, 0.0, 0.0]",neutral,0.0
"['saya', 'suka', 'kopi', '&', 'amp', ';', 'teh', '.']","['pronoun', 'verb', 'unknown', 'unknown', 'unknown', 'unknown', 'unknown', 'unknown']","['neutral', 'positive', 'unknown', 'unknown', 'unknown', 'unknown', 'unknown', 'unknown']","[0.0, 0.7, 0.0, 0.0, 0.0, 0.0, 0.0, 0.0]",neutral,0.0
"['dia', 'sygkan', 'keluarganya', '.']","['pronoun', 'verb', 'unknown', 'unknown']","['neutral', 'positive', 'unknown', 'unknown']","[0.0, 0.8, 0.0, 0.0]",positive,0.8
"['awak', 'makan', 'mi', 'je', '?']","['unknown', 'verb', 'unknown', 'adverb', 'punctuation']","['unknown', 'neutral', 'unknown', 'neutral', 'neutral']","[0.0, 0.0, 0.0, 0.0, 0.0]",neutral,0.0
"['mari', 'kita', 'tgk', 'filem', 'itu', '.']","['unknown', 'pronoun', 'verb', 'unknown', 'demonstrative pronoun', 'unknown']","['unknown', 'neutral', 'neutral', 'unknown', 'neutral', 'unknown']","[0.0, 0.0, 0.0, 0.0, 0.0, 0.0]",neutral,0.0
"['mesyuarat', 'asean', 'akan', 'diadakan', 'bulan', 'depan', '.']","['unknown', 'noun (acronym)', 'auxiliary verb', 'unknown', 'unknown', 'noun', 'unknown']","['unknown', 'neutral', 'neutral', 'unknown', 'unknown', 'neutral', 'unknown']","[0.0, 0.0, 0.0, 0.0, 0.0, 0.0, 0.0]",neutral,0.0
"['keadaan', 'di', 'sana', 'agak', 'tegang', '.']","['noun', 'preposition', 'unknown', 'adverb', 'unknown', 'unknown']","['neutral', 'neutral', 'unknown', 'neutral', 'unknown', 'unknown']","[0.0, 0.0, 0.0, 0.0, 0.0, 0.0]",neutral,0.0
"['insiden', 'itu', 'berlaku', 'semalam', '.']","['unknown', 'demonstrative pronoun', 'verb', 'unknown', 'unknown']","['unknown', 'neutral', 'neutral', 'unknown', 'unknown']","[0.0, 0.0, 0.0, 0.0, 0.0]",neutral,0.0
"['pakaian', 'itu', 'sangat', 'elok', 'dipakai', '.']","['unknown', 'demonstrative pronoun', 'adverb', 'adjective', 'verb', 'unknown']","['unknown', 'neutral', 'neutral', 'positive', 'neutral', 'unknown']","[0.0, 0.0, 0.0, 0.7, 0.0, 0.0]",positive,0.7
"['awak', 'nak', 'makan', 'ape', '?']","['unknown', 'auxiliary verb', 'verb', 'pronoun', 'punctuation']","['unknown', 'neutral', 'neutral', 'neutral', 'neutral']","[0.0, 0.0, 0.0, 0.0, 0.0]",neutral,0.0
"['dia', 'pun', 'datang', 'ke', 'majlis', 'itu', '.']","['pronoun', 'particle / adverb', 'verb', 'particle (interrogative)', 'unknown', 'demonstrative pronoun', 'unknown']","['neutral', 'neutral', 'neutral', 'neutral', 'unknown', 'neutral', 'unknown']","[0.0, 0.0, 0.0, 0.0, 0.0, 0.0, 0.0]",neutral,0.0
"['dia', 'menyimpan', 'buku', 'di', 'dalam', 'laci', '.']","['pronoun', 'unknown', 'unknown', 'preposition', 'preposition', 'unknown', 'unknown']","['neutral', 'unknown', 'unknown', 'neutral', 'neutral', 'unknown', 'unknown']","[0.0, 0.0, 0.0, 0.0, 0.0, 0.0, 0.0]",neutral,0.0
"['dpa', 'dah', 'balik', 'kampung', '.']","['pronoun (informal)', 'adverb', 'verb', 'unknown', 'unknown']","['neutral', 'neutral', 'neutral', 'unknown', 'unknown']","[0.0, 0.0, 0.0, 0.0, 0.0]",neutral,0.0
"['awak', 'ngerti', 'tak', 'apa', 'yang', 'saya', 'cakap', '?']","['unknown', 'verb', 'adverb (negation)', 'pronoun', 'pronoun, conjunction', 'pronoun', 'unknown', 'punctuation']","['unknown', 'neutral', 'neutral', 'neutral', 'neutral', 'neutral', 'unknown', 'neutral']","[0.0, 0.0, 0.0, 0.0, 0.0, 0.0, 0.0, 0.0]",neutral,0.0
"['dia', 'beri', 'buku', 'tu', 'dekat', 'them', '.']","['pronoun', 'unknown', 'unknown', 'pronoun', 'adjective, preposition', 'pronoun', 'unknown']","['neutral', 'unknown', 'unknown', 'neutral', 'neutral', 'neutral', 'unknown']","[0.0, 0.0, 0.0, 0.0, 0.0, 0.0, 0.0]",neutral,0.0
"['ada', 'banyak', 'thing', 'nak', 'kena', 'buat', 'hari', 'ni', '.']","['verb', 'adjective/quantifier', 'noun', 'auxiliary verb', 'verb', 'kata kerja', 'noun', 'pronoun', 'unknown']","['neutral', 'neutral', 'neutral', 'neutral', 'neutral', 'neutral', 'neutral', 'neutral', 'unknown']","[0.0, 0.0, 0.0, 0.0, 0.0, 0.0, 0.0, 0.0, 0.0]",neutral,0.0
"['nak', 'makan', 'lgi', 'tak', '?']","['auxiliary verb', 'verb', 'adverb', 'adverb (negation)', 'punctuation']","['neutral', 'neutral', 'neutral', 'neutral', 'neutral']","[0.0, 0.0, 0.0, 0.0, 0.0]",neutral,0.0
"['penjenayah', 'itu', 'cuba', 'merodok', 'mangsanya', '.']","['noun', 'demonstrative pronoun', 'verb', 'unknown', 'unknown', 'unknown']","['negative', 'neutral', 'neutral', 'unknown', 'unknown', 'unknown']","[-0.8, 0.0, 0.0, 0.0, 0.0, 0.0]",negative,-0.7
"['sinki', 'dapur', 'tersumbat', '.']","['unknown', 'unknown', 'unknown', 'unknown']","['unknown', 'unknown', 'unknown', 'unknown']","[0.0, 0.0, 0.0, 0.0]",neutral,-0.3
"['perkhidmatan', 'ini', 'diberikan', 'secara', 'percuma', '.']","['unknown', 'demonstrative pronoun', 'unknown', 'adverb', 'adjective', 'unknown']","['unknown', 'neutral', 'unknown', 'neutral', 'positive', 'unknown']","[0.0, 0.0, 0.0, 0.0, 0.6, 0.0]",positive,0.6
"['kita', 'perlu', 'patuh', 'pada', 'hukom', 'negara', '.']","['pronoun', 'verb/adjective', 'unknown', 'preposition', 'noun', 'noun', 'unknown']","['neutral', 'neutral', 'unknown', 'neutral', 'neutral', 'neutral', 'unknown']","[0.0, 0.0, 0.0, 0.0, 0.0, 0.0, 0.0]",neutral,0.0
"['cuba', 'diri.bayangkan', 'kalau', 'awak', 'di', 'tempat', 'dia', '.']","['verb', 'unknown', 'conjunction', 'unknown', 'preposition', 'noun', 'pronoun', 'unknown']","['neutral', 'unknown', 'neutral', 'unknown', 'neutral', 'neutral', 'neutral', 'unknown']","[0.0, 0.0, 0.0, 0.0, 0.0, 0.0, 0.0, 0.0]",neutral,0.0
"['dia', 'berasa', 'pensive', 'face', 'setelah', 'mendengar', 'berita', 'itu', '.']","['pronoun', 'unknown', 'unknown', 'unknown', 'unknown', 'unknown', 'noun', 'demonstrative pronoun', 'unknown']","['neutral', 'unknown', 'unknown', 'unknown', 'unknown', 'unknown', 'neutral', 'neutral', 'unknown']","[0.0, 0.0, 0.0, 0.0, 0.0, 0.0, 0.0, 0.0, 0.0]",negative,-0.6
"['maunya', 'dia', 'datang', 'awal', '.']","['verb (kolokial)', 'pronoun', 'verb', 'unknown', 'unknown']","['neutral', 'neutral', 'neutral', 'unknown', 'unknown']","[0.0, 0.0, 0.0, 0.0, 0.0]",neutral,0.0
"['peguam', 'itu', 'membela', 'anak', 'guamnya', 'di', 'mahkamah', '.']","['unknown', 'demonstrative pronoun', 'verb', 'noun', 'unknown', 'preposition', 'unknown', 'unknown']","['unknown', 'neutral', 'positive', 'neutral', 'unknown', 'neutral', 'unknown', 'unknown']","[0.0, 0.0, 0.7, 0.0, 0.0, 0.0, 0.0, 0.0]",positive,0.7
"['pdrm', 'sedang', 'menyiasat', 'kes', 'rompakan', 'itu', '.']","['proper noun', 'unknown', 'unknown', 'noun', 'kata nama', 'demonstrative pronoun', 'unknown']","['neutral', 'unknown', 'unknown', 'neutral', 'negative', 'neutral', 'unknown']","[0.0, 0.0, 0.0, 0.0, -0.8, 0.0, 0.0]",neutral,0.0
"['mana', 'buku', 'saya', '?']","['interrogative pronoun', 'unknown', 'pronoun', 'punctuation']","['neutral', 'unknown', 'neutral', 'neutral']","[0.0, 0.0, 0.0, 0.0]",neutral,0.0
"['macam', 'mana', 'nak', 'jd', 'orang', 'berjaya', '?']","['preposition, adverb', 'interrogative pronoun', 'auxiliary verb', 'verb (kolokial)', 'noun', 'unknown', 'punctuation']","['neutral', 'neutral', 'neutral', 'neutral', 'neutral', 'unknown', 'neutral']","[0.0, 0.0, 0.0, 0.0, 0.0, 0.0, 0.0]",neutral,0.0
"['mereka', 'bertarung', 'untuk', 'memenangi', 'pertandingan', 'itu', '.']","['pronoun', 'verb', 'preposition', 'unknown', 'unknown', 'demonstrative pronoun', 'unknown']","['neutral', 'neutral', 'neutral', 'unknown', 'unknown', 'neutral', 'unknown']","[0.0, 0.0, 0.0, 0.0, 0.0, 0.0, 0.0]",neutral,0.0
"['dia', 'duduk', 'di', 'blkg', 'bas', '.']","['pronoun', 'verb', 'preposition', 'noun (kolokial)', 'unknown', 'unknown']","['neutral', 'neutral', 'neutral', 'neutral', 'unknown', 'unknown']","[0.0, 0.0, 0.0, 0.0, 0.0, 0.0]",neutral,0.0
"['ramai', 'pekerja', 'indon', 'di', 'sini', '.']","['adjective', 'unknown', 'noun (kolokial/slanga)', 'preposition', 'adverb (of place)', 'unknown']","['neutral', 'unknown', 'neutral', 'neutral', 'neutral', 'unknown']","[0.1, 0.0, -0.2, 0.0, 0.0, 0.0]",neutral,-0.2
"['kumpulan', 'penjenayah', 'itu', 'merompak', 'sebuah', 'bank', '.']","['unknown', 'noun', 'demonstrative pronoun', 'verb', 'unknown', 'noun', 'unknown']","['unknown', 'negative', 'neutral', 'negative', 'unknown', 'neutral', 'unknown']","[0.0, -0.8, 0.0, -0.9, 0.0, 0.0, 0.0]",negative,-0.9
"['dia', 'tidak', '.', 'bersetuju', 'dengan', 'cadangan', 'itu', '.']","['pronoun', 'adverb', 'unknown', 'unknown', 'preposition', 'unknown', 'demonstrative pronoun', 'unknown']","['neutral', 'neutral', 'unknown', 'unknown', 'neutral', 'unknown', 'neutral', 'unknown']","[0.0, 0.0, 0.0, 0.0, 0.0, 0.0, 0.0, 0.0]",neutral,0.0
"['kami', 'mencari', 'alternatif', 'lain', 'untuk', 'masalah', 'ini', '.']","['unknown', 'unknown', 'noun/adjective', 'adjective', 'preposition', 'noun', 'demonstrative pronoun', 'unknown']","['unknown', 'unknown', 'neutral', 'neutral', 'neutral', 'negative', 'neutral', 'unknown']","[0.0, 0.0, 0.0, 0.0, 0.0, -0.7, 0.0, 0.0]",neutral,0.0
"['ya', ',', 'saya', 'setuju', '.']","['interjection/adverb', 'punctuation', 'pronoun', 'unknown', 'unknown']","['neutral', 'neutral', 'neutral', 'unknown', 'unknown']","[0.0, 0.0, 0.0, 0.0, 0.0]",neutral,0.0
"['dia', 'selalu', 'menepati', 'jnji', '.']","['pronoun', 'adverb', 'unknown', 'noun (kolokial)', 'unknown']","['neutral', 'neutral', 'unknown', 'neutral', 'unknown']","[0.0, 0.0, 0.0, 0.0, 0.0]",neutral,0.0
"['kesihatan', 'mental', 'sangat', 'penting', '.']","['unknown', 'adjective/noun', 'adverb', 'adjective', 'unknown']","['unknown', 'neutral', 'neutral', 'positive', 'unknown']","[0.0, 0.0, 0.0, 0.7, 0.0]",neutral,0.0
"['banyak', 'kj', 'hari', 'ni', '.']","['adjective/quantifier', 'noun (kolokial)', 'noun', 'pronoun', 'unknown']","['neutral', 'neutral', 'neutral', 'neutral', 'unknown']","[0.0, 0.0, 0.0, 0.0, 0.0]",neutral,0.0
"['dia', 'gntung', 'gambar', 'di', 'dinding', '.']","['pronoun', 'verb (kolokial)', 'unknown', 'preposition', 'unknown', 'unknown']","['neutral', 'neutral', 'unknown', 'neutral', 'unknown', 'unknown']","[0.0, -0.3, 0.0, 0.0, 0.0, 0.0]",neutral,-0.3
"['dia', 'cedera', 'akibat', 'ditikam', '.']","['pronoun', 'adjective/verb', 'unknown', 'unknown', 'unknown']","['neutral', 'negative', 'unknown', 'unknown', 'unknown']","[0.0, -0.6, 0.0, 0.0, 0.0]",negative,-0.8
"['bugima', ',', 'sakitnya', '!']","['expletive (slanga)', 'punctuation', 'unknown', 'unknown']","['negative', 'neutral', 'unknown', 'unknown']","[-1.0, 0.0, 0.0, 0.0]",negative,-1.0
"['awak', 'nak', 'kopi', 'or', 'teh', '?']","['unknown', 'auxiliary verb', 'unknown', 'conjunction', 'unknown', 'punctuation']","['unknown', 'neutral', 'unknown', 'neutral', 'unknown', 'neutral']","[0.0, 0.0, 0.0, 0.0, 0.0, 0.0]",neutral,0.0
"['aduh', ',', 'cilaker', 'betul', 'la', '!']","['interjection', 'punctuation', 'interjection (kolokial)', 'adjective', 'particle', 'unknown']","['negative', 'neutral', 'negative', 'positive', 'neutral', 'unknown']","[-0.3, 0.0, -0.7, 0.6, 0.0, 0.0]",negative,-0.7
"['jom', 'gi', 'makan', '.']","['unknown', 'verb (kolokial)', 'verb', 'unknown']","['unknown', 'neutral', 'neutral', 'unknown']","[0.0, 0.0, 0.0, 0.0]",neutral,0.0
"['saya', 'nak', 'buat', 'tapi', '.naye', '.']","['pronoun', 'auxiliary verb', 'kata kerja', 'kata hubung', 'unknown', 'unknown']","['neutral', 'neutral', 'neutral', 'neutral', 'unknown', 'unknown']","[0.0, 0.0, 0.0, 0.0, 0.0, 0.0]",neutral,-0.1
"['cepat', 'la', 'sikit', '!']","['adjective, adverb', 'particle', 'adjective/adverb (colloquial)', 'unknown']","['neutral', 'neutral', 'neutral', 'unknown']","[0.1, 0.0, 0.0, 0.0]",neutral,0.0
"['dia', 'dapat', 'pekerjaan', 'baru', '.']","['pronoun', 'verb', 'unknown', 'adjective, adverb', 'unknown']","['neutral', 'positive', 'unknown', 'neutral', 'unknown']","[0.0, 0.5, 0.0, 0.0, 0.0]",positive,0.5
"['pencuri', 'itu', 'oncuri', 'dompet', 'saya', '.']","['noun', 'demonstrative pronoun', 'verb (kolokial/salah eja)', 'unknown', 'pronoun', 'unknown']","['negative', 'neutral', 'negative', 'unknown', 'neutral', 'unknown']","[-0.8, 0.0, -0.9, 0.0, 0.0, 0.0]",negative,-0.9
"['beritahu', 'them', ',', 'saya', 'akan', 'datang', '.']","['verb', 'pronoun', 'punctuation', 'pronoun', 'auxiliary verb', 'verb', 'unknown']","['neutral', 'neutral', 'neutral', 'neutral', 'neutral', 'neutral', 'unknown']","[0.0, 0.0, 0.0, 0.0, 0.0, 0.0, 0.0]",neutral,0.0
"['apa', 'khabar', 'kamu.face', 'with', 'tears', 'of', 'joy']","['pronoun', 'unknown', 'unknown', 'unknown', 'unknown', 'unknown', 'unknown']","['neutral', 'unknown', 'unknown', 'unknown', 'unknown', 'unknown', 'unknown']","[0.0, 0.0, 0.0, 0.0, 0.0, 0.0, 0.0]",neutral,0.0
"['kita', 'harus', 'tunjukkan', 'respect', 'kepada', 'orang', 'tua', '.']","['pronoun', 'auxiliary verb', 'unknown', 'noun/verb', 'preposition', 'noun', 'unknown', 'unknown']","['neutral', 'neutral', 'unknown', 'positive', 'neutral', 'neutral', 'unknown', 'unknown']","[0.0, 0.0, 0.0, 0.8, 0.0, 0.0, 0.0, 0.0]",positive,0.8
"['bila', 'awak', 'akan', 'datang', '?']","['adverb', 'unknown', 'auxiliary verb', 'verb', 'punctuation']","['neutral', 'unknown', 'neutral', 'neutral', 'neutral']","[0.0, 0.0, 0.0, 0.0, 0.0]",neutral,0.0
"['kalau', 'hujan', ',', 'kita', 'tidak', 'jadi', 'pergi', '.']","['conjunction', 'unknown', 'punctuation', 'pronoun', 'adverb', 'verb / conjunction', 'verb', 'unknown']","['neutral', 'unknown', 'neutral', 'neutral', 'neutral', 'neutral', 'neutral', 'unknown']","[0.0, 0.0, 0.0, 0.0, 0.0, 0.0, 0.0, 0.0]",neutral,0.0
"['nambraknya', 'kuat', 'sampai', 'hancur', '.']","['verb (kolokial)', 'adjective', 'verb', 'adjective, verb', 'unknown']","['negative', 'positive', 'neutral', 'negative', 'unknown']","[-0.6, 0.6, 0.0, -0.8, 0.0]",negative,-0.6
"['pdrm', 'sedang', 'menyiasat', 'kes', 'jenayah', 'itu', '.']","['proper noun', 'unknown', 'unknown', 'noun', 'noun', 'demonstrative pronoun', 'unknown']","['neutral', 'unknown', 'unknown', 'neutral', 'negative', 'neutral', 'unknown']","[0.0, 0.0, 0.0, 0.0, -0.8, 0.0, 0.0]",neutral,0.0
"['rupanya', 'dia', 'dah', 'kahwinface', 'with', 'tears', 'of', 'joybaca', 'berita', 'tadi', '.']","['unknown', 'pronoun', 'adverb', 'unknown', 'unknown', 'unknown', 'unknown', 'unknown', 'noun', 'unknown', 'unknown']","['unknown', 'neutral', 'neutral', 'unknown', 'unknown', 'unknown', 'unknown', 'unknown', 'neutral', 'unknown', 'unknown']","[0.0, 0.0, 0.0, 0.0, 0.0, 0.0, 0.0, 0.0, 0.0, 0.0, 0.0]",neutral,0.0
"['petani', 'itu', 'menggunakan', 'parang', 'untuk', 'membersihkan', 'semak', '.']","['unknown', 'demonstrative pronoun', 'unknown', 'noun', 'preposition', 'unknown', 'unknown', 'unknown']","['unknown', 'neutral', 'unknown', 'neutral', 'neutral', 'unknown', 'unknown', 'unknown']","[0.0, 0.0, 0.0, 0.0, 0.0, 0.0, 0.0, 0.0]",neutral,-0.2
"['saya', 'nak', 'satu', 'je', '.']","['pronoun', 'auxiliary verb', 'numeral', 'adverb', 'unknown']","['neutral', 'neutral', 'neutral', 'neutral', 'unknown']","[0.0, 0.0, 0.0, 0.0, 0.0]",neutral,0.0
"['ekonomi', 'malaysia', '.', 'sedang', 'berkembang', '.']","['unknown', 'proper noun', 'unknown', 'unknown', 'unknown', 'unknown']","['unknown', 'neutral', 'unknown', 'unknown', 'unknown', 'unknown']","[0.0, 0.0, 0.0, 0.0, 0.0, 0.0]",neutral,0.0
"['kadar', 'jenayah', 'di', 'bandar', 'itu', 'meningkat', '.']","['unknown', 'noun', 'preposition', 'unknown', 'demonstrative pronoun', 'verb', 'unknown']","['unknown', 'negative', 'neutral', 'unknown', 'neutral', 'neutral', 'unknown']","[0.0, -0.8, 0.0, 0.0, 0.0, 0.0, 0.0]",negative,-0.8
"['dia', 'terus', 'berjalan', 'tanpa', 'menoleh', '.']","['pronoun', 'adverb/verb', 'unknown', 'unknown', 'unknown', 'unknown']","['neutral', 'neutral', 'unknown', 'unknown', 'unknown', 'unknown']","[0.0, 0.0, 0.0, 0.0, 0.0, 0.0]",neutral,0.0
"['banyak', 'kes2', 'jenayah', 'berlaku', '.']","['adjective/quantifier', 'noun (kolokial plural)', 'noun', 'verb', 'unknown']","['neutral', 'neutral', 'negative', 'neutral', 'unknown']","[0.0, 0.0, -0.8, 0.0, 0.0]",neutral,0.0
"['buat', 'camni', 'baru', 'betul', '.']","['kata kerja', 'adverb (kolokial)', 'adjective, adverb', 'adjective', 'unknown']","['neutral', 'neutral', 'neutral', 'positive', 'unknown']","[0.0, 0.0, 0.0, 0.6, 0.0]",neutral,0.0
"['tnggu', 'kejap', '.']","['verb (kolokial)', 'unknown', 'unknown']","['neutral', 'unknown', 'unknown']","[0.0, 0.0, 0.0]",neutral,0.0
"['ilmu', 'adalah', 'cahaya', 'yang', 'membimbing', 'kehidupan', 'kita', '.']","['noun', 'copula / verb', 'unknown', 'pronoun, conjunction', 'unknown', 'noun', 'pronoun', 'unknown']","['positive', 'neutral', 'unknown', 'neutral', 'unknown', 'neutral', 'neutral', 'unknown']","[0.7, 0.0, 0.0, 0.0, 0.0, 0.0, 0.0, 0.0]",positive,0.7
"['saya', 'sering', 'menonton', 'video', 'di', 'youtube', 'pada', 'waktu', 'lapang', '.']","['pronoun', 'adverb', 'verb', 'noun', 'preposition', 'noun', 'preposition', 'unknown', 'unknown', 'unknown']","['neutral', 'neutral', 'neutral', 'neutral', 'neutral', 'neutral', 'neutral', 'unknown', 'unknown', 'unknown']","[0.0, 0.0, 0.0, 0.0, 0.0, 0.1, 0.0, 0.0, 0.0, 0.0]",neutral,0.1
"['mereka', 'cuba', 'samun', 'bank', 'itu', 'semalam', '.']","['pronoun', 'verb', 'verb', 'noun', 'demonstrative pronoun', 'unknown', 'unknown']","['neutral', 'neutral', 'negative', 'neutral', 'neutral', 'unknown', 'unknown']","[0.0, 0.0, -0.8, 0.0, 0.0, 0.0, 0.0]",negative,-0.8
"['dia', 'datang', 'dengan', 'kawan', '-', 'kawannya', '.']","['pronoun', 'verb', 'preposition', 'noun', 'punctuation', 'unknown', 'unknown']","['neutral', 'neutral', 'neutral', 'positive', 'neutral', 'unknown', 'unknown']","[0.0, 0.0, 0.0, 0.6, 0.0, 0.0, 0.0]",neutral,0.0
"['pemandu', 'itu', 'melanggar', 'lampu', 'isyarat', 'merah', '.']","['noun', 'demonstrative pronoun', 'verb', 'unknown', 'unknown', 'unknown', 'unknown']","['neutral', 'neutral', 'negative', 'unknown', 'unknown', 'unknown', 'unknown']","[0.0, 0.0, -0.6, 0.0, 0.0, 0.0, 0.0]",negative,-0.6
"['surat', 'khabar', 'harian', 'itu', 'sampai', 'setiap', 'pagi', '.']","['unknown', 'unknown', 'adjective', 'demonstrative pronoun', 'verb', 'unknown', 'unknown', 'unknown']","['unknown', 'unknown', 'neutral', 'neutral', 'neutral', 'unknown', 'unknown', 'unknown']","[0.0, 0.0, 0.0, 0.0, 0.0, 0.0, 0.0, 0.0]",neutral,0.0
"['mangsa', 'trbunuh', 'dalam', 'kemalangan', 'ngeri', 'itu', '.']","['noun', 'verb (passive)', 'preposition', 'unknown', 'unknown', 'demonstrative pronoun', 'unknown']","['negative', 'negative', 'neutral', 'unknown', 'unknown', 'neutral', 'unknown']","[-0.7, -0.9, 0.0, 0.0, 0.0, 0.0, 0.0]",negative,-0.9
"['kenapa', 'kamu', 'lewat', 'hari', 'ini', '?']","['interrogative pronoun/adverb', 'unknown', 'unknown', 'noun', 'demonstrative pronoun', 'punctuation']","['neutral', 'unknown', 'unknown', 'neutral', 'neutral', 'neutral']","[0.0, 0.0, 0.0, 0.0, 0.0, 0.0]",neutral,0.0
"['setiap', 'rakyat', 'mesti', 'mematuhi', 'undang²', 'negara', '.']","['unknown', 'noun', 'modal verb', 'unknown', 'noun', 'noun', 'unknown']","['unknown', 'neutral', 'neutral', 'unknown', 'neutral', 'neutral', 'unknown']","[0.0, 0.0, 0.0, 0.0, 0.0, 0.0, 0.0]",neutral,0.2
"['dia', 'telah', 'bertaubat', 'setelah', 'menyedari', 'kesilapannya', '.']","['pronoun', 'unknown', 'unknown', 'unknown', 'unknown', 'unknown', 'unknown']","['neutral', 'unknown', 'unknown', 'unknown', 'unknown', 'unknown', 'unknown']","[0.0, 0.0, 0.0, 0.0, 0.0, 0.0, 0.0]",positive,0.7
"['dia', 'dihampiri', 'oleh', 'seorang', 'pengemis', '.']","['pronoun', 'verb (passive)', 'preposition', 'unknown', 'unknown', 'unknown']","['neutral', 'neutral', 'neutral', 'unknown', 'unknown', 'unknown']","[0.0, 0.0, 0.0, 0.0, 0.0, 0.0]",neutral,0.0
"['pastikan', 'trotle', 'ditekan', ',', 'mesti', 'pecut', '.']","['verb', 'unknown', 'unknown', 'punctuation', 'modal verb', 'unknown', 'unknown']","['neutral', 'unknown', 'unknown', 'neutral', 'neutral', 'unknown', 'unknown']","[0.0, 0.0, 0.0, 0.0, 0.0, 0.0, 0.0]",neutral,0.0
"['polis', 'merampas', 'beberapa', 'pucuk', 'senjata', 'api', 'dari', 'penjenayah', 'itu', '.']","['noun', 'verb', 'determiner', 'unknown', 'noun', 'noun', 'preposition', 'noun', 'demonstrative pronoun', 'unknown']","['neutral', 'negative', 'neutral', 'unknown', 'neutral', 'neutral', 'neutral', 'negative', 'neutral', 'unknown']","[0.0, -0.7, 0.0, 0.0, 0.0, 0.0, 0.0, -0.8, 0.0, 0.0]",neutral,0.1
"['dia', 'menggunakan', 'parang', 'untuk', 'membersihkan', 'semak', 'samun.face', 'with', 'tears', 'of', 'joy']","['pronoun', 'unknown', 'noun', 'preposition', 'unknown', 'unknown', 'unknown', 'unknown', 'unknown', 'unknown', 'unknown']","['neutral', 'unknown', 'neutral', 'neutral', 'unknown', 'unknown', 'unknown', 'unknown', 'unknown', 'unknown', 'unknown']","[0.0, 0.0, 0.0, 0.0, 0.0, 0.0, 0.0, 0.0, 0.0, 0.0, 0.0]",neutral,0.1
"['keseksaan', 'dalam', 'jenayah', 'itu', 'sungguh', 'dahsyat', '.']","['unknown', 'preposition', 'noun', 'demonstrative pronoun', 'kata keterangan/kata sifat', 'unknown', 'unknown']","['unknown', 'neutral', 'negative', 'neutral', 'neutral', 'unknown', 'unknown']","[0.0, 0.0, -0.8, 0.0, 0.0, 0.0, 0.0]",negative,-0.8
"['tenanglah', 'ji', ',', 'jangan', 'risau', '.']","['unknown', 'noun (informal)', 'punctuation', 'particle', 'unknown', 'unknown']","['unknown', 'neutral', 'neutral', 'neutral', 'unknown', 'unknown']","[0.0, 0.0, 0.0, 0.0, 0.0, 0.0]",neutral,0.0
"['mari', 'duduk', 'di', 'sini', '.']","['unknown', 'verb', 'preposition', 'adverb (of place)', 'unknown']","['unknown', 'neutral', 'neutral', 'neutral', 'unknown']","[0.0, 0.0, 0.0, 0.0, 0.0]",neutral,0.0
"['polis', 'merampas', 'dadah', 'bernilai', 'jutaan', 'ringgit', '.']","['noun', 'verb', 'noun', 'unknown', 'unknown', 'unknown', 'unknown']","['neutral', 'negative', 'negative', 'unknown', 'unknown', 'unknown', 'unknown']","[0.0, -0.7, -0.8, 0.0, 0.0, 0.0, 0.0]",negative,-0.7
"['kenapa', 'jadi', 'mcmni', '?']","['interrogative pronoun/adverb', 'verb / conjunction', 'adverb/demonstrative (informal)', 'punctuation']","['neutral', 'neutral', 'neutral', 'neutral']","[0.0, 0.0, 0.0, 0.0]",neutral,0.0
"['demikianlah', 'nasib', 'yang', 'menimpa', 'dirinya.pensive', 'face']","['unknown', 'noun', 'pronoun, conjunction', 'unknown', 'unknown', 'unknown']","['unknown', 'neutral', 'neutral', 'unknown', 'unknown', 'unknown']","[0.0, 0.0, 0.0, 0.0, 0.0, 0.0]",negative,-0.4
"['pelajar', 'sedang', 'menduduki', 'ujian', 'akhir', 'tahun', '.']","['unknown', 'unknown', 'unknown', 'noun', 'adjective', 'noun', 'unknown']","['unknown', 'unknown', 'unknown', 'neutral', 'neutral', 'neutral', 'unknown']","[0.0, 0.0, 0.0, 0.1, 0.0, 0.0, 0.0]",neutral,0.1
"['idea', 'kamu', 'sangat', 'bgus', '!']","['unknown', 'unknown', 'adverb', 'adjective', 'unknown']","['unknown', 'unknown', 'neutral', 'positive', 'unknown']","[0.0, 0.0, 0.0, 0.8, 0.0]",positive,0.8
"['peristiwa', 'bersejarah', 'itu', 'kekal', 'dalam', 'ingatan', 'rakyat', '.']","['noun', 'unknown', 'demonstrative pronoun', 'unknown', 'preposition', 'unknown', 'noun', 'unknown']","['neutral', 'unknown', 'neutral', 'unknown', 'neutral', 'unknown', 'neutral', 'unknown']","[0.0, 0.0, 0.0, 0.0, 0.0, 0.0, 0.0, 0.0]",neutral,0.0
"['dia', 'melangar', 'peraturan', 'jalan', 'raya', '.']","['pronoun', 'verb', 'unknown', 'noun/verb', 'adjective', 'unknown']","['neutral', 'negative', 'unknown', 'neutral', 'neutral', 'unknown']","[0.0, -0.6, 0.0, 0.0, 0.0, 0.0]",negative,-0.6
"['seekor', 'kucing', 'mempunyai', 'ekor', 'yang', 'panjang', '.']","['unknown', 'noun', 'unknown', 'noun / classifier', 'pronoun, conjunction', 'adjective', 'unknown']","['unknown', 'neutral', 'unknown', 'neutral', 'neutral', 'neutral', 'unknown']","[0.0, 0.0, 0.0, 0.0, 0.0, 0.0, 0.0]",neutral,0.0
"['dia', 'sedang', 'makan', 'tengah', 'hari', '.']","['pronoun', 'unknown', 'verb', 'noun / adverb', 'noun', 'unknown']","['neutral', 'unknown', 'neutral', 'neutral', 'neutral', 'unknown']","[0.0, 0.0, 0.0, 0.0, 0.0, 0.0]",neutral,0.0
"['mereka', 'cuba', 'rampok', 'kedai', 'emas', 'itu', '.']","['pronoun', 'verb', 'verb', 'noun', 'noun', 'demonstrative pronoun', 'unknown']","['neutral', 'neutral', 'negative', 'neutral', 'positive', 'neutral', 'unknown']","[0.0, 0.0, -0.8, 0.0, 0.4, 0.0, 0.0]",negative,-0.8
"['bodoh', 'betul', 'dia', 'buat', 'kerja', 'tu', ',', 'siannn', '.']","['adjective', 'adjective', 'pronoun', 'kata kerja', 'verb', 'pronoun', 'punctuation', 'unknown', 'unknown']","['negative', 'positive', 'neutral', 'neutral', 'neutral', 'neutral', 'neutral', 'unknown', 'unknown']","[-0.8, 0.6, 0.0, 0.0, 0.0, 0.0, 0.0, 0.0, 0.0]",negative,-0.5
"['dia', 'mendapat', 'tempat', 'kedua', 'dalam', 'pertandingan', 'itu', '.']","['pronoun', 'verb', 'noun', 'adjective / numeral', 'preposition', 'unknown', 'demonstrative pronoun', 'unknown']","['neutral', 'neutral', 'neutral', 'neutral', 'neutral', 'unknown', 'neutral', 'unknown']","[0.0, 0.0, 0.0, 0.0, 0.0, 0.0, 0.0, 0.0]",neutral,0.0
"['ada', 'masalah', 'pada', 'spring', 'kusyen', 'kereta', 'saya', '.']","['verb', 'noun', 'preposition', 'noun', 'unknown', 'kata nama', 'pronoun', 'unknown']","['neutral', 'negative', 'neutral', 'neutral', 'unknown', 'neutral', 'neutral', 'unknown']","[0.0, -0.7, 0.0, 0.0, 0.0, 0.0, 0.0, 0.0]",neutral,0.0
"['mari', 'kita', 'pergi', 'sekarang', ',', 'bah', '.']","['unknown', 'pronoun', 'verb', 'adverb', 'punctuation', 'unknown', 'unknown']","['unknown', 'neutral', 'neutral', 'neutral', 'neutral', 'unknown', 'unknown']","[0.0, 0.0, 0.0, 0.0, 0.0, 0.0, 0.0]",neutral,0.0
"['dia', 'dituduh', 'sebagai', 'pengecut', 'kerana', 'lari', 'dari', 'pertarungan', '.']","['pronoun', 'unknown', 'preposition', 'noun / adjective', 'conjunction', 'verb', 'preposition', 'unknown', 'unknown']","['neutral', 'unknown', 'neutral', 'negative', 'neutral', 'neutral', 'neutral', 'unknown', 'unknown']","[0.0, 0.0, 0.0, -0.7, 0.0, 0.0, 0.0, 0.0, 0.0]",negative,-0.7
"['dia', 'berasa', 'sangat', 'sedih', 'selepas', 'kehilangan', 'kucing', 'kesayangannya', '.']","['pronoun', 'unknown', 'adverb', 'unknown', 'unknown', 'unknown', 'noun', 'unknown', 'unknown']","['neutral', 'unknown', 'neutral', 'unknown', 'unknown', 'unknown', 'neutral', 'unknown', 'unknown']","[0.0, 0.0, 0.0, 0.0, 0.0, 0.0, 0.0, 0.0, 0.0]",negative,-0.7
"['mereka', 'sedang', 'bermain', 'bola', 'di', 'padang', '.']","['pronoun', 'unknown', 'unknown', 'kata nama', 'preposition', 'unknown', 'unknown']","['neutral', 'unknown', 'unknown', 'neutral', 'neutral', 'unknown', 'unknown']","[0.0, 0.0, 0.0, 0.0, 0.0, 0.0, 0.0]",neutral,0.0
"['cerita', 'itu', 'aneh', '.', 'coba', 'kamu', 'fikirkan', '.']","['unknown', 'demonstrative pronoun', 'adjective', 'unknown', 'verb', 'unknown', 'unknown', 'unknown']","['unknown', 'neutral', 'neutral', 'unknown', 'neutral', 'unknown', 'unknown', 'unknown']","[0.0, 0.0, 0.0, 0.0, 0.0, 0.0, 0.0, 0.0]",neutral,0.0
"['dia', 'dakwa', 'macam', '-', 'macam', ',', 'tapi', 'tiada', 'bukti.rolling', 'on', 'the', 'floor', 'laughingrolling', 'on', 'the', 'floor', 'laughingrolling', 'on', 'the', 'floor', 'laughingrolling', 'on', 'the', 'floor', 'laughing']","['pronoun', 'unknown', 'preposition, adverb', 'punctuation', 'preposition, adverb', 'punctuation', 'kata hubung', 'adverb', 'unknown', 'kata sendi nama/kata keterangan/kata kerja (English)', 'penentu (English)', 'unknown', 'unknown', 'kata sendi nama/kata keterangan/kata kerja (English)', 'penentu (English)', 'unknown', 'unknown', 'kata sendi nama/kata keterangan/kata kerja (English)', 'penentu (English)', 'unknown', 'unknown', 'kata sendi nama/kata keterangan/kata kerja (English)', 'penentu (English)', 'unknown', 'unknown']","['neutral', 'unknown', 'neutral', 'neutral', 'neutral', 'neutral', 'neutral', 'neutral', 'unknown', 'neutral', 'neutral', 'unknown', 'unknown', 'neutral', 'neutral', 'unknown', 'unknown', 'neutral', 'neutral', 'unknown', 'unknown', 'neutral', 'neutral', 'unknown', 'unknown']","[0.0, 0.0, 0.0, 0.0, 0.0, 0.0, 0.0, 0.0, 0.0, 0.0, 0.0, 0.0, 0.0, 0.0, 0.0, 0.0, 0.0, 0.0, 0.0, 0.0, 0.0, 0.0, 0.0, 0.0, 0.0]",neutral,0.3
"['dia', 'adalah', 'seorang', 'guru', '.']","['pronoun', 'copula / verb', 'unknown', 'unknown', 'unknown']","['neutral', 'neutral', 'unknown', 'unknown', 'unknown']","[0.0, 0.0, 0.0, 0.0, 0.0]",neutral,0.0
"['dia', 'sebut', 'nama', 'saya', 'dengan', 'jelas', '.']","['pronoun', 'verb', 'unknown', 'pronoun', 'preposition', 'adjective', 'unknown']","['neutral', 'neutral', 'unknown', 'neutral', 'neutral', 'positive', 'unknown']","[0.0, 0.0, 0.0, 0.0, 0.0, 0.4, 0.0]",neutral,0.0
"['dia', 'ada', 'kat', 'rumah', '.']","['pronoun', 'verb', 'preposition / verb (informal)', 'noun', 'unknown']","['neutral', 'neutral', 'neutral', 'neutral', 'unknown']","[0.0, 0.0, 0.0, 0.0, 0.0]",neutral,0.0
"['jangan', 'bertaruh', 'wang', 'anda', 'dalam', 'permainan', 'haram', '.']","['particle', 'verb', 'unknown', 'pronoun', 'preposition', 'unknown', 'unknown', 'unknown']","['neutral', 'negative', 'unknown', 'neutral', 'neutral', 'unknown', 'unknown', 'unknown']","[0.0, -0.5, 0.0, 0.0, 0.0, 0.0, 0.0, 0.0]",negative,-0.5
"['lainla', 'kalau', 'kamu', 'memang', 'pakar', '.']","['adjective / particle (informal)', 'conjunction', 'unknown', 'adverb', 'unknown', 'unknown']","['neutral', 'neutral', 'unknown', 'neutral', 'unknown', 'unknown']","[0.0, 0.0, 0.0, 0.0, 0.0, 0.0]",neutral,0.0
"['dia', 'tak', 'datang', 'hari', 'ini', '.']","['pronoun', 'adverb (negation)', 'verb', 'noun', 'demonstrative pronoun', 'unknown']","['neutral', 'neutral', 'neutral', 'neutral', 'neutral', 'unknown']","[0.0, 0.0, 0.0, 0.0, 0.0, 0.0]",neutral,0.0
"['dia', 'duduk', 'di', 'blkng', 'saya', '.']","['pronoun', 'verb', 'preposition', 'noun / adverb (informal)', 'pronoun', 'unknown']","['neutral', 'neutral', 'neutral', 'neutral', 'neutral', 'unknown']","[0.0, 0.0, 0.0, 0.0, 0.0, 0.0]",neutral,0.0
"['ap', 'yang', 'kamu', 'buat', '?']","['interrogative pronoun (informal)', 'pronoun, conjunction', 'unknown', 'kata kerja', 'punctuation']","['neutral', 'neutral', 'unknown', 'neutral', 'neutral']","[0.0, 0.0, 0.0, 0.0, 0.0]",neutral,0.0
"['kita', 'perlu', 'bekerjasama', '.']","['pronoun', 'verb/adjective', 'unknown', 'unknown']","['neutral', 'neutral', 'unknown', 'unknown']","[0.0, 0.0, 0.0, 0.0]",neutral,0.0
"['kuranglah', 'sikit', 'garam', 'dalam', 'masakan', 'itu', '.']","['adjective / adverb (with particle)', 'adjective/adverb (colloquial)', 'unknown', 'preposition', 'unknown', 'demonstrative pronoun', 'unknown']","['neutral', 'neutral', 'unknown', 'neutral', 'unknown', 'neutral', 'unknown']","[0.0, 0.0, 0.0, 0.0, 0.0, 0.0, 0.0]",neutral,0.0
"['dia', 'pkai', 'baju', 'baru', '.']","['pronoun', 'verb (informal)', 'unknown', 'adjective, adverb', 'unknown']","['neutral', 'neutral', 'unknown', 'neutral', 'unknown']","[0.0, 0.0, 0.0, 0.0, 0.0]",neutral,0.0
"['ramai', 'orang', 'datang', 'ke', 'majlis', 'itu', '.']","['adjective', 'noun', 'verb', 'particle (interrogative)', 'unknown', 'demonstrative pronoun', 'unknown']","['neutral', 'neutral', 'neutral', 'neutral', 'unknown', 'neutral', 'unknown']","[0.1, 0.0, 0.0, 0.0, 0.0, 0.0, 0.0]",neutral,0.1
"['dia', 'bulih', 'buat', 'kerja', 'itu', 'dengan', 'baik', '.']","['pronoun', 'modal verb (informal)', 'kata kerja', 'verb', 'demonstrative pronoun', 'preposition', 'adjective', 'unknown']","['neutral', 'neutral', 'neutral', 'neutral', 'neutral', 'neutral', 'positive', 'unknown']","[0.0, 0.0, 0.0, 0.0, 0.0, 0.0, 0.8, 0.0]",neutral,0.0
"['dia', 'tidak', 'sengaja', 'melukai', 'tangannya', '.']","['pronoun', 'adverb', 'unknown', 'verb', 'unknown', 'unknown']","['neutral', 'neutral', 'unknown', 'negative', 'unknown', 'unknown']","[0.0, 0.0, 0.0, -0.7, 0.0, 0.0]",negative,-0.7
"['penunggang', 'motosikal', 'itu', 'langgar', 'lampu', 'isyarat', 'merah', '.']","['unknown', 'unknown', 'demonstrative pronoun', 'verb', 'unknown', 'unknown', 'unknown', 'unknown']","['unknown', 'unknown', 'neutral', 'negative', 'unknown', 'unknown', 'unknown', 'unknown']","[0.0, 0.0, 0.0, -0.6, 0.0, 0.0, 0.0, 0.0]",negative,-0.6
"['dia', 'mengambil', 'peluang', 'keemasan', 'itu', 'untuk', 'memulakan', 'perniagaan', '.']","['pronoun', 'verb', 'noun', 'unknown', 'demonstrative pronoun', 'preposition', 'unknown', 'unknown', 'unknown']","['neutral', 'neutral', 'positive', 'unknown', 'neutral', 'neutral', 'unknown', 'unknown', 'unknown']","[0.0, 0.0, 0.7, 0.0, 0.0, 0.0, 0.0, 0.0, 0.0]",positive,0.7
"['tolong', 'hantar', 'surat', 'ini', 'ke', 'pejabat', 'pos', '.']","['verb', 'verb', 'unknown', 'demonstrative pronoun', 'particle (interrogative)', 'unknown', 'unknown', 'unknown']","['neutral', 'neutral', 'unknown', 'neutral', 'neutral', 'unknown', 'unknown', 'unknown']","[0.0, 0.0, 0.0, 0.0, 0.0, 0.0, 0.0, 0.0]",neutral,0.0
"['syarikat', 'itu', 'mengalami', 'kerugian', 'besar', 'tahun', 'ini', '.']","['unknown', 'demonstrative pronoun', 'verb', 'unknown', 'adjective', 'noun', 'demonstrative pronoun', 'unknown']","['unknown', 'neutral', 'neutral', 'unknown', 'neutral', 'neutral', 'neutral', 'unknown']","[0.0, 0.0, 0.0, 0.0, 0.0, 0.0, 0.0, 0.0]",neutral,0.0
"['pengambilan', 'gula', 'berlebihan', 'boleh', 'menyebabkan', 'masalah', 'kesihatan', '.']","['unknown', 'unknown', 'adjective', 'modal verb', 'verb', 'noun', 'unknown', 'unknown']","['unknown', 'unknown', 'negative', 'neutral', 'neutral', 'negative', 'unknown', 'unknown']","[0.0, 0.0, -0.3, 0.0, 0.0, -0.7, 0.0, 0.0]",negative,-0.5
"['ini', 'adalah', 'keputusan', 'terbaik', 'yang', 'pernah', 'dicapai', 'oleh', 'pasukan', 'itu', '.']","['demonstrative pronoun', 'copula / verb', 'unknown', 'adjective', 'pronoun, conjunction', 'adverb', 'unknown', 'preposition', 'unknown', 'demonstrative pronoun', 'unknown']","['neutral', 'neutral', 'unknown', 'positive', 'neutral', 'neutral', 'unknown', 'neutral', 'unknown', 'neutral', 'unknown']","[0.0, 0.0, 0.0, 0.9, 0.0, 0.0, 0.0, 0.0, 0.0, 0.0, 0.0]",positive,0.9
"['dia', 'berusaha', 'habis', '-', 'habis', 'untuk', 'memenangi', 'pertandingan', 'itu', '.']","['pronoun', 'verb', 'verb', 'punctuation', 'verb', 'preposition', 'unknown', 'unknown', 'demonstrative pronoun', 'unknown']","['neutral', 'positive', 'neutral', 'neutral', 'neutral', 'neutral', 'unknown', 'unknown', 'neutral', 'unknown']","[0.0, 0.7, 0.0, 0.0, 0.0, 0.0, 0.0, 0.0, 0.0, 0.0]",neutral,0.1
"['mesyuarat', 'seterusnya', 'akan', 'diadakan', 'pada', '5/5/2022', '.']","['unknown', 'unknown', 'auxiliary verb', 'unknown', 'preposition', 'numeral', 'unknown']","['unknown', 'unknown', 'neutral', 'unknown', 'neutral', 'neutral', 'unknown']","[0.0, 0.0, 0.0, 0.0, 0.0, 0.0, 0.0]",neutral,0.0
"['jawapan', 'yang', 'diberikannya', 'sangat', 'tepat', '.']","['unknown', 'pronoun, conjunction', 'unknown', 'adverb', 'adjective', 'unknown']","['unknown', 'neutral', 'unknown', 'neutral', 'positive', 'unknown']","[0.0, 0.0, 0.0, 0.0, 0.6, 0.0]",positive,0.6
"['laa', '.', 'rupanya', 'dah', 'habis', '.']","['particle', 'unknown', 'unknown', 'adverb', 'verb', 'unknown']","['neutral', 'unknown', 'unknown', 'neutral', 'neutral', 'unknown']","[0.0, 0.0, 0.0, 0.0, 0.0, 0.0]",neutral,0.1
"['dia', 'slalu', 'datang', 'lewat', 'ke', 'kelas', '.']","['pronoun', 'adverb', 'verb', 'unknown', 'particle (interrogative)', 'unknown', 'unknown']","['neutral', 'neutral', 'neutral', 'unknown', 'neutral', 'unknown', 'unknown']","[0.0, 0.0, 0.0, 0.0, 0.0, 0.0, 0.0]",neutral,0.0
"['janganlah', 'begitu', ',', 'datanglah', 'sini', 'ler', '.']","['unknown', 'adverb', 'punctuation', 'unknown', 'adverb (of place)', 'particle', 'unknown']","['unknown', 'neutral', 'neutral', 'unknown', 'neutral', 'neutral', 'unknown']","[0.0, 0.0, 0.0, 0.0, 0.0, 0.0, 0.0]",neutral,0.0
"['pembobol', 'bank', 'itu', 'berjaya', 'ditangkap', 'polis', '.']","['noun', 'noun', 'demonstrative pronoun', 'unknown', 'unknown', 'noun', 'unknown']","['negative', 'neutral', 'neutral', 'unknown', 'unknown', 'neutral', 'unknown']","[-0.7, 0.0, 0.0, 0.0, 0.0, 0.0, 0.0]",negative,-0.7
"['dia', 'memandu', 'kerata', 'baru', 'itu', 'dengan', 'berhati', '-', 'hati', '.']","['pronoun', 'unknown', 'noun', 'adjective, adverb', 'demonstrative pronoun', 'preposition', 'unknown', 'punctuation', 'noun', 'unknown']","['neutral', 'unknown', 'neutral', 'neutral', 'neutral', 'neutral', 'unknown', 'neutral', 'neutral', 'unknown']","[0.0, 0.0, 0.0, 0.0, 0.0, 0.0, 0.0, 0.0, 0.0, 0.0]",neutral,0.0
"['anjing', 'itu', 'kejarkan', 'bola', 'yang', 'dilempar', '.']","['noun', 'demonstrative pronoun', 'verb', 'kata nama', 'pronoun, conjunction', 'unknown', 'unknown']","['neutral', 'neutral', 'neutral', 'neutral', 'neutral', 'unknown', 'unknown']","[0.0, 0.0, 0.0, 0.0, 0.0, 0.0, 0.0]",neutral,0.0
"['cuaca', 'hari', 'ini', 'seperti', 'hendak', 'hujan', '.']","['unknown', 'noun', 'demonstrative pronoun', 'preposition', 'unknown', 'unknown', 'unknown']","['unknown', 'neutral', 'neutral', 'neutral', 'unknown', 'unknown', 'unknown']","[0.0, 0.0, 0.0, 0.0, 0.0, 0.0, 0.0]",neutral,0.0
"['pada', 'mase', 'itu', ',', 'semua', 'orang', 'terkejut', '.']","['preposition', 'noun', 'demonstrative pronoun', 'punctuation', 'quantifier / pronoun', 'noun', 'unknown', 'unknown']","['neutral', 'neutral', 'neutral', 'neutral', 'neutral', 'neutral', 'unknown', 'unknown']","[0.0, 0.0, 0.0, 0.0, 0.0, 0.0, 0.0, 0.0]",neutral,0.0
"['pihak', 'polis', 'sedang', 'menyiasat', 'kes', 'crime', 'itu', '.']","['noun', 'noun', 'unknown', 'unknown', 'noun', 'noun', 'demonstrative pronoun', 'unknown']","['neutral', 'neutral', 'unknown', 'unknown', 'neutral', 'negative', 'neutral', 'unknown']","[0.0, 0.0, 0.0, 0.0, 0.0, -0.8, 0.0, 0.0]",negative,-0.8
"['anggota', 'badan', 'manusia', 'terdiri', 'daripada', 'pelbagai', 'organ', '.']","['noun', 'noun', 'unknown', 'unknown', 'preposition', 'unknown', 'unknown', 'unknown']","['neutral', 'neutral', 'unknown', 'unknown', 'neutral', 'unknown', 'unknown', 'unknown']","[0.0, 0.0, 0.0, 0.0, 0.0, 0.0, 0.0, 0.0]",neutral,0.0
"['dia', 'tidak', 'dengar', 'apa', 'yang', 'saya', 'katakan', '.']","['pronoun', 'adverb', 'verb', 'pronoun', 'pronoun, conjunction', 'pronoun', 'unknown', 'unknown']","['neutral', 'neutral', 'neutral', 'neutral', 'neutral', 'neutral', 'unknown', 'unknown']","[0.0, 0.0, 0.0, 0.0, 0.0, 0.0, 0.0, 0.0]",neutral,0.0
"['pemandu', 'itu', 'langgar', 'tiang', 'lampu', '.']","['noun', 'demonstrative pronoun', 'verb', 'unknown', 'unknown', 'unknown']","['neutral', 'neutral', 'negative', 'unknown', 'unknown', 'unknown']","[0.0, 0.0, -0.6, 0.0, 0.0, 0.0]",negative,-0.6
"['kanak', '-', 'kanak', 'itu', 'main', 'bola', 'di', 'padang', '.']","['noun', 'punctuation', 'noun', 'demonstrative pronoun', 'verb', 'kata nama', 'preposition', 'unknown', 'unknown']","['neutral', 'neutral', 'neutral', 'neutral', 'neutral', 'neutral', 'neutral', 'unknown', 'unknown']","[0.0, 0.0, 0.0, 0.0, 0.0, 0.0, 0.0, 0.0, 0.0]",neutral,0.0
"['dia', 'kene', 'denda', 'kerana', 'melanggar', 'peraturan', '.']","['pronoun', 'verb', 'unknown', 'conjunction', 'verb', 'unknown', 'unknown']","['neutral', 'neutral', 'unknown', 'neutral', 'negative', 'unknown', 'unknown']","[0.0, 0.0, 0.0, 0.0, -0.6, 0.0, 0.0]",neutral,0.0
"['saya', '1.gak', 'tahu', 'apa', '-', 'apa', '.']","['pronoun', 'adverb', 'verb', 'pronoun', 'punctuation', 'pronoun', 'unknown']","['neutral', 'neutral', 'neutral', 'neutral', 'neutral', 'neutral', 'unknown']","[0.0, -0.1, 0.0, 0.0, 0.0, 0.0, 0.0]",neutral,-0.1
"['buku', 'itu', 'dipinjam', 'oleh', 'pelajar', 'lain', '.']","['unknown', 'demonstrative pronoun', 'verb', 'preposition', 'unknown', 'adjective', 'unknown']","['unknown', 'neutral', 'neutral', 'neutral', 'unknown', 'neutral', 'unknown']","[0.0, 0.0, 0.0, 0.0, 0.0, 0.0, 0.0]",neutral,0.0
"['kebanyakan', 'penduduk', 'kampung', 'terlibat', 'dalam', 'aktiviti', 'itu', '.']","['adverb', 'unknown', 'unknown', 'unknown', 'preposition', 'noun', 'demonstrative pronoun', 'unknown']","['neutral', 'unknown', 'unknown', 'unknown', 'neutral', 'neutral', 'neutral', 'unknown']","[-0.1, 0.0, 0.0, 0.0, 0.0, 0.0, 0.0, 0.0]",neutral,-0.1
"['sebenarnya', '.', 'dia', 'tidak', 'bersalah', '.']","['unknown', 'unknown', 'pronoun', 'adverb', 'adjective', 'unknown']","['unknown', 'unknown', 'neutral', 'neutral', 'negative', 'unknown']","[0.0, 0.0, 0.0, 0.0, -0.6, 0.0]",neutral,0.0
"['tahniah', 'atas', 'kejayaan', 'anda', 'dalam', 'peperiksaan', '!']","['interjection', 'unknown', 'unknown', 'pronoun', 'preposition', 'unknown', 'unknown']","['positive', 'unknown', 'unknown', 'neutral', 'neutral', 'unknown', 'unknown']","[0.8, 0.0, 0.0, 0.0, 0.0, 0.0, 0.0]",positive,0.8
"['kalau', 'tak', 'belajar', ',', 'habislah', 'kamu', 'nanti', '!']","['conjunction', 'adverb (negation)', 'unknown', 'punctuation', 'interjection', 'unknown', 'adverb', 'unknown']","['neutral', 'neutral', 'unknown', 'neutral', 'negative', 'unknown', 'neutral', 'unknown']","[0.0, 0.0, 0.0, 0.0, -0.5, 0.0, 0.0, 0.0]",negative,-0.5
"['hei', ',', 'mat', ',', 'mari', 'sini', 'sebentar', '!']","['unknown', 'punctuation', 'noun', 'punctuation', 'unknown', 'adverb (of place)', 'adverb', 'unknown']","['unknown', 'neutral', 'neutral', 'neutral', 'unknown', 'neutral', 'neutral', 'unknown']","[0.0, 0.0, 0.0, 0.0, 0.0, 0.0, 0.0, 0.0]",neutral,0.0
"['tolong', 'tarik', 'tali', 'ini', '.']","['verb', 'verb', 'noun', 'demonstrative pronoun', 'unknown']","['neutral', 'neutral', 'neutral', 'neutral', 'unknown']","[0.0, 0.0, 0.0, 0.0, 0.0]",neutral,0.0
"['dia', 'memberikan', 'alasan', 'yang', 'munasabah', 'untuk', 'ketidakhadirannya', '.']","['pronoun', 'unknown', 'noun', 'pronoun, conjunction', 'unknown', 'preposition', 'unknown', 'unknown']","['neutral', 'unknown', 'neutral', 'neutral', 'unknown', 'neutral', 'unknown', 'unknown']","[0.0, 0.0, -0.2, 0.0, 0.0, 0.0, 0.0, 0.0]",neutral,-0.2
"['haishhh', '.', 'kenapa', 'boleh', 'jadi', 'begini', '?']","['unknown', 'unknown', 'interrogative pronoun/adverb', 'modal verb', 'verb / conjunction', 'unknown', 'punctuation']","['unknown', 'unknown', 'neutral', 'neutral', 'neutral', 'unknown', 'neutral']","[0.0, 0.0, 0.0, 0.0, 0.0, 0.0, 0.0]",negative,-0.4
"['saya', 'rasa', ',', 'kita', 'patut', 'pergi', 'sekarang', '.']","['pronoun', 'verb', 'punctuation', 'pronoun', 'adjective', 'verb', 'adverb', 'unknown']","['neutral', 'neutral', 'neutral', 'neutral', 'positive', 'neutral', 'neutral', 'unknown']","[0.0, 0.0, 0.0, 0.0, 0.5, 0.0, 0.0, 0.0]",neutral,0.0
"['sila', 'berikan', 'perhatian', 'kepada', 'pengumuman', 'ini', '.']","['unknown', 'unknown', 'noun', 'preposition', 'unknown', 'demonstrative pronoun', 'unknown']","['unknown', 'unknown', 'positive', 'neutral', 'unknown', 'neutral', 'unknown']","[0.0, 0.0, 0.5, 0.0, 0.0, 0.0, 0.0]",positive,0.5
"['""', 'terima', 'kasih', '!', '""', '""', 'sama2', '.', '""']","['unknown', 'verb', 'noun / verb', 'unknown', 'unknown', 'unknown', 'adverb, adjective', 'unknown', 'unknown']","['unknown', 'neutral', 'positive', 'unknown', 'unknown', 'unknown', 'neutral', 'unknown', 'unknown']","[0.0, 0.0, 0.8, 0.0, 0.0, 0.0, 0.0, 0.0, 0.0]",neutral,0.0
"['kita', 'perlu', 'membantu', '.', 'golongan', 'yang', 'memerlukan', '.']","['pronoun', 'verb/adjective', 'unknown', 'unknown', 'unknown', 'pronoun, conjunction', 'unknown', 'unknown']","['neutral', 'neutral', 'unknown', 'unknown', 'unknown', 'neutral', 'unknown', 'unknown']","[0.0, 0.0, 0.0, 0.0, 0.0, 0.0, 0.0, 0.0]",positive,0.7
"['cermin', 'tingkap', 'itu', 'pecah', 'akibat', 'balingan', 'batu', '.']","['noun', 'noun', 'demonstrative pronoun', 'verb, adjective', 'unknown', 'unknown', 'unknown', 'unknown']","['neutral', 'neutral', 'neutral', 'negative', 'unknown', 'unknown', 'unknown', 'unknown']","[0.0, 0.0, 0.0, -0.6, 0.0, 0.0, 0.0, 0.0]",negative,-0.6
"['pendidikan', 'adalah', 'aspek', 'yang', 'sangat', 'penting', 'dalam', 'kehidupan', '.']","['unknown', 'copula / verb', 'unknown', 'pronoun, conjunction', 'adverb', 'adjective', 'preposition', 'noun', 'unknown']","['unknown', 'neutral', 'unknown', 'neutral', 'neutral', 'positive', 'neutral', 'neutral', 'unknown']","[0.0, 0.0, 0.0, 0.0, 0.0, 0.7, 0.0, 0.0, 0.0]",positive,0.7
"['awak', 'kan.langgar', 'kereta', 'dia', '?']","['unknown', 'unknown', 'kata nama', 'pronoun', 'punctuation']","['unknown', 'unknown', 'neutral', 'neutral', 'neutral']","[0.0, 0.0, 0.0, 0.0, 0.0]",negative,-0.6
"['lelaki', 'yang', 'berbaju', 'merah', 'itu', 'abang', 'saya', '.']","['noun', 'pronoun, conjunction', 'unknown', 'unknown', 'demonstrative pronoun', 'noun', 'pronoun', 'unknown']","['neutral', 'neutral', 'unknown', 'unknown', 'neutral', 'neutral', 'neutral', 'unknown']","[0.0, 0.0, 0.0, 0.0, 0.0, 0.0, 0.0, 0.0]",neutral,0.0
"['kes', 'begal', 'semakin', 'berleluasa', 'di', 'kawasan', 'itu', '.']","['noun', 'noun', 'unknown', 'unknown', 'preposition', 'unknown', 'demonstrative pronoun', 'unknown']","['neutral', 'negative', 'unknown', 'unknown', 'neutral', 'unknown', 'neutral', 'unknown']","[0.0, -0.8, 0.0, 0.0, 0.0, 0.0, 0.0, 0.0]",negative,-0.8
"['semoga', 'kita', 'semua', 'hidup', 'aman', 'dan', 'sejahtera', '.']","['adverb', 'pronoun', 'quantifier / pronoun', 'verb, adjective', 'adjective', 'conjunction', 'adjective', 'unknown']","['positive', 'neutral', 'neutral', 'positive', 'positive', 'neutral', 'positive', 'unknown']","[0.5, 0.0, 0.0, 0.5, 0.8, 0.0, 0.8, 0.0]",positive,0.8
"['hasil', 'kerja', 'kerasnya', 'membuahkan', 'kejayaan', '.']","['noun, verb', 'verb', 'unknown', 'unknown', 'unknown', 'unknown']","['neutral', 'neutral', 'unknown', 'unknown', 'unknown', 'unknown']","[0.2, 0.0, 0.0, 0.0, 0.0, 0.0]",neutral,0.2
"['uii', ',', 'besarnya', 'ikan', 'ni', '!']","['interjection', 'punctuation', 'unknown', 'unknown', 'pronoun', 'unknown']","['neutral', 'neutral', 'unknown', 'unknown', 'neutral', 'unknown']","[0.1, 0.0, 0.0, 0.0, 0.0, 0.0]",neutral,0.1
"['dia', 'akan', 'kembali', 'ke', 'rumah', 'esok', '.']","['pronoun', 'auxiliary verb', 'verb, adverb', 'particle (interrogative)', 'noun', 'unknown', 'unknown']","['neutral', 'neutral', 'neutral', 'neutral', 'neutral', 'unknown', 'unknown']","[0.0, 0.0, 0.0, 0.0, 0.0, 0.0, 0.0]",neutral,0.0
"['walaupun', 'hujan', ',', 'dia', 'tetap', 'pergi', 'bekerja', '.']","['conjunction', 'unknown', 'punctuation', 'pronoun', 'adjective, adverb', 'verb', 'unknown', 'unknown']","['neutral', 'unknown', 'neutral', 'neutral', 'neutral', 'neutral', 'unknown', 'unknown']","[0.0, 0.0, 0.0, 0.0, 0.0, 0.0, 0.0, 0.0]",neutral,0.0
"['dia', 'menunggang', 'moto', 'barunya', '.']","['pronoun', 'unknown', 'noun', 'unknown', 'unknown']","['neutral', 'unknown', 'neutral', 'unknown', 'unknown']","[0.0, 0.0, 0.0, 0.0, 0.0]",neutral,0.0
"['dia', 'berlari', 'dengan', 'sangat', 'cepat', '.']","['pronoun', 'unknown', 'preposition', 'adverb', 'adjective, adverb', 'unknown']","['neutral', 'unknown', 'neutral', 'neutral', 'neutral', 'unknown']","[0.0, 0.0, 0.0, 0.0, 0.1, 0.0]",neutral,0.1
"['apa', 'yang', 'awak', 'pegang', 'tu', '?']","['pronoun', 'pronoun, conjunction', 'unknown', 'unknown', 'pronoun', 'punctuation']","['neutral', 'neutral', 'unknown', 'unknown', 'neutral', 'neutral']","[0.0, 0.0, 0.0, 0.0, 0.0, 0.0]",neutral,0.0
"['penyamun', 'itu', 'berjaya', 'ditangkap', 'polis', '.']","['noun', 'demonstrative pronoun', 'unknown', 'unknown', 'noun', 'unknown']","['negative', 'neutral', 'unknown', 'unknown', 'neutral', 'unknown']","[-0.9, 0.0, 0.0, 0.0, 0.0, 0.0]",negative,-0.8
"['anggota', 'polis', 'sedang', 'membuat', 'rondaan', 'di', 'kawasan', 'kejiranan', '.']","['noun', 'noun', 'unknown', 'verb', 'unknown', 'preposition', 'unknown', 'unknown', 'unknown']","['neutral', 'neutral', 'unknown', 'neutral', 'unknown', 'neutral', 'unknown', 'unknown', 'unknown']","[0.0, 0.0, 0.0, 0.0, 0.0, 0.0, 0.0, 0.0, 0.0]",neutral,0.0
"['pehal', 'kau', 'tak', 'datang', 'semalam', '?']","['interrogative pronoun', 'pronoun', 'adverb (negation)', 'verb', 'unknown', 'punctuation']","['neutral', 'neutral', 'neutral', 'neutral', 'unknown', 'neutral']","[0.0, 0.0, 0.0, 0.0, 0.0, 0.0]",neutral,0.0
"['dia', 'selalu', 'perasan', 'bagus', 'walhal', 'tiada', 'apa', '-', 'apa', 'kebolehan', '.']","['pronoun', 'adverb', 'adjective', 'adjective', 'unknown', 'adverb', 'pronoun', 'punctuation', 'pronoun', 'unknown', 'unknown']","['neutral', 'neutral', 'negative', 'positive', 'unknown', 'neutral', 'neutral', 'neutral', 'neutral', 'unknown', 'unknown']","[0.0, 0.0, -0.6, 0.8, 0.0, 0.0, 0.0, 0.0, 0.0, 0.0, 0.0]",negative,-0.6
"['pelajar', 'itu', 'mendapat', 'keputusan', 'cemerlang', 'dalam', 'peperiksaan', '.']","['unknown', 'demonstrative pronoun', 'verb', 'unknown', 'unknown', 'preposition', 'unknown', 'unknown']","['unknown', 'neutral', 'neutral', 'unknown', 'unknown', 'neutral', 'unknown', 'unknown']","[0.0, 0.0, 0.0, 0.0, 0.0, 0.0, 0.0, 0.0]",neutral,0.0
"['dia', 'memang', 'pandai', 'dalam', 'mata', 'pelajaran', 'matematik', '.']","['pronoun', 'adverb', 'adjective', 'preposition', 'unknown', 'unknown', 'unknown', 'unknown']","['neutral', 'neutral', 'positive', 'neutral', 'unknown', 'unknown', 'unknown', 'unknown']","[0.0, 0.0, 0.7, 0.0, 0.0, 0.0, 0.0, 0.0]",positive,0.7
"['makanan', 'yang', 'disajikan', 'di', 'restoran', 'itu', 'semuanya', 'halal', '.']","['noun', 'pronoun, conjunction', 'unknown', 'preposition', 'unknown', 'demonstrative pronoun', 'unknown', 'adjective', 'unknown']","['neutral', 'neutral', 'unknown', 'neutral', 'unknown', 'neutral', 'unknown', 'positive', 'unknown']","[0.0, 0.0, 0.0, 0.0, 0.0, 0.0, 0.0, 0.8, 0.0]",positive,0.8
"['dia', 'pasti', 'akan', 'datang', 'ke', 'majlis', 'itu', '.']","['pronoun', 'adjective', 'auxiliary verb', 'verb', 'particle (interrogative)', 'unknown', 'demonstrative pronoun', 'unknown']","['neutral', 'neutral', 'neutral', 'neutral', 'neutral', 'unknown', 'neutral', 'unknown']","[0.0, 0.5, 0.0, 0.0, 0.0, 0.0, 0.0, 0.0]",neutral,0.5
"['the', 'weather', 'was', 'good', 'yesterday', '.']","['penentu (English)', 'unknown', 'verb', 'unknown', 'unknown', 'unknown']","['neutral', 'unknown', 'neutral', 'unknown', 'unknown', 'unknown']","[0.0, 0.0, 0.0, 0.0, 0.0, 0.0]",neutral,0.0
"['kita', 'perlu', 'bekerjasama', 'untuk', 'menyiapkan', 'tugasan', 'ini', '.']","['pronoun', 'verb/adjective', 'unknown', 'preposition', 'unknown', 'unknown', 'demonstrative pronoun', 'unknown']","['neutral', 'neutral', 'unknown', 'neutral', 'unknown', 'unknown', 'neutral', 'unknown']","[0.0, 0.0, 0.0, 0.0, 0.0, 0.0, 0.0, 0.0]",neutral,0.0
"['dia', 'suka', 'melihat', 'pemandangan', 'matahari', 'terbenam', '.']","['pronoun', 'verb', 'verb', 'unknown', 'unknown', 'unknown', 'unknown']","['neutral', 'positive', 'neutral', 'unknown', 'unknown', 'unknown', 'unknown']","[0.0, 0.7, 0.0, 0.0, 0.0, 0.0, 0.0]",neutral,0.0
"['dorang', 'kata', 'nak', 'datang', 'esok', '.']","['pronoun', 'unknown', 'auxiliary verb', 'verb', 'unknown', 'unknown']","['neutral', 'unknown', 'neutral', 'neutral', 'unknown', 'unknown']","[0.0, 0.0, 0.0, 0.0, 0.0, 0.0]",neutral,0.0
"['polis', 'sedang', 'menyoal', 'siasat', 'saspek', 'utama', 'kes', 'itu', '.']","['noun', 'unknown', 'unknown', 'unknown', 'noun', 'unknown', 'noun', 'demonstrative pronoun', 'unknown']","['neutral', 'unknown', 'unknown', 'unknown', 'negative', 'unknown', 'neutral', 'neutral', 'unknown']","[0.0, 0.0, 0.0, 0.0, -0.5, 0.0, 0.0, 0.0, 0.0]",negative,-0.5
"['orang', '-', 'orang', 'kampung', 'berkumpul', 'untuk', 'membincangkan', 'masalah', 'itu', '.']","['noun', 'punctuation', 'noun', 'unknown', 'unknown', 'preposition', 'unknown', 'noun', 'demonstrative pronoun', 'unknown']","['neutral', 'neutral', 'neutral', 'unknown', 'unknown', 'neutral', 'unknown', 'negative', 'neutral', 'unknown']","[0.0, 0.0, 0.0, 0.0, 0.0, 0.0, 0.0, -0.7, 0.0, 0.0]",neutral,0.0
"['kucing', 'peliharaannya', 'mati', 'semalam', '.']","['noun', 'unknown', 'verb', 'unknown', 'unknown']","['neutral', 'unknown', 'negative', 'unknown', 'unknown']","[0.0, 0.0, -0.7, 0.0, 0.0]",negative,-0.7
"['dia', 'suka', 'membaca', 'dan', 'menulis', '.']","['pronoun', 'verb', 'unknown', 'conjunction', 'unknown', 'unknown']","['neutral', 'positive', 'unknown', 'neutral', 'unknown', 'unknown']","[0.0, 0.7, 0.0, 0.0, 0.0, 0.0]",neutral,0.0
"['ini', 'adalah', 'produk', 'non', '-', 'halal', '.']","['demonstrative pronoun', 'copula / verb', 'unknown', 'prefix', 'punctuation', 'adjective', 'unknown']","['neutral', 'neutral', 'unknown', 'neutral', 'neutral', 'positive', 'unknown']","[0.0, 0.0, 0.0, 0.0, 0.0, 0.8, 0.0]",neutral,0.0
"['awak', 'boleh', 'datang', 'bila', '-', 'bila', 'masa', '.']","['unknown', 'modal verb', 'verb', 'adverb', 'punctuation', 'adverb', 'noun', 'unknown']","['unknown', 'neutral', 'neutral', 'neutral', 'neutral', 'neutral', 'neutral', 'unknown']","[0.0, 0.0, 0.0, 0.0, 0.0, 0.0, 0.0, 0.0]",neutral,0.0
"['kalau', 'hujan', ',', 'kita', 'tak', 'jadi', 'pergi', '.']","['conjunction', 'unknown', 'punctuation', 'pronoun', 'adverb (negation)', 'verb / conjunction', 'verb', 'unknown']","['neutral', 'unknown', 'neutral', 'neutral', 'neutral', 'neutral', 'neutral', 'unknown']","[0.0, 0.0, 0.0, 0.0, 0.0, 0.0, 0.0, 0.0]",neutral,0.0
"['kerja', 'itu', 'sudah', 'siap', '.']","['verb', 'demonstrative pronoun', 'adverb', 'adjective', 'unknown']","['neutral', 'neutral', 'neutral', 'neutral', 'unknown']","[0.0, 0.0, 0.0, 0.0, 0.0]",neutral,0.0
"['pemandu', 'itu', 'disaman', 'kerana', 'memandu', 'melebihi', 'had', 'laju', '.']","['noun', 'demonstrative pronoun', 'verb', 'conjunction', 'unknown', 'unknown', 'unknown', 'adjective', 'unknown']","['neutral', 'neutral', 'negative', 'neutral', 'unknown', 'unknown', 'unknown', 'neutral', 'unknown']","[0.0, 0.0, -0.6, 0.0, 0.0, 0.0, 0.0, 0.0, 0.0]",negative,-0.6
"['dia', 'ketuk', 'pintu', 'beberapa', 'kali', 'tetapi', 'tiada', 'jawapan', '.']","['pronoun', 'verb', 'noun', 'determiner', 'noun/adverb', 'unknown', 'adverb', 'unknown', 'unknown']","['neutral', 'neutral', 'neutral', 'neutral', 'neutral', 'unknown', 'neutral', 'unknown', 'unknown']","[0.0, 0.0, 0.0, 0.0, 0.0, 0.0, 0.0, 0.0, 0.0]",neutral,0.0
"['ada', 'banyak', 'orang', 'di', 'pasar', 'hari', 'ini', '.']","['verb', 'adjective/quantifier', 'noun', 'preposition', 'noun', 'noun', 'demonstrative pronoun', 'unknown']","['neutral', 'neutral', 'neutral', 'neutral', 'neutral', 'neutral', 'neutral', 'unknown']","[0.0, 0.0, 0.0, 0.0, 0.0, 0.0, 0.0, 0.0]",neutral,0.0
"['syarikat', 'itu', 'menerapkan', 'teknologi', 'baharu', 'dalam', 'operasinya', '.']","['unknown', 'demonstrative pronoun', 'verb', 'noun', 'unknown', 'preposition', 'unknown', 'unknown']","['unknown', 'neutral', 'neutral', 'neutral', 'unknown', 'neutral', 'unknown', 'unknown']","[0.0, 0.0, 0.0, 0.0, 0.0, 0.0, 0.0, 0.0]",neutral,0.0
"['kita', 'digalakkan', 'mengamalkan', 'gaya', 'hidup', 'sihat', '.']","['pronoun', 'unknown', 'verb', 'noun', 'verb, adjective', 'adjective', 'unknown']","['neutral', 'unknown', 'positive', 'neutral', 'positive', 'positive', 'unknown']","[0.0, 0.0, 0.5, 0.0, 0.5, 0.8, 0.0]",positive,0.5
"['lelaki', 'itu', 'didakwa', 'kerana', 'membunuh', 'jirannya', '.']","['noun', 'demonstrative pronoun', 'unknown', 'conjunction', 'verb', 'unknown', 'unknown']","['neutral', 'neutral', 'unknown', 'neutral', 'negative', 'unknown', 'unknown']","[0.0, 0.0, 0.0, 0.0, -1.0, 0.0, 0.0]",negative,-0.9
"['masalah', 'tersebut', 'telah', 'diselesaikan', '.']","['noun', 'adjective', 'unknown', 'unknown', 'unknown']","['negative', 'neutral', 'unknown', 'unknown', 'unknown']","[-0.7, 0.0, 0.0, 0.0, 0.0]",neutral,0.0
"['dia', 'pergi', 'ke', 'pasar', '.']","['pronoun', 'verb', 'particle (interrogative)', 'noun', 'unknown']","['neutral', 'neutral', 'neutral', 'neutral', 'unknown']","[0.0, 0.0, 0.0, 0.0, 0.0]",neutral,0.0
"['kereta', 'itu', 'tabrak', 'pokok', 'di', 'tepi', 'jalan', '.']","['kata nama', 'demonstrative pronoun', 'verb', 'unknown', 'preposition', 'noun, adverb', 'noun/verb', 'unknown']","['neutral', 'neutral', 'negative', 'unknown', 'neutral', 'neutral', 'neutral', 'unknown']","[0.0, 0.0, -0.6, 0.0, 0.0, 0.0, 0.0, 0.0]",negative,-0.6
"['dia', 'mengalih', 'pandangannya', 'ke', 'arah', 'lain', '.']","['pronoun', 'unknown', 'unknown', 'particle (interrogative)', 'unknown', 'adjective', 'unknown']","['neutral', 'unknown', 'unknown', 'neutral', 'unknown', 'neutral', 'unknown']","[0.0, 0.0, 0.0, 0.0, 0.0, 0.0, 0.0]",neutral,0.0
"['ramai', 'perempuan', 'membeli', '-', 'belah', 'di', 'pusat', 'membeli', '-', 'belah', 'itu', '.']","['adjective', 'noun', 'unknown', 'punctuation', 'unknown', 'preposition', 'unknown', 'unknown', 'punctuation', 'unknown', 'demonstrative pronoun', 'unknown']","['neutral', 'neutral', 'unknown', 'neutral', 'unknown', 'neutral', 'unknown', 'unknown', 'neutral', 'unknown', 'neutral', 'unknown']","[0.1, 0.0, 0.0, 0.0, 0.0, 0.0, 0.0, 0.0, 0.0, 0.0, 0.0, 0.0]",neutral,0.0
"['apa', 'yang', 'dikatakannya', 'itu', 'benar', 'belaka', '.']","['pronoun', 'pronoun, conjunction', 'unknown', 'demonstrative pronoun', 'adjective', 'adverb', 'unknown']","['neutral', 'neutral', 'unknown', 'neutral', 'positive', 'neutral', 'unknown']","[0.0, 0.0, 0.0, 0.0, 0.7, 0.0, 0.0]",positive,0.7
"['buku', 'itu', 'ada', 'di', 'dalam', 'beg', '.']","['unknown', 'demonstrative pronoun', 'verb', 'preposition', 'preposition', 'unknown', 'unknown']","['unknown', 'neutral', 'neutral', 'neutral', 'neutral', 'unknown', 'unknown']","[0.0, 0.0, 0.0, 0.0, 0.0, 0.0, 0.0]",neutral,0.0
"['dia', 'seorang', 'yang', 'kuat', 'bekerja', '.']","['pronoun', 'unknown', 'pronoun, conjunction', 'adjective', 'unknown', 'unknown']","['neutral', 'unknown', 'neutral', 'positive', 'unknown', 'unknown']","[0.0, 0.0, 0.0, 0.6, 0.0, 0.0]",positive,0.6
"['cuba', 'selesaikan', 'masalah', 'ini', '.']","['verb', 'unknown', 'noun', 'demonstrative pronoun', 'unknown']","['neutral', 'unknown', 'negative', 'neutral', 'unknown']","[0.0, 0.0, -0.7, 0.0, 0.0]",neutral,0.0
"['buku', 'ini', 'sangat', 'menarik', '.']","['unknown', 'demonstrative pronoun', 'adverb', 'unknown', 'unknown']","['unknown', 'neutral', 'neutral', 'unknown', 'unknown']","[0.0, 0.0, 0.0, 0.0, 0.0]",neutral,0.0
"['setiap', 'negara', 'mempunyai', 'sistem', 'hukumnya', 'sendiri', '.']","['unknown', 'noun', 'unknown', 'unknown', 'unknown', 'adjective', 'unknown']","['unknown', 'neutral', 'unknown', 'unknown', 'unknown', 'neutral', 'unknown']","[0.0, 0.0, 0.0, 0.0, 0.0, 0.0, 0.0]",neutral,0.0
"['dia', 'berasal', 'dari', 'kampung', '.']","['pronoun', 'unknown', 'preposition', 'unknown', 'unknown']","['neutral', 'unknown', 'neutral', 'unknown', 'unknown']","[0.0, 0.0, 0.0, 0.0, 0.0]",neutral,0.0
"['dia', 'sibuk', 'menyiapkan', 'laporan', '.']","['pronoun', 'adjective', 'unknown', 'kata nama', 'unknown']","['neutral', 'neutral', 'unknown', 'neutral', 'unknown']","[0.0, 0.0, 0.0, 0.0, 0.0]",neutral,0.0
"['sila', 'pastikan', 'pintu', 'berkunci', 'sebelum', 'tidur', '.']","['unknown', 'verb', 'noun', 'unknown', 'preposition', 'unknown', 'unknown']","['unknown', 'neutral', 'neutral', 'unknown', 'neutral', 'unknown', 'unknown']","[0.0, 0.0, 0.0, 0.0, 0.0, 0.0, 0.0]",neutral,0.0
"['kakinya', 'patah', 'akibat', 'kemalangan', 'itu', '.']","['unknown', 'adjective', 'unknown', 'unknown', 'demonstrative pronoun', 'unknown']","['unknown', 'negative', 'unknown', 'unknown', 'neutral', 'unknown']","[0.0, -0.5, 0.0, 0.0, 0.0, 0.0]",negative,-0.5
"['dia', 'menulis', 'dengan', 'pensil', '.']","['pronoun', 'unknown', 'preposition', 'unknown', 'unknown']","['neutral', 'unknown', 'neutral', 'unknown', 'unknown']","[0.0, 0.0, 0.0, 0.0, 0.0]",neutral,0.0
"['this', 'is', 'really', 'good', '.']","['demonstrative pronoun', 'verb', 'adverb', 'unknown', 'unknown']","['neutral', 'neutral', 'neutral', 'unknown', 'unknown']","[0.0, 0.0, 0.0, 0.0, 0.0]",neutral,0.0
"['dia', 'suka', 'mendengar', 'lagu', '-', 'lagu', 'pop', '.']","['pronoun', 'verb', 'unknown', 'noun', 'punctuation', 'noun', 'unknown', 'unknown']","['neutral', 'positive', 'unknown', 'neutral', 'neutral', 'neutral', 'unknown', 'unknown']","[0.0, 0.7, 0.0, 0.0, 0.0, 0.0, 0.0, 0.0]",neutral,0.0
"['kami', 'menonton', 'filem', 'di', 'pawagam', '.']","['unknown', 'verb', 'unknown', 'preposition', 'unknown', 'unknown']","['unknown', 'neutral', 'unknown', 'neutral', 'unknown', 'unknown']","[0.0, 0.0, 0.0, 0.0, 0.0, 0.0]",neutral,0.0
"['sila', 'duduk', 'di', 'kerusi', 'yang', 'disediakan', '.']","['unknown', 'verb', 'preposition', 'unknown', 'pronoun, conjunction', 'unknown', 'unknown']","['unknown', 'neutral', 'neutral', 'unknown', 'neutral', 'unknown', 'unknown']","[0.0, 0.0, 0.0, 0.0, 0.0, 0.0, 0.0]",neutral,0.0
"['telefon', 'bimbitnya', 'ada', 'calar', 'sedikit', '.']","['noun / verb', 'unknown', 'verb', 'noun', 'adjective', 'unknown']","['neutral', 'unknown', 'neutral', 'negative', 'neutral', 'unknown']","[0.0, 0.0, 0.0, -0.4, 0.0, 0.0]",negative,-0.4
"['the', 'police', 'caught', 'the', 'criminals', '.']","['penentu (English)', 'unknown', 'unknown', 'penentu (English)', 'noun', 'unknown']","['neutral', 'unknown', 'unknown', 'neutral', 'negative', 'unknown']","[0.0, 0.0, 0.0, 0.0, -0.8, 0.0]",negative,-0.8
"['dia', 'memerlukan', 'sedikit', 'masa', 'untuk', 'berfikir', '.']","['pronoun', 'unknown', 'adjective', 'noun', 'preposition', 'unknown', 'unknown']","['neutral', 'unknown', 'neutral', 'neutral', 'neutral', 'unknown', 'unknown']","[0.0, 0.0, 0.0, 0.0, 0.0, 0.0, 0.0]",neutral,0.0
"['jangan', 'buat', 'bising', 'di', 'perpustakaan', '.']","['particle', 'kata kerja', 'adjective', 'preposition', 'unknown', 'unknown']","['neutral', 'neutral', 'negative', 'neutral', 'unknown', 'unknown']","[0.0, 0.0, -0.5, 0.0, 0.0, 0.0]",negative,-0.5
"['pelajar', 'itu', 'sangat', 'bijak', 'dalam', 'menyelesaikan', 'masalah', '.']","['unknown', 'demonstrative pronoun', 'adverb', 'adjective', 'preposition', 'unknown', 'noun', 'unknown']","['unknown', 'neutral', 'neutral', 'positive', 'neutral', 'unknown', 'negative', 'unknown']","[0.0, 0.0, 0.0, 0.7, 0.0, 0.0, -0.7, 0.0]",positive,0.7
"['sampaikan', 'salam', 'saya', 'kepada', 'keluarga', 'awak', '.']","['unknown', 'interjection / noun', 'pronoun', 'preposition', 'noun', 'unknown', 'unknown']","['unknown', 'positive', 'neutral', 'neutral', 'neutral', 'unknown', 'unknown']","[0.0, 0.7, 0.0, 0.0, 0.0, 0.0, 0.0]",neutral,0.0
"['esok', 'kt', 'pergi', 'sana', '.']","['unknown', 'pronoun', 'verb', 'unknown', 'unknown']","['unknown', 'neutral', 'neutral', 'unknown', 'unknown']","[0.0, 0.0, 0.0, 0.0, 0.0]",neutral,0.0
"['dia', 'membeli', 'dua', 'batang', 'pensel', '.']","['pronoun', 'unknown', 'numeral', 'unknown', 'unknown', 'unknown']","['neutral', 'unknown', 'neutral', 'unknown', 'unknown', 'unknown']","[0.0, 0.0, 0.0, 0.0, 0.0, 0.0]",neutral,0.0
"['""', 'yaa', ',', 'saya', 'faham', ',', '""', 'jawabnya', '.']","['unknown', 'unknown', 'punctuation', 'pronoun', 'verb / adjective', 'punctuation', 'unknown', 'unknown', 'unknown']","['unknown', 'unknown', 'neutral', 'neutral', 'neutral', 'neutral', 'unknown', 'unknown', 'unknown']","[0.0, 0.0, 0.0, 0.0, 0.0, 0.0, 0.0, 0.0, 0.0]",neutral,0.0
"['dia', 'drove', 'kereta', 'itu', 'dengan', 'laju', '.']","['pronoun', 'verb', 'kata nama', 'demonstrative pronoun', 'preposition', 'adjective', 'unknown']","['neutral', 'neutral', 'neutral', 'neutral', 'neutral', 'neutral', 'unknown']","[0.0, 0.0, 0.0, 0.0, 0.0, 0.0, 0.0]",neutral,0.0
"['anak', 'anjing', 'itu', 'kejar', 'rama', '-', 'rama', 'di', 'taman', '.']","['noun', 'noun', 'demonstrative pronoun', 'verb', 'unknown', 'punctuation', 'unknown', 'preposition', 'unknown', 'unknown']","['neutral', 'neutral', 'neutral', 'neutral', 'unknown', 'neutral', 'unknown', 'neutral', 'unknown', 'unknown']","[0.0, 0.0, 0.0, 0.0, 0.0, 0.0, 0.0, 0.0, 0.0, 0.0]",neutral,0.0
"['kampung', 'saya', 'terletak', 'di', 'daerah', 'melaka', 'tengah', '.']","['unknown', 'pronoun', 'unknown', 'preposition', 'noun', 'unknown', 'noun / adverb', 'unknown']","['unknown', 'neutral', 'unknown', 'neutral', 'neutral', 'unknown', 'neutral', 'unknown']","[0.0, 0.0, 0.0, 0.0, 0.0, 0.0, 0.0, 0.0]",neutral,0.0
"['saya', 'just', 'nak', 'tahu', '.']","['pronoun', 'adverb', 'auxiliary verb', 'verb', 'unknown']","['neutral', 'neutral', 'neutral', 'neutral', 'unknown']","[0.0, 0.0, 0.0, 0.0, 0.0]",neutral,0.0
"['cikgu', 'datang', 'lewat', 'hari', 'ini', '.']","['unknown', 'verb', 'unknown', 'noun', 'demonstrative pronoun', 'unknown']","['unknown', 'neutral', 'unknown', 'neutral', 'neutral', 'unknown']","[0.0, 0.0, 0.0, 0.0, 0.0, 0.0]",neutral,0.0
"['klu', 'hujan', ',', 'kita', 'batalkan', 'perjumpaan', '.']","['conjunction', 'unknown', 'punctuation', 'pronoun', 'unknown', 'unknown', 'unknown']","['neutral', 'unknown', 'neutral', 'neutral', 'unknown', 'unknown', 'unknown']","[0.0, 0.0, 0.0, 0.0, 0.0, 0.0, 0.0]",neutral,0.0
"['pokok', 'bunga', 'itu', 'sudah', 'mati', 'kerana', 'tiada', 'air', '.']","['unknown', 'unknown', 'demonstrative pronoun', 'adverb', 'verb', 'conjunction', 'adverb', 'unknown', 'unknown']","['unknown', 'unknown', 'neutral', 'neutral', 'negative', 'neutral', 'neutral', 'unknown', 'unknown']","[0.0, 0.0, 0.0, 0.0, -0.7, 0.0, 0.0, 0.0, 0.0]",negative,-0.8
"['penjenayah', 'itu', 'cuba', 'begal', 'motosikalnya', '.']","['noun', 'demonstrative pronoun', 'verb', 'noun', 'unknown', 'unknown']","['negative', 'neutral', 'neutral', 'negative', 'unknown', 'unknown']","[-0.8, 0.0, 0.0, -0.8, 0.0, 0.0]",negative,-0.9
"['wahai', 'rakyat', 'malaysia', ',', 'marilah', 'bersatu', 'padu', '.']","['interjection', 'noun', 'proper noun', 'punctuation', 'unknown', 'unknown', 'unknown', 'unknown']","['neutral', 'neutral', 'neutral', 'neutral', 'unknown', 'unknown', 'unknown', 'unknown']","[0.0, 0.0, 0.0, 0.0, 0.0, 0.0, 0.0, 0.0]",neutral,0.0
"['dia', 'suka', 'makan', 'nasi', 'goreng', 'dan', 'mi', 'sup', '.']","['pronoun', 'verb', 'verb', 'unknown', 'unknown', 'conjunction', 'unknown', 'unknown', 'unknown']","['neutral', 'positive', 'neutral', 'unknown', 'unknown', 'neutral', 'unknown', 'unknown', 'unknown']","[0.0, 0.7, 0.0, 0.0, 0.0, 0.0, 0.0, 0.0, 0.0]",neutral,0.0
"['polis', 'berjaya', 'menangkapnya', 'selepas', 'buruan', 'panjang', '.']","['noun', 'unknown', 'verb', 'unknown', 'unknown', 'adjective', 'unknown']","['neutral', 'unknown', 'neutral', 'unknown', 'unknown', 'neutral', 'unknown']","[0.0, 0.0, 0.0, 0.0, 0.0, 0.0, 0.0]",neutral,0.0
"['pergi', 'la', 'cepat', '.']","['verb', 'particle', 'adjective, adverb', 'unknown']","['neutral', 'neutral', 'neutral', 'unknown']","[0.0, 0.0, 0.1, 0.0]",neutral,0.0
"['dia', 'smpai', 'rumah', 'lewat', 'malam', '.']","['pronoun', 'verb', 'noun', 'unknown', 'unknown', 'unknown']","['neutral', 'neutral', 'neutral', 'unknown', 'unknown', 'unknown']","[0.0, 0.0, 0.0, 0.0, 0.0, 0.0]",neutral,0.0
"['dia', 'tdak', 'suka', 'makan', 'sayur', '.']","['pronoun', 'adverb', 'verb', 'verb', 'unknown', 'unknown']","['neutral', 'neutral', 'positive', 'neutral', 'unknown', 'unknown']","[0.0, 0.0, 0.7, 0.0, 0.0, 0.0]",neutral,0.0
"['semua', 'rakyat', 'perlu', 'patuh', 'undang2', '.']","['quantifier / pronoun', 'noun', 'verb/adjective', 'unknown', 'noun', 'unknown']","['neutral', 'neutral', 'neutral', 'unknown', 'neutral', 'unknown']","[0.0, 0.0, 0.0, 0.0, 0.0, 0.0]",neutral,0.0
"['mereka', 'pergi', 'ke', 'sekolah', 'setiap', 'hari', '.']","['pronoun', 'verb', 'particle (interrogative)', 'unknown', 'unknown', 'noun', 'unknown']","['neutral', 'neutral', 'neutral', 'unknown', 'unknown', 'neutral', 'unknown']","[0.0, 0.0, 0.0, 0.0, 0.0, 0.0, 0.0]",neutral,0.0
"['pasukan', 'itu', 'mempunyai', 'defense', 'yang', 'kuat', '.']","['unknown', 'demonstrative pronoun', 'unknown', 'noun', 'pronoun, conjunction', 'adjective', 'unknown']","['unknown', 'neutral', 'unknown', 'neutral', 'neutral', 'positive', 'unknown']","[0.0, 0.0, 0.0, 0.0, 0.0, 0.6, 0.0]",neutral,0.0
"['dia', 'berasa', 'puas', 'hati', 'dengan', 'pencapaiannya', '.']","['pronoun', 'unknown', 'adjective', 'noun', 'preposition', 'unknown', 'unknown']","['neutral', 'unknown', 'positive', 'neutral', 'neutral', 'unknown', 'unknown']","[0.0, 0.0, 0.7, 0.0, 0.0, 0.0, 0.0]",positive,0.7
"['dia', 'kena', 'denda', 'kerana', 'memandu', 'laju', '.']","['pronoun', 'verb', 'unknown', 'conjunction', 'unknown', 'adjective', 'unknown']","['neutral', 'neutral', 'unknown', 'neutral', 'unknown', 'neutral', 'unknown']","[0.0, 0.0, 0.0, 0.0, 0.0, 0.0, 0.0]",neutral,0.0
"['betapa', 'cantiknya', 'pemandangan', 'di', 'sana', '!']","['adverb', 'unknown', 'unknown', 'preposition', 'unknown', 'unknown']","['neutral', 'unknown', 'unknown', 'neutral', 'unknown', 'unknown']","[0.0, 0.0, 0.0, 0.0, 0.0, 0.0]",neutral,0.0
"['rumah', 'mereka', 'ada', 'pgar', 'tinggi', '.']","['noun', 'pronoun', 'verb', 'noun', 'adjective', 'unknown']","['neutral', 'neutral', 'neutral', 'neutral', 'neutral', 'unknown']","[0.0, 0.0, 0.0, 0.0, 0.0, 0.0]",neutral,0.0
"['makan', 'dulu', ',', 'astu', 'baru', 'tidur', '.']","['verb', 'adverb', 'punctuation', 'adverb', 'adjective, adverb', 'unknown', 'unknown']","['neutral', 'neutral', 'neutral', 'neutral', 'neutral', 'unknown', 'unknown']","[0.0, 0.0, 0.0, 0.0, 0.0, 0.0, 0.0]",neutral,0.0
"['dia', 'bertanggungjawab', 'untuk', 'keseluruhan', 'projek', '.']","['pronoun', 'unknown', 'preposition', 'unknown', 'unknown', 'unknown']","['neutral', 'unknown', 'neutral', 'unknown', 'unknown', 'unknown']","[0.0, 0.0, 0.0, 0.0, 0.0, 0.0]",neutral,0.0
"['malaysia', 'import', 'banyak', 'barangan', 'elektronik', '.']","['proper noun', 'verb', 'adjective/quantifier', 'unknown', 'unknown', 'unknown']","['neutral', 'neutral', 'neutral', 'unknown', 'unknown', 'unknown']","[0.0, 0.0, 0.0, 0.0, 0.0, 0.0]",neutral,0.0
"['mungkin', 'dia', 'akan', 'datang', 'esok', '.']","['adverb', 'pronoun', 'auxiliary verb', 'verb', 'unknown', 'unknown']","['neutral', 'neutral', 'neutral', 'neutral', 'unknown', 'unknown']","[0.0, 0.0, 0.0, 0.0, 0.0, 0.0]",neutral,0.0
"['kalo', 'rajin', ',', 'pasti', 'berjaya', '.']","['conjunction', 'unknown', 'punctuation', 'adjective', 'unknown', 'unknown']","['neutral', 'unknown', 'neutral', 'neutral', 'unknown', 'unknown']","[0.0, 0.0, 0.0, 0.5, 0.0, 0.0]",neutral,0.0
"['tengok', 'tu.cctv', 'ada', 'rakam', 'kejadian', '.']","['verb', 'unknown', 'verb', 'unknown', 'noun', 'unknown']","['neutral', 'unknown', 'neutral', 'unknown', 'neutral', 'unknown']","[0.0, 0.0, 0.0, 0.0, 0.0, 0.0]",neutral,0.0
"['kami', 'menghadapi', 'masalah', 'kewangan', 'yang', 'serius', '.']","['unknown', 'unknown', 'noun', 'unknown', 'pronoun, conjunction', 'unknown', 'unknown']","['unknown', 'unknown', 'negative', 'unknown', 'neutral', 'unknown', 'unknown']","[0.0, 0.0, -0.7, 0.0, 0.0, 0.0, 0.0]",negative,-0.7
"['pimpinan', 'baharu', 'itu', 'membawa', 'banyak', 'perubahan', '.']","['noun', 'unknown', 'demonstrative pronoun', 'verb', 'adjective/quantifier', 'unknown', 'unknown']","['neutral', 'unknown', 'neutral', 'neutral', 'neutral', 'unknown', 'unknown']","[0.0, 0.0, 0.0, 0.0, 0.0, 0.0, 0.0]",neutral,0.0
"['warga', 'negara', 'bertanggungjawab', 'menjaga', 'keamanan', '.']","['noun', 'noun', 'unknown', 'unknown', 'unknown', 'unknown']","['neutral', 'neutral', 'unknown', 'unknown', 'unknown', 'unknown']","[0.0, 0.0, 0.0, 0.0, 0.0, 0.0]",neutral,0.0
"['""', 'musibat', '!', 'kereta', 'aku', 'kemek', '!', '""', 'jeritnya', '.']","['unknown', 'unknown', 'unknown', 'kata nama', 'pronoun', 'adjective', 'unknown', 'unknown', 'unknown', 'unknown']","['unknown', 'unknown', 'unknown', 'neutral', 'neutral', 'negative', 'unknown', 'unknown', 'unknown', 'unknown']","[0.0, 0.0, 0.0, 0.0, 0.0, -0.3, 0.0, 0.0, 0.0, 0.0]",negative,-0.9
"['pompuan', 'itu', 'memakai', 'baju', 'merah', '.']","['noun', 'demonstrative pronoun', 'unknown', 'unknown', 'unknown', 'unknown']","['neutral', 'neutral', 'unknown', 'unknown', 'unknown', 'unknown']","[0.0, 0.0, 0.0, 0.0, 0.0, 0.0]",neutral,0.0
"['kata', '-', 'katanya', 'memang', 'betol', '.']","['unknown', 'punctuation', 'unknown', 'adverb', 'adjective', 'unknown']","['unknown', 'neutral', 'unknown', 'neutral', 'positive', 'unknown']","[0.0, 0.0, 0.0, 0.0, 0.6, 0.0]",positive,0.6
"['penjenayah', 'itu', 'cuba', 'menetak', 'mangsanya', '.']","['noun', 'demonstrative pronoun', 'verb', 'verb', 'unknown', 'unknown']","['negative', 'neutral', 'neutral', 'negative', 'unknown', 'unknown']","[-0.8, 0.0, 0.0, -0.8, 0.0, 0.0]",negative,-0.8
"['dia', 'datang', 'lewat', 'kot', '.']","['pronoun', 'verb', 'unknown', 'particle', 'unknown']","['neutral', 'neutral', 'unknown', 'neutral', 'unknown']","[0.0, 0.0, 0.0, 0.0, 0.0]",neutral,0.0
"['pasukan', 'itu', 'kalah', 'dalam', 'perlawanan', 'semalam', '.']","['unknown', 'demonstrative pronoun', 'verb', 'preposition', 'unknown', 'unknown', 'unknown']","['unknown', 'neutral', 'negative', 'neutral', 'unknown', 'unknown', 'unknown']","[0.0, 0.0, -0.7, 0.0, 0.0, 0.0, 0.0]",negative,-0.7
"['mereka', 'keluar', 'dari', 'bangunan', 'itu', '.']","['pronoun', 'verb', 'preposition', 'unknown', 'demonstrative pronoun', 'unknown']","['neutral', 'neutral', 'neutral', 'unknown', 'neutral', 'unknown']","[0.0, 0.0, 0.0, 0.0, 0.0, 0.0]",neutral,0.0
"['mke', 'dia', 'nampak', 'letih', '.']","['noun', 'pronoun', 'verb', 'unknown', 'unknown']","['neutral', 'neutral', 'neutral', 'unknown', 'unknown']","[0.0, 0.0, 0.0, 0.0, 0.0]",neutral,0.0
"['pemandu', 'itu', 'tekan', 'hon', '.', 'bila', 'jalan', 'sesak', '.']","['noun', 'demonstrative pronoun', 'verb', 'verb', 'unknown', 'adverb', 'noun/verb', 'unknown', 'unknown']","['neutral', 'neutral', 'neutral', 'neutral', 'unknown', 'neutral', 'neutral', 'unknown', 'unknown']","[0.0, 0.0, 0.0, 0.0, 0.0, 0.0, 0.0, 0.0, 0.0]",neutral,0.0
"['saya', 'bangga', 'menjadi', 'rakyat', 'malaysia', '.']","['pronoun', 'adjective', 'unknown', 'noun', 'proper noun', 'unknown']","['neutral', 'positive', 'unknown', 'neutral', 'neutral', 'unknown']","[0.0, 0.7, 0.0, 0.0, 0.0, 0.0]",neutral,0.0
"['dia', 'dijatuhi', 'hukuman', 'masuk', 'pjra', '.']","['pronoun', 'unknown', 'noun', 'verb', 'noun', 'unknown']","['neutral', 'unknown', 'negative', 'neutral', 'negative', 'unknown']","[0.0, 0.0, -0.7, 0.0, -0.6, 0.0]",negative,-0.6
"['kucing', 'itu', 'bersembunyi', 'didalem', 'kotak', '.']","['noun', 'demonstrative pronoun', 'unknown', 'preposition', 'unknown', 'unknown']","['neutral', 'neutral', 'unknown', 'neutral', 'unknown', 'unknown']","[0.0, 0.0, 0.0, 0.0, 0.0, 0.0]",neutral,0.0
"['akak.tu', ',', 'dia', 'nak', 'cakap', 'dengan', 'awak', '.']","['unknown', 'punctuation', 'pronoun', 'auxiliary verb', 'unknown', 'preposition', 'unknown', 'unknown']","['unknown', 'neutral', 'neutral', 'neutral', 'unknown', 'neutral', 'unknown', 'unknown']","[0.0, 0.0, 0.0, 0.0, 0.0, 0.0, 0.0, 0.0]",neutral,0.0
"['mangsa', 'kemalangan', 'itu', 'segera', 'dikejarkan', 'ke', 'hospital', '.']","['noun', 'unknown', 'demonstrative pronoun', 'unknown', 'unknown', 'particle (interrogative)', 'unknown', 'unknown']","['negative', 'unknown', 'neutral', 'unknown', 'unknown', 'neutral', 'unknown', 'unknown']","[-0.7, 0.0, 0.0, 0.0, 0.0, 0.0, 0.0, 0.0]",negative,-0.7
"['ayah', 'saya', 'baru', 'membeli', 'sebuah', 'lexus', 'baharu', '.']","['noun', 'pronoun', 'adjective, adverb', 'unknown', 'unknown', 'noun', 'unknown', 'unknown']","['neutral', 'neutral', 'neutral', 'unknown', 'unknown', 'neutral', 'unknown', 'unknown']","[0.0, 0.0, 0.0, 0.0, 0.0, 0.0, 0.0, 0.0]",neutral,0.0
"['teryata', 'dia', 'yang', 'bersalah', 'dalam', 'hal', 'itu', '.']","['adverb', 'pronoun', 'pronoun, conjunction', 'adjective', 'preposition', 'kata nama', 'demonstrative pronoun', 'unknown']","['neutral', 'neutral', 'neutral', 'negative', 'neutral', 'neutral', 'neutral', 'unknown']","[0.0, 0.0, 0.0, -0.6, 0.0, 0.0, 0.0, 0.0]",neutral,0.0
"['saya', 'tidak', 'rasa', 'lapar', '.']","['pronoun', 'adverb', 'verb', 'unknown', 'unknown']","['neutral', 'neutral', 'neutral', 'unknown', 'unknown']","[0.0, 0.0, 0.0, 0.0, 0.0]",neutral,0.0
"['beliau', 'seorang', 'tokoh', 'yang', 'dihormati', '.']","['pronoun', 'unknown', 'unknown', 'pronoun, conjunction', 'unknown', 'unknown']","['neutral', 'unknown', 'unknown', 'neutral', 'unknown', 'unknown']","[0.0, 0.0, 0.0, 0.0, 0.0, 0.0]",neutral,0.1
"['gempa', 'bumi', 'itu', 'musnahkan', 'banyak', 'bangunan', '.']","['unknown', 'noun', 'demonstrative pronoun', 'unknown', 'adjective/quantifier', 'unknown', 'unknown']","['unknown', 'neutral', 'neutral', 'unknown', 'neutral', 'unknown', 'unknown']","[0.0, 0.0, 0.0, 0.0, 0.0, 0.0, 0.0]",negative,-0.8
"['pelaku', 'jenayah', 'itu', 'telah', 'ditangkap', '.']","['noun', 'noun', 'demonstrative pronoun', 'unknown', 'unknown', 'unknown']","['neutral', 'negative', 'neutral', 'unknown', 'unknown', 'unknown']","[0.0, -0.8, 0.0, 0.0, 0.0, 0.0]",neutral,0.0
"['dia', 'memandu', 'mobil', 'baru', 'itu', '.']","['pronoun', 'unknown', 'noun', 'adjective, adverb', 'demonstrative pronoun', 'unknown']","['neutral', 'unknown', 'neutral', 'neutral', 'neutral', 'unknown']","[0.0, 0.0, 0.0, 0.0, 0.0, 0.0]",neutral,0.0
"['dia', 'gantung', 'baju', 'itu', 'di', 'ampaian', '.']","['pronoun', 'verb', 'unknown', 'demonstrative pronoun', 'preposition', 'unknown', 'unknown']","['neutral', 'neutral', 'unknown', 'neutral', 'neutral', 'unknown', 'unknown']","[0.0, 0.0, 0.0, 0.0, 0.0, 0.0, 0.0]",neutral,0.0
"['lama2', 'dia', 'akan', 'faham', 'juga', '.']","['adverb', 'pronoun', 'auxiliary verb', 'verb / adjective', 'adverb', 'unknown']","['neutral', 'neutral', 'neutral', 'neutral', 'neutral', 'unknown']","[0.0, 0.0, 0.0, 0.0, 0.0, 0.0]",neutral,0.0
"['cuba', 'imagine', 'situasi', 'itu', '.']","['verb', 'verb', 'noun', 'demonstrative pronoun', 'unknown']","['neutral', 'neutral', 'neutral', 'neutral', 'unknown']","[0.0, 0.0, 0.0, 0.0, 0.0]",neutral,0.0
"['kumpulan', 'muzik', 'itu', 'masih', 'amatir', '.']","['unknown', 'unknown', 'demonstrative pronoun', 'adverb', 'adjective/noun', 'unknown']","['unknown', 'unknown', 'neutral', 'neutral', 'neutral', 'unknown']","[0.0, 0.0, 0.0, 0.0, -0.2, 0.0]",neutral,-0.2
"['jangan', 'jadi', 'orang', 'bangang', '.']","['particle', 'verb / conjunction', 'noun', 'adjective', 'unknown']","['neutral', 'neutral', 'neutral', 'negative', 'unknown']","[0.0, 0.0, 0.0, -0.8, 0.0]",negative,-0.9
"['dia', 'hentam', 'meja', 'itu', 'kerana', 'marah', '.']","['pronoun', 'unknown', 'unknown', 'demonstrative pronoun', 'conjunction', 'adjective', 'unknown']","['neutral', 'unknown', 'unknown', 'neutral', 'neutral', 'negative', 'unknown']","[0.0, 0.0, 0.0, 0.0, 0.0, -0.6, 0.0]",negative,-0.7
"['dia', 'naik', 'kete', 'baru', '.']","['pronoun', 'unknown', 'noun', 'adjective, adverb', 'unknown']","['neutral', 'unknown', 'neutral', 'neutral', 'unknown']","[0.0, 0.0, 0.0, 0.0, 0.0]",neutral,0.0
"['dia', 'cedera', 'akibat', 'kemalangan', 'itu', '.']","['pronoun', 'adjective/verb', 'unknown', 'unknown', 'demonstrative pronoun', 'unknown']","['neutral', 'negative', 'unknown', 'unknown', 'neutral', 'unknown']","[0.0, -0.6, 0.0, 0.0, 0.0, 0.0]",negative,-0.6
"['dia', 'dah', 'makan', ',', 'a', '?']","['pronoun', 'adverb', 'verb', 'punctuation', 'interjection/filler', 'punctuation']","['neutral', 'neutral', 'neutral', 'neutral', 'neutral', 'neutral']","[0.0, 0.0, 0.0, 0.0, 0.0, 0.0]",neutral,0.0
"['kita', 'stay', 'sini', 'malam', 'ni', '.']","['pronoun', 'verb', 'adverb (of place)', 'unknown', 'pronoun', 'unknown']","['neutral', 'neutral', 'neutral', 'unknown', 'neutral', 'unknown']","[0.0, 0.0, 0.0, 0.0, 0.0, 0.0]",neutral,0.0
"['pihak', 'berkuasa', 'hancurkan', 'sarang', 'penjenayah', '.']","['noun', 'verb', 'unknown', 'unknown', 'noun', 'unknown']","['neutral', 'neutral', 'unknown', 'unknown', 'negative', 'unknown']","[0.0, 0.0, 0.0, 0.0, -0.8, 0.0]",negative,-0.8
"['dia', 'fasih', 'berbahasa', 'melayu', '.']","['pronoun', 'unknown', 'unknown', 'noun/adjective', 'unknown']","['neutral', 'unknown', 'unknown', 'neutral', 'unknown']","[0.0, 0.0, 0.0, 0.0, 0.0]",neutral,0.0
"['mari', 'kita', 'tonton', 'movie', 'baru', '.']","['unknown', 'pronoun', 'unknown', 'noun', 'adjective, adverb', 'unknown']","['unknown', 'neutral', 'unknown', 'neutral', 'neutral', 'unknown']","[0.0, 0.0, 0.0, 0.0, 0.0, 0.0]",neutral,0.0
"['semoga', 'kita', 'semua', 'sihat', ',', 'aammmiiiinnn', '.']","['adverb', 'pronoun', 'quantifier / pronoun', 'adjective', 'punctuation', 'interjection', 'unknown']","['positive', 'neutral', 'neutral', 'positive', 'neutral', 'positive', 'unknown']","[0.5, 0.0, 0.0, 0.8, 0.0, 0.7, 0.0]",positive,0.7
"['dia', 'makan', ',', 'lpstu', 'tidur', '.']","['pronoun', 'verb', 'punctuation', 'adverb', 'unknown', 'unknown']","['neutral', 'neutral', 'neutral', 'neutral', 'unknown', 'unknown']","[0.0, 0.0, 0.0, 0.0, 0.0, 0.0]",neutral,0.0
"['berapa', 'kali', 'awak', 'pergi', 'ke', 'sana', '?']","['unknown', 'noun/adverb', 'unknown', 'verb', 'particle (interrogative)', 'unknown', 'punctuation']","['unknown', 'neutral', 'unknown', 'neutral', 'neutral', 'unknown', 'neutral']","[0.0, 0.0, 0.0, 0.0, 0.0, 0.0, 0.0]",neutral,0.0
"['dia', 'hanya', 'seorang', 'pelajar', '.']","['pronoun', 'adverb', 'unknown', 'unknown', 'unknown']","['neutral', 'neutral', 'unknown', 'unknown', 'unknown']","[0.0, 0.0, 0.0, 0.0, 0.0]",neutral,0.0
"['saya', 'xtau', 'nak', 'buat', 'apa', '.']","['pronoun', 'verb', 'auxiliary verb', 'kata kerja', 'pronoun', 'unknown']","['neutral', 'neutral', 'neutral', 'neutral', 'neutral', 'unknown']","[0.0, 0.0, 0.0, 0.0, 0.0, 0.0]",neutral,0.0
"['cerita', 'awak', 'memang', 'kelakar', 'face', 'with', 'tears', 'of', 'joyface', 'with', 'tears', 'of', 'joyface', 'with', 'tears', 'of', 'joyrolling', 'on', 'the', 'floor', 'laughingrolling', 'on', 'the', 'floor', 'laughingrolling', 'on', 'the', 'floor', 'laughing', '.']","['unknown', 'unknown', 'adverb', 'unknown', 'unknown', 'unknown', 'unknown', 'unknown', 'unknown', 'unknown', 'unknown', 'unknown', 'unknown', 'unknown', 'unknown', 'unknown', 'unknown', 'kata sendi nama/kata keterangan/kata kerja (English)', 'penentu (English)', 'unknown', 'unknown', 'kata sendi nama/kata keterangan/kata kerja (English)', 'penentu (English)', 'unknown', 'unknown', 'kata sendi nama/kata keterangan/kata kerja (English)', 'penentu (English)', 'unknown', 'unknown', 'unknown']","['unknown', 'unknown', 'neutral', 'unknown', 'unknown', 'unknown', 'unknown', 'unknown', 'unknown', 'unknown', 'unknown', 'unknown', 'unknown', 'unknown', 'unknown', 'unknown', 'unknown', 'neutral', 'neutral', 'unknown', 'unknown', 'neutral', 'neutral', 'unknown', 'unknown', 'neutral', 'neutral', 'unknown', 'unknown', 'unknown']","[0.0, 0.0, 0.0, 0.0, 0.0, 0.0, 0.0, 0.0, 0.0, 0.0, 0.0, 0.0, 0.0, 0.0, 0.0, 0.0, 0.0, 0.0, 0.0, 0.0, 0.0, 0.0, 0.0, 0.0, 0.0, 0.0, 0.0, 0.0, 0.0, 0.0]",positive,0.9
"['kereta', 'itu', 'sangat', 'laju', '.']","['kata nama', 'demonstrative pronoun', 'adverb', 'adjective', 'unknown']","['neutral', 'neutral', 'neutral', 'neutral', 'unknown']","[0.0, 0.0, 0.0, 0.0, 0.0]",neutral,0.0
"['dia', 'cuba', 'mempertahan', 'haknya', '.']","['pronoun', 'verb', 'verb', 'unknown', 'unknown']","['neutral', 'neutral', 'positive', 'unknown', 'unknown']","[0.0, 0.0, 0.5, 0.0, 0.0]",positive,0.5
"['saya', ',', 'nk', 'pergi', 'sekarang', '.']","['pronoun', 'punctuation', 'verb (colloquial)', 'verb', 'adverb', 'unknown']","['neutral', 'neutral', 'neutral', 'neutral', 'neutral', 'unknown']","[0.0, 0.0, 0.0, 0.0, 0.0, 0.0]",neutral,0.0
"['dia', 'ketuk', 'pintu', 'beberapa', 'kali', '.']","['pronoun', 'verb', 'noun', 'determiner', 'noun/adverb', 'unknown']","['neutral', 'neutral', 'neutral', 'neutral', 'neutral', 'unknown']","[0.0, 0.0, 0.0, 0.0, 0.0, 0.0]",neutral,0.0
"['dia', 'ptut', 'datang', 'awal', '.']","['pronoun', 'auxiliary verb', 'verb', 'unknown', 'unknown']","['neutral', 'neutral', 'neutral', 'unknown', 'unknown']","[0.0, 0.0, 0.0, 0.0, 0.0]",neutral,0.0
"['cantik', 'sungguh', 'bunga', 'turose', '.']","['unknown', 'kata keterangan/kata sifat', 'unknown', 'unknown', 'unknown']","['unknown', 'neutral', 'unknown', 'unknown', 'unknown']","[0.0, 0.0, 0.0, 0.0, 0.0]",positive,0.3
"['hasil', 'kerja', 'kerasnya', 'membuahkan', 'kejayaan', '.']","['noun, verb', 'verb', 'unknown', 'unknown', 'unknown', 'unknown']","['neutral', 'neutral', 'unknown', 'unknown', 'unknown', 'unknown']","[0.2, 0.0, 0.0, 0.0, 0.0, 0.0]",neutral,0.1
"['cuma', 'ini', 'sahaja', 'yang', 'saya', 'ada', '.']","['adverb', 'demonstrative pronoun', 'unknown', 'pronoun, conjunction', 'pronoun', 'verb', 'unknown']","['neutral', 'neutral', 'unknown', 'neutral', 'neutral', 'neutral', 'unknown']","[0.0, 0.0, 0.0, 0.0, 0.0, 0.0, 0.0]",neutral,0.0
"['dia', 'baru', 'dapat', 'lesen', 'memandu', '.']","['pronoun', 'adjective, adverb', 'verb', 'noun', 'unknown', 'unknown']","['neutral', 'neutral', 'positive', 'neutral', 'unknown', 'unknown']","[0.0, 0.0, 0.5, 0.0, 0.0, 0.0]",neutral,0.0
"['dorg', 'dah', 'sampai', 'ke', '?']","['pronoun', 'adverb', 'verb', 'particle (interrogative)', 'punctuation']","['neutral', 'neutral', 'neutral', 'neutral', 'neutral']","[0.0, 0.0, 0.0, 0.0, 0.0]",neutral,0.0
"['jangan', 'buat', 'kerja', 'bodoh', '.']","['particle', 'kata kerja', 'verb', 'adjective', 'unknown']","['neutral', 'neutral', 'neutral', 'negative', 'unknown']","[0.0, 0.0, 0.0, -0.8, 0.0]",negative,-0.8
"['dia', 'guna', 'pisau', 'untuk', 'potong', 'buah', '.']","['pronoun', 'verb', 'noun', 'preposition', 'verb', 'unknown', 'unknown']","['neutral', 'neutral', 'neutral', 'neutral', 'neutral', 'unknown', 'unknown']","[0.0, 0.0, 0.0, 0.0, 0.0, 0.0, 0.0]",neutral,0.0
"['dia', 'makan', 'lagi', '.']","['pronoun', 'verb', 'adverb', 'unknown']","['neutral', 'neutral', 'neutral', 'unknown']","[0.0, 0.0, 0.0, 0.0]",neutral,0.0
"['saya', 'tak', 'ada', 'pit', 'nak', 'beli', 'tu', '.']","['pronoun', 'adverb (negation)', 'verb', 'noun', 'auxiliary verb', 'unknown', 'pronoun', 'unknown']","['neutral', 'neutral', 'neutral', 'neutral', 'neutral', 'unknown', 'neutral', 'unknown']","[0.0, 0.0, 0.0, 0.0, 0.0, 0.0, 0.0, 0.0]",neutral,0.0
"['semoga', 'kita', 'dijauhknla', 'dari', 'bencana', '.']","['adverb', 'pronoun', 'verb', 'preposition', 'unknown', 'unknown']","['positive', 'neutral', 'neutral', 'neutral', 'unknown', 'unknown']","[0.5, 0.0, 0.0, 0.0, 0.0, 0.0]",neutral,0.0
"['dia', 'pn', 'nak', 'ikut', '.']","['pronoun', 'particle', 'auxiliary verb', 'unknown', 'unknown']","['neutral', 'neutral', 'neutral', 'unknown', 'unknown']","[0.0, 0.0, 0.0, 0.0, 0.0]",neutral,0.0
"['barang', 'nye', 'dah', 'hilang', '.']","['noun', 'pronoun/suffix', 'adverb', 'unknown', 'unknown']","['neutral', 'neutral', 'neutral', 'unknown', 'unknown']","[0.0, 0.0, 0.0, 0.0, 0.0]",neutral,0.0
"['keknya', 'dia', 'tak', 'datang', 'hari', 'ni', '.']","['adverb/conjunction', 'pronoun', 'adverb (negation)', 'verb', 'noun', 'pronoun', 'unknown']","['neutral', 'neutral', 'neutral', 'neutral', 'neutral', 'neutral', 'unknown']","[0.0, 0.0, 0.0, 0.0, 0.0, 0.0, 0.0]",neutral,0.0
"['dia', 'akan', 'pergi', 'esok', '.']","['pronoun', 'auxiliary verb', 'verb', 'unknown', 'unknown']","['neutral', 'neutral', 'neutral', 'unknown', 'unknown']","[0.0, 0.0, 0.0, 0.0, 0.0]",neutral,0.0
"['dia', 'cuba', 'bunuh', 'diri', '.']","['pronoun', 'verb', 'verb', 'noun, pronoun', 'unknown']","['neutral', 'neutral', 'negative', 'neutral', 'unknown']","[0.0, 0.0, -0.9, 0.0, 0.0]",negative,-0.9
"['dia', 'sakit', ',', 'so', 'tak', 'dapat', 'datang', '.']","['pronoun', 'adjective', 'punctuation', 'conjunction', 'adverb (negation)', 'verb', 'verb', 'unknown']","['neutral', 'negative', 'neutral', 'neutral', 'neutral', 'positive', 'neutral', 'unknown']","[0.0, -0.7, 0.0, 0.0, 0.0, 0.5, 0.0, 0.0]",neutral,0.0
"['awak', 'nampak', 'apa', 'dalam', 'cermin?grinning', 'face', 'with', 'sweatrolling', 'on', 'the', 'floor', 'laughing']","['unknown', 'verb', 'pronoun', 'preposition', 'unknown', 'unknown', 'unknown', 'unknown', 'kata sendi nama/kata keterangan/kata kerja (English)', 'penentu (English)', 'unknown', 'unknown']","['unknown', 'neutral', 'neutral', 'neutral', 'unknown', 'unknown', 'unknown', 'unknown', 'neutral', 'neutral', 'unknown', 'unknown']","[0.0, 0.0, 0.0, 0.0, 0.0, 0.0, 0.0, 0.0, 0.0, 0.0, 0.0, 0.0]",positive,0.4
"['hidup', 'malaysiaku', '!']","['verb, adjective', 'noun', 'unknown']","['positive', 'positive', 'unknown']","[0.5, 0.8, 0.0]",positive,0.8
"['undang2', 'negara', 'kita', 'ketat', '.']","['noun', 'noun', 'pronoun', 'unknown', 'unknown']","['neutral', 'neutral', 'neutral', 'unknown', 'unknown']","[0.0, 0.0, 0.0, 0.0, 0.0]",neutral,0.0
"['pihak', 'polis', 'akan', 'ambil', 'tindakan', '.']","['noun', 'noun', 'auxiliary verb', 'verb', 'noun', 'unknown']","['neutral', 'neutral', 'neutral', 'neutral', 'neutral', 'unknown']","[0.0, 0.0, 0.0, 0.0, 0.0, 0.0]",neutral,0.0
"['dia', 'sedar', 'akan', 'kesilapannya', '.']","['pronoun', 'verb', 'auxiliary verb', 'unknown', 'unknown']","['neutral', 'neutral', 'neutral', 'unknown', 'unknown']","[0.0, 0.0, 0.0, 0.0, 0.0]",neutral,0.2
"['penjenayah', 'itu', 'melarikan', 'diri', '.']","['noun', 'demonstrative pronoun', 'unknown', 'noun, pronoun', 'unknown']","['negative', 'neutral', 'unknown', 'neutral', 'unknown']","[-0.8, 0.0, 0.0, 0.0, 0.0]",negative,-0.9
"['dia', 'cedera', 'akibat', 'kemalangan', 'itu', '.']","['pronoun', 'adjective/verb', 'unknown', 'unknown', 'demonstrative pronoun', 'unknown']","['neutral', 'negative', 'unknown', 'unknown', 'neutral', 'unknown']","[0.0, -0.6, 0.0, 0.0, 0.0, 0.0]",negative,-0.6
"['dia', 'adalah', 'mangsa', 'penipuan', '.']","['pronoun', 'copula / verb', 'noun', 'unknown', 'unknown']","['neutral', 'neutral', 'negative', 'unknown', 'unknown']","[0.0, 0.0, -0.7, 0.0, 0.0]",negative,-0.7
"['pencuri', 'itu', 'ditangkap', 'polis', '.']","['noun', 'demonstrative pronoun', 'unknown', 'noun', 'unknown']","['negative', 'neutral', 'unknown', 'neutral', 'unknown']","[-0.8, 0.0, 0.0, 0.0, 0.0]",negative,-0.8
"['perompak', 'bank', 'itu', 'bersenjata', '.']","['noun', 'noun', 'demonstrative pronoun', 'adjective/verb', 'unknown']","['negative', 'neutral', 'neutral', 'negative', 'unknown']","[-0.9, 0.0, 0.0, -0.5, 0.0]",negative,-0.9
"['perogol', 'itu', 'dijatuhi', 'hukuman', 'berat', '.']","['noun', 'demonstrative pronoun', 'unknown', 'noun', 'adjective', 'unknown']","['negative', 'neutral', 'unknown', 'negative', 'neutral', 'unknown']","[-1.0, 0.0, 0.0, -0.7, 0.0, 0.0]",negative,-1.0
"['ambil', 'sajalah', 'semualah', '.']","['verb', 'unknown', 'pronoun/determiner', 'unknown']","['neutral', 'unknown', 'neutral', 'unknown']","[0.0, 0.0, 0.0, 0.0]",neutral,0.0
"['jangan', 'main', 'api', 'kecik2', '.']","['particle', 'verb', 'noun', 'adjective', 'unknown']","['neutral', 'neutral', 'neutral', 'neutral', 'unknown']","[0.0, 0.0, 0.0, 0.0, 0.0]",neutral,0.0
"['jangan', 'jadi', 'bangang', ',', 'fikirkan', 'akibatnya', '.']","['particle', 'verb / conjunction', 'adjective', 'punctuation', 'unknown', 'unknown', 'unknown']","['neutral', 'neutral', 'negative', 'neutral', 'unknown', 'unknown', 'unknown']","[0.0, 0.0, -0.8, 0.0, 0.0, 0.0, 0.0]",negative,-0.8
"['dia', 'berniat', 'untuk', 'membantu', 'mangsa', 'banjir', '.']","['pronoun', 'verb', 'preposition', 'unknown', 'noun', 'unknown', 'unknown']","['neutral', 'neutral', 'neutral', 'unknown', 'negative', 'unknown', 'unknown']","[0.0, 0.0, 0.0, 0.0, -0.7, 0.0, 0.0]",neutral,0.0
"['kehidupan', 'dibandaraya', 'sangat', 'sibuk', '.']","['noun', 'adverb', 'adverb', 'adjective', 'unknown']","['neutral', 'neutral', 'neutral', 'neutral', 'unknown']","[0.0, 0.0, 0.0, 0.0, 0.0]",neutral,0.0
"['kisah', 'pengembaraannya', 'sangat', 'menarik', '.']","['noun', 'unknown', 'adverb', 'unknown', 'unknown']","['neutral', 'unknown', 'neutral', 'unknown', 'unknown']","[0.0, 0.0, 0.0, 0.0, 0.0]",neutral,0.0
"['awak', 'mahu', 'kopi', 'atau', 'teh', '?']","['unknown', 'verb', 'unknown', 'conjunction', 'unknown', 'punctuation']","['unknown', 'neutral', 'unknown', 'neutral', 'unknown', 'neutral']","[0.0, 0.0, 0.0, 0.0, 0.0, 0.0]",neutral,0.0
"['gadis', 'itu', 'dikatakan', 'dirasuk', 'syaitan', '.']","['unknown', 'demonstrative pronoun', 'unknown', 'unknown', 'noun', 'unknown']","['unknown', 'neutral', 'unknown', 'unknown', 'negative', 'unknown']","[0.0, 0.0, 0.0, 0.0, -0.9, 0.0]",negative,-0.3
"['salam', 'sejahtera', 'kepada', 'semua', '.']","['interjection / noun', 'adjective', 'preposition', 'quantifier / pronoun', 'unknown']","['positive', 'positive', 'neutral', 'neutral', 'unknown']","[0.7, 0.8, 0.0, 0.0, 0.0]",positive,0.7
"['dia', 'asyik', 'ulng2', 'soalan', 'yang', 'sama', '.']","['pronoun', 'unknown', 'unknown', 'unknown', 'pronoun, conjunction', 'adjective', 'unknown']","['neutral', 'unknown', 'unknown', 'unknown', 'neutral', 'neutral', 'unknown']","[0.0, 0.0, 0.0, 0.0, 0.0, 0.0, 0.0]",neutral,0.0
"['mak', 'saya', 'sedang', 'memasak', 'di', 'dapur', '.']","['noun', 'pronoun', 'unknown', 'unknown', 'preposition', 'unknown', 'unknown']","['positive', 'neutral', 'unknown', 'unknown', 'neutral', 'unknown', 'unknown']","[0.5, 0.0, 0.0, 0.0, 0.0, 0.0, 0.0]",positive,0.5
"['saya', 'hairan', 'melihat', 'kelakuannya', '.']","['pronoun', 'adjective', 'verb', 'unknown', 'unknown']","['neutral', 'neutral', 'neutral', 'unknown', 'unknown']","[0.0, 0.0, 0.0, 0.0, 0.0]",neutral,0.0
"['oh', ',', 'shit', '!', 'saya', 'tertinggal', 'dompet', '.']","['unknown', 'punctuation', 'interjection / noun', 'unknown', 'pronoun', 'unknown', 'unknown', 'unknown']","['unknown', 'neutral', 'negative', 'unknown', 'neutral', 'unknown', 'unknown', 'unknown']","[0.0, 0.0, -0.9, 0.0, 0.0, 0.0, 0.0, 0.0]",negative,-0.9
"['driver', 'bas', 'itu', 'sangat', 'berhati', '-', 'hati', '.']","['noun', 'unknown', 'demonstrative pronoun', 'adverb', 'unknown', 'punctuation', 'noun', 'unknown']","['neutral', 'unknown', 'neutral', 'neutral', 'unknown', 'neutral', 'neutral', 'unknown']","[0.0, 0.0, 0.0, 0.0, 0.0, 0.0, 0.0, 0.0]",neutral,0.0
"['idea', 'awak', 'sangat', 'bagus', '.']","['unknown', 'unknown', 'adverb', 'adjective', 'unknown']","['unknown', 'unknown', 'neutral', 'positive', 'unknown']","[0.0, 0.0, 0.0, 0.8, 0.0]",positive,0.8
"['petani', 'itu', 'menggunakan', 'parang', 'untuk', 'membersihkan', 'semak', '.']","['unknown', 'demonstrative pronoun', 'unknown', 'noun', 'preposition', 'unknown', 'unknown', 'unknown']","['unknown', 'neutral', 'unknown', 'neutral', 'neutral', 'unknown', 'unknown', 'unknown']","[0.0, 0.0, 0.0, 0.0, 0.0, 0.0, 0.0, 0.0]",neutral,0.0
"['kita', 'harus', 'cinta', 'akan', 'negara', '.']","['pronoun', 'auxiliary verb', 'unknown', 'auxiliary verb', 'noun', 'unknown']","['neutral', 'neutral', 'unknown', 'neutral', 'neutral', 'unknown']","[0.0, 0.0, 0.0, 0.0, 0.0, 0.0]",neutral,0.0
"['hadirin', 'sekalian', ',', 'terima', 'kasih', 'atas', 'kehadiran', 'anda', '.']","['unknown', 'adverb / pronoun', 'punctuation', 'verb', 'noun / verb', 'unknown', 'unknown', 'pronoun', 'unknown']","['unknown', 'neutral', 'neutral', 'neutral', 'positive', 'unknown', 'unknown', 'neutral', 'unknown']","[0.0, 0.0, 0.0, 0.0, 0.8, 0.0, 0.0, 0.0, 0.0]",neutral,0.0
"['dia', 'pergi', 'ke', 'pasar', '.']","['pronoun', 'verb', 'particle (interrogative)', 'noun', 'unknown']","['neutral', 'neutral', 'neutral', 'neutral', 'unknown']","[0.0, 0.0, 0.0, 0.0, 0.0]",neutral,0.0
"['semua', 'pelajar', 'hadir', 'ke', 'sekolah', '.']","['quantifier / pronoun', 'unknown', 'unknown', 'particle (interrogative)', 'unknown', 'unknown']","['neutral', 'unknown', 'unknown', 'neutral', 'unknown', 'unknown']","[0.0, 0.0, 0.0, 0.0, 0.0, 0.0]",neutral,0.0
"['dia', 'mempunyai', 'tabiat', 'yang', 'aneh', '.']","['pronoun', 'unknown', 'unknown', 'pronoun, conjunction', 'adjective', 'unknown']","['neutral', 'unknown', 'unknown', 'neutral', 'neutral', 'unknown']","[0.0, 0.0, 0.0, 0.0, 0.0, 0.0]",neutral,0.0
"['soalan', 'ini', 'mudah', ',', 'carilah', 'jawapannya', 'sendiri', '.']","['unknown', 'demonstrative pronoun', 'adjective', 'punctuation', 'unknown', 'unknown', 'adjective', 'unknown']","['unknown', 'neutral', 'positive', 'neutral', 'unknown', 'unknown', 'neutral', 'unknown']","[0.0, 0.0, 0.6, 0.0, 0.0, 0.0, 0.0, 0.0]",neutral,0.0
"['hidup', 'ini', 'penuh', 'dengan', 'cubaan', '.']","['verb, adjective', 'demonstrative pronoun', 'adjective', 'preposition', 'noun', 'unknown']","['positive', 'neutral', 'neutral', 'neutral', 'neutral', 'unknown']","[0.5, 0.0, 0.0, 0.0, 0.0, 0.0]",neutral,0.0
"['ini', 'tempat', 'kelahiran', 'saya', '.']","['demonstrative pronoun', 'noun', 'unknown', 'pronoun', 'unknown']","['neutral', 'neutral', 'unknown', 'neutral', 'unknown']","[0.0, 0.0, 0.0, 0.0, 0.0]",neutral,0.0
"['polis', 'berjaya', 'menangkap', 'penyangak', 'itu', '.']","['noun', 'unknown', 'unknown', 'noun', 'demonstrative pronoun', 'unknown']","['neutral', 'unknown', 'unknown', 'negative', 'neutral', 'unknown']","[0.0, 0.0, 0.0, -0.7, 0.0, 0.0]",negative,-0.7
"['area', 'ini', 'sangat', 'bersih', '.']","['noun', 'demonstrative pronoun', 'adverb', 'unknown', 'unknown']","['neutral', 'neutral', 'neutral', 'unknown', 'unknown']","[0.0, 0.0, 0.0, 0.0, 0.0]",neutral,0.0
"['biarlah', 'dia', 'pergi', '.']","['unknown', 'pronoun', 'verb', 'unknown']","['unknown', 'neutral', 'neutral', 'unknown']","[0.0, 0.0, 0.0, 0.0]",neutral,0.0
"['baju', 'tu', 'cantik', '.']","['unknown', 'pronoun', 'unknown', 'unknown']","['unknown', 'neutral', 'unknown', 'unknown']","[0.0, 0.0, 0.0, 0.0]",neutral,0.0
"['apa', 'yang', 'awak', 'cakap', 'tu', 'bethollll', '.']","['pronoun', 'pronoun, conjunction', 'unknown', 'unknown', 'pronoun', 'adjective / adverb', 'unknown']","['neutral', 'neutral', 'unknown', 'unknown', 'neutral', 'positive', 'unknown']","[0.0, 0.0, 0.0, 0.0, 0.0, 0.6, 0.0]",positive,0.6
"['rumah', 'saya', 'di', 'belakang', 'sekolah', '.']","['noun', 'pronoun', 'preposition', 'noun / adverb', 'unknown', 'unknown']","['neutral', 'neutral', 'neutral', 'neutral', 'unknown', 'unknown']","[0.0, 0.0, 0.0, 0.0, 0.0, 0.0]",neutral,0.0
"['dia', 'mna?diam', 'je', 'dari', 'tadi', '.']","['pronoun', 'interrogative pronoun, verb', 'adverb', 'preposition', 'unknown', 'unknown']","['neutral', 'neutral', 'neutral', 'neutral', 'unknown', 'unknown']","[0.0, 0.0, 0.0, 0.0, 0.0, 0.0]",neutral,0.0
"['orang', 'tu', ',', 'dia', 'kawan', 'saya', '.']","['noun', 'pronoun', 'punctuation', 'pronoun', 'noun', 'pronoun', 'unknown']","['neutral', 'neutral', 'neutral', 'neutral', 'positive', 'neutral', 'unknown']","[0.0, 0.0, 0.0, 0.0, 0.6, 0.0, 0.0]",neutral,0.0
"['apa', 'yang', 'akan', 'jadi', 'seterusnya', '?']","['pronoun', 'pronoun, conjunction', 'auxiliary verb', 'verb / conjunction', 'unknown', 'punctuation']","['neutral', 'neutral', 'neutral', 'neutral', 'unknown', 'neutral']","[0.0, 0.0, 0.0, 0.0, 0.0, 0.0]",neutral,0.0
"['dia', 'membeli', 'car', 'baru', 'semalam', '.']","['pronoun', 'unknown', 'noun', 'adjective, adverb', 'unknown', 'unknown']","['neutral', 'unknown', 'neutral', 'neutral', 'unknown', 'unknown']","[0.0, 0.0, 0.0, 0.0, 0.0, 0.0]",neutral,0.0
"['ada', 'lagi', ',', 'tak', '?']","['verb', 'adverb', 'punctuation', 'adverb (negation)', 'punctuation']","['neutral', 'neutral', 'neutral', 'neutral', 'neutral']","[0.0, 0.0, 0.0, 0.0, 0.0]",neutral,0.0
"['seorang', 'kanak', '-', 'kanak', 'melintas', 'jalan', '.']","['unknown', 'noun', 'punctuation', 'noun', 'verb', 'noun/verb', 'unknown']","['unknown', 'neutral', 'neutral', 'neutral', 'neutral', 'neutral', 'unknown']","[0.0, 0.0, 0.0, 0.0, 0.0, 0.0, 0.0]",neutral,0.0
"['kalo', 'hujan', ',', 'kita', 'tak', 'jadi', 'pergi', '.']","['conjunction', 'unknown', 'punctuation', 'pronoun', 'adverb (negation)', 'verb / conjunction', 'verb', 'unknown']","['neutral', 'unknown', 'neutral', 'neutral', 'neutral', 'neutral', 'neutral', 'unknown']","[0.0, 0.0, 0.0, 0.0, 0.0, 0.0, 0.0, 0.0]",neutral,0.0
"['undang', '-', 'undang', 'baharu', 'itu', 'telah', 'digubal', '.']","['verb/noun', 'punctuation', 'verb/noun', 'unknown', 'demonstrative pronoun', 'unknown', 'unknown', 'unknown']","['neutral', 'neutral', 'neutral', 'unknown', 'neutral', 'unknown', 'unknown', 'unknown']","[0.0, 0.0, 0.0, 0.0, 0.0, 0.0, 0.0, 0.0]",neutral,0.0
['nan'],['unknown'],['unknown'],[0.0],neutral,0.0
"['s#@', '!', ',', 'saya', 'terlepas', 'bas', '!']","['unknown', 'unknown', 'punctuation', 'pronoun', 'verb', 'unknown', 'unknown']","['unknown', 'unknown', 'neutral', 'neutral', 'negative', 'unknown', 'unknown']","[0.0, 0.0, 0.0, 0.0, -0.4, 0.0, 0.0]",negative,-0.9
"['umno', 'adalah', 'salah', 'satu', 'parti', 'politik', 'tertua', 'di', 'malaysia', '.']","['noun (acronym for political party)', 'copula / verb', 'adjective', 'numeral', 'unknown', 'unknown', 'unknown', 'preposition', 'proper noun', 'unknown']","['neutral', 'neutral', 'negative', 'neutral', 'unknown', 'unknown', 'unknown', 'neutral', 'neutral', 'unknown']","[0.0, 0.0, -0.7, 0.0, 0.0, 0.0, 0.0, 0.0, 0.0, 0.0]",neutral,0.0
"['dia', 'lalu', 'di', 'hadapan', 'rumah', 'saya', '.']","['pronoun', 'verb / adverb / conjunction', 'preposition', 'unknown', 'noun', 'pronoun', 'unknown']","['neutral', 'neutral', 'neutral', 'unknown', 'neutral', 'neutral', 'unknown']","[0.0, 0.0, 0.0, 0.0, 0.0, 0.0, 0.0]",neutral,0.0
"['mari', 'kita', 'tonton', 'vdo', 'itu', '.']","['unknown', 'pronoun', 'unknown', 'noun', 'demonstrative pronoun', 'unknown']","['unknown', 'neutral', 'unknown', 'neutral', 'neutral', 'unknown']","[0.0, 0.0, 0.0, 0.0, 0.0, 0.0]",neutral,0.0
"['dia', 'gapake', 'topi', 'hari', 'ni', '.']","['pronoun', 'verb phrase (colloquial)', 'unknown', 'noun', 'pronoun', 'unknown']","['neutral', 'neutral', 'unknown', 'neutral', 'neutral', 'unknown']","[0.0, 0.0, 0.0, 0.0, 0.0, 0.0]",neutral,0.0
"['tolong', 'bgi', 'saya', 'buku', 'itu', '.']","['verb', 'verb / preposition', 'pronoun', 'unknown', 'demonstrative pronoun', 'unknown']","['neutral', 'neutral', 'neutral', 'unknown', 'neutral', 'unknown']","[0.0, 0.0, 0.0, 0.0, 0.0, 0.0]",neutral,0.0
"['jangan', 'cakap', 'taik', '.']","['particle', 'unknown', 'noun / interjection', 'unknown']","['neutral', 'unknown', 'negative', 'unknown']","[0.0, 0.0, -0.7, 0.0]",negative,-0.7
"['otak', 'manusia', 'sangat', 'kompleks', '.']","['noun', 'unknown', 'adverb', 'unknown', 'unknown']","['neutral', 'unknown', 'neutral', 'unknown', 'unknown']","[0.0, 0.0, 0.0, 0.0, 0.0]",neutral,0.0
"['orang', 'ramai', 'berkumpul', 'di', 'dataran', '.']","['noun', 'adjective', 'unknown', 'preposition', 'unknown', 'unknown']","['neutral', 'neutral', 'unknown', 'neutral', 'unknown', 'unknown']","[0.0, 0.1, 0.0, 0.0, 0.0, 0.0]",neutral,0.0
"['aku', 'akan', 'pergi', 'ke', 'sana', 'esok', '.']","['pronoun', 'auxiliary verb', 'verb', 'particle (interrogative)', 'unknown', 'unknown', 'unknown']","['neutral', 'neutral', 'neutral', 'neutral', 'unknown', 'unknown', 'unknown']","[0.0, 0.0, 0.0, 0.0, 0.0, 0.0, 0.0]",neutral,0.0
"['jangan', 'panik', 'apabila', 'berdepan', 'dengan', 'masalah', '.']","['particle', 'adjective / verb', 'unknown', 'verb', 'preposition', 'noun', 'unknown']","['neutral', 'negative', 'unknown', 'neutral', 'neutral', 'negative', 'unknown']","[0.0, -0.6, 0.0, 0.0, 0.0, -0.7, 0.0]",negative,-0.6
"['ini', 'peluang', 'last', 'saya', '.']","['demonstrative pronoun', 'noun', 'adjective / adverb', 'pronoun', 'unknown']","['neutral', 'positive', 'neutral', 'neutral', 'unknown']","[0.0, 0.7, 0.0, 0.0, 0.0]",neutral,0.0
"['adakah', 'awak', 'faham', 'apa', 'yang', 'saya', 'katakan', '?']","['interrogative particle', 'unknown', 'verb / adjective', 'pronoun', 'pronoun, conjunction', 'pronoun', 'unknown', 'punctuation']","['neutral', 'unknown', 'neutral', 'neutral', 'neutral', 'neutral', 'unknown', 'neutral']","[0.0, 0.0, 0.0, 0.0, 0.0, 0.0, 0.0, 0.0]",neutral,0.0
"['dia', 'sangat', 'bijak', 'dalam', 'menyelesaikan', 'masalah', 'itu', '.']","['pronoun', 'adverb', 'adjective', 'preposition', 'unknown', 'noun', 'demonstrative pronoun', 'unknown']","['neutral', 'neutral', 'positive', 'neutral', 'unknown', 'negative', 'neutral', 'unknown']","[0.0, 0.0, 0.7, 0.0, 0.0, -0.7, 0.0, 0.0]",positive,0.8
"['dia', 'datang', 'sorg2', 'tanpa', 'ditemani', 'sesiapa', '.']","['pronoun', 'verb', 'adverb', 'unknown', 'unknown', 'unknown', 'unknown']","['neutral', 'neutral', 'neutral', 'unknown', 'unknown', 'unknown', 'unknown']","[0.0, 0.0, 0.0, 0.0, 0.0, 0.0, 0.0]",neutral,0.0
"['dia', 'menggunakan', 'hands', 'beliau', 'untuk', 'memegang', 'buku', 'itu', '.']","['pronoun', 'unknown', 'unknown', 'pronoun', 'preposition', 'unknown', 'unknown', 'demonstrative pronoun', 'unknown']","['neutral', 'unknown', 'unknown', 'neutral', 'neutral', 'unknown', 'unknown', 'neutral', 'unknown']","[0.0, 0.0, 0.0, 0.0, 0.0, 0.0, 0.0, 0.0, 0.0]",neutral,0.0
"['benda', 'tu', 'tak', 'boleh', 'guna', 'lagi', '.']","['noun', 'pronoun', 'adverb (negation)', 'modal verb', 'verb', 'adverb', 'unknown']","['neutral', 'neutral', 'neutral', 'neutral', 'neutral', 'neutral', 'unknown']","[0.0, 0.0, 0.0, 0.0, 0.0, 0.0, 0.0]",neutral,0.0
"['bahasa', 'melayu', 'ialah', 'bahasa', 'rasmi', 'malaysia', '.']","['noun', 'noun/adjective', 'copula', 'noun', 'unknown', 'proper noun', 'unknown']","['neutral', 'neutral', 'neutral', 'neutral', 'unknown', 'neutral', 'unknown']","[0.0, 0.0, 0.0, 0.0, 0.0, 0.0, 0.0]",neutral,0.0
"['ak', 'nak', 'pergi', 'sekarang', '.']","['pronoun', 'auxiliary verb', 'verb', 'adverb', 'unknown']","['neutral', 'neutral', 'neutral', 'neutral', 'unknown']","[0.0, 0.0, 0.0, 0.0, 0.0]",neutral,0.0
"['dia', 'mempunyai', '11', 'biji', 'epal', '.']","['pronoun', 'unknown', 'numeral', 'unknown', 'unknown', 'unknown']","['neutral', 'unknown', 'neutral', 'unknown', 'unknown', 'unknown']","[0.0, 0.0, 0.0, 0.0, 0.0, 0.0]",neutral,0.0
"['apa', 'nma', 'awak', '?']","['pronoun', 'noun', 'unknown', 'punctuation']","['neutral', 'neutral', 'unknown', 'neutral']","[0.0, 0.0, 0.0, 0.0]",neutral,0.0
"['jaga', 'minda', 'anda', 'agar', 'sentiasa', 'positif', '.']","['unknown', 'noun', 'pronoun', 'unknown', 'adverb', 'unknown', 'unknown']","['unknown', 'neutral', 'neutral', 'unknown', 'neutral', 'unknown', 'unknown']","[0.0, 0.0, 0.0, 0.0, 0.0, 0.0, 0.0]",neutral,0.0
"['dia', 'bantai', 'musuhnya', 'dan', 'melarikan', 'diri', '.']","['pronoun', 'unknown', 'unknown', 'conjunction', 'unknown', 'noun, pronoun', 'unknown']","['neutral', 'unknown', 'unknown', 'neutral', 'unknown', 'neutral', 'unknown']","[0.0, 0.0, 0.0, 0.0, 0.0, 0.0, 0.0]",negative,-0.6
"['kita', 'harus', 'respek', 'orang', 'tua', '.']","['pronoun', 'auxiliary verb', 'noun', 'noun', 'unknown', 'unknown']","['neutral', 'neutral', 'positive', 'neutral', 'unknown', 'unknown']","[0.0, 0.0, 0.7, 0.0, 0.0, 0.0]",positive,0.7
"['jangan', 'sebarkan', 'fitnah', 'tentang', 'sesiapa', '.']","['particle', 'unknown', 'noun / verb', 'unknown', 'unknown', 'unknown']","['neutral', 'unknown', 'negative', 'unknown', 'unknown', 'unknown']","[0.0, 0.0, -0.8, 0.0, 0.0, 0.0]",negative,-0.8
"['dia', 'xdapat', 'datang', 'ke', 'majlis', 'itu', '.']","['pronoun', 'verb phrase / adverbial', 'verb', 'particle (interrogative)', 'unknown', 'demonstrative pronoun', 'unknown']","['neutral', 'neutral', 'neutral', 'neutral', 'unknown', 'neutral', 'unknown']","[0.0, 0.0, 0.0, 0.0, 0.0, 0.0, 0.0]",neutral,0.0
"['tolong', 'keluarkan', 'barang', 'dari', 'kotak', 'itu', '.']","['verb', 'verb', 'noun', 'preposition', 'unknown', 'demonstrative pronoun', 'unknown']","['neutral', 'neutral', 'neutral', 'neutral', 'unknown', 'neutral', 'unknown']","[0.0, 0.0, 0.0, 0.0, 0.0, 0.0, 0.0]",neutral,0.0
"['dia', 'dilanyak', 'oleh', 'kumpulan', 'samseng', 'itu', '.']","['pronoun', 'unknown', 'preposition', 'unknown', 'unknown', 'demonstrative pronoun', 'unknown']","['neutral', 'unknown', 'neutral', 'unknown', 'unknown', 'neutral', 'unknown']","[0.0, 0.0, 0.0, 0.0, 0.0, 0.0, 0.0]",negative,-0.7
"['buat', 'sajalah', 'do', '.']","['kata kerja', 'unknown', 'particle / slang', 'unknown']","['neutral', 'unknown', 'neutral', 'unknown']","[0.0, 0.0, 0.0, 0.0]",neutral,0.0
"['dia', 'brenti', 'kerja', 'semalam', '.']","['pronoun', 'verb', 'verb', 'unknown', 'unknown']","['neutral', 'neutral', 'neutral', 'unknown', 'unknown']","[0.0, 0.0, 0.0, 0.0, 0.0]",neutral,0.0
"['prestasi', 'dia', 'sangat', 'bagus', '.']","['unknown', 'pronoun', 'adverb', 'adjective', 'unknown']","['unknown', 'neutral', 'neutral', 'positive', 'unknown']","[0.0, 0.0, 0.0, 0.8, 0.0]",positive,0.9
"['depa', 'semua', 'dah', 'sampai', '.']","['pronoun', 'quantifier / pronoun', 'adverb', 'verb', 'unknown']","['neutral', 'neutral', 'neutral', 'neutral', 'unknown']","[0.0, 0.0, 0.0, 0.0, 0.0]",neutral,0.0
"['no', ',', 'saya', 'tak', 'nak', 'pergi', '.']","['adverb / exclamation', 'punctuation', 'pronoun', 'adverb (negation)', 'auxiliary verb', 'verb', 'unknown']","['negative', 'neutral', 'neutral', 'neutral', 'neutral', 'neutral', 'unknown']","[-0.3, 0.0, 0.0, 0.0, 0.0, 0.0, 0.0]",negative,-0.3
"['dia', 'berlari', 'menggunakan', 'kakinya', '.']","['pronoun', 'unknown', 'unknown', 'unknown', 'unknown']","['neutral', 'unknown', 'unknown', 'unknown', 'unknown']","[0.0, 0.0, 0.0, 0.0, 0.0]",neutral,0.0
"['buatlah', 'gini', '.']","['unknown', 'adverb', 'unknown']","['unknown', 'neutral', 'unknown']","[0.0, 0.0, 0.0]",neutral,0.0
"['dia', 'mengaku', 'kesalahannya', '.']","['pronoun', 'verb', 'unknown', 'unknown']","['neutral', 'neutral', 'unknown', 'unknown']","[0.0, 0.0, 0.0, 0.0]",neutral,0.0
"['apa', 'khabar', ',', 'bro', '?']","['pronoun', 'unknown', 'punctuation', 'noun (form of address)', 'punctuation']","['neutral', 'unknown', 'neutral', 'neutral', 'neutral']","[0.0, 0.0, 0.0, 0.0, 0.0]",neutral,0.0
"['rumah', 'itu', 'sangat', 'besar', '.']","['noun', 'demonstrative pronoun', 'adverb', 'adjective', 'unknown']","['neutral', 'neutral', 'neutral', 'neutral', 'unknown']","[0.0, 0.0, 0.0, 0.0, 0.0]",neutral,0.0
"['kalu', 'hujan', ',', 'kita', 'tak', 'jadi', 'pergi', '.']","['conjunction', 'unknown', 'punctuation', 'pronoun', 'adverb (negation)', 'verb / conjunction', 'verb', 'unknown']","['neutral', 'unknown', 'neutral', 'neutral', 'neutral', 'neutral', 'neutral', 'unknown']","[0.0, 0.0, 0.0, 0.0, 0.0, 0.0, 0.0, 0.0]",neutral,0.0
"['mari', 'kita', 'tengok', 'filem', 'itu', '.']","['unknown', 'pronoun', 'verb', 'unknown', 'demonstrative pronoun', 'unknown']","['unknown', 'neutral', 'neutral', 'unknown', 'neutral', 'unknown']","[0.0, 0.0, 0.0, 0.0, 0.0, 0.0]",neutral,0.0
"['auwwww', ',', 'comelnya', 'kucing', 'tu', '!']","['interjection', 'punctuation', 'unknown', 'noun', 'pronoun', 'unknown']","['neutral', 'neutral', 'unknown', 'neutral', 'neutral', 'unknown']","[0.0, 0.0, 0.0, 0.0, 0.0, 0.0]",neutral,0.0
"['saya', 'sedih', 'sangat', "":'(""]","['pronoun', 'unknown', 'adverb', 'emoticon']","['neutral', 'unknown', 'neutral', 'negative']","[0.0, 0.0, 0.0, -0.5]",negative,-0.5
"['dia', 'takkan', 'datang', '.']","['pronoun', 'adverb', 'verb', 'unknown']","['neutral', 'neutral', 'neutral', 'unknown']","[0.0, 0.0, 0.0, 0.0]",neutral,0.0
"['tingkap', 'itu', 'diperbuat', 'daripada', 'kaca', '.']","['noun', 'demonstrative pronoun', 'unknown', 'preposition', 'unknown', 'unknown']","['neutral', 'neutral', 'unknown', 'neutral', 'unknown', 'unknown']","[0.0, 0.0, 0.0, 0.0, 0.0, 0.0]",neutral,0.0
"['adakah', 'anda', 'bersetuju', '?']","['interrogative particle', 'pronoun', 'unknown', 'punctuation']","['neutral', 'neutral', 'unknown', 'neutral']","[0.0, 0.0, 0.0, 0.0]",neutral,0.0
"['harga', 'barang', 'kian', 'meningkat', '.']","['unknown', 'noun', 'unknown', 'verb', 'unknown']","['unknown', 'neutral', 'unknown', 'neutral', 'unknown']","[0.0, 0.0, 0.0, 0.0, 0.0]",neutral,0.0
"['dia', 'terlalu', 'bacul', 'kalau', 'berdepan', 'masalah', '.']","['pronoun', 'adverb', 'unknown', 'conjunction', 'verb', 'noun', 'unknown']","['neutral', 'neutral', 'unknown', 'neutral', 'neutral', 'negative', 'unknown']","[0.0, 0.0, 0.0, 0.0, 0.0, -0.7, 0.0]",negative,-0.7
"['lpas', 'ni', 'nak', 'buat', 'apa', '?']","['verb / adverb / preposition', 'pronoun', 'auxiliary verb', 'kata kerja', 'pronoun', 'punctuation']","['neutral', 'neutral', 'neutral', 'neutral', 'neutral', 'neutral']","[0.0, 0.0, 0.0, 0.0, 0.0, 0.0]",neutral,0.0
"['dia', 'tk', 'tahu', '.']","['pronoun', 'adverb', 'verb', 'unknown']","['neutral', 'negative', 'neutral', 'unknown']","[0.0, -0.3, 0.0, 0.0]",negative,-0.3
"['canne', 'nak', 'buat', 'ni', '?']","['unknown', 'auxiliary verb', 'kata kerja', 'pronoun', 'punctuation']","['unknown', 'neutral', 'neutral', 'neutral', 'neutral']","[0.0, 0.0, 0.0, 0.0, 0.0]",neutral,0.0
"['buku', 'itu', 'ada', 'dlm', 'beg', '.']","['unknown', 'demonstrative pronoun', 'verb', 'preposition', 'unknown', 'unknown']","['unknown', 'neutral', 'neutral', 'neutral', 'unknown', 'unknown']","[0.0, 0.0, 0.0, 0.0, 0.0, 0.0]",neutral,0.0
"['you', 'just', 'be', 'yourself', '.']","['unknown', 'adverb', 'verb', 'unknown', 'unknown']","['unknown', 'neutral', 'neutral', 'unknown', 'unknown']","[0.0, 0.0, 0.0, 0.0, 0.0]",neutral,0.0
"['buat', 'sikit', 'ja', '.']","['kata kerja', 'adjective/adverb (colloquial)', 'particle, adverb', 'unknown']","['neutral', 'neutral', 'neutral', 'unknown']","[0.0, 0.0, 0.0, 0.0]",neutral,0.0
"['dia', 'hanyalah', 'seorang', 'pembunuh', 'upahan', '.']","['pronoun', 'unknown', 'unknown', 'kata nama', 'noun', 'unknown']","['neutral', 'unknown', 'unknown', 'negative', 'neutral', 'unknown']","[0.0, 0.0, 0.0, -0.9, 0.0, 0.0]",neutral,0.0
"['kabinet', 'kerajaan', 'akan', 'dirombak', 'tidak', 'lama', 'lagi', '.']","['unknown', 'noun', 'auxiliary verb', 'verb', 'adverb', 'adjective', 'adverb', 'unknown']","['unknown', 'neutral', 'neutral', 'neutral', 'neutral', 'neutral', 'neutral', 'unknown']","[0.0, 0.0, 0.0, 0.0, 0.0, 0.0, 0.0, 0.0]",neutral,0.0
"['jangan', 'ikut', 'hasutan', 'syaitan', '.']","['particle', 'unknown', 'unknown', 'noun', 'unknown']","['neutral', 'unknown', 'unknown', 'negative', 'unknown']","[0.0, 0.0, 0.0, -0.9, 0.0]",negative,-0.9
"['mke', 'dia', 'pucat', '.']","['noun', 'pronoun', 'unknown', 'unknown']","['neutral', 'neutral', 'unknown', 'unknown']","[0.0, 0.0, 0.0, 0.0]",neutral,0.0
"['dia', 'sedang', 'mencoba', 'untuk', 'menyelesaikan', 'masalah', 'itu', '.']","['pronoun', 'unknown', 'verb', 'preposition', 'unknown', 'noun', 'demonstrative pronoun', 'unknown']","['neutral', 'unknown', 'neutral', 'neutral', 'unknown', 'negative', 'neutral', 'unknown']","[0.0, 0.0, 0.0, 0.0, 0.0, -0.7, 0.0, 0.0]",neutral,0.0
"['setiap', 'muslim', 'bercita', '-', 'cita', 'masuk', 'syurga', '.']","['unknown', 'unknown', 'unknown', 'punctuation', 'unknown', 'verb', 'unknown', 'unknown']","['unknown', 'unknown', 'unknown', 'neutral', 'unknown', 'neutral', 'unknown', 'unknown']","[0.0, 0.0, 0.0, 0.0, 0.0, 0.0, 0.0, 0.0]",positive,0.9
"['saya', 'pernah', 'melawat', 'phillipines', 'dan', 'mereka', 'boleh', 'berbahasa', 'inggeris', '.']","['pronoun', 'adverb', 'unknown', 'unknown', 'conjunction', 'pronoun', 'modal verb', 'unknown', 'adjective', 'unknown']","['neutral', 'neutral', 'unknown', 'unknown', 'neutral', 'neutral', 'neutral', 'unknown', 'neutral', 'unknown']","[0.0, 0.0, 0.0, 0.0, 0.0, 0.0, 0.0, 0.0, 0.0, 0.0]",neutral,0.0
"['dia', 'dibalun', 'habis', '-', 'habisan', 'oleh', 'pihak', 'lawan', '.']","['pronoun', 'unknown', 'verb', 'punctuation', 'unknown', 'preposition', 'noun', 'noun', 'unknown']","['neutral', 'unknown', 'neutral', 'neutral', 'unknown', 'neutral', 'neutral', 'neutral', 'unknown']","[0.0, 0.0, 0.0, 0.0, 0.0, 0.0, 0.0, 0.0, 0.0]",negative,-0.6
"['penyalahgunaan', 'dadah', 'adalah', 'jenayah', 'serius', '.']","['unknown', 'noun', 'copula / verb', 'noun', 'unknown', 'unknown']","['unknown', 'negative', 'neutral', 'negative', 'unknown', 'unknown']","[0.0, -0.8, 0.0, -0.8, 0.0, 0.0]",negative,-0.9
"['dia', 'mampus', 'dalam', 'kemalangan', 'itu', '.']","['pronoun', 'verb, exclamation', 'preposition', 'unknown', 'demonstrative pronoun', 'unknown']","['neutral', 'negative', 'neutral', 'unknown', 'neutral', 'unknown']","[0.0, -0.9, 0.0, 0.0, 0.0, 0.0]",negative,-0.8
"['saya', 'tahu', 'dia', 'tidak', 'akan', 'datang', '.']","['pronoun', 'verb', 'pronoun', 'adverb', 'auxiliary verb', 'verb', 'unknown']","['neutral', 'neutral', 'neutral', 'neutral', 'neutral', 'neutral', 'unknown']","[0.0, 0.0, 0.0, 0.0, 0.0, 0.0, 0.0]",neutral,0.0
"['baju', 'ini', 'ngam', '-', 'ngam', 'dengan', 'saya', '.']","['unknown', 'demonstrative pronoun', 'kata sifat', 'punctuation', 'kata sifat', 'preposition', 'pronoun', 'unknown']","['unknown', 'neutral', 'positive', 'neutral', 'positive', 'neutral', 'neutral', 'unknown']","[0.0, 0.0, 0.3, 0.0, 0.3, 0.0, 0.0, 0.0]",positive,0.3
"['dia', 'mmg', 'pandai', '.', '(', 'dia', 'memang', 'pandai', '.', ')']","['pronoun', 'kata keterangan', 'adjective', 'unknown', 'unknown', 'pronoun', 'adverb', 'adjective', 'unknown', 'unknown']","['neutral', 'neutral', 'positive', 'unknown', 'unknown', 'neutral', 'neutral', 'positive', 'unknown', 'unknown']","[0.0, 0.0, 0.7, 0.0, 0.0, 0.0, 0.0, 0.7, 0.0, 0.0]",neutral,0.0
"['kami', 'menghadapi', 'masalah', 'kewangan', '.']","['unknown', 'unknown', 'noun', 'unknown', 'unknown']","['unknown', 'unknown', 'negative', 'unknown', 'unknown']","[0.0, 0.0, -0.7, 0.0, 0.0]",negative,-0.6
"['malangnya', ',', 'dia', 'gagal', 'dalam', 'peperiksaan', 'itu', '.']","['kata keterangan', 'punctuation', 'pronoun', 'unknown', 'preposition', 'unknown', 'demonstrative pronoun', 'unknown']","['negative', 'neutral', 'neutral', 'unknown', 'neutral', 'unknown', 'neutral', 'unknown']","[-0.7, 0.0, 0.0, 0.0, 0.0, 0.0, 0.0, 0.0]",negative,-0.7
"['agaknya', 'dia', 'tidak', 'akan', 'datang', '.']","['kata keterangan', 'pronoun', 'adverb', 'auxiliary verb', 'verb', 'unknown']","['neutral', 'neutral', 'neutral', 'neutral', 'neutral', 'unknown']","[0.0, 0.0, 0.0, 0.0, 0.0, 0.0]",neutral,0.0
"['semua', 'rakyat', 'perlu', 'mematuhi', 'undang2', '.', '(', 'semua', 'rakyat', 'perlu', 'mematuhi', 'undang', '-', 'undang', '.', ')']","['quantifier / pronoun', 'noun', 'verb/adjective', 'unknown', 'noun', 'unknown', 'unknown', 'quantifier / pronoun', 'noun', 'verb/adjective', 'unknown', 'verb/noun', 'punctuation', 'verb/noun', 'unknown', 'unknown']","['neutral', 'neutral', 'neutral', 'unknown', 'neutral', 'unknown', 'unknown', 'neutral', 'neutral', 'neutral', 'unknown', 'neutral', 'neutral', 'neutral', 'unknown', 'unknown']","[0.0, 0.0, 0.0, 0.0, 0.0, 0.0, 0.0, 0.0, 0.0, 0.0, 0.0, 0.0, 0.0, 0.0, 0.0, 0.0]",neutral,0.0
"['kita', 'sepatutnya', 'bekerjasama', '.']","['pronoun', 'adverb', 'unknown', 'unknown']","['neutral', 'neutral', 'unknown', 'unknown']","[0.0, 0.0, 0.0, 0.0]",neutral,0.1
"['bahasa', 'melayu', 'ialah', 'bahasa', 'rasmi', 'negara', 'kita', '.']","['noun', 'noun/adjective', 'copula', 'noun', 'unknown', 'noun', 'pronoun', 'unknown']","['neutral', 'neutral', 'neutral', 'neutral', 'unknown', 'neutral', 'neutral', 'unknown']","[0.0, 0.0, 0.0, 0.0, 0.0, 0.0, 0.0, 0.0]",neutral,0.0
"['batu', 'itu', 'sangat', 'keras', '.']","['unknown', 'demonstrative pronoun', 'adverb', 'kata sifat', 'unknown']","['unknown', 'neutral', 'neutral', 'neutral', 'unknown']","[0.0, 0.0, 0.0, 0.0, 0.0]",neutral,0.0
"['penyamun', 'itu', 'berjaya', 'diberkas', 'polis', '.']","['noun', 'demonstrative pronoun', 'unknown', 'unknown', 'noun', 'unknown']","['negative', 'neutral', 'unknown', 'unknown', 'neutral', 'unknown']","[-0.9, 0.0, 0.0, 0.0, 0.0, 0.0]",negative,-0.9
"['syukur', 'alhamdulillah', ',', 'kami', 'selamat', 'sampai', '.']","['kata nama', 'interjection', 'punctuation', 'unknown', 'adjective', 'verb', 'unknown']","['positive', 'positive', 'neutral', 'unknown', 'positive', 'neutral', 'unknown']","[0.8, 0.9, 0.0, 0.0, 0.7, 0.0, 0.0]",positive,0.8
"['situasi', 'di', 'korut', 'sentiasa', 'tegang', '.']","['noun', 'preposition', 'unknown', 'adverb', 'unknown', 'unknown']","['neutral', 'neutral', 'unknown', 'neutral', 'unknown', 'unknown']","[0.0, 0.0, 0.0, 0.0, 0.0, 0.0]",neutral,0.0
"['ko', 'nak', 'pergi', 'mana', '?', '(', 'engkau', '/', 'awak', 'nak', 'pergi', 'mana', '?', ')']","['adjective', 'auxiliary verb', 'verb', 'interrogative pronoun', 'punctuation', 'unknown', 'unknown', 'unknown', 'unknown', 'auxiliary verb', 'verb', 'interrogative pronoun', 'punctuation', 'unknown']","['negative', 'neutral', 'neutral', 'neutral', 'neutral', 'unknown', 'unknown', 'unknown', 'unknown', 'neutral', 'neutral', 'neutral', 'neutral', 'unknown']","[-0.5, 0.0, 0.0, 0.0, 0.0, 0.0, 0.0, 0.0, 0.0, 0.0, 0.0, 0.0, 0.0, 0.0]",neutral,0.0
"['makanan', 'ini', 'sangat', 'enak', '.']","['noun', 'demonstrative pronoun', 'adverb', 'adjective', 'unknown']","['neutral', 'neutral', 'neutral', 'positive', 'unknown']","[0.0, 0.0, 0.0, 0.7, 0.0]",positive,0.7
"['dia', 'terpijak', 'duri', 'dan', 'kakinya', 'sakit', '.']","['pronoun', 'unknown', 'unknown', 'conjunction', 'unknown', 'adjective', 'unknown']","['neutral', 'unknown', 'unknown', 'neutral', 'unknown', 'negative', 'unknown']","[0.0, 0.0, 0.0, 0.0, 0.0, -0.7, 0.0]",neutral,0.0
"['dia', 'datang', 'dri', 'rumah', '.', '(', 'dia', 'datang', 'dari', 'rumah', '.', ')']","['pronoun', 'verb', 'kata sendi nama', 'noun', 'unknown', 'unknown', 'pronoun', 'verb', 'preposition', 'noun', 'unknown', 'unknown']","['neutral', 'neutral', 'neutral', 'neutral', 'unknown', 'unknown', 'neutral', 'neutral', 'neutral', 'neutral', 'unknown', 'unknown']","[0.0, 0.0, 0.0, 0.0, 0.0, 0.0, 0.0, 0.0, 0.0, 0.0, 0.0, 0.0]",neutral,0.0
"['orang', 'yang', 'tidak', 'bersalah', 'itu', 'hampir', 'mampus', 'dilanggar', '.']","['noun', 'pronoun, conjunction', 'adverb', 'adjective', 'demonstrative pronoun', 'kata keterangan/kata sifat', 'verb, exclamation', 'verb', 'unknown']","['neutral', 'neutral', 'neutral', 'negative', 'neutral', 'neutral', 'negative', 'negative', 'unknown']","[0.0, 0.0, 0.0, -0.6, 0.0, 0.0, -0.9, -0.6, 0.0]",negative,-0.9
"['dia', 'baru', 'pulang', 'dari', 'kerja', '.']","['pronoun', 'adjective, adverb', 'unknown', 'preposition', 'verb', 'unknown']","['neutral', 'neutral', 'unknown', 'neutral', 'neutral', 'unknown']","[0.0, 0.0, 0.0, 0.0, 0.0, 0.0]",neutral,0.0
"['kualiti', 'produk', 'ini', 'memang', 'classnya', '.', '(', 'kualiti', 'produk', 'ini', 'memang', 'kelasnya', '.', ')']","['unknown', 'unknown', 'demonstrative pronoun', 'adverb', 'kata nama', 'unknown', 'unknown', 'unknown', 'unknown', 'demonstrative pronoun', 'adverb', 'unknown', 'unknown', 'unknown']","['unknown', 'unknown', 'neutral', 'neutral', 'positive', 'unknown', 'unknown', 'unknown', 'unknown', 'neutral', 'neutral', 'unknown', 'unknown', 'unknown']","[0.0, 0.0, 0.0, 0.0, 0.5, 0.0, 0.0, 0.0, 0.0, 0.0, 0.0, 0.0, 0.0, 0.0]",positive,0.5
"['dia', 'pandai', 'tpi', 'malas', '.', '(', 'dia', 'pandai', 'tetapi', 'malas', '.', ')']","['pronoun', 'adjective', 'kata hubung', 'unknown', 'unknown', 'unknown', 'pronoun', 'adjective', 'unknown', 'unknown', 'unknown', 'unknown']","['neutral', 'positive', 'neutral', 'unknown', 'unknown', 'unknown', 'neutral', 'positive', 'unknown', 'unknown', 'unknown', 'unknown']","[0.0, 0.7, 0.0, 0.0, 0.0, 0.0, 0.0, 0.7, 0.0, 0.0, 0.0, 0.0]",neutral,0.0
"['telefon', 'baru', 'itu', 'sudah', 'cacat', '.']","['noun / verb', 'adjective, adverb', 'demonstrative pronoun', 'adverb', 'kata sifat', 'unknown']","['neutral', 'neutral', 'neutral', 'neutral', 'negative', 'unknown']","[0.0, 0.0, 0.0, 0.0, -0.7, 0.0]",negative,-0.7
"['merokok', 'tidak', 'dibolehkan', 'di', 'sini', '.']","['unknown', 'adverb', 'kata kerja', 'preposition', 'adverb (of place)', 'unknown']","['unknown', 'neutral', 'positive', 'neutral', 'neutral', 'unknown']","[0.0, 0.0, 0.3, 0.0, 0.0, 0.0]",positive,0.3
"['dia', 'terbabit', 'dalam', 'kemalangan', 'itu', '.']","['pronoun', 'kata kerja', 'preposition', 'unknown', 'demonstrative pronoun', 'unknown']","['neutral', 'neutral', 'neutral', 'unknown', 'neutral', 'unknown']","[0.0, 0.0, 0.0, 0.0, 0.0, 0.0]",neutral,0.0
"['dia', 'lempar', 'bola', 'itu', 'kepada', 'saya', '.']","['pronoun', 'kata kerja', 'kata nama', 'demonstrative pronoun', 'preposition', 'pronoun', 'unknown']","['neutral', 'neutral', 'neutral', 'neutral', 'neutral', 'neutral', 'unknown']","[0.0, 0.0, 0.0, 0.0, 0.0, 0.0, 0.0]",neutral,0.0
"['“', 'sial', '!', '”', 'jeritnya', 'apabila', 'terjatuh', '.']","['unknown', 'kata sifat', 'unknown', 'unknown', 'unknown', 'unknown', 'unknown', 'unknown']","['unknown', 'negative', 'unknown', 'unknown', 'unknown', 'unknown', 'unknown', 'unknown']","[0.0, -0.8, 0.0, 0.0, 0.0, 0.0, 0.0, 0.0]",negative,-0.8
"['ramai', 'pekerja', 'bangla', 'bekerja', 'di', 'kilang', 'itu', '.']","['adjective', 'unknown', 'kata nama', 'unknown', 'preposition', 'noun', 'demonstrative pronoun', 'unknown']","['neutral', 'unknown', 'neutral', 'unknown', 'neutral', 'neutral', 'neutral', 'unknown']","[0.1, 0.0, 0.0, 0.0, 0.0, 0.0, 0.0, 0.0]",neutral,0.0
"['dia', 'memandu', 'kereta', 'baharunya', '.']","['pronoun', 'unknown', 'kata nama', 'unknown', 'unknown']","['neutral', 'unknown', 'neutral', 'unknown', 'unknown']","[0.0, 0.0, 0.0, 0.0, 0.0]",neutral,0.0
"['dia', 'buat', 'kerja', 'rumahnya', '.']","['pronoun', 'kata kerja', 'verb', 'unknown', 'unknown']","['neutral', 'neutral', 'neutral', 'unknown', 'unknown']","[0.0, 0.0, 0.0, 0.0, 0.0]",neutral,0.0
"['saya', 'belum', 'makan', 'lagi', '.']","['pronoun', 'kata keterangan', 'verb', 'adverb', 'unknown']","['neutral', 'neutral', 'neutral', 'neutral', 'unknown']","[0.0, 0.0, 0.0, 0.0, 0.0]",neutral,0.0
"['mereka', 'cuba', 'samun', 'kedai', 'itu', '.']","['pronoun', 'verb', 'verb', 'noun', 'demonstrative pronoun', 'unknown']","['neutral', 'neutral', 'negative', 'neutral', 'neutral', 'unknown']","[0.0, 0.0, -0.8, 0.0, 0.0, 0.0]",negative,-0.9
"['kisah', 'itu', 'memberi', 'kita', 'banyak', 'pengajaran', '.']","['noun', 'demonstrative pronoun', 'verb', 'pronoun', 'adjective/quantifier', 'kata nama', 'unknown']","['neutral', 'neutral', 'neutral', 'neutral', 'neutral', 'positive', 'unknown']","[0.0, 0.0, 0.0, 0.0, 0.0, 0.5, 0.0]",positive,0.5
"['smua', 'orang', 'setuju', '.', '(', 'semua', 'orang', 'setuju', '.', ')']","['kata bilangan', 'noun', 'unknown', 'unknown', 'unknown', 'quantifier / pronoun', 'noun', 'unknown', 'unknown', 'unknown']","['neutral', 'neutral', 'unknown', 'unknown', 'unknown', 'neutral', 'neutral', 'unknown', 'unknown', 'unknown']","[0.0, 0.0, 0.0, 0.0, 0.0, 0.0, 0.0, 0.0, 0.0, 0.0]",neutral,0.0
"['mereka', 'bermain', 'bola', 'di', 'padang', '.']","['pronoun', 'unknown', 'kata nama', 'preposition', 'unknown', 'unknown']","['neutral', 'unknown', 'neutral', 'neutral', 'unknown', 'unknown']","[0.0, 0.0, 0.0, 0.0, 0.0, 0.0]",neutral,0.0
"['aku', 'akan', 'pergi', 'ke', 'sana', '.']","['pronoun', 'auxiliary verb', 'verb', 'particle (interrogative)', 'unknown', 'unknown']","['neutral', 'neutral', 'neutral', 'neutral', 'unknown', 'unknown']","[0.0, 0.0, 0.0, 0.0, 0.0, 0.0]",neutral,0.0
"['adakah', 'dia', 'menyamun', 'kedai', 'itu', '?']","['interrogative particle', 'pronoun', 'verb', 'noun', 'demonstrative pronoun', 'punctuation']","['neutral', 'neutral', 'negative', 'neutral', 'neutral', 'neutral']","[0.0, 0.0, -0.9, 0.0, 0.0, 0.0]",negative,-0.9
"['dia', 'cerdik', 'tapi', 'malas', '.']","['pronoun', 'unknown', 'kata hubung', 'unknown', 'unknown']","['neutral', 'unknown', 'neutral', 'unknown', 'unknown']","[0.0, 0.0, 0.0, 0.0, 0.0]",neutral,0.0
"['dodol', 'durian', 'sangat', 'popular', 'di', 'sana', '.']","['kata nama', 'unknown', 'adverb', 'unknown', 'preposition', 'unknown', 'unknown']","['positive', 'unknown', 'neutral', 'unknown', 'neutral', 'unknown', 'unknown']","[0.4, 0.0, 0.0, 0.0, 0.0, 0.0, 0.0]",positive,0.4
"['saya', 'nak', 'sikit', 'jee', '.', '(', 'saya', 'nak', 'sikit', 'sahaja', '.', ')']","['pronoun', 'auxiliary verb', 'adjective/adverb (colloquial)', 'partikel', 'unknown', 'unknown', 'pronoun', 'auxiliary verb', 'adjective/adverb (colloquial)', 'unknown', 'unknown', 'unknown']","['neutral', 'neutral', 'neutral', 'neutral', 'unknown', 'unknown', 'neutral', 'neutral', 'neutral', 'unknown', 'unknown', 'unknown']","[0.0, 0.0, 0.0, 0.0, 0.0, 0.0, 0.0, 0.0, 0.0, 0.0, 0.0, 0.0]",neutral,0.0
"['projek', 'itu', 'xjadi', 'dilaksanakan', '.', '(', 'projek', 'itu', 'tidak', 'jadi', 'dilaksanakan', '.', ')']","['unknown', 'demonstrative pronoun', 'kata kerja', 'unknown', 'unknown', 'unknown', 'unknown', 'demonstrative pronoun', 'adverb', 'verb / conjunction', 'unknown', 'unknown', 'unknown']","['unknown', 'neutral', 'negative', 'unknown', 'unknown', 'unknown', 'unknown', 'neutral', 'neutral', 'neutral', 'unknown', 'unknown', 'unknown']","[0.0, 0.0, -0.3, 0.0, 0.0, 0.0, 0.0, 0.0, 0.0, 0.0, 0.0, 0.0, 0.0]",negative,-0.3
"['sila', 'diam', 'sebentar', '.']","['unknown', 'kata kerja', 'adverb', 'unknown']","['unknown', 'neutral', 'neutral', 'unknown']","[0.0, 0.0, 0.0, 0.0]",neutral,0.0
"['dia', 'memakai', 'rantai', 'di', 'lehernya', '.']","['pronoun', 'unknown', 'unknown', 'preposition', 'unknown', 'unknown']","['neutral', 'unknown', 'unknown', 'neutral', 'unknown', 'unknown']","[0.0, 0.0, 0.0, 0.0, 0.0, 0.0]",neutral,0.0
"['rumah', 'banglo', 'itu', 'adalah', 'yang', 'selalu', 'diimpikan', '.']","['noun', 'unknown', 'demonstrative pronoun', 'copula / verb', 'pronoun, conjunction', 'adverb', 'kata kerja', 'unknown']","['neutral', 'unknown', 'neutral', 'neutral', 'neutral', 'neutral', 'positive', 'unknown']","[0.0, 0.0, 0.0, 0.0, 0.0, 0.0, 0.6, 0.0]",positive,0.6
"['perbuatan', 'baiknya', 'dipuji', 'ramai', '.']","['kata nama', 'unknown', 'unknown', 'adjective', 'unknown']","['neutral', 'unknown', 'unknown', 'neutral', 'unknown']","[0.0, 0.0, 0.0, 0.1, 0.0]",neutral,0.0
"['dia', 'berdiri', 'di', 'dpan', 'rumah', '.']","['pronoun', 'unknown', 'preposition', 'noun', 'noun', 'unknown']","['neutral', 'unknown', 'neutral', 'neutral', 'neutral', 'unknown']","[0.0, 0.0, 0.0, 0.0, 0.0, 0.0]",neutral,0.0
"['ibu', 'memberi', 'adik', 'hadiah', 'hari', 'lahir', '.']","['unknown', 'verb', 'unknown', 'unknown', 'noun', 'unknown', 'unknown']","['unknown', 'neutral', 'unknown', 'unknown', 'neutral', 'unknown', 'unknown']","[0.0, 0.0, 0.0, 0.0, 0.0, 0.0, 0.0]",neutral,0.0
"['jawapan', 'yang', 'diberikannya', 'salah', '.']","['unknown', 'pronoun, conjunction', 'unknown', 'adjective', 'unknown']","['unknown', 'neutral', 'unknown', 'negative', 'unknown']","[0.0, 0.0, 0.0, -0.7, 0.0]",negative,-0.7
"['dia', 'seorang', 'pelajar', 'yang', 'sangat', 'pandai', '.']","['pronoun', 'unknown', 'unknown', 'pronoun, conjunction', 'adverb', 'adjective', 'unknown']","['neutral', 'unknown', 'unknown', 'neutral', 'neutral', 'positive', 'unknown']","[0.0, 0.0, 0.0, 0.0, 0.0, 0.7, 0.0]",positive,0.8
"['saya', 'tidak', 'pernah', 'ke', 'sana', '.']","['pronoun', 'adverb', 'adverb', 'particle (interrogative)', 'unknown', 'unknown']","['neutral', 'neutral', 'neutral', 'neutral', 'unknown', 'unknown']","[0.0, 0.0, 0.0, 0.0, 0.0, 0.0]",neutral,0.0
"['keta', 'dia', 'rosak', 'di', 'tepi', 'jalan', '.']","['noun', 'pronoun', 'adjective', 'preposition', 'noun, adverb', 'noun/verb', 'unknown']","['neutral', 'neutral', 'negative', 'neutral', 'neutral', 'neutral', 'unknown']","[0.0, 0.0, -0.8, 0.0, 0.0, 0.0, 0.0]",neutral,0.0
"['dia', 'tidak', 'datang', 'kerana', 'hujan', 'lebat', '.']","['pronoun', 'adverb', 'verb', 'conjunction', 'unknown', 'unknown', 'unknown']","['neutral', 'neutral', 'neutral', 'neutral', 'unknown', 'unknown', 'unknown']","[0.0, 0.0, 0.0, 0.0, 0.0, 0.0, 0.0]",neutral,0.0
"['cincin', 'itu', 'seberat', 'lima', 'gram', '.']","['unknown', 'demonstrative pronoun', 'adjective', 'unknown', 'unknown', 'unknown']","['unknown', 'neutral', 'neutral', 'unknown', 'unknown', 'unknown']","[0.0, 0.0, 0.0, 0.0, 0.0, 0.0]",neutral,0.0
"['bangunan', 'lama', 'itu', 'akan', 'dirobohkan', '.']","['unknown', 'adjective', 'demonstrative pronoun', 'auxiliary verb', 'unknown', 'unknown']","['unknown', 'neutral', 'neutral', 'neutral', 'unknown', 'unknown']","[0.0, 0.0, 0.0, 0.0, 0.0, 0.0]",neutral,0.0
"['dia', 'menyimpan', 'rusia', 'itu', 'dengan', 'baik', '.']","['pronoun', 'unknown', 'noun', 'demonstrative pronoun', 'preposition', 'adjective', 'unknown']","['neutral', 'unknown', 'neutral', 'neutral', 'neutral', 'positive', 'unknown']","[0.0, 0.0, 0.0, 0.0, 0.0, 0.8, 0.0]",neutral,0.0
"['merokok', 'sudah', 'menjadi', 'kebiasaan', 'baginya', '.']","['unknown', 'adverb', 'unknown', 'noun', 'unknown', 'unknown']","['unknown', 'neutral', 'unknown', 'neutral', 'unknown', 'unknown']","[0.0, 0.0, 0.0, 0.0, 0.0, 0.0]",neutral,0.0
"['kemudahan', 'awam', 'perlu', 'mesra', 'oku', '.']","['unknown', 'kata sifat', 'verb/adjective', 'unknown', 'noun', 'unknown']","['unknown', 'neutral', 'neutral', 'unknown', 'neutral', 'unknown']","[0.0, 0.0, 0.0, 0.0, 0.0, 0.0]",neutral,0.0
"['tentera', 'itu', 'diarahkan', 'undur', 'dari', 'medan', 'perang', '.']","['unknown', 'demonstrative pronoun', 'unknown', 'verb', 'preposition', 'unknown', 'unknown', 'unknown']","['unknown', 'neutral', 'unknown', 'neutral', 'neutral', 'unknown', 'unknown', 'unknown']","[0.0, 0.0, 0.0, 0.0, 0.0, 0.0, 0.0, 0.0]",neutral,0.0
"['""', 'teruskan', 'perjalanan', '!', '""', 'kata', 'pemandu', 'bas', '.']","['unknown', 'verb', 'unknown', 'unknown', 'unknown', 'unknown', 'noun', 'unknown', 'unknown']","['unknown', 'neutral', 'unknown', 'unknown', 'unknown', 'unknown', 'neutral', 'unknown', 'unknown']","[0.0, 0.0, 0.0, 0.0, 0.0, 0.0, 0.0, 0.0, 0.0]",neutral,0.0
"['janganlah', 'baitu', 'sombong', '.']","['unknown', 'adverb', 'unknown', 'unknown']","['unknown', 'neutral', 'unknown', 'unknown']","[0.0, 0.0, 0.0, 0.0]",neutral,0.0
"['dia', 'sangat', 'manjo', 'dengan', 'ibunya', '.']","['pronoun', 'adverb', 'adjective', 'preposition', 'unknown', 'unknown']","['neutral', 'neutral', 'neutral', 'neutral', 'unknown', 'unknown']","[0.0, 0.0, 0.0, 0.0, 0.0, 0.0]",neutral,0.0
"['dia', 'duduk', 'di', 'belakang', 'saya', '.']","['pronoun', 'verb', 'preposition', 'noun / adverb', 'pronoun', 'unknown']","['neutral', 'neutral', 'neutral', 'neutral', 'neutral', 'unknown']","[0.0, 0.0, 0.0, 0.0, 0.0, 0.0]",neutral,0.0
"['kereta', 'itu', 'dilanggar', 'lori', '.']","['kata nama', 'demonstrative pronoun', 'verb', 'noun', 'unknown']","['neutral', 'neutral', 'negative', 'neutral', 'unknown']","[0.0, 0.0, -0.6, 0.0, 0.0]",negative,-0.6
"['ahhh', ',', 'akhirnya', 'sampai', 'juga', '!']","['interjection', 'punctuation', 'unknown', 'verb', 'adverb', 'unknown']","['neutral', 'neutral', 'unknown', 'neutral', 'neutral', 'unknown']","[0.0, 0.0, 0.0, 0.0, 0.0, 0.0]",neutral,0.0
"['dia', 'nampak', 'sangat', 'letih', '.']","['pronoun', 'verb', 'adverb', 'unknown', 'unknown']","['neutral', 'neutral', 'neutral', 'unknown', 'unknown']","[0.0, 0.0, 0.0, 0.0, 0.0]",neutral,0.0
"['kita', 'perlu', 'berusaha', 'untuk', 'mencapai', 'kejayaan', '.']","['pronoun', 'verb/adjective', 'verb', 'preposition', 'unknown', 'unknown', 'unknown']","['neutral', 'neutral', 'positive', 'neutral', 'unknown', 'unknown', 'unknown']","[0.0, 0.0, 0.7, 0.0, 0.0, 0.0, 0.0]",positive,0.7
"['kekadang', 'dia', 'datang', 'melawat', '.']","['adverb', 'pronoun', 'verb', 'unknown', 'unknown']","['neutral', 'neutral', 'neutral', 'unknown', 'unknown']","[0.0, 0.0, 0.0, 0.0, 0.0]",neutral,0.0
"['kwsan', 'itu', 'bahaya', 'untuk', 'dilalui', '.']","['noun', 'demonstrative pronoun', 'noun', 'preposition', 'unknown', 'unknown']","['neutral', 'neutral', 'negative', 'neutral', 'unknown', 'unknown']","[0.0, 0.0, -0.8, 0.0, 0.0, 0.0]",neutral,0.0
"['jenaka', 'itu', 'sangat', 'lucu', ',', 'sampai', 'saya', 'face', 'with', 'tears', 'of', 'joy', '.']","['unknown', 'demonstrative pronoun', 'adverb', 'adjective', 'punctuation', 'verb', 'pronoun', 'unknown', 'unknown', 'unknown', 'unknown', 'unknown', 'unknown']","['unknown', 'neutral', 'neutral', 'positive', 'neutral', 'neutral', 'neutral', 'unknown', 'unknown', 'unknown', 'unknown', 'unknown', 'unknown']","[0.0, 0.0, 0.0, 0.7, 0.0, 0.0, 0.0, 0.0, 0.0, 0.0, 0.0, 0.0, 0.0]",positive,0.9
"['semoga', 'kita', 'berjaya', '.']","['adverb', 'pronoun', 'unknown', 'unknown']","['positive', 'neutral', 'unknown', 'unknown']","[0.5, 0.0, 0.0, 0.0]",positive,0.5
"['restoran', 'itu', 'menyajikan', 'food', 'yang', 'sedap', '.']","['unknown', 'demonstrative pronoun', 'unknown', 'noun', 'pronoun, conjunction', 'adjective', 'unknown']","['unknown', 'neutral', 'unknown', 'neutral', 'neutral', 'positive', 'unknown']","[0.0, 0.0, 0.0, 0.0, 0.0, 0.8, 0.0]",neutral,0.0
"['penjenayah', 'itu', '.menyamun', 'bank', 'semalam', '.']","['noun', 'demonstrative pronoun', 'unknown', 'noun', 'unknown', 'unknown']","['negative', 'neutral', 'unknown', 'neutral', 'unknown', 'unknown']","[-0.8, 0.0, 0.0, 0.0, 0.0, 0.0]",negative,-0.9
"['mereka', 'memancing', 'di', 'kuala', 'sungai', '.']","['pronoun', 'unknown', 'preposition', 'noun', 'unknown', 'unknown']","['neutral', 'unknown', 'neutral', 'neutral', 'unknown', 'unknown']","[0.0, 0.0, 0.0, 0.0, 0.0, 0.0]",neutral,0.0
"['boleh', 'bagi', 'saya', 'air', 'skit', '?']","['modal verb', 'verb', 'pronoun', 'unknown', 'unknown', 'punctuation']","['neutral', 'neutral', 'neutral', 'unknown', 'unknown', 'neutral']","[0.0, 0.0, 0.0, 0.0, 0.0, 0.0]",neutral,0.0
"['dia', 'minta', 'tambah', 'nasi', '.']","['pronoun', 'unknown', 'verb', 'unknown', 'unknown']","['neutral', 'unknown', 'neutral', 'unknown', 'unknown']","[0.0, 0.0, 0.0, 0.0, 0.0]",neutral,0.0
"['kita', 'perlu', 'creat', 'idea', 'baharu', '.']","['pronoun', 'verb/adjective', 'verb', 'unknown', 'unknown', 'unknown']","['neutral', 'neutral', 'neutral', 'unknown', 'unknown', 'unknown']","[0.0, 0.0, 0.0, 0.0, 0.0, 0.0]",neutral,0.0
"['dia', 'suka', 'ajar', 'budak', '-', 'budak', '.']","['pronoun', 'verb', 'verb', 'unknown', 'punctuation', 'unknown', 'unknown']","['neutral', 'positive', 'neutral', 'unknown', 'neutral', 'unknown', 'unknown']","[0.0, 0.7, 0.0, 0.0, 0.0, 0.0, 0.0]",neutral,0.0
"['ini', 'buku', 'saya', '.']","['demonstrative pronoun', 'unknown', 'pronoun', 'unknown']","['neutral', 'unknown', 'neutral', 'unknown']","[0.0, 0.0, 0.0, 0.0]",neutral,0.0
"['saya', 'nak', 'bt', 'kerja', 'sekarang', '.']","['pronoun', 'auxiliary verb', 'verb', 'verb', 'adverb', 'unknown']","['neutral', 'neutral', 'neutral', 'neutral', 'neutral', 'unknown']","[0.0, 0.0, 0.0, 0.0, 0.0, 0.0]",neutral,0.0
"['dia', 'terima', 'hadiah', 'itu', 'dengan', 'gembira', '.']","['pronoun', 'verb', 'unknown', 'demonstrative pronoun', 'preposition', 'unknown', 'unknown']","['neutral', 'neutral', 'unknown', 'neutral', 'neutral', 'unknown', 'unknown']","[0.0, 0.0, 0.0, 0.0, 0.0, 0.0, 0.0]",neutral,0.0
"['keretanya', 'baru', 'sahaja', 'dibaiki', '.']","['noun', 'adjective, adverb', 'unknown', 'unknown', 'unknown']","['neutral', 'neutral', 'unknown', 'unknown', 'unknown']","[0.0, 0.0, 0.0, 0.0, 0.0]",neutral,0.0
"['dia', 'menguruskan', 'segala', 'persiapan', 'majlis', '.']","['pronoun', 'unknown', 'determiner', 'unknown', 'unknown', 'unknown']","['neutral', 'unknown', 'neutral', 'unknown', 'unknown', 'unknown']","[0.0, 0.0, 0.0, 0.0, 0.0, 0.0]",neutral,0.0
"['dia', 'bawak', 'beg', 'besar', '.']","['pronoun', 'verb', 'unknown', 'adjective', 'unknown']","['neutral', 'neutral', 'unknown', 'neutral', 'unknown']","[0.0, 0.0, 0.0, 0.0, 0.0]",neutral,0.0
"['dia', 'fasih', 'berbahasa', 'melayu', '.']","['pronoun', 'unknown', 'unknown', 'noun/adjective', 'unknown']","['neutral', 'unknown', 'unknown', 'neutral', 'unknown']","[0.0, 0.0, 0.0, 0.0, 0.0]",neutral,0.0
"['dia', 'tidak', 'ada', 'uang', '.']","['pronoun', 'adverb', 'verb', 'noun', 'unknown']","['neutral', 'neutral', 'neutral', 'neutral', 'unknown']","[0.0, 0.0, 0.0, 0.0, 0.0]",neutral,0.0
"['cuman', 'itu', 'yang', 'dia', 'tahu', '.']","['adverb', 'demonstrative pronoun', 'pronoun, conjunction', 'pronoun', 'verb', 'unknown']","['neutral', 'neutral', 'neutral', 'neutral', 'neutral', 'unknown']","[0.0, 0.0, 0.0, 0.0, 0.0, 0.0]",neutral,0.0
"['ibu', 'suruh', 'saya', 'belajar', '.']","['unknown', 'verb', 'pronoun', 'unknown', 'unknown']","['unknown', 'neutral', 'neutral', 'unknown', 'unknown']","[0.0, 0.0, 0.0, 0.0, 0.0]",neutral,0.0
"['jawapan', 'awak', 'betul', '.']","['unknown', 'unknown', 'adjective', 'unknown']","['unknown', 'unknown', 'positive', 'unknown']","[0.0, 0.0, 0.6, 0.0]",positive,0.6
"['dia', 'menjadi', 'mangsa', 'penipuan', '.']","['pronoun', 'unknown', 'noun', 'unknown', 'unknown']","['neutral', 'unknown', 'negative', 'unknown', 'unknown']","[0.0, 0.0, -0.7, 0.0, 0.0]",negative,-0.7
"['selagi', 'ada', 'hayat', ',', 'teruskan', 'berjuang', '.']","['conjunction', 'verb', 'unknown', 'punctuation', 'verb', 'unknown', 'unknown']","['neutral', 'neutral', 'unknown', 'neutral', 'neutral', 'unknown', 'unknown']","[0.0, 0.0, 0.0, 0.0, 0.0, 0.0, 0.0]",neutral,0.0
"['dia', 'tidak', 'dapat', 'menyembunyikan', 'perasaannya', '.']","['pronoun', 'adverb', 'verb', 'unknown', 'unknown', 'unknown']","['neutral', 'neutral', 'positive', 'unknown', 'unknown', 'unknown']","[0.0, 0.0, 0.5, 0.0, 0.0, 0.0]",neutral,0.0
"['saya', 'and', 'awak', 'pergi', 'bersama', '.']","['pronoun', 'conjunction', 'unknown', 'verb', 'unknown', 'unknown']","['neutral', 'neutral', 'unknown', 'neutral', 'unknown', 'unknown']","[0.0, 0.0, 0.0, 0.0, 0.0, 0.0]",neutral,0.0
"['dia', 'mengikat', 'tali', 'kasutnya', '.']","['pronoun', 'unknown', 'noun', 'unknown', 'unknown']","['neutral', 'unknown', 'neutral', 'unknown', 'unknown']","[0.0, 0.0, 0.0, 0.0, 0.0]",neutral,0.0
"['ini', 'adalah', 'zaman', 'moden', '.']","['demonstrative pronoun', 'copula / verb', 'noun', 'unknown', 'unknown']","['neutral', 'neutral', 'neutral', 'unknown', 'unknown']","[0.0, 0.0, 0.0, 0.0, 0.0]",neutral,0.0
"['bateri', 'telefon', 'saya', 'dah', 'low', '.']","['unknown', 'noun / verb', 'pronoun', 'adverb', 'adjective', 'unknown']","['unknown', 'neutral', 'neutral', 'neutral', 'neutral', 'unknown']","[0.0, 0.0, 0.0, 0.0, 0.0, 0.0]",neutral,0.0
"['buku', 'tu', 'mahal', 'sangat', '.']","['unknown', 'pronoun', 'adjective', 'adverb', 'unknown']","['unknown', 'neutral', 'negative', 'neutral', 'unknown']","[0.0, 0.0, -0.5, 0.0, 0.0]",neutral,0.0
"['dia', 'berasa', 'enraged', 'face', 'apabila', 'mendengar', 'berita', 'buruk', 'itu', '.']","['pronoun', 'unknown', 'unknown', 'unknown', 'unknown', 'unknown', 'noun', 'unknown', 'demonstrative pronoun', 'unknown']","['neutral', 'unknown', 'unknown', 'unknown', 'unknown', 'unknown', 'neutral', 'unknown', 'neutral', 'unknown']","[0.0, 0.0, 0.0, 0.0, 0.0, 0.0, 0.0, 0.0, 0.0, 0.0]",negative,-0.8
"['hatinya', 'sad', 'but', 'relieved', 'face', 'apabila', 'terpaksa', 'berpisah', '.']","['unknown', 'unknown', 'unknown', 'unknown', 'unknown', 'unknown', 'verb', 'unknown', 'unknown']","['unknown', 'unknown', 'unknown', 'unknown', 'unknown', 'unknown', 'negative', 'unknown', 'unknown']","[0.0, 0.0, 0.0, 0.0, 0.0, 0.0, -0.5, 0.0, 0.0]",negative,-0.6
"['ya', ',', 'saya', 'setuju', '.']","['interjection/adverb', 'punctuation', 'pronoun', 'unknown', 'unknown']","['neutral', 'neutral', 'neutral', 'unknown', 'unknown']","[0.0, 0.0, 0.0, 0.0, 0.0]",neutral,0.0
"['kereta', 'adalah', 'sejenis', 'kenderaan', 'darat', '.']","['kata nama', 'copula / verb', 'unknown', 'noun', 'unknown', 'unknown']","['neutral', 'neutral', 'unknown', 'neutral', 'unknown', 'unknown']","[0.0, 0.0, 0.0, 0.0, 0.0, 0.0]",neutral,0.0
"['mmg', 'dia', 'cakap', 'macam', 'tu', '.']","['kata keterangan', 'pronoun', 'unknown', 'preposition, adverb', 'pronoun', 'unknown']","['neutral', 'neutral', 'unknown', 'neutral', 'neutral', 'unknown']","[0.0, 0.0, 0.0, 0.0, 0.0, 0.0]",neutral,0.0
"['tentera', 'itu', 'bersedia', 'untuk', 'menyerang', 'kubu', 'musuh', '.']","['unknown', 'demonstrative pronoun', 'unknown', 'preposition', 'verb', 'unknown', 'unknown', 'unknown']","['unknown', 'neutral', 'unknown', 'neutral', 'negative', 'unknown', 'unknown', 'unknown']","[0.0, 0.0, 0.0, 0.0, -0.7, 0.0, 0.0, 0.0]",negative,-0.7
"['baju', 'baru', 'dia', 'law', '.']","['unknown', 'adjective, adverb', 'pronoun', 'adjective', 'unknown']","['unknown', 'neutral', 'neutral', 'positive', 'unknown']","[0.0, 0.0, 0.0, 0.6, 0.0]",positive,0.6
"['silahkan', 'duduk', '.']","['verb', 'verb', 'unknown']","['neutral', 'neutral', 'unknown']","[0.0, 0.0, 0.0]",neutral,0.0
"['penyamun', 'itu', 'didakwa', 'kerana', 'menyamun', 'kedai', 'emas', '.']","['noun', 'demonstrative pronoun', 'unknown', 'conjunction', 'verb', 'noun', 'noun', 'unknown']","['negative', 'neutral', 'unknown', 'neutral', 'negative', 'neutral', 'positive', 'unknown']","[-0.9, 0.0, 0.0, 0.0, -0.9, 0.0, 0.4, 0.0]",negative,-0.9
"['adakah', 'anda', 'faham', '?']","['interrogative particle', 'pronoun', 'verb / adjective', 'punctuation']","['neutral', 'neutral', 'neutral', 'neutral']","[0.0, 0.0, 0.0, 0.0]",neutral,0.0
"['dia', 'cakap', 'cm', 'tu', '.']","['pronoun', 'unknown', 'conjunction', 'pronoun', 'unknown']","['neutral', 'unknown', 'neutral', 'neutral', 'unknown']","[0.0, 0.0, 0.0, 0.0, 0.0]",neutral,0.0
"['ekonomi', 'negara', 'itu', 'dilihat', 'mudur', '(', 'mundur', ')', 'sejak', 'beberapa', 'tahun', 'lalu', '.']","['unknown', 'noun', 'demonstrative pronoun', 'unknown', 'verb', 'unknown', 'verb/adjective', 'unknown', 'unknown', 'determiner', 'noun', 'verb / adverb / conjunction', 'unknown']","['unknown', 'neutral', 'neutral', 'unknown', 'negative', 'unknown', 'negative', 'unknown', 'unknown', 'neutral', 'neutral', 'neutral', 'unknown']","[0.0, 0.0, 0.0, 0.0, -0.4, 0.0, -0.5, 0.0, 0.0, 0.0, 0.0, 0.0, 0.0]",negative,-0.4
"['persembahan', 'kumpulan', 'itu', 'mntp', 'sekali', '!']","['unknown', 'unknown', 'demonstrative pronoun', 'adjective', 'adverb', 'unknown']","['unknown', 'unknown', 'neutral', 'positive', 'neutral', 'unknown']","[0.0, 0.0, 0.0, 0.7, 0.0, 0.0]",positive,0.7
"['jangan', 'buang', 'sampah', 'merata', '-', 'rata', '.']","['particle', 'unknown', 'unknown', 'unknown', 'punctuation', 'unknown', 'unknown']","['neutral', 'unknown', 'unknown', 'unknown', 'neutral', 'unknown', 'unknown']","[0.0, 0.0, 0.0, 0.0, 0.0, 0.0, 0.0]",negative,-0.6
"['rumahnya', 'jauh', 'dari', 'bandar', '.']","['unknown', 'adjective', 'preposition', 'unknown', 'unknown']","['unknown', 'neutral', 'neutral', 'unknown', 'unknown']","[0.0, 0.0, 0.0, 0.0, 0.0]",neutral,0.0
"['hati', '-', 'hati', 'menggunakan', 'kata', 'baabi', ',', 'ia', 'sangat', 'kesat', '.']","['noun', 'punctuation', 'noun', 'unknown', 'unknown', 'noun', 'punctuation', 'unknown', 'adverb', 'unknown', 'unknown']","['neutral', 'neutral', 'neutral', 'unknown', 'unknown', 'negative', 'neutral', 'unknown', 'neutral', 'unknown', 'unknown']","[0.0, 0.0, 0.0, 0.0, 0.0, -0.9, 0.0, 0.0, 0.0, 0.0, 0.0]",negative,-0.9
"['dia', 'hanya', 'hantar', 'emoji', 'ini', 'sebagai', 'balasan', '.']","['pronoun', 'adverb', 'verb', 'unknown', 'demonstrative pronoun', 'preposition', 'unknown', 'unknown']","['neutral', 'neutral', 'neutral', 'unknown', 'neutral', 'neutral', 'unknown', 'unknown']","[0.0, 0.0, 0.0, 0.0, 0.0, 0.0, 0.0, 0.0]",negative,-0.9
"['kotak', 'itu', 'sangat', 'berat', '.']","['unknown', 'demonstrative pronoun', 'adverb', 'adjective', 'unknown']","['unknown', 'neutral', 'neutral', 'neutral', 'unknown']","[0.0, 0.0, 0.0, 0.0, 0.0]",neutral,0.0
"['kalaau', 'awak', 'setuju', ',', 'kita', 'boleh', 'teruskan', '.']","['conjunction', 'unknown', 'unknown', 'punctuation', 'pronoun', 'modal verb', 'verb', 'unknown']","['neutral', 'unknown', 'unknown', 'neutral', 'neutral', 'neutral', 'neutral', 'unknown']","[0.0, 0.0, 0.0, 0.0, 0.0, 0.0, 0.0, 0.0]",neutral,0.0
"['kerja', 'awak', 'baguih', 'sekali', '!']","['verb', 'unknown', 'adjective', 'adverb', 'unknown']","['neutral', 'unknown', 'positive', 'neutral', 'unknown']","[0.0, 0.0, 0.6, 0.0, 0.0]",positive,0.6
"['dia', 'terus', 'berjalan', 'tanpa', 'menoleh', '.']","['pronoun', 'adverb/verb', 'unknown', 'unknown', 'unknown', 'unknown']","['neutral', 'neutral', 'unknown', 'unknown', 'unknown', 'unknown']","[0.0, 0.0, 0.0, 0.0, 0.0, 0.0]",neutral,0.0
"['dia', 'gantung', 'gambar', 'di', 'dinding', '.']","['pronoun', 'verb', 'unknown', 'preposition', 'unknown', 'unknown']","['neutral', 'neutral', 'unknown', 'neutral', 'unknown', 'unknown']","[0.0, 0.0, 0.0, 0.0, 0.0, 0.0]",neutral,0.0
"['buku', 'ni', 'kepunyaan', 'saya', '.']","['unknown', 'pronoun', 'unknown', 'pronoun', 'unknown']","['unknown', 'neutral', 'unknown', 'neutral', 'unknown']","[0.0, 0.0, 0.0, 0.0, 0.0]",neutral,0.0
"['dia', 'memandu', 'kereta', 'toyota', 'vios', '.']","['pronoun', 'unknown', 'kata nama', 'unknown', 'noun (proper)', 'unknown']","['neutral', 'unknown', 'neutral', 'unknown', 'neutral', 'unknown']","[0.0, 0.0, 0.0, 0.0, 0.0, 0.0]",neutral,0.0
"['dia', 'dh', 'makan', '.']","['pronoun', 'auxiliary verb', 'verb', 'unknown']","['neutral', 'neutral', 'neutral', 'unknown']","[0.0, 0.0, 0.0, 0.0]",neutral,0.0
"['dia', 'lgs', 'tak', 'datang', '.']","['pronoun', 'adverb', 'adverb (negation)', 'verb', 'unknown']","['neutral', 'neutral', 'neutral', 'neutral', 'unknown']","[0.0, 0.0, 0.0, 0.0, 0.0]",neutral,0.0
"['hakim', 'itu', 'tidak', 'boleh', 'memihak', 'kepada', 'mana', '-', 'mana', 'pihak', '.']","['unknown', 'demonstrative pronoun', 'adverb', 'modal verb', 'verb', 'preposition', 'interrogative pronoun', 'punctuation', 'interrogative pronoun', 'noun', 'unknown']","['unknown', 'neutral', 'neutral', 'neutral', 'neutral', 'neutral', 'neutral', 'neutral', 'neutral', 'neutral', 'unknown']","[0.0, 0.0, 0.0, 0.0, 0.0, 0.0, 0.0, 0.0, 0.0, 0.0, 0.0]",neutral,0.0
"['dia', 'akan', 'pergi', 'esok', '.']","['pronoun', 'auxiliary verb', 'verb', 'unknown', 'unknown']","['neutral', 'neutral', 'neutral', 'unknown', 'unknown']","[0.0, 0.0, 0.0, 0.0, 0.0]",neutral,0.0
"['jangan', 'memasal', 'nanti', 'kita', 'lambat', '.']","['particle', 'verb', 'adverb', 'pronoun', 'unknown', 'unknown']","['neutral', 'negative', 'neutral', 'neutral', 'unknown', 'unknown']","[0.0, -0.3, 0.0, 0.0, 0.0, 0.0]",negative,-0.3
"['pemandu', 'bas', 'itu', 'sangat', 'cekap', '.']","['noun', 'unknown', 'demonstrative pronoun', 'adverb', 'unknown', 'unknown']","['neutral', 'unknown', 'neutral', 'neutral', 'unknown', 'unknown']","[0.0, 0.0, 0.0, 0.0, 0.0, 0.0]",neutral,0.0
"['kita', 'harus', 'cinta', 'akan', 'negara', '.']","['pronoun', 'auxiliary verb', 'unknown', 'auxiliary verb', 'noun', 'unknown']","['neutral', 'neutral', 'unknown', 'neutral', 'neutral', 'unknown']","[0.0, 0.0, 0.0, 0.0, 0.0, 0.0]",neutral,0.0
"['penjahatnya', 'telah', 'ditangkap', 'polis', '.']","['noun', 'unknown', 'unknown', 'noun', 'unknown']","['negative', 'unknown', 'unknown', 'neutral', 'unknown']","[-0.8, 0.0, 0.0, 0.0, 0.0]",negative,-0.8
"['hai', 'sist', ',', 'apa', 'khabar', '?']","['unknown', 'unknown', 'punctuation', 'pronoun', 'unknown', 'punctuation']","['unknown', 'unknown', 'neutral', 'neutral', 'unknown', 'neutral']","[0.0, 0.0, 0.0, 0.0, 0.0, 0.0]",neutral,0.0
"['kereta', 'itu', 'menabrak', 'tiang', 'lampu', '.']","['kata nama', 'demonstrative pronoun', 'verb', 'unknown', 'unknown', 'unknown']","['neutral', 'neutral', 'negative', 'unknown', 'unknown', 'unknown']","[0.0, 0.0, -0.6, 0.0, 0.0, 0.0]",negative,-0.6
"['polis', 'sedang', 'memburu', 'peropak', '(', 'perompak', ')', 'itu', '.']","['noun', 'unknown', 'unknown', 'noun', 'unknown', 'noun', 'unknown', 'demonstrative pronoun', 'unknown']","['neutral', 'unknown', 'unknown', 'negative', 'unknown', 'negative', 'unknown', 'neutral', 'unknown']","[0.0, 0.0, 0.0, -0.9, 0.0, -0.9, 0.0, 0.0, 0.0]",negative,-0.9
"['xpayah', 'tunggu', 'saya', '.']","['auxiliary verb', 'verb', 'pronoun', 'unknown']","['neutral', 'neutral', 'neutral', 'unknown']","[0.0, 0.0, 0.0, 0.0]",neutral,0.0
"['dia', 'balas', 'dengan', 'emoji', 'smiling', 'face', 'with', 'sunglassesok', 'hand', '.']","['pronoun', 'unknown', 'preposition', 'unknown', 'unknown', 'unknown', 'unknown', 'unknown', 'unknown', 'unknown']","['neutral', 'unknown', 'neutral', 'unknown', 'unknown', 'unknown', 'unknown', 'unknown', 'unknown', 'unknown']","[0.0, 0.0, 0.0, 0.0, 0.0, 0.0, 0.0, 0.0, 0.0, 0.0]",positive,0.8
"['saya', 'suka', 'makanan', 'yang', 'ada', 'banyak', 'pepper', '.']","['pronoun', 'verb', 'noun', 'pronoun, conjunction', 'verb', 'adjective/quantifier', 'noun', 'unknown']","['neutral', 'positive', 'neutral', 'neutral', 'neutral', 'neutral', 'neutral', 'unknown']","[0.0, 0.7, 0.0, 0.0, 0.0, 0.0, 0.0, 0.0]",neutral,0.0
"['i', 'tak', 'faham', '.']","['pronoun', 'adverb (negation)', 'verb / adjective', 'unknown']","['neutral', 'neutral', 'neutral', 'unknown']","[0.0, 0.0, 0.0, 0.0]",neutral,0.0
"['dia', 'takut', 'akan', 'kegelapan', '.']","['pronoun', 'adjective', 'auxiliary verb', 'unknown', 'unknown']","['neutral', 'negative', 'neutral', 'unknown', 'unknown']","[0.0, -0.6, 0.0, 0.0, 0.0]",negative,-0.6
"['saya', 'pun', 'nak', 'ikut', 'jugak', '.']","['pronoun', 'particle / adverb', 'auxiliary verb', 'unknown', 'adverb', 'unknown']","['neutral', 'neutral', 'neutral', 'unknown', 'neutral', 'unknown']","[0.0, 0.0, 0.0, 0.0, 0.0, 0.0]",neutral,0.0
"['kita', 'perlu', 'terus', 'hdup', '.']","['pronoun', 'verb/adjective', 'adverb/verb', 'unknown', 'unknown']","['neutral', 'neutral', 'neutral', 'unknown', 'unknown']","[0.0, 0.0, 0.0, 0.0, 0.0]",neutral,0.0
"['penyamun', 'itu', 'melarikan', 'diri', 'dengan', 'wang', 'curian', '.']","['noun', 'demonstrative pronoun', 'unknown', 'noun, pronoun', 'preposition', 'unknown', 'unknown', 'unknown']","['negative', 'neutral', 'unknown', 'neutral', 'neutral', 'unknown', 'unknown', 'unknown']","[-0.9, 0.0, 0.0, 0.0, 0.0, 0.0, 0.0, 0.0]",negative,-0.9
"['dia', 'taknak', 'makan', 'nasi', '.']","['pronoun', 'auxiliary verb', 'verb', 'unknown', 'unknown']","['neutral', 'neutral', 'neutral', 'unknown', 'unknown']","[0.0, 0.0, 0.0, 0.0, 0.0]",neutral,0.0
"['mereka', 'pergi', 'ke', 'mall', 'untuk', 'membeli', '-', 'belah', '.']","['pronoun', 'verb', 'particle (interrogative)', 'noun', 'preposition', 'unknown', 'punctuation', 'unknown', 'unknown']","['neutral', 'neutral', 'neutral', 'neutral', 'neutral', 'unknown', 'neutral', 'unknown', 'unknown']","[0.0, 0.0, 0.0, 0.0, 0.0, 0.0, 0.0, 0.0, 0.0]",neutral,0.0
"['projek', 'itu', 'memerlukan', 'dana', 'yang', 'besar', '.']","['unknown', 'demonstrative pronoun', 'unknown', 'noun', 'pronoun, conjunction', 'adjective', 'unknown']","['unknown', 'neutral', 'unknown', 'neutral', 'neutral', 'neutral', 'unknown']","[0.0, 0.0, 0.0, 0.0, 0.0, 0.0, 0.0]",neutral,0.0
"['mesyuarat', 'diadakan', 'di', 'dewan', 'serbaguna', '.']","['unknown', 'unknown', 'preposition', 'noun', 'unknown', 'unknown']","['unknown', 'unknown', 'neutral', 'neutral', 'unknown', 'unknown']","[0.0, 0.0, 0.0, 0.0, 0.0, 0.0]",neutral,0.0
"['dia', 'datang', 'sekejap', 'aje', '.']","['pronoun', 'verb', 'unknown', 'adverb', 'unknown']","['neutral', 'neutral', 'unknown', 'neutral', 'unknown']","[0.0, 0.0, 0.0, 0.0, 0.0]",neutral,0.0
"['apa', 'yang', 'sedang', 'kamu', 'buat', '?']","['pronoun', 'pronoun, conjunction', 'unknown', 'unknown', 'kata kerja', 'punctuation']","['neutral', 'neutral', 'unknown', 'unknown', 'neutral', 'neutral']","[0.0, 0.0, 0.0, 0.0, 0.0, 0.0]",neutral,0.0
"['dia', 'ingin', 'belajar', 'bahasa', 'baru', '.']","['pronoun', 'verb', 'unknown', 'noun', 'adjective, adverb', 'unknown']","['neutral', 'neutral', 'unknown', 'neutral', 'neutral', 'unknown']","[0.0, 0.0, 0.0, 0.0, 0.0, 0.0]",neutral,0.0
"['bunga', 'itu', 'sangat', 'elok', '.']","['unknown', 'demonstrative pronoun', 'adverb', 'adjective', 'unknown']","['unknown', 'neutral', 'neutral', 'positive', 'unknown']","[0.0, 0.0, 0.0, 0.7, 0.0]",positive,0.6
"['dia', 'kena', 'pergi', 'sekolah', 'esok', '.']","['pronoun', 'verb', 'verb', 'unknown', 'unknown', 'unknown']","['neutral', 'neutral', 'neutral', 'unknown', 'unknown', 'unknown']","[0.0, 0.0, 0.0, 0.0, 0.0, 0.0]",neutral,0.0
"['aku', 'pergi', 'dulu', '.']","['pronoun', 'verb', 'adverb', 'unknown']","['neutral', 'neutral', 'neutral', 'unknown']","[0.0, 0.0, 0.0, 0.0]",neutral,0.0
"['dia', 'seorang', 'yang', 'sangat', 'baik', 'hati', '.']","['pronoun', 'unknown', 'pronoun, conjunction', 'adverb', 'adjective', 'noun', 'unknown']","['neutral', 'unknown', 'neutral', 'neutral', 'positive', 'neutral', 'unknown']","[0.0, 0.0, 0.0, 0.0, 0.8, 0.0, 0.0]",positive,0.8
"['dia', 'always', 'datang', 'lewat', '.']","['pronoun', 'adverb', 'verb', 'unknown', 'unknown']","['neutral', 'neutral', 'neutral', 'unknown', 'unknown']","[0.0, 0.0, 0.0, 0.0, 0.0]",neutral,0.0
"['kereta', 'itu', 'rosak', 'di', 'tepi', 'jalan', '.']","['kata nama', 'demonstrative pronoun', 'adjective', 'preposition', 'noun, adverb', 'noun/verb', 'unknown']","['neutral', 'neutral', 'negative', 'neutral', 'neutral', 'neutral', 'unknown']","[0.0, 0.0, -0.8, 0.0, 0.0, 0.0, 0.0]",neutral,0.0
"['jadi', ',', 'gitu', '?']","['verb / conjunction', 'punctuation', 'unknown', 'punctuation']","['neutral', 'neutral', 'unknown', 'neutral']","[0.0, 0.0, 0.0, 0.0]",neutral,0.0
"['pihak', 'polis', 'sedang', 'memburu', 'penjenayah', 'itu', '.']","['noun', 'noun', 'unknown', 'unknown', 'noun', 'demonstrative pronoun', 'unknown']","['neutral', 'neutral', 'unknown', 'unknown', 'negative', 'neutral', 'unknown']","[0.0, 0.0, 0.0, 0.0, -0.8, 0.0, 0.0]",negative,-0.9
"['kita', 'perlu', 'mengambil', 'action', 'segera', '.']","['pronoun', 'verb/adjective', 'verb', 'noun', 'unknown', 'unknown']","['neutral', 'neutral', 'neutral', 'neutral', 'unknown', 'unknown']","[0.0, 0.0, 0.0, 0.0, 0.0, 0.0]",neutral,0.0
"['walaupun', 'jatuh', ',', 'telefon', 'itu', 'xbarai2', '.']","['conjunction', 'unknown', 'punctuation', 'noun / verb', 'demonstrative pronoun', 'adjective', 'unknown']","['neutral', 'unknown', 'neutral', 'neutral', 'neutral', 'neutral', 'unknown']","[0.0, 0.0, 0.0, 0.0, 0.0, 0.2, 0.0]",neutral,0.2
"['mereka', 'tinggal', 'di', 'tanjung', 'malim', '.']","['pronoun', 'unknown', 'preposition', 'noun', 'unknown', 'unknown']","['neutral', 'unknown', 'neutral', 'neutral', 'unknown', 'unknown']","[0.0, 0.0, 0.0, 0.0, 0.0, 0.0]",neutral,0.0
"['dia', 'bawa', 'krta', 'baru', '.']","['pronoun', 'verb', 'noun', 'adjective, adverb', 'unknown']","['neutral', 'neutral', 'neutral', 'neutral', 'unknown']","[0.0, 0.0, 0.0, 0.0, 0.0]",neutral,0.0
"['dy', 'dah', 'sampai', '.']","['unknown', 'adverb', 'verb', 'unknown']","['unknown', 'neutral', 'neutral', 'unknown']","[0.0, 0.0, 0.0, 0.0]",neutral,0.0
"['polis', 'merampas', 'sepucuk', 'pistol', 'dari', 'suspek', '.']","['noun', 'verb', 'unknown', 'noun', 'preposition', 'noun', 'unknown']","['neutral', 'negative', 'unknown', 'neutral', 'neutral', 'neutral', 'unknown']","[0.0, -0.7, 0.0, 0.0, 0.0, -0.2, 0.0]",neutral,0.0
"['weh', ',', 'tengoklah', 'tu', '!']","['interjection', 'punctuation', 'unknown', 'pronoun', 'unknown']","['neutral', 'neutral', 'unknown', 'neutral', 'unknown']","[0.0, 0.0, 0.0, 0.0, 0.0]",neutral,0.0
"['dorang', 'dah', 'balik', '.']","['pronoun', 'adverb', 'verb', 'unknown']","['neutral', 'neutral', 'neutral', 'unknown']","[0.0, 0.0, 0.0, 0.0]",neutral,0.0
"['ini', 'for', 'you', '.']","['demonstrative pronoun', 'preposition', 'unknown', 'unknown']","['neutral', 'neutral', 'unknown', 'unknown']","[0.0, 0.0, 0.0, 0.0]",neutral,0.0
"['kepala', 'saya', 'pusing', 'selepas', 'naik', 'buaian', 'itu', '.']","['unknown', 'pronoun', 'verb', 'unknown', 'unknown', 'unknown', 'demonstrative pronoun', 'unknown']","['unknown', 'neutral', 'neutral', 'unknown', 'unknown', 'unknown', 'neutral', 'unknown']","[0.0, 0.0, 0.0, 0.0, 0.0, 0.0, 0.0, 0.0]",neutral,0.0
"['biarlah', 'dia', 'buat', 'laa', '.']","['unknown', 'pronoun', 'kata kerja', 'particle', 'unknown']","['unknown', 'neutral', 'neutral', 'neutral', 'unknown']","[0.0, 0.0, 0.0, 0.0, 0.0]",neutral,0.0
"['bersihkan', 'tu', ',', 'habuk', 'di', 'atas', 'meja', '.']","['unknown', 'pronoun', 'punctuation', 'unknown', 'preposition', 'unknown', 'unknown', 'unknown']","['unknown', 'neutral', 'neutral', 'unknown', 'neutral', 'unknown', 'unknown', 'unknown']","[0.0, 0.0, 0.0, 0.0, 0.0, 0.0, 0.0, 0.0]",neutral,0.0
"['nyawanya', 'diselamatkan', 'oleh', 'doktor', '.']","['unknown', 'unknown', 'preposition', 'unknown', 'unknown']","['unknown', 'unknown', 'neutral', 'unknown', 'unknown']","[0.0, 0.0, 0.0, 0.0, 0.0]",neutral,0.0
"['lori', 'itu', 'gelek', 'batu', '-', 'batu', 'kecil', 'di', 'jalan', '.']","['noun', 'demonstrative pronoun', 'verb', 'unknown', 'punctuation', 'unknown', 'unknown', 'preposition', 'noun/verb', 'unknown']","['neutral', 'neutral', 'neutral', 'unknown', 'neutral', 'unknown', 'unknown', 'neutral', 'neutral', 'unknown']","[0.0, 0.0, 0.0, 0.0, 0.0, 0.0, 0.0, 0.0, 0.0, 0.0]",neutral,0.0
"['kerajaan', 'berusaha', 'membanteras', 'rasuah', '.']","['noun', 'verb', 'verb', 'noun', 'unknown']","['neutral', 'positive', 'positive', 'negative', 'unknown']","[0.0, 0.7, 0.7, -0.8, 0.0]",positive,0.7
"['dia', 'masuk', 'kedalam', 'bilik', '.']","['pronoun', 'verb', 'preposition', 'unknown', 'unknown']","['neutral', 'neutral', 'neutral', 'unknown', 'unknown']","[0.0, 0.0, 0.0, 0.0, 0.0]",neutral,0.0
"['dia', 'membeli', 'beberapa', 'barang', 'di', 'kedai', 'itu', '.']","['pronoun', 'unknown', 'determiner', 'noun', 'preposition', 'noun', 'demonstrative pronoun', 'unknown']","['neutral', 'unknown', 'neutral', 'neutral', 'neutral', 'neutral', 'neutral', 'unknown']","[0.0, 0.0, 0.0, 0.0, 0.0, 0.0, 0.0, 0.0]",neutral,0.0
"['dia', 'pelawa', 'saya', 'datang', 'ke', 'rumahnya', '.']","['pronoun', 'verb', 'pronoun', 'verb', 'particle (interrogative)', 'unknown', 'unknown']","['neutral', 'positive', 'neutral', 'neutral', 'neutral', 'unknown', 'unknown']","[0.0, 0.5, 0.0, 0.0, 0.0, 0.0, 0.0]",positive,0.5
"['mamposlah', 'kau', '!']","['unknown', 'pronoun', 'unknown']","['unknown', 'neutral', 'unknown']","[0.0, 0.0, 0.0]",negative,-0.9
"['dia', 'berasal', 'dari', 'indonesia', '.']","['pronoun', 'unknown', 'preposition', 'proper noun', 'unknown']","['neutral', 'unknown', 'neutral', 'neutral', 'unknown']","[0.0, 0.0, 0.0, 0.0, 0.0]",neutral,0.0
"['mending', 'kita', 'pulang', 'sekarang', '.']","['adverb', 'pronoun', 'unknown', 'adverb', 'unknown']","['positive', 'neutral', 'unknown', 'neutral', 'unknown']","[0.4, 0.0, 0.0, 0.0, 0.0]",positive,0.4
"['dia', 'tgh', 'makan', '.']","['pronoun', 'adverb', 'verb', 'unknown']","['neutral', 'neutral', 'neutral', 'unknown']","[0.0, 0.0, 0.0, 0.0]",neutral,0.0
"['hulu', 'langat', 'ialah', 'sebuah', 'daerah', '.']","['unknown', 'proper noun', 'copula', 'unknown', 'noun', 'unknown']","['unknown', 'neutral', 'neutral', 'unknown', 'neutral', 'unknown']","[0.0, 0.0, 0.0, 0.0, 0.0, 0.0]",neutral,0.0
"['dia', 'empunya', 'rumah', 'ini', '.']","['pronoun', 'noun', 'noun', 'demonstrative pronoun', 'unknown']","['neutral', 'neutral', 'neutral', 'neutral', 'unknown']","[0.0, 0.0, 0.0, 0.0, 0.0]",neutral,0.0
"['hatinya', 'remuk.anda', 'perlu', 'berhati', '-', 'hati', '.']","['unknown', 'unknown', 'verb/adjective', 'unknown', 'punctuation', 'noun', 'unknown']","['unknown', 'unknown', 'neutral', 'unknown', 'neutral', 'neutral', 'unknown']","[0.0, 0.0, 0.0, 0.0, 0.0, 0.0, 0.0]",negative,-0.7
"['buku', 'itu', '.', 'sangat', 'tebal', '.']","['unknown', 'demonstrative pronoun', 'unknown', 'adverb', 'unknown', 'unknown']","['unknown', 'neutral', 'unknown', 'neutral', 'unknown', 'unknown']","[0.0, 0.0, 0.0, 0.0, 0.0, 0.0]",neutral,0.0
"['dia', 'sangat', 'penat', 'selepas', 'bekerja', '.']","['pronoun', 'adverb', 'adjective', 'unknown', 'unknown', 'unknown']","['neutral', 'neutral', 'negative', 'unknown', 'unknown', 'unknown']","[0.0, 0.0, -0.4, 0.0, 0.0, 0.0]",negative,-0.4
"['terdapat', 'kesan', 'tetakan', 'pada', 'kayu', 'itu', '.']","['unknown', 'unknown', 'noun', 'preposition', 'noun', 'demonstrative pronoun', 'unknown']","['unknown', 'unknown', 'negative', 'neutral', 'neutral', 'neutral', 'unknown']","[0.0, 0.0, -0.6, 0.0, 0.0, 0.0, 0.0]",negative,-0.6
"['seeloknya', 'kita', 'pulang', 'awal', '.']","['adverb', 'pronoun', 'unknown', 'unknown', 'unknown']","['positive', 'neutral', 'unknown', 'unknown', 'unknown']","[0.6, 0.0, 0.0, 0.0, 0.0]",positive,0.6
"['dia', 'terpaksa', 'menerima', 'tawaran', 'itu', '.']","['pronoun', 'verb', 'unknown', 'unknown', 'demonstrative pronoun', 'unknown']","['neutral', 'negative', 'unknown', 'unknown', 'neutral', 'unknown']","[0.0, -0.5, 0.0, 0.0, 0.0, 0.0]",negative,-0.5
"['dia', 'terkejut', '.', 'apabila', 'mendengar', 'berita', 'itu', '.']","['pronoun', 'unknown', 'unknown', 'unknown', 'unknown', 'noun', 'demonstrative pronoun', 'unknown']","['neutral', 'unknown', 'unknown', 'unknown', 'unknown', 'neutral', 'neutral', 'unknown']","[0.0, 0.0, 0.0, 0.0, 0.0, 0.0, 0.0, 0.0]",neutral,0.1
"['dia', 'dpt', 'hadiah', '.']","['pronoun', 'verb', 'unknown', 'unknown']","['neutral', 'neutral', 'unknown', 'unknown']","[0.0, 0.0, 0.0, 0.0]",neutral,0.0
"['why', 'are', 'you', 'late', '?']","['interrogative adverb', 'unknown', 'unknown', 'unknown', 'punctuation']","['neutral', 'unknown', 'unknown', 'unknown', 'neutral']","[0.0, 0.0, 0.0, 0.0, 0.0]",neutral,0.0
"['dia', 'bercerita', 'pasai', 'kejadian', 'itu', '.']","['pronoun', 'unknown', 'preposition', 'noun', 'demonstrative pronoun', 'unknown']","['neutral', 'unknown', 'neutral', 'neutral', 'neutral', 'unknown']","[0.0, 0.0, 0.0, 0.0, 0.0, 0.0]",neutral,0.0
"['mereka', 'betetak', 'menggunakan', 'parang', '.']","['pronoun', 'verb', 'unknown', 'noun', 'unknown']","['neutral', 'negative', 'unknown', 'neutral', 'unknown']","[0.0, -0.7, 0.0, 0.0, 0.0]",negative,-0.7
"['malaysia.kite', 'perlu', 'bersatu', '.']","['unknown', 'verb/adjective', 'unknown', 'unknown']","['unknown', 'neutral', 'unknown', 'unknown']","[0.0, 0.0, 0.0, 0.0]",neutral,0.0
"['dia', 'menggunakan', 'pisau', 'untuk', 'memotong', 'buah', '.']","['pronoun', 'unknown', 'noun', 'preposition', 'unknown', 'unknown', 'unknown']","['neutral', 'unknown', 'neutral', 'neutral', 'unknown', 'unknown', 'unknown']","[0.0, 0.0, 0.0, 0.0, 0.0, 0.0, 0.0]",neutral,0.0
"['klau', 'dia', 'datang', ',', 'beritahu', 'saya', '.']","['conjunction', 'pronoun', 'verb', 'punctuation', 'verb', 'pronoun', 'unknown']","['neutral', 'neutral', 'neutral', 'neutral', 'neutral', 'neutral', 'unknown']","[0.0, 0.0, 0.0, 0.0, 0.0, 0.0, 0.0]",neutral,0.0
"['dia', 'dimarahi', 'gara2', 'lambat', '.']","['pronoun', 'unknown', 'preposition', 'unknown', 'unknown']","['neutral', 'unknown', 'negative', 'unknown', 'unknown']","[0.0, 0.0, -0.3, 0.0, 0.0]",negative,-0.3
"['biar', 'dia', 'aja', ',', 'full', '.']","['verb / conjunction', 'pronoun', 'adverb', 'punctuation', 'unknown', 'unknown']","['neutral', 'neutral', 'neutral', 'neutral', 'unknown', 'unknown']","[0.0, 0.0, 0.0, 0.0, 0.0, 0.0]",neutral,0.0
"['patutlah', 'dia', 'berjaya', '.']","['unknown', 'pronoun', 'unknown', 'unknown']","['unknown', 'neutral', 'unknown', 'unknown']","[0.0, 0.0, 0.0, 0.0]",positive,0.5
"['kami', 'membeli', 'mobilya', 'baru', 'untuk', 'ruang', 'tamu', '.']","['unknown', 'unknown', 'noun', 'adjective, adverb', 'preposition', 'unknown', 'unknown', 'unknown']","['unknown', 'unknown', 'neutral', 'neutral', 'neutral', 'unknown', 'unknown', 'unknown']","[0.0, 0.0, 0.0, 0.0, 0.0, 0.0, 0.0, 0.0]",neutral,0.0
"['knapa', 'dia', 'tak', 'datang', '?']","['interrogative adverb', 'pronoun', 'adverb (negation)', 'verb', 'punctuation']","['neutral', 'neutral', 'neutral', 'neutral', 'neutral']","[0.0, 0.0, 0.0, 0.0, 0.0]",neutral,0.0
"['dia', 'tak', 'suka', 'makan', 'sayur', '.']","['pronoun', 'adverb (negation)', 'verb', 'verb', 'unknown', 'unknown']","['neutral', 'neutral', 'positive', 'neutral', 'unknown', 'unknown']","[0.0, 0.0, 0.7, 0.0, 0.0, 0.0]",neutral,0.0
"['hola', '!', 'apa', 'khabar', '?']","['interjection', 'unknown', 'pronoun', 'unknown', 'punctuation']","['positive', 'unknown', 'neutral', 'unknown', 'neutral']","[0.3, 0.0, 0.0, 0.0, 0.0]",positive,0.3
"['penyalahgunaan', 'dadah', 'adalah', 'masalah', 'sosial', 'yang', 'serius', '.']","['unknown', 'noun', 'copula / verb', 'noun', 'unknown', 'pronoun, conjunction', 'unknown', 'unknown']","['unknown', 'negative', 'neutral', 'negative', 'unknown', 'neutral', 'unknown', 'unknown']","[0.0, -0.8, 0.0, -0.7, 0.0, 0.0, 0.0, 0.0]",negative,-0.8
"['lawak', 'itu', 'memang', 'kelakar', 'rolling', 'on', 'the', 'floor', 'laughingrolling', 'on', 'the', 'floor', 'laughingrolling', 'on', 'the', 'floor', 'laughingrolling', 'on', 'the', 'floor', 'laughingrolling', 'on', 'the', 'floor', 'laughing']","['unknown', 'demonstrative pronoun', 'adverb', 'unknown', 'unknown', 'kata sendi nama/kata keterangan/kata kerja (English)', 'penentu (English)', 'unknown', 'unknown', 'kata sendi nama/kata keterangan/kata kerja (English)', 'penentu (English)', 'unknown', 'unknown', 'kata sendi nama/kata keterangan/kata kerja (English)', 'penentu (English)', 'unknown', 'unknown', 'kata sendi nama/kata keterangan/kata kerja (English)', 'penentu (English)', 'unknown', 'unknown', 'kata sendi nama/kata keterangan/kata kerja (English)', 'penentu (English)', 'unknown', 'unknown']","['unknown', 'neutral', 'neutral', 'unknown', 'unknown', 'neutral', 'neutral', 'unknown', 'unknown', 'neutral', 'neutral', 'unknown', 'unknown', 'neutral', 'neutral', 'unknown', 'unknown', 'neutral', 'neutral', 'unknown', 'unknown', 'neutral', 'neutral', 'unknown', 'unknown']","[0.0, 0.0, 0.0, 0.0, 0.0, 0.0, 0.0, 0.0, 0.0, 0.0, 0.0, 0.0, 0.0, 0.0, 0.0, 0.0, 0.0, 0.0, 0.0, 0.0, 0.0, 0.0, 0.0, 0.0, 0.0]",positive,0.9
"['mari', 'kita', 'jumpa', 'esok', '.']","['unknown', 'pronoun', 'verb', 'unknown', 'unknown']","['unknown', 'neutral', 'neutral', 'unknown', 'unknown']","[0.0, 0.0, 0.0, 0.0, 0.0]",neutral,0.0
"['korg', 'dah', 'makan', 'ke', '?']","['pronoun (slang)', 'adverb', 'verb', 'particle (interrogative)', 'punctuation']","['neutral', 'neutral', 'neutral', 'neutral', 'neutral']","[0.0, 0.0, 0.0, 0.0, 0.0]",neutral,0.0
"['terbaiklah', 'bosskur', '!']","['unknown', 'interjection/title (slang)', 'unknown']","['unknown', 'positive', 'unknown']","[0.0, 0.6, 0.0]",positive,0.6
"['kalau', 'lama2.biar', 'je', 'dia', 'buat', 'apa', 'dia', 'nak', '.']","['conjunction', 'unknown', 'adverb', 'pronoun', 'kata kerja', 'pronoun', 'pronoun', 'auxiliary verb', 'unknown']","['neutral', 'unknown', 'neutral', 'neutral', 'neutral', 'neutral', 'neutral', 'neutral', 'unknown']","[0.0, 0.0, 0.0, 0.0, 0.0, 0.0, 0.0, 0.0, 0.0]",neutral,0.0
"['makanan', 'kat', 'sini', 'memang', 'best', '!']","['noun', 'preposition / verb (informal)', 'adverb (of place)', 'adverb', 'adjective', 'unknown']","['neutral', 'neutral', 'neutral', 'neutral', 'positive', 'unknown']","[0.0, 0.0, 0.0, 0.0, 0.8, 0.0]",positive,0.8
"['cikgu', 'siti', 'sedang', 'mengajar', '.']","['unknown', 'unknown', 'unknown', 'unknown', 'unknown']","['unknown', 'unknown', 'unknown', 'unknown', 'unknown']","[0.0, 0.0, 0.0, 0.0, 0.0]",neutral,0.0
"['teruskan', 'usaha', 'anda', '.']","['verb', 'unknown', 'pronoun', 'unknown']","['neutral', 'unknown', 'neutral', 'unknown']","[0.0, 0.0, 0.0, 0.0]",neutral,0.0
"['saya', 'mahu', 'membeli', 'buku', 'itu', '.']","['pronoun', 'verb', 'unknown', 'unknown', 'demonstrative pronoun', 'unknown']","['neutral', 'neutral', 'unknown', 'unknown', 'neutral', 'unknown']","[0.0, 0.0, 0.0, 0.0, 0.0, 0.0]",neutral,0.0
"['konteks', 'diperlukan', 'untuk', 'memahami', ""'"", 'rpur', ""'"", '.']","['unknown', 'unknown', 'preposition', 'unknown', 'unknown', 'unknown/slang', 'unknown', 'unknown']","['unknown', 'unknown', 'neutral', 'unknown', 'unknown', 'negative', 'unknown', 'unknown']","[0.0, 0.0, 0.0, 0.0, 0.0, -0.5, 0.0, 0.0]",negative,-0.5
"['sila', 'berikan', 'konteks', 'untuk', ""'"", 'm', ""'"", '.']","['unknown', 'unknown', 'unknown', 'preposition', 'unknown', 'unknown/abbreviation', 'unknown', 'unknown']","['unknown', 'unknown', 'unknown', 'neutral', 'unknown', 'neutral', 'unknown', 'unknown']","[0.0, 0.0, 0.0, 0.0, 0.0, 0.0, 0.0, 0.0]",neutral,0.0
"['aku', '.', 'tak', 'tahu', 'nak', 'cakap', 'apa', '.']","['pronoun', 'unknown', 'adverb (negation)', 'verb', 'auxiliary verb', 'unknown', 'pronoun', 'unknown']","['neutral', 'unknown', 'neutral', 'neutral', 'neutral', 'unknown', 'neutral', 'unknown']","[0.0, 0.0, 0.0, 0.0, 0.0, 0.0, 0.0, 0.0]",neutral,0.0
"['maafkan', 'saya', 'atas', 'kesilapan', 'ini', '.']","['unknown', 'pronoun', 'unknown', 'noun', 'demonstrative pronoun', 'unknown']","['unknown', 'neutral', 'unknown', 'negative', 'neutral', 'unknown']","[0.0, 0.0, 0.0, -0.6, 0.0, 0.0]",neutral,0.0
"['jangan', 'buat', 'keputusan', 'bodoh', '.']","['particle', 'kata kerja', 'unknown', 'adjective', 'unknown']","['neutral', 'neutral', 'unknown', 'negative', 'unknown']","[0.0, 0.0, 0.0, -0.8, 0.0]",negative,-0.7
"['saya', 'sangat', 'respect', 'dengan', 'usahanya', '.']","['pronoun', 'adverb', 'noun/verb', 'preposition', 'unknown', 'unknown']","['neutral', 'neutral', 'positive', 'neutral', 'unknown', 'unknown']","[0.0, 0.0, 0.8, 0.0, 0.0, 0.0]",positive,0.7
"['cincin', 'itu', 'diperbuat', 'daripada', 'emas', 'tulen', '.']","['unknown', 'demonstrative pronoun', 'unknown', 'preposition', 'noun', 'unknown', 'unknown']","['unknown', 'neutral', 'unknown', 'neutral', 'positive', 'unknown', 'unknown']","[0.0, 0.0, 0.0, 0.0, 0.4, 0.0, 0.0]",positive,0.4
"['dia', 'dikenakan', 'saman', 'kerana', 'memandu', 'laju', '.']","['pronoun', 'unknown', 'noun/verb', 'conjunction', 'unknown', 'adjective', 'unknown']","['neutral', 'unknown', 'negative', 'neutral', 'unknown', 'neutral', 'unknown']","[0.0, 0.0, -0.6, 0.0, 0.0, 0.0, 0.0]",negative,-0.6
"['suara', 'dia', 'kuattttt', 'sangat', '.']","['unknown', 'pronoun', 'adjective/adverb', 'adverb', 'unknown']","['unknown', 'neutral', 'positive', 'neutral', 'unknown']","[0.0, 0.0, 0.5, 0.0, 0.0]",positive,0.5
"['tahniah', 'atas', 'kejayaan', 'anda', '!']","['interjection', 'unknown', 'unknown', 'pronoun', 'unknown']","['positive', 'unknown', 'unknown', 'neutral', 'unknown']","[0.8, 0.0, 0.0, 0.0, 0.0]",positive,0.8
"['cepatlah', 'laaaa', '!']","['unknown', 'particle/interjection', 'unknown']","['unknown', 'neutral', 'unknown']","[0.0, 0.0, 0.0]",neutral,0.0
"['kalini', ',', 'saya', 'pasti', 'berjaya', '.']","['adverbial phrase (contraction)', 'punctuation', 'pronoun', 'adjective', 'unknown', 'unknown']","['neutral', 'neutral', 'neutral', 'neutral', 'unknown', 'unknown']","[0.0, 0.0, 0.0, 0.5, 0.0, 0.0]",neutral,0.0
"['berikan', 'saya', 'nombor', 'telefon', 'anda', '.']","['unknown', 'pronoun', 'noun', 'noun / verb', 'pronoun', 'unknown']","['unknown', 'neutral', 'neutral', 'neutral', 'neutral', 'unknown']","[0.0, 0.0, 0.0, 0.0, 0.0, 0.0]",neutral,0.0
"['mereka', 'enakan', 'suasana', 'malam', 'itu', '.']","['pronoun', 'verb', 'unknown', 'unknown', 'demonstrative pronoun', 'unknown']","['neutral', 'positive', 'unknown', 'unknown', 'neutral', 'unknown']","[0.0, 0.6, 0.0, 0.0, 0.0, 0.0]",positive,0.6
"['penjenayah', 'itu', 'mnyamun', 'bank', '.']","['noun', 'demonstrative pronoun', ""verb (misspelling of 'menyamun')"", 'noun', 'unknown']","['negative', 'neutral', 'negative', 'neutral', 'unknown']","[-0.8, 0.0, -0.8, 0.0, 0.0]",negative,-0.8
"['polis', 'berjaya', 'menangkap', 'perompak', 'itu', '.']","['noun', 'unknown', 'unknown', 'noun', 'demonstrative pronoun', 'unknown']","['neutral', 'unknown', 'unknown', 'negative', 'neutral', 'unknown']","[0.0, 0.0, 0.0, -0.9, 0.0, 0.0]",negative,-0.9
"['i', 'want', 'to', 'eat', 'that', '.']","['pronoun', 'verb (English, used in Malay informal contexts)', 'preposition', 'unknown', 'demonstrative pronoun', 'unknown']","['neutral', 'neutral', 'neutral', 'unknown', 'neutral', 'unknown']","[0.0, 0.0, 0.0, 0.0, 0.0, 0.0]",neutral,0.0
"['jaga', 'hati', '-', 'hati', 'ya', '?', '/', 'apa', 'dalam', 'hati', 'dia', '?']","['unknown', 'noun', 'punctuation', 'noun', 'interjection/adverb', 'punctuation', 'unknown', 'pronoun', 'preposition', 'noun', 'pronoun', 'punctuation']","['unknown', 'neutral', 'neutral', 'neutral', 'neutral', 'neutral', 'unknown', 'neutral', 'neutral', 'neutral', 'neutral', 'neutral']","[0.0, 0.0, 0.0, 0.0, 0.0, 0.0, 0.0, 0.0, 0.0, 0.0, 0.0, 0.0]",neutral,0.0
"['sila', 'berikan', 'komentar', 'anda', '.']","['unknown', 'unknown', 'noun', 'pronoun', 'unknown']","['unknown', 'unknown', 'neutral', 'neutral', 'unknown']","[0.0, 0.0, 0.0, 0.0, 0.0]",neutral,0.0
"['ini', 'hadiah', 'utk', 'awak', '.']","['demonstrative pronoun', 'unknown', 'preposition (contraction)', 'unknown', 'unknown']","['neutral', 'unknown', 'neutral', 'unknown', 'unknown']","[0.0, 0.0, 0.0, 0.0, 0.0]",neutral,0.0
"['jawapan', 'anda', 'betul', '.']","['unknown', 'pronoun', 'adjective', 'unknown']","['unknown', 'neutral', 'positive', 'unknown']","[0.0, 0.0, 0.6, 0.0]",positive,0.6
"['rumah', 'itu', 'sangat', 'besar', '.']","['noun', 'demonstrative pronoun', 'adverb', 'adjective', 'unknown']","['neutral', 'neutral', 'neutral', 'neutral', 'unknown']","[0.0, 0.0, 0.0, 0.0, 0.0]",neutral,0.0
"['tolong', 'tengok', ',', 'ada', 'apa', 'di', 'sana', '.']","['verb', 'verb', 'punctuation', 'verb', 'pronoun', 'preposition', 'unknown', 'unknown']","['neutral', 'neutral', 'neutral', 'neutral', 'neutral', 'neutral', 'unknown', 'unknown']","[0.0, 0.0, 0.0, 0.0, 0.0, 0.0, 0.0, 0.0]",neutral,0.0
"['penyamunnya', 'berjaya', 'ditangkap', '.']","['noun', 'unknown', 'unknown', 'unknown']","['negative', 'unknown', 'unknown', 'unknown']","[-0.9, 0.0, 0.0, 0.0]",negative,-0.9
"['dia', 'tinggal', 'di', 'sini', 'dulu', '.']","['pronoun', 'unknown', 'preposition', 'adverb (of place)', 'adverb', 'unknown']","['neutral', 'unknown', 'neutral', 'neutral', 'neutral', 'unknown']","[0.0, 0.0, 0.0, 0.0, 0.0, 0.0]",neutral,0.0
"['kerja', 'dia', 'memang', 'slow', '.']","['verb', 'pronoun', 'adverb', 'adjective/adverb', 'unknown']","['neutral', 'neutral', 'neutral', 'neutral', 'unknown']","[0.0, 0.0, 0.0, -0.2, 0.0]",neutral,-0.2
"['akhirnya', 'selesai', 'juga', 'kerja', 'ni', 'relieved', 'face']","['unknown', 'unknown', 'adverb', 'verb', 'pronoun', 'unknown', 'unknown']","['unknown', 'unknown', 'neutral', 'neutral', 'neutral', 'unknown', 'unknown']","[0.0, 0.0, 0.0, 0.0, 0.0, 0.0, 0.0]",positive,0.7
"['wekkkk', ',', 'busuknya', '!']","['interjection', 'punctuation', 'unknown', 'unknown']","['negative', 'neutral', 'unknown', 'unknown']","[-0.4, 0.0, 0.0, 0.0]",negative,-0.4
"['siapakah', 'gerangan', 'dia', '?']","['unknown', 'unknown', 'pronoun', 'punctuation']","['unknown', 'unknown', 'neutral', 'neutral']","[0.0, 0.0, 0.0, 0.0]",neutral,0.0
"['sila', 'komen', 'di', 'bawah', '.']","['unknown', 'noun/verb', 'preposition', 'preposition', 'unknown']","['unknown', 'neutral', 'neutral', 'neutral', 'unknown']","[0.0, 0.0, 0.0, 0.0, 0.0]",neutral,0.0
"['buku', 'yg', 'saya', 'baca', '.']","['unknown', 'conjunction/relative pronoun (contraction)', 'pronoun', 'unknown', 'unknown']","['unknown', 'neutral', 'neutral', 'unknown', 'unknown']","[0.0, 0.0, 0.0, 0.0, 0.0]",neutral,0.0
"['dia', 'nampak', 'hantu', 'tu.terkejut', 'betul', 'dia', '.']","['pronoun', 'verb', 'unknown', 'unknown', 'adjective', 'pronoun', 'unknown']","['neutral', 'neutral', 'unknown', 'unknown', 'positive', 'neutral', 'unknown']","[0.0, 0.0, 0.0, 0.0, 0.6, 0.0, 0.0]",negative,-0.3
"['ambil', 'sikit', 'saja', '.']","['verb', 'adjective/adverb (colloquial)', 'adverb', 'unknown']","['neutral', 'neutral', 'neutral', 'unknown']","[0.0, 0.0, 0.0, 0.0]",neutral,0.0
"['lakukan', 'segere', '!']","['unknown', ""adverb (misspelling of 'segera')"", 'unknown']","['unknown', 'neutral', 'unknown']","[0.0, 0.0, 0.0]",neutral,0.0
"['dia', 'hanya', 'diam', '…']","['pronoun', 'adverb', 'kata kerja', 'punctuation']","['neutral', 'neutral', 'neutral', 'neutral']","[0.0, 0.0, 0.0, 0.0]",neutral,0.0
"['jangan', 'libatkan', 'saya', 'dalam', 'hal', 'ini', '.']","['particle', 'unknown', 'pronoun', 'preposition', 'kata nama', 'demonstrative pronoun', 'unknown']","['neutral', 'unknown', 'neutral', 'neutral', 'neutral', 'neutral', 'unknown']","[0.0, 0.0, 0.0, 0.0, 0.0, 0.0, 0.0]",neutral,0.0
"['kerja', 'awak', 'bagus', 'sekali', '.']","['verb', 'unknown', 'adjective', 'adverb', 'unknown']","['neutral', 'unknown', 'positive', 'neutral', 'unknown']","[0.0, 0.0, 0.8, 0.0, 0.0]",positive,0.8
"['kereta', 'itu', 'lnggar', 'tiang', '.']","['kata nama', 'demonstrative pronoun', ""verb (misspelling of 'langgar')"", 'unknown', 'unknown']","['neutral', 'neutral', 'negative', 'unknown', 'unknown']","[0.0, 0.0, -0.6, 0.0, 0.0]",negative,-0.6
"['kenapa', 'jadi', 'cmni', '?']","['interrogative pronoun/adverb', 'verb / conjunction', 'adverbial phrase (contraction)', 'punctuation']","['neutral', 'neutral', 'neutral', 'neutral']","[0.0, 0.0, 0.0, 0.0]",neutral,0.0
"['ya', ',', 'btl', 'tu', '.']","['interjection/adverb', 'punctuation', ""adjective/adverb (contraction of 'betul')"", 'pronoun', 'unknown']","['neutral', 'neutral', 'positive', 'neutral', 'unknown']","[0.0, 0.0, 0.6, 0.0, 0.0]",positive,0.6
"['saya', 'menaiki', 'train', 'untuk', 'pulang', 'ke', 'kampung', '.']","['pronoun', 'unknown', 'noun', 'preposition', 'unknown', 'particle (interrogative)', 'unknown', 'unknown']","['neutral', 'unknown', 'neutral', 'neutral', 'unknown', 'neutral', 'unknown', 'unknown']","[0.0, 0.0, 0.0, 0.0, 0.0, 0.0, 0.0, 0.0]",neutral,0.0
"['makanan', 'di', 'restoran', 'ini', 'mostly', 'sedap', '.']","['noun', 'preposition', 'unknown', 'demonstrative pronoun', 'adverb', 'adjective', 'unknown']","['neutral', 'neutral', 'unknown', 'neutral', 'neutral', 'positive', 'unknown']","[0.0, 0.0, 0.0, 0.0, 0.0, 0.8, 0.0]",neutral,0.0
"['dia', 'mahu', 'makan', 'lgi', '.']","['pronoun', 'verb', 'verb', 'adverb', 'unknown']","['neutral', 'neutral', 'neutral', 'neutral', 'unknown']","[0.0, 0.0, 0.0, 0.0, 0.0]",neutral,0.0
"['kreta', 'baharu', 'itu', 'sangat', 'laju', '.']","['unknown', 'unknown', 'demonstrative pronoun', 'adverb', 'adjective', 'unknown']","['unknown', 'unknown', 'neutral', 'neutral', 'neutral', 'unknown']","[0.0, 0.0, 0.0, 0.0, 0.0, 0.0]",neutral,0.0
"['kucing', 'itu', 'sangat', 'comel', '.']","['noun', 'demonstrative pronoun', 'adverb', 'adjective', 'unknown']","['neutral', 'neutral', 'neutral', 'positive', 'unknown']","[0.0, 0.0, 0.0, 0.7, 0.0]",positive,0.7
"['lututnya', 'lecet', 'selepas', 'jatuh', '.']","['unknown', 'adjective', 'unknown', 'unknown', 'unknown']","['unknown', 'negative', 'unknown', 'unknown', 'unknown']","[0.0, -0.4, 0.0, 0.0, 0.0]",negative,-0.4
"['dia', 'datang', 'dari', 'rumah', '.']","['pronoun', 'verb', 'preposition', 'noun', 'unknown']","['neutral', 'neutral', 'neutral', 'neutral', 'unknown']","[0.0, 0.0, 0.0, 0.0, 0.0]",neutral,0.0
"['hujan', 'lebat', 'menyebabkan', 'banjir', '.']","['unknown', 'unknown', 'verb', 'unknown', 'unknown']","['unknown', 'unknown', 'neutral', 'unknown', 'unknown']","[0.0, 0.0, 0.0, 0.0, 0.0]",neutral,0.0
"['kereta', 'itu', 'tlangar', 'pokok', '.']","['kata nama', 'demonstrative pronoun', 'verb', 'unknown', 'unknown']","['neutral', 'neutral', 'negative', 'unknown', 'unknown']","[0.0, 0.0, -0.5, 0.0, 0.0]",negative,-0.5
"['dia', 'memotong', 'kuku4nya', 'setiap', 'minggu', '.']","['pronoun', 'unknown', 'unknown', 'unknown', 'unknown', 'unknown']","['neutral', 'unknown', 'unknown', 'unknown', 'unknown', 'unknown']","[0.0, 0.0, 0.0, 0.0, 0.0, 0.0]",neutral,0.0
"['awak', 'mesti', 'datang', 'esok', '.']","['unknown', 'modal verb', 'verb', 'unknown', 'unknown']","['unknown', 'neutral', 'neutral', 'unknown', 'unknown']","[0.0, 0.0, 0.0, 0.0, 0.0]",neutral,0.0
"['rasanya', 'dia', 'tidak', 'akan', 'datang', '.']","['adverb', 'pronoun', 'adverb', 'auxiliary verb', 'verb', 'unknown']","['neutral', 'neutral', 'neutral', 'neutral', 'neutral', 'unknown']","[0.0, 0.0, 0.0, 0.0, 0.0, 0.0]",neutral,0.0
"['saya', 'geram', 'dengan', 'tingkah', 'lakunya', '.']","['pronoun', 'adjective', 'preposition', 'unknown', 'unknown', 'unknown']","['neutral', 'negative', 'neutral', 'unknown', 'unknown', 'unknown']","[0.0, -0.6, 0.0, 0.0, 0.0, 0.0]",negative,-0.6
"['bilangan', 'pelajar', 'dalam', 'kelas', 'itu', 'ialah', '24', '.']","['unknown', 'unknown', 'preposition', 'unknown', 'demonstrative pronoun', 'copula', 'numeral', 'unknown']","['unknown', 'unknown', 'neutral', 'unknown', 'neutral', 'neutral', 'neutral', 'unknown']","[0.0, 0.0, 0.0, 0.0, 0.0, 0.0, 0.0, 0.0]",neutral,0.0
"['pergi', 'la', 'cepat', '!']","['verb', 'particle', 'adjective, adverb', 'unknown']","['neutral', 'neutral', 'neutral', 'unknown']","[0.0, 0.0, 0.1, 0.0]",neutral,0.0
"['dia', 'sedang', 'membaca', 'buku', '.']","['pronoun', 'unknown', 'unknown', 'unknown', 'unknown']","['neutral', 'unknown', 'unknown', 'unknown', 'unknown']","[0.0, 0.0, 0.0, 0.0, 0.0]",neutral,0.0
"['cantik', 'kan', 'bunga', 'ni', '?']","['unknown', 'particle', 'unknown', 'pronoun', 'punctuation']","['unknown', 'neutral', 'unknown', 'neutral', 'neutral']","[0.0, 0.0, 0.0, 0.0, 0.0]",neutral,0.0
"['semua', 'pelajar', 'telah', 'hadir', '.']","['quantifier / pronoun', 'unknown', 'unknown', 'unknown', 'unknown']","['neutral', 'unknown', 'unknown', 'unknown', 'unknown']","[0.0, 0.0, 0.0, 0.0, 0.0]",neutral,0.0
"['tulah', 'yang', 'saya', 'cakap', '.']","['demonstrative pronoun', 'pronoun, conjunction', 'pronoun', 'unknown', 'unknown']","['neutral', 'neutral', 'neutral', 'unknown', 'unknown']","[0.0, 0.0, 0.0, 0.0, 0.0]",neutral,0.0
"['dia', 'akan', 'datang', 'nanti', '.']","['pronoun', 'auxiliary verb', 'verb', 'adverb', 'unknown']","['neutral', 'neutral', 'neutral', 'neutral', 'unknown']","[0.0, 0.0, 0.0, 0.0, 0.0]",neutral,0.0
"['ini', 'buku', 'saya', 'punya', '.']","['demonstrative pronoun', 'unknown', 'pronoun', 'verb, auxiliary, possessive marker', 'unknown']","['neutral', 'unknown', 'neutral', 'neutral', 'unknown']","[0.0, 0.0, 0.0, 0.0, 0.0]",neutral,0.0
"['biarlah', 'dia', 'mmpoih', '!']","['unknown', 'pronoun', 'verb', 'unknown']","['unknown', 'neutral', 'negative', 'unknown']","[0.0, 0.0, -0.8, 0.0]",negative,-0.8
"['dia', 'terbunuh', 'dalam', 'kemalangan', 'itu', '.']","['pronoun', 'verb', 'preposition', 'unknown', 'demonstrative pronoun', 'unknown']","['neutral', 'negative', 'neutral', 'unknown', 'neutral', 'unknown']","[0.0, -0.9, 0.0, 0.0, 0.0, 0.0]",negative,-0.9
"['ye', ',', 'betul', 'tu', '!']","['interjection', 'punctuation', 'adjective', 'pronoun', 'unknown']","['neutral', 'neutral', 'positive', 'neutral', 'unknown']","[0.0, 0.0, 0.6, 0.0, 0.0]",neutral,0.0
"['sekian', ',', 'terima', 'kasih', '.']","['adverb, interjection', 'punctuation', 'verb', 'noun / verb', 'unknown']","['neutral', 'neutral', 'neutral', 'positive', 'unknown']","[0.0, 0.0, 0.0, 0.8, 0.0]",neutral,0.0
"['undang2', 'negara', 'ini', 'sangat', 'ketat', '.']","['noun', 'noun', 'demonstrative pronoun', 'adverb', 'unknown', 'unknown']","['neutral', 'neutral', 'neutral', 'neutral', 'unknown', 'unknown']","[0.0, 0.0, 0.0, 0.0, 0.0, 0.0]",neutral,0.0
"['botol', 'itu', 'penuh', 'dengan', 'air', '.']","['unknown', 'demonstrative pronoun', 'adjective', 'preposition', 'unknown', 'unknown']","['unknown', 'neutral', 'neutral', 'neutral', 'unknown', 'unknown']","[0.0, 0.0, 0.0, 0.0, 0.0, 0.0]",neutral,0.0
"['kerajaan', 'telah', 'mengeluarkan', 'polisi', 'baharu', '.']","['noun', 'unknown', 'unknown', 'noun', 'unknown', 'unknown']","['neutral', 'unknown', 'unknown', 'neutral', 'unknown', 'unknown']","[0.0, 0.0, 0.0, 0.0, 0.0, 0.0]",neutral,0.0
"['dia', 'membeli', 'satu', 'buku', '.']","['pronoun', 'unknown', 'numeral', 'unknown', 'unknown']","['neutral', 'unknown', 'neutral', 'unknown', 'unknown']","[0.0, 0.0, 0.0, 0.0, 0.0]",neutral,0.0
"['saya', 'bangga', 'menjadi', 'rakyat', 'malaysia', '.']","['pronoun', 'adjective', 'unknown', 'noun', 'proper noun', 'unknown']","['neutral', 'positive', 'unknown', 'neutral', 'neutral', 'unknown']","[0.0, 0.7, 0.0, 0.0, 0.0, 0.0]",positive,0.7
"['buku', 'ini', 'milik', 'saya', '.']","['unknown', 'demonstrative pronoun', 'unknown', 'pronoun', 'unknown']","['unknown', 'neutral', 'unknown', 'neutral', 'unknown']","[0.0, 0.0, 0.0, 0.0, 0.0]",neutral,0.0
"['jangan', 'sentuh', 'meja', 'itu', '.']","['particle', 'unknown', 'unknown', 'demonstrative pronoun', 'unknown']","['neutral', 'unknown', 'unknown', 'neutral', 'unknown']","[0.0, 0.0, 0.0, 0.0, 0.0]",neutral,0.0
"['prompak', 'itu', 'telah', 'ditangkap', '.']","['noun', 'demonstrative pronoun', 'unknown', 'unknown', 'unknown']","['negative', 'neutral', 'unknown', 'unknown', 'unknown']","[-0.8, 0.0, 0.0, 0.0, 0.0]",negative,-0.8
"['makanan', 'ini', 'halal', 'untuk', 'dimakan', '.']","['noun', 'demonstrative pronoun', 'adjective', 'preposition', 'unknown', 'unknown']","['neutral', 'neutral', 'positive', 'neutral', 'unknown', 'unknown']","[0.0, 0.0, 0.8, 0.0, 0.0, 0.0]",positive,0.6
"['mereka', 'melakukan', 'pelbagai', 'aktiviti', 'riadah', '.']","['pronoun', 'verb', 'unknown', 'noun', 'unknown', 'unknown']","['neutral', 'neutral', 'unknown', 'neutral', 'unknown', 'unknown']","[0.0, 0.0, 0.0, 0.0, 0.0, 0.0]",neutral,0.0
"['barang', 'tu', 'dah', 'lama', '.']","['noun', 'pronoun', 'adverb', 'adjective', 'unknown']","['neutral', 'neutral', 'neutral', 'neutral', 'unknown']","[0.0, 0.0, 0.0, 0.0, 0.0]",neutral,0.0
"['perkara', 'itu', 'menyusahkan', 'semua', 'pihak', '.']","['unknown', 'demonstrative pronoun', 'verb', 'quantifier / pronoun', 'noun', 'unknown']","['unknown', 'neutral', 'negative', 'neutral', 'neutral', 'unknown']","[0.0, 0.0, -0.6, 0.0, 0.0, 0.0]",negative,-0.6
"['saya', 'hampir', 'jatuh', 'tadi', 'grinning', 'face', 'with', 'sweat', '.']","['pronoun', 'kata keterangan/kata sifat', 'unknown', 'unknown', 'unknown', 'unknown', 'unknown', 'unknown', 'unknown']","['neutral', 'neutral', 'unknown', 'unknown', 'unknown', 'unknown', 'unknown', 'unknown', 'unknown']","[0.0, 0.0, 0.0, 0.0, 0.0, 0.0, 0.0, 0.0, 0.0]",neutral,0.0
"['hamidi', 'sedang', 'bekerja', '.']","['proper noun', 'unknown', 'unknown', 'unknown']","['neutral', 'unknown', 'unknown', 'unknown']","[0.0, 0.0, 0.0, 0.0]",neutral,0.0
"['dia', 'cuba', 'tetak', 'batang', 'pokok', 'itu', '.']","['pronoun', 'verb', 'verb', 'unknown', 'unknown', 'demonstrative pronoun', 'unknown']","['neutral', 'neutral', 'negative', 'unknown', 'unknown', 'neutral', 'unknown']","[0.0, 0.0, -0.8, 0.0, 0.0, 0.0, 0.0]",negative,-0.8
"['dia', 'berasa', 'malu', 'apabila', 'ditegur', '.']","['pronoun', 'unknown', 'adjective', 'unknown', 'unknown', 'unknown']","['neutral', 'unknown', 'negative', 'unknown', 'unknown', 'unknown']","[0.0, 0.0, -0.5, 0.0, 0.0, 0.0]",negative,-0.5
"['perompak', 'itu', 'telah', 'ditangkap', '.']","['noun', 'demonstrative pronoun', 'unknown', 'unknown', 'unknown']","['negative', 'neutral', 'unknown', 'unknown', 'unknown']","[-0.9, 0.0, 0.0, 0.0, 0.0]",negative,-0.8
"['perbuatan', 'jahatnya', 'mendapat', 'padah', '.']","['kata nama', 'unknown', 'verb', 'noun', 'unknown']","['neutral', 'unknown', 'neutral', 'negative', 'unknown']","[0.0, 0.0, 0.0, -0.6, 0.0]",negative,-0.6
"['saya', 'sayang', 'awak', 'red', 'heart', '.']","['pronoun', 'verb', 'unknown', 'unknown', 'unknown', 'unknown']","['neutral', 'positive', 'unknown', 'unknown', 'unknown', 'unknown']","[0.0, 0.8, 0.0, 0.0, 0.0, 0.0]",positive,0.9
"['lawak', 'gila', 'rolling', 'on', 'the', 'floor', 'laughingrolling', 'on', 'the', 'floor', 'laughingrolling', 'on', 'the', 'floor', 'laughing', '.']","['unknown', 'adjective', 'unknown', 'kata sendi nama/kata keterangan/kata kerja (English)', 'penentu (English)', 'unknown', 'unknown', 'kata sendi nama/kata keterangan/kata kerja (English)', 'penentu (English)', 'unknown', 'unknown', 'kata sendi nama/kata keterangan/kata kerja (English)', 'penentu (English)', 'unknown', 'unknown', 'unknown']","['unknown', 'negative', 'unknown', 'neutral', 'neutral', 'unknown', 'unknown', 'neutral', 'neutral', 'unknown', 'unknown', 'neutral', 'neutral', 'unknown', 'unknown', 'unknown']","[0.0, -0.7, 0.0, 0.0, 0.0, 0.0, 0.0, 0.0, 0.0, 0.0, 0.0, 0.0, 0.0, 0.0, 0.0, 0.0]",positive,0.8
"['dia', 'pandai', 'macam', 'ayah', 'dia', '.']","['pronoun', 'adjective', 'preposition, adverb', 'noun', 'pronoun', 'unknown']","['neutral', 'positive', 'neutral', 'neutral', 'neutral', 'unknown']","[0.0, 0.7, 0.0, 0.0, 0.0, 0.0]",neutral,0.0
"['dia', 'dibilang', 'sakit', '.']","['pronoun', 'verb', 'adjective', 'unknown']","['neutral', 'neutral', 'negative', 'unknown']","[0.0, 0.0, -0.7, 0.0]",neutral,0.0
"['dia', 'duduk', 'di', 'tepi', 'sungai', '.']","['pronoun', 'verb', 'preposition', 'noun, adverb', 'unknown', 'unknown']","['neutral', 'neutral', 'neutral', 'neutral', 'unknown', 'unknown']","[0.0, 0.0, 0.0, 0.0, 0.0, 0.0]",neutral,0.0
"['awak', 'masti', 'datang', 'esok', '.']","['unknown', 'modal verb, adverb', 'verb', 'unknown', 'unknown']","['unknown', 'neutral', 'neutral', 'unknown', 'unknown']","[0.0, 0.0, 0.0, 0.0, 0.0]",neutral,0.0
"['penjahat', 'itu', 'sangat', 'jahat', '.']","['noun', 'demonstrative pronoun', 'adverb', 'adjective', 'unknown']","['negative', 'neutral', 'neutral', 'negative', 'unknown']","[-0.9, 0.0, 0.0, -0.7, 0.0]",negative,-0.7
"['tolong', 'bunyikn', 'loceng', 'itu', '.']","['verb', 'verb', 'unknown', 'demonstrative pronoun', 'unknown']","['neutral', 'neutral', 'unknown', 'neutral', 'unknown']","[0.0, 0.0, 0.0, 0.0, 0.0]",neutral,0.0
"['ambil', 'ja', 'satu', '.']","['verb', 'particle, adverb', 'numeral', 'unknown']","['neutral', 'neutral', 'neutral', 'unknown']","[0.0, 0.0, 0.0, 0.0]",neutral,0.0
"['saya', 'pergi', 'ke', 'bank', 'untuk', 'mengeluarkan', 'wang', '.']","['pronoun', 'verb', 'particle (interrogative)', 'noun', 'preposition', 'unknown', 'unknown', 'unknown']","['neutral', 'neutral', 'neutral', 'neutral', 'neutral', 'unknown', 'unknown', 'unknown']","[0.0, 0.0, 0.0, 0.0, 0.0, 0.0, 0.0, 0.0]",neutral,0.0
"['dia', 'memandu', 'kenderaannya', 'perlahan', '.']","['pronoun', 'unknown', 'noun', 'unknown', 'unknown']","['neutral', 'unknown', 'neutral', 'unknown', 'unknown']","[0.0, 0.0, 0.0, 0.0, 0.0]",neutral,0.0
"['hadiah', 'ini', 'untuk', 'awak', '.']","['unknown', 'demonstrative pronoun', 'preposition', 'unknown', 'unknown']","['unknown', 'neutral', 'neutral', 'unknown', 'unknown']","[0.0, 0.0, 0.0, 0.0, 0.0]",neutral,0.0
"['you', 'shld', 'come', '.', '(', 'anda', 'sepatutnya', 'datang', '.', ')']","['unknown', 'modal verb', 'unknown', 'unknown', 'unknown', 'pronoun', 'adverb', 'verb', 'unknown', 'unknown']","['unknown', 'neutral', 'unknown', 'unknown', 'unknown', 'neutral', 'neutral', 'neutral', 'unknown', 'unknown']","[0.0, 0.0, 0.0, 0.0, 0.0, 0.0, 0.0, 0.0, 0.0, 0.0]",neutral,0.0
"['janganlah', 'trhegeh2', ',', 'cepat', 'sikit', '!']","['unknown', 'adjective, adverb', 'punctuation', 'adjective, adverb', 'adjective/adverb (colloquial)', 'unknown']","['unknown', 'negative', 'neutral', 'neutral', 'neutral', 'unknown']","[0.0, -0.4, 0.0, 0.1, 0.0, 0.0]",negative,-0.4
"['mari', 'kita', 'kongsi', 'makanan', 'ini', '.']","['unknown', 'pronoun', 'verb', 'noun', 'demonstrative pronoun', 'unknown']","['unknown', 'neutral', 'neutral', 'neutral', 'neutral', 'unknown']","[0.0, 0.0, 0.0, 0.0, 0.0, 0.0]",neutral,0.0
"['akak', 'saya', 'pandai', 'memasak', 'lauk', 'kegemaran', 'keluarga', '.']","['noun', 'pronoun', 'adjective', 'unknown', 'unknown', 'unknown', 'noun', 'unknown']","['neutral', 'neutral', 'positive', 'unknown', 'unknown', 'unknown', 'neutral', 'unknown']","[0.0, 0.0, 0.7, 0.0, 0.0, 0.0, 0.0, 0.0]",neutral,0.0
"['bende', 'tu', 'mahal', 'sangat', 'sampai', 'tak', 'mampu', 'beli', '.']","['noun', 'pronoun', 'adjective', 'adverb', 'verb', 'adverb (negation)', 'unknown', 'unknown', 'unknown']","['neutral', 'neutral', 'negative', 'neutral', 'neutral', 'neutral', 'unknown', 'unknown', 'unknown']","[0.0, 0.0, -0.5, 0.0, 0.0, 0.0, 0.0, 0.0, 0.0]",neutral,0.0
"['dia', 'hanya', 'ada', 'duit.main', 'untuk', 'berjudi', '.']","['pronoun', 'adverb', 'verb', 'unknown', 'preposition', 'unknown', 'unknown']","['neutral', 'neutral', 'neutral', 'unknown', 'neutral', 'unknown', 'unknown']","[0.0, 0.0, 0.0, 0.0, 0.0, 0.0, 0.0]",neutral,0.0
"['klau', 'awak', 'setuju', ',', 'kita', 'boleh', 'teruskan', 'perancangan', 'ini', '.']","['conjunction', 'unknown', 'unknown', 'punctuation', 'pronoun', 'modal verb', 'verb', 'unknown', 'demonstrative pronoun', 'unknown']","['neutral', 'unknown', 'unknown', 'neutral', 'neutral', 'neutral', 'neutral', 'unknown', 'neutral', 'unknown']","[0.0, 0.0, 0.0, 0.0, 0.0, 0.0, 0.0, 0.0, 0.0, 0.0]",neutral,0.0
"['dia', 'suka', 'pakai', 'baju', 'baru', 'setiap', 'kali', 'keluar', 'rumah', '.']","['pronoun', 'verb', 'verb', 'unknown', 'adjective, adverb', 'unknown', 'noun/adverb', 'verb', 'noun', 'unknown']","['neutral', 'positive', 'neutral', 'unknown', 'neutral', 'unknown', 'neutral', 'neutral', 'neutral', 'unknown']","[0.0, 0.7, 0.0, 0.0, 0.0, 0.0, 0.0, 0.0, 0.0, 0.0]",neutral,0.0
"['kucing', '-', 'kucing', 'itu', 'datang', 'sekor2', 'untuk', 'makan', 'makanan', '.']","['noun', 'punctuation', 'noun', 'demonstrative pronoun', 'verb', 'adverb', 'preposition', 'verb', 'noun', 'unknown']","['neutral', 'neutral', 'neutral', 'neutral', 'neutral', 'neutral', 'neutral', 'neutral', 'neutral', 'unknown']","[0.0, 0.0, 0.0, 0.0, 0.0, 0.0, 0.0, 0.0, 0.0, 0.0]",neutral,0.0
"['ajaa,,cuba', 'buat', 'yang', 'terbaik', ',', 'jangan', 'putus', 'asa', '.']","['adverb, verb', 'kata kerja', 'pronoun, conjunction', 'adjective', 'punctuation', 'particle', 'unknown', 'unknown', 'unknown']","['neutral', 'neutral', 'neutral', 'positive', 'neutral', 'neutral', 'unknown', 'unknown', 'unknown']","[0.0, 0.0, 0.0, 0.9, 0.0, 0.0, 0.0, 0.0, 0.0]",neutral,0.0
"['tmpt', 'ni', 'cantik', 'sangat', ',', 'sesuai', 'untuk', 'bergambar', '.']","['noun', 'pronoun', 'unknown', 'adverb', 'punctuation', 'unknown', 'preposition', 'unknown', 'unknown']","['neutral', 'neutral', 'unknown', 'neutral', 'neutral', 'unknown', 'neutral', 'unknown', 'unknown']","[0.0, 0.0, 0.0, 0.0, 0.0, 0.0, 0.0, 0.0, 0.0]",neutral,0.0
"['makanan', 'ini', 'agak', 'pedas', 'untuk', 'selera', 'saya', '.']","['noun', 'demonstrative pronoun', 'adverb', 'unknown', 'preposition', 'unknown', 'pronoun', 'unknown']","['neutral', 'neutral', 'neutral', 'unknown', 'neutral', 'unknown', 'neutral', 'unknown']","[0.0, 0.0, 0.0, 0.0, 0.0, 0.0, 0.0, 0.0]",neutral,0.0
"['kerja', 'rumah', 'sdh', 'siap', ',', 'saya', 'boleh', 'berehat', 'sekarang', '.']","['verb', 'noun', 'adverb', 'adjective', 'punctuation', 'pronoun', 'modal verb', 'unknown', 'adverb', 'unknown']","['neutral', 'neutral', 'neutral', 'neutral', 'neutral', 'neutral', 'neutral', 'unknown', 'neutral', 'unknown']","[0.0, 0.0, 0.0, 0.0, 0.0, 0.0, 0.0, 0.0, 0.0, 0.0]",neutral,0.0
"['saya', 'mohon', 'maaf', 'atas', 'segala', 'kesilapan', 'yang', 'telah', 'berlaku', '.']","['pronoun', 'verb', 'noun/interjection', 'unknown', 'determiner', 'noun', 'pronoun, conjunction', 'unknown', 'verb', 'unknown']","['neutral', 'neutral', 'neutral', 'unknown', 'neutral', 'negative', 'neutral', 'unknown', 'neutral', 'unknown']","[0.0, 0.0, 0.0, 0.0, 0.0, -0.6, 0.0, 0.0, 0.0, 0.0]",neutral,0.0
"['polis', 'sedang', 'memburu', 'penyerang', 'yang', 'menceroboh', 'rumah', 'itu', '.']","['noun', 'unknown', 'unknown', 'noun', 'pronoun, conjunction', 'unknown', 'noun', 'demonstrative pronoun', 'unknown']","['neutral', 'unknown', 'unknown', 'negative', 'neutral', 'unknown', 'neutral', 'neutral', 'unknown']","[0.0, 0.0, 0.0, -0.6, 0.0, 0.0, 0.0, 0.0, 0.0]",negative,-0.6
"['polis', 'menahan', 'saspek', 'utama', 'dalam', 'kes', 'rompakan', 'bank', '.']","['noun', 'unknown', 'noun', 'unknown', 'preposition', 'noun', 'kata nama', 'noun', 'unknown']","['neutral', 'unknown', 'negative', 'unknown', 'neutral', 'neutral', 'negative', 'neutral', 'unknown']","[0.0, 0.0, -0.5, 0.0, 0.0, 0.0, -0.8, 0.0, 0.0]",negative,-0.5
"['dia', 'mempunyai', 'semangat', 'yang', 'kuat', 'untuk', 'mencapai', 'kejayaan', '.']","['pronoun', 'unknown', 'noun', 'pronoun, conjunction', 'adjective', 'preposition', 'unknown', 'unknown', 'unknown']","['neutral', 'unknown', 'positive', 'neutral', 'positive', 'neutral', 'unknown', 'unknown', 'unknown']","[0.0, 0.0, 0.7, 0.0, 0.6, 0.0, 0.0, 0.0, 0.0]",positive,0.7
"['rakaman', '.', 'cctv', 'menunjukkan', 'kejadian', 'itu', 'dengan', 'jelas', '.']","['unknown', 'unknown', 'unknown', 'unknown', 'noun', 'demonstrative pronoun', 'preposition', 'adjective', 'unknown']","['unknown', 'unknown', 'unknown', 'unknown', 'neutral', 'neutral', 'neutral', 'positive', 'unknown']","[0.0, 0.0, 0.0, 0.0, 0.0, 0.0, 0.0, 0.4, 0.0]",neutral,0.0
"['kita', 'semua', 'adalah', 'satu', 'bangsa', 'malaysia', 'yang', 'bersatu', 'padu', '.']","['pronoun', 'quantifier / pronoun', 'copula / verb', 'numeral', 'noun', 'proper noun', 'pronoun, conjunction', 'unknown', 'unknown', 'unknown']","['neutral', 'neutral', 'neutral', 'neutral', 'neutral', 'neutral', 'neutral', 'unknown', 'unknown', 'unknown']","[0.0, 0.0, 0.0, 0.0, 0.0, 0.0, 0.0, 0.0, 0.0, 0.0]",neutral,0.0
"['dia', 'pulak', '.', 'yang', 'kena', 'selesaikan', 'masalah', 'ini', '.']","['pronoun', 'particle', 'unknown', 'pronoun, conjunction', 'verb', 'unknown', 'noun', 'demonstrative pronoun', 'unknown']","['neutral', 'neutral', 'unknown', 'neutral', 'neutral', 'unknown', 'negative', 'neutral', 'unknown']","[0.0, 0.0, 0.0, 0.0, 0.0, 0.0, -0.7, 0.0, 0.0]",neutral,0.0
"['pembelian', 'ini', 'ada', 'banyak', 'syarat', ',', 'yang', 'perlu', 'dipatuhi', '.']","['unknown', 'demonstrative pronoun', 'verb', 'adjective/quantifier', 'unknown', 'punctuation', 'pronoun, conjunction', 'verb/adjective', 'unknown', 'unknown']","['unknown', 'neutral', 'neutral', 'neutral', 'unknown', 'neutral', 'neutral', 'neutral', 'unknown', 'unknown']","[0.0, 0.0, 0.0, 0.0, 0.0, 0.0, 0.0, 0.0, 0.0, 0.0]",neutral,0.0
"['surat', 'itu', 'dikirim', 'semalam', 'dan', 'dijangka', 'tiba', 'hari', 'ini', '.']","['unknown', 'demonstrative pronoun', 'verb', 'unknown', 'conjunction', 'unknown', 'unknown', 'noun', 'demonstrative pronoun', 'unknown']","['unknown', 'neutral', 'neutral', 'unknown', 'neutral', 'unknown', 'unknown', 'neutral', 'neutral', 'unknown']","[0.0, 0.0, 0.0, 0.0, 0.0, 0.0, 0.0, 0.0, 0.0, 0.0]",neutral,0.0
"['semua', 'pelajar', 'hadir', 'kecuali', 'dia', 'yang', 'sakit', '.']","['quantifier / pronoun', 'unknown', 'unknown', 'conjunction', 'pronoun', 'pronoun, conjunction', 'adjective', 'unknown']","['neutral', 'unknown', 'unknown', 'neutral', 'neutral', 'neutral', 'negative', 'unknown']","[0.0, 0.0, 0.0, 0.0, 0.0, 0.0, -0.7, 0.0]",neutral,0.0
"['dia', 'kaga', 'datang', 'ke', 'majlis', 'semalam', '.']","['pronoun', 'adverb', 'verb', 'particle (interrogative)', 'unknown', 'unknown', 'unknown']","['neutral', 'neutral', 'neutral', 'neutral', 'unknown', 'unknown', 'unknown']","[0.0, 0.0, 0.0, 0.0, 0.0, 0.0, 0.0]",neutral,0.0
"['punn.klau', 'hujan', ',', 'kita', 'tetap', 'akan', 'pergi', 'juga', '.']","['unknown', 'unknown', 'punctuation', 'pronoun', 'adjective, adverb', 'auxiliary verb', 'verb', 'adverb', 'unknown']","['unknown', 'unknown', 'neutral', 'neutral', 'neutral', 'neutral', 'neutral', 'neutral', 'unknown']","[0.0, 0.0, 0.0, 0.0, 0.0, 0.0, 0.0, 0.0, 0.0]",neutral,0.0
"['dia', 'cerdik', '.tapi', 'malas', 'sedikit', '.']","['pronoun', 'unknown', 'conjunction', 'unknown', 'adjective', 'unknown']","['neutral', 'unknown', 'neutral', 'unknown', 'neutral', 'unknown']","[0.0, 0.0, 0.0, 0.0, 0.0, 0.0]",neutral,0.0
"['dia', 'bekerja', 'secara', 'sukarela', 'tanpa', 'mengharapkan', 'balasan', '.']","['pronoun', 'unknown', 'adverb', 'unknown', 'unknown', 'unknown', 'unknown', 'unknown']","['neutral', 'unknown', 'neutral', 'unknown', 'unknown', 'unknown', 'unknown', 'unknown']","[0.0, 0.0, 0.0, 0.0, 0.0, 0.0, 0.0, 0.0]",neutral,0.0
"['anak', 'itu', 'sedang', 'bermain', 'di', 'taman', 'dengan', 'riang', '.']","['noun', 'demonstrative pronoun', 'unknown', 'unknown', 'preposition', 'unknown', 'preposition', 'unknown', 'unknown']","['neutral', 'neutral', 'unknown', 'unknown', 'neutral', 'unknown', 'neutral', 'unknown', 'unknown']","[0.0, 0.0, 0.0, 0.0, 0.0, 0.0, 0.0, 0.0, 0.0]",neutral,0.0
"['tukang', 'gunting', 'itu', 'potong', 'rambut', 'saya', 'dengan', 'kemas', '.']","['unknown', 'unknown', 'demonstrative pronoun', 'verb', 'unknown', 'pronoun', 'preposition', 'unknown', 'unknown']","['unknown', 'unknown', 'neutral', 'neutral', 'unknown', 'neutral', 'neutral', 'unknown', 'unknown']","[0.0, 0.0, 0.0, 0.0, 0.0, 0.0, 0.0, 0.0, 0.0]",neutral,0.0
"['memang', 'dia', 'yang', 'melakukannya', ',', 'tiada', 'keraguan', 'lagi', '.']","['adverb', 'pronoun', 'pronoun, conjunction', 'unknown', 'punctuation', 'adverb', 'unknown', 'adverb', 'unknown']","['neutral', 'neutral', 'neutral', 'unknown', 'neutral', 'neutral', 'unknown', 'neutral', 'unknown']","[0.0, 0.0, 0.0, 0.0, 0.0, 0.0, 0.0, 0.0, 0.0]",neutral,0.0
"['dia', 'spray', 'cat', 'pada', 'dinding', 'lama', 'itu', '.']","['pronoun', 'verb', 'unknown', 'preposition', 'unknown', 'adjective', 'demonstrative pronoun', 'unknown']","['neutral', 'neutral', 'unknown', 'neutral', 'unknown', 'neutral', 'neutral', 'unknown']","[0.0, 0.0, 0.0, 0.0, 0.0, 0.0, 0.0, 0.0]",neutral,0.0
"['kereta', 'itu', 'langgar', '.', 'lampu', 'isyarat', 'merah', '.']","['kata nama', 'demonstrative pronoun', 'verb', 'unknown', 'unknown', 'unknown', 'unknown', 'unknown']","['neutral', 'neutral', 'negative', 'unknown', 'unknown', 'unknown', 'unknown', 'unknown']","[0.0, 0.0, -0.6, 0.0, 0.0, 0.0, 0.0, 0.0]",negative,-0.5
"['semoga', 'anda', 'sentiasa', 'jaya', 'dalam', 'semua', 'usaha', 'anda', '.']","['adverb', 'pronoun', 'adverb', 'noun', 'preposition', 'quantifier / pronoun', 'unknown', 'pronoun', 'unknown']","['positive', 'neutral', 'neutral', 'positive', 'neutral', 'neutral', 'unknown', 'neutral', 'unknown']","[0.5, 0.0, 0.0, 0.8, 0.0, 0.0, 0.0, 0.0, 0.0]",positive,0.8
"['kakak', '.', 'saya', 'bekerja', 'sebagai', 'seorang', 'jurutera', '.']","['unknown', 'unknown', 'pronoun', 'unknown', 'preposition', 'unknown', 'unknown', 'unknown']","['unknown', 'unknown', 'neutral', 'unknown', 'neutral', 'unknown', 'unknown', 'unknown']","[0.0, 0.0, 0.0, 0.0, 0.0, 0.0, 0.0, 0.0]",neutral,0.0
"['dia', 'mencari', 'kunci', 'keretanya', 'yang', 'hilang', '.']","['pronoun', 'unknown', 'noun, verb', 'noun', 'pronoun, conjunction', 'unknown', 'unknown']","['neutral', 'unknown', 'neutral', 'neutral', 'neutral', 'unknown', 'unknown']","[0.0, 0.0, 0.0, 0.0, 0.0, 0.0, 0.0]",neutral,0.0
"['awak', 'tau', 'tak', 'macam', 'mana', 'nak', 'selesaikan', 'masalah', 'ni', '?']","['unknown', 'verb', 'adverb (negation)', 'preposition, adverb', 'interrogative pronoun', 'auxiliary verb', 'unknown', 'noun', 'pronoun', 'punctuation']","['unknown', 'neutral', 'neutral', 'neutral', 'neutral', 'neutral', 'unknown', 'negative', 'neutral', 'neutral']","[0.0, 0.0, 0.0, 0.0, 0.0, 0.0, 0.0, -0.7, 0.0, 0.0]",neutral,0.0
"['dia', 'terdiam', '.', 'sebelum', 'memberikan', 'jawapan', '.']","['pronoun', 'unknown', 'unknown', 'preposition', 'unknown', 'unknown', 'unknown']","['neutral', 'unknown', 'unknown', 'neutral', 'unknown', 'unknown', 'unknown']","[0.0, 0.0, 0.0, 0.0, 0.0, 0.0, 0.0]",neutral,0.0
"['dia', 'tinggal', 'di', 'kampung', 'ini', 'dlu', 'sebelum', 'berpindah', 'ke', 'bandar', '.']","['pronoun', 'unknown', 'preposition', 'unknown', 'demonstrative pronoun', 'adverb', 'preposition', 'unknown', 'particle (interrogative)', 'unknown', 'unknown']","['neutral', 'unknown', 'neutral', 'unknown', 'neutral', 'neutral', 'neutral', 'unknown', 'neutral', 'unknown', 'unknown']","[0.0, 0.0, 0.0, 0.0, 0.0, 0.0, 0.0, 0.0, 0.0, 0.0, 0.0]",neutral,0.0
"['kita', 'harus', 'ada', '(', 'respect', ')', '.', 'terhadap', 'orang', 'tua', 'dan', 'guru', '.']","['pronoun', 'auxiliary verb', 'verb', 'unknown', 'noun/verb', 'unknown', 'unknown', 'unknown', 'noun', 'unknown', 'conjunction', 'unknown', 'unknown']","['neutral', 'neutral', 'neutral', 'unknown', 'positive', 'unknown', 'unknown', 'unknown', 'neutral', 'unknown', 'neutral', 'unknown', 'unknown']","[0.0, 0.0, 0.0, 0.0, 0.8, 0.0, 0.0, 0.0, 0.0, 0.0, 0.0, 0.0, 0.0]",positive,0.7
"['rumahnya', 'dekat', 'dengan', 'sekolah', '.']","['unknown', 'adjective, preposition', 'preposition', 'unknown', 'unknown']","['unknown', 'neutral', 'neutral', 'unknown', 'unknown']","[0.0, 0.0, 0.0, 0.0, 0.0]",neutral,0.0
"['kasus', 'jenayah', 'itu', 'masih', 'dalam', 'siasatan', 'polis', '.']","['noun', 'noun', 'demonstrative pronoun', 'adverb', 'preposition', 'unknown', 'noun', 'unknown']","['neutral', 'negative', 'neutral', 'neutral', 'neutral', 'unknown', 'neutral', 'unknown']","[0.0, -0.8, 0.0, 0.0, 0.0, 0.0, 0.0, 0.0]",neutral,0.0
"['apa', 'khabar', ',', 'brader', '.', 'dah', 'lama', 'tak', 'jumpa', '.']","['pronoun', 'unknown', 'punctuation', 'unknown', 'unknown', 'adverb', 'adjective', 'adverb (negation)', 'verb', 'unknown']","['neutral', 'unknown', 'neutral', 'unknown', 'unknown', 'neutral', 'neutral', 'neutral', 'neutral', 'unknown']","[0.0, 0.0, 0.0, 0.0, 0.0, 0.0, 0.0, 0.0, 0.0, 0.0]",neutral,0.0
"['maling', 'itu', 'telah', 'ditangkap', 'polis', 'selepas', 'rompakan', '.']","['noun', 'demonstrative pronoun', 'unknown', 'unknown', 'noun', 'unknown', 'kata nama', 'unknown']","['negative', 'neutral', 'unknown', 'unknown', 'neutral', 'unknown', 'negative', 'unknown']","[-0.8, 0.0, 0.0, 0.0, 0.0, 0.0, -0.8, 0.0]",negative,-0.8
"['dia', 'harus', 'menjaga', 'diri', 'dan', 'kesihatan', 'dengan', 'baik', '.']","['pronoun', 'auxiliary verb', 'unknown', 'noun, pronoun', 'conjunction', 'unknown', 'preposition', 'adjective', 'unknown']","['neutral', 'neutral', 'unknown', 'neutral', 'neutral', 'unknown', 'neutral', 'positive', 'unknown']","[0.0, 0.0, 0.0, 0.0, 0.0, 0.0, 0.0, 0.8, 0.0]",neutral,0.0
"['kaki', 'kucing', 'itu', 'pichang', 'setelah', 'dilanggar', 'motosikal', '.']","['noun', 'noun', 'demonstrative pronoun', 'adjective', 'unknown', 'verb', 'unknown', 'unknown']","['neutral', 'neutral', 'neutral', 'negative', 'unknown', 'negative', 'unknown', 'unknown']","[0.0, 0.0, 0.0, -0.4, 0.0, -0.6, 0.0, 0.0]",negative,-0.4
"['dia', 'ingin', 'pergi', 'to', 'pasar', 'untuk', 'membeli', 'barang', '.']","['pronoun', 'verb', 'verb', 'preposition', 'noun', 'preposition', 'unknown', 'noun', 'unknown']","['neutral', 'neutral', 'neutral', 'neutral', 'neutral', 'neutral', 'unknown', 'neutral', 'unknown']","[0.0, 0.0, 0.0, 0.0, 0.0, 0.0, 0.0, 0.0, 0.0]",neutral,0.0
"['dia', 'cakap', 'pasal', ""'"", 'kefai', ""'"", 'tapi', 'saya', 'tak', 'faham', 'maksudnya', '.']","['pronoun', 'unknown', 'preposition', 'unknown', 'unidentified', 'unknown', 'kata hubung', 'pronoun', 'adverb (negation)', 'verb / adjective', 'unknown', 'unknown']","['neutral', 'unknown', 'neutral', 'unknown', 'neutral', 'unknown', 'neutral', 'neutral', 'neutral', 'neutral', 'unknown', 'unknown']","[0.0, 0.0, 0.0, 0.0, 0.0, 0.0, 0.0, 0.0, 0.0, 0.0, 0.0, 0.0]",neutral,0.0
"['cis', '!', 'berani', 'betul', 'dia', 'menipu', 'orang', 'ramai', '.']","['interjection', 'unknown', 'adjective', 'adjective', 'pronoun', 'unknown', 'noun', 'adjective', 'unknown']","['negative', 'unknown', 'positive', 'positive', 'neutral', 'unknown', 'neutral', 'neutral', 'unknown']","[-0.6, 0.0, 0.7, 0.6, 0.0, 0.0, 0.0, 0.1, 0.0]",negative,-0.6
"['menteri', 'kewangan', 'akan', 'membentangkan', 'bajet', 'di', 'parlimen', '.']","['noun', 'unknown', 'auxiliary verb', 'unknown', 'unknown', 'preposition', 'unknown', 'unknown']","['neutral', 'unknown', 'neutral', 'unknown', 'unknown', 'neutral', 'unknown', 'unknown']","[0.0, 0.0, 0.0, 0.0, 0.0, 0.0, 0.0, 0.0]",neutral,0.0
"['sila', 'pastikan', 'pintu', 'terkunci', 'sebelum', 'anda', 'keluar', '.']","['unknown', 'verb', 'noun', 'unknown', 'preposition', 'pronoun', 'verb', 'unknown']","['unknown', 'neutral', 'neutral', 'unknown', 'neutral', 'neutral', 'neutral', 'unknown']","[0.0, 0.0, 0.0, 0.0, 0.0, 0.0, 0.0, 0.0]",neutral,0.0
"['dia', 'baru', 'sahaja', 'membeli', 'kereta', 'model', 'vios', 'baharu', '.']","['pronoun', 'adjective, adverb', 'unknown', 'unknown', 'kata nama', 'unknown', 'noun (proper)', 'unknown', 'unknown']","['neutral', 'neutral', 'unknown', 'unknown', 'neutral', 'unknown', 'neutral', 'unknown', 'unknown']","[0.0, 0.0, 0.0, 0.0, 0.0, 0.0, 0.0, 0.0, 0.0]",neutral,0.0
"['dia', 'xrespect', 'langsung', 'orang', 'tua', ',', 'sungguh', 'biadap', '.']","['pronoun', 'verb', 'adverb', 'noun', 'unknown', 'punctuation', 'kata keterangan/kata sifat', 'unknown', 'unknown']","['neutral', 'negative', 'neutral', 'neutral', 'unknown', 'neutral', 'neutral', 'unknown', 'unknown']","[0.0, -0.8, 0.0, 0.0, 0.0, 0.0, 0.0, 0.0, 0.0]",negative,-0.8
"['pemandu', 'itu', 'hon', 'kuat', '-', 'kuat', 'apabila', 'terperangkap', 'dalam', 'kesesakan', '.']","['noun', 'demonstrative pronoun', 'verb', 'adjective', 'punctuation', 'adjective', 'unknown', 'unknown', 'preposition', 'unknown', 'unknown']","['neutral', 'neutral', 'neutral', 'positive', 'neutral', 'positive', 'unknown', 'unknown', 'neutral', 'unknown', 'unknown']","[0.0, 0.0, 0.0, 0.6, 0.0, 0.6, 0.0, 0.0, 0.0, 0.0, 0.0]",neutral,0.0
"['lelaki', 'itu', 'sedang', 'membaca', 'buku', 'di', 'taman', '.']","['noun', 'demonstrative pronoun', 'unknown', 'unknown', 'unknown', 'preposition', 'unknown', 'unknown']","['neutral', 'neutral', 'unknown', 'unknown', 'unknown', 'neutral', 'unknown', 'unknown']","[0.0, 0.0, 0.0, 0.0, 0.0, 0.0, 0.0, 0.0]",neutral,0.0
"['saya', 'nk', 'pergi', 'ke', 'kedai', 'sekarang', '.']","['pronoun', 'verb (colloquial)', 'verb', 'particle (interrogative)', 'noun', 'adverb', 'unknown']","['neutral', 'neutral', 'neutral', 'neutral', 'neutral', 'neutral', 'unknown']","[0.0, 0.0, 0.0, 0.0, 0.0, 0.0, 0.0]",neutral,0.0
"['telefon', 'saya', 'sudah', 'broken', 'dan', 'tidak', 'boleh', 'digunakan', '.']","['noun / verb', 'pronoun', 'adverb', 'adjective', 'conjunction', 'adverb', 'modal verb', 'unknown', 'unknown']","['neutral', 'neutral', 'neutral', 'negative', 'neutral', 'neutral', 'neutral', 'unknown', 'unknown']","[0.0, 0.0, 0.0, -0.7, 0.0, 0.0, 0.0, 0.0, 0.0]",negative,-0.7
"['dia', 'berasa', 'puas', 'hati', 'dengan', 'hasil', 'kerjanya', 'yang', 'cemerlang', '.']","['pronoun', 'unknown', 'adjective', 'noun', 'preposition', 'noun, verb', 'unknown', 'pronoun, conjunction', 'unknown', 'unknown']","['neutral', 'unknown', 'positive', 'neutral', 'neutral', 'neutral', 'unknown', 'neutral', 'unknown', 'unknown']","[0.0, 0.0, 0.7, 0.0, 0.0, 0.2, 0.0, 0.0, 0.0, 0.0]",positive,0.6
"['harga', 'pakej', 'itu', 'termasuk', 'tiket', 'penerbangan', 'dan', 'penginapan', '.']","['unknown', 'unknown', 'demonstrative pronoun', 'verb', 'unknown', 'unknown', 'conjunction', 'unknown', 'unknown']","['unknown', 'unknown', 'neutral', 'neutral', 'unknown', 'unknown', 'neutral', 'unknown', 'unknown']","[0.0, 0.0, 0.0, 0.0, 0.0, 0.0, 0.0, 0.0, 0.0]",neutral,0.0
"['kematian', 'adalah', 'lumrah', 'kehidupan', 'yang', 'tidak', 'dapat', 'dielakkan', '.']","['unknown', 'copula / verb', 'unknown', 'noun', 'pronoun, conjunction', 'adverb', 'verb', 'unknown', 'unknown']","['unknown', 'neutral', 'unknown', 'neutral', 'neutral', 'neutral', 'positive', 'unknown', 'unknown']","[0.0, 0.0, 0.0, 0.0, 0.0, 0.0, 0.5, 0.0, 0.0]",neutral,0.0
"['berikan', 'salam', 'kepada', 'semua', 'orang', 'yang', 'awak', 'temui', '.']","['unknown', 'interjection / noun', 'preposition', 'quantifier / pronoun', 'noun', 'pronoun, conjunction', 'unknown', 'unknown', 'unknown']","['unknown', 'positive', 'neutral', 'neutral', 'neutral', 'neutral', 'unknown', 'unknown', 'unknown']","[0.0, 0.7, 0.0, 0.0, 0.0, 0.0, 0.0, 0.0, 0.0]",positive,0.5
"['dia', 'tidak', 'peduli', 'dengan', 'apa', 'yang', 'orang', 'lain', 'katakan', 'tentangnya', '.']","['pronoun', 'adverb', 'verb/adjective', 'preposition', 'pronoun', 'pronoun, conjunction', 'noun', 'adjective', 'unknown', 'unknown', 'unknown']","['neutral', 'neutral', 'neutral', 'neutral', 'neutral', 'neutral', 'neutral', 'neutral', 'unknown', 'unknown', 'unknown']","[0.0, 0.0, 0.0, 0.0, 0.0, 0.0, 0.0, 0.0, 0.0, 0.0, 0.0]",neutral,0.0
"['dia', 'cuba', 'menarik', 'attention', 'semua', 'orang', 'di', 'dalam', 'bilik', '.']","['pronoun', 'verb', 'unknown', 'noun', 'quantifier / pronoun', 'noun', 'preposition', 'preposition', 'unknown', 'unknown']","['neutral', 'neutral', 'unknown', 'neutral', 'neutral', 'neutral', 'neutral', 'neutral', 'unknown', 'unknown']","[0.0, 0.0, 0.0, 0.0, 0.0, 0.0, 0.0, 0.0, 0.0, 0.0]",neutral,0.0
"['pelajar', 'itu', 'mendapat', 'mark', 'yang', 'tinggi', 'dalam', 'peperiksaan', '.']","['unknown', 'demonstrative pronoun', 'verb', 'noun/verb (English)', 'pronoun, conjunction', 'adjective', 'preposition', 'unknown', 'unknown']","['unknown', 'neutral', 'neutral', 'neutral', 'neutral', 'neutral', 'neutral', 'unknown', 'unknown']","[0.0, 0.0, 0.0, 0.0, 0.0, 0.0, 0.0, 0.0, 0.0]",neutral,0.0
"['sila', 'repeat', 'arahan', 'itu', 'supaya', 'semua', 'orang', 'faham', '.']","['unknown', 'verb', 'unknown', 'demonstrative pronoun', 'conjunction', 'quantifier / pronoun', 'noun', 'verb / adjective', 'unknown']","['unknown', 'neutral', 'unknown', 'neutral', 'neutral', 'neutral', 'neutral', 'neutral', 'unknown']","[0.0, 0.0, 0.0, 0.0, 0.0, 0.0, 0.0, 0.0, 0.0]",neutral,0.0
"['ada', 'banyak', 'buku', 'di', 'perpustakaan', 'awam', '.']","['verb', 'adjective/quantifier', 'unknown', 'preposition', 'unknown', 'kata sifat', 'unknown']","['neutral', 'neutral', 'unknown', 'neutral', 'unknown', 'neutral', 'unknown']","[0.0, 0.0, 0.0, 0.0, 0.0, 0.0, 0.0]",neutral,0.0
"['jangan', 'buat', 'bgtu', 'lagi', 'lain', 'kali', '.']","['particle', 'kata kerja', 'adverb (colloquial)', 'adverb', 'adjective', 'noun/adverb', 'unknown']","['neutral', 'neutral', 'neutral', 'neutral', 'neutral', 'neutral', 'unknown']","[0.0, 0.0, 0.0, 0.0, 0.0, 0.0, 0.0]",neutral,0.0
"['dia', 'suka', 'ulang2', 'lagu', 'yang', 'sama', 'setiap', 'hari', '.']","['pronoun', 'verb', 'verb (reduplication)', 'noun', 'pronoun, conjunction', 'adjective', 'unknown', 'noun', 'unknown']","['neutral', 'positive', 'neutral', 'neutral', 'neutral', 'neutral', 'unknown', 'neutral', 'unknown']","[0.0, 0.7, 0.0, 0.0, 0.0, 0.0, 0.0, 0.0, 0.0]",neutral,0.0
"['mamat', 'itu', 'kawan', 'saya', 'dari', 'zaman', 'sekolah', '.']","['noun (slang)', 'demonstrative pronoun', 'noun', 'pronoun', 'preposition', 'noun', 'unknown', 'unknown']","['neutral', 'neutral', 'positive', 'neutral', 'neutral', 'neutral', 'unknown', 'unknown']","[0.0, 0.0, 0.6, 0.0, 0.0, 0.0, 0.0, 0.0]",neutral,0.0
"['pihak', 'berkuasa', 'akan', 'perketatkan', 'undang', '-', 'undang', 'sedia', 'ada', '.']","['noun', 'verb', 'auxiliary verb', 'verb', 'verb/noun', 'punctuation', 'verb/noun', 'unknown', 'verb', 'unknown']","['neutral', 'neutral', 'neutral', 'neutral', 'neutral', 'neutral', 'neutral', 'unknown', 'neutral', 'unknown']","[0.0, 0.0, 0.0, 0.0, 0.0, 0.0, 0.0, 0.0, 0.0, 0.0]",neutral,0.0
"['dia', 'memandang', 'dirinya', 'di', 'cermin', 'sebelum', 'keluar', '.']","['pronoun', 'unknown', 'unknown', 'preposition', 'noun', 'preposition', 'verb', 'unknown']","['neutral', 'unknown', 'unknown', 'neutral', 'neutral', 'neutral', 'neutral', 'unknown']","[0.0, 0.0, 0.0, 0.0, 0.0, 0.0, 0.0, 0.0]",neutral,0.0
"['dia', 'berjalan', 'kebekakang', 'perlahan', '-', 'lahan', 'untuk', 'mengelak', '.']","['pronoun', 'unknown', 'adverb', 'unknown', 'punctuation', 'unknown', 'preposition', 'unknown', 'unknown']","['neutral', 'unknown', 'neutral', 'unknown', 'neutral', 'unknown', 'neutral', 'unknown', 'unknown']","[0.0, 0.0, 0.0, 0.0, 0.0, 0.0, 0.0, 0.0, 0.0]",neutral,0.0
"['kanak', '-', 'kanak', 'itu', 'bermain', 'pasir', 'di', 'tepi', 'pantai', '.']","['noun', 'punctuation', 'noun', 'demonstrative pronoun', 'unknown', 'noun', 'preposition', 'noun, adverb', 'unknown', 'unknown']","['neutral', 'neutral', 'neutral', 'neutral', 'unknown', 'neutral', 'neutral', 'neutral', 'unknown', 'unknown']","[0.0, 0.0, 0.0, 0.0, 0.0, 0.0, 0.0, 0.0, 0.0, 0.0]",neutral,0.0
"['akhirnya', 'impiannya', 'jadi', 'kenyataan', 'selepas', 'lama', 'berusaha', '.']","['unknown', 'unknown', 'verb / conjunction', 'unknown', 'unknown', 'adjective', 'verb', 'unknown']","['unknown', 'unknown', 'neutral', 'unknown', 'unknown', 'neutral', 'positive', 'unknown']","[0.0, 0.0, 0.0, 0.0, 0.0, 0.0, 0.7, 0.0]",neutral,0.0
"['restoran', 'itu', 'sangat', 'recommended', 'untuk', 'hidangan', 'makan', 'malam', '.']","['unknown', 'demonstrative pronoun', 'adverb', 'adjective', 'preposition', 'unknown', 'verb', 'unknown', 'unknown']","['unknown', 'neutral', 'neutral', 'positive', 'neutral', 'unknown', 'neutral', 'unknown', 'unknown']","[0.0, 0.0, 0.0, 0.7, 0.0, 0.0, 0.0, 0.0, 0.0]",positive,0.7
"['kedai', 'barang', 'kemas', 'itu', 'dirompak', 'malam', 'tadi', 'oleh', 'sekumpulan', 'penjenayah', '.']","['noun', 'noun', 'unknown', 'demonstrative pronoun', 'verb (passive)', 'unknown', 'unknown', 'preposition', 'unknown', 'noun', 'unknown']","['neutral', 'neutral', 'unknown', 'neutral', 'negative', 'unknown', 'unknown', 'neutral', 'unknown', 'negative', 'unknown']","[0.0, 0.0, 0.0, 0.0, -0.8, 0.0, 0.0, 0.0, 0.0, -0.8, 0.0]",negative,-0.8
"['mereka', 'baru', 'berpindah', 'ke', 'rumah', 'baru', 'di', 'pinggir', 'bandar', '.']","['pronoun', 'adjective, adverb', 'unknown', 'particle (interrogative)', 'noun', 'adjective, adverb', 'preposition', 'unknown', 'unknown', 'unknown']","['neutral', 'neutral', 'unknown', 'neutral', 'neutral', 'neutral', 'neutral', 'unknown', 'unknown', 'unknown']","[0.0, 0.0, 0.0, 0.0, 0.0, 0.0, 0.0, 0.0, 0.0, 0.0]",neutral,0.0
"['dia', 'tiba', 'disaat2', 'akhir', 'mesyuarat', 'bermula', '.']","['pronoun', 'unknown', 'noun (reduplication with prefix)', 'adjective', 'unknown', 'unknown', 'unknown']","['neutral', 'unknown', 'neutral', 'neutral', 'unknown', 'unknown', 'unknown']","[0.0, 0.0, 0.0, 0.0, 0.0, 0.0, 0.0]",neutral,0.0
"['perompak', 'itu', 'bersenjata', 'pistol', 'ketika', 'melakukan', 'rompakan', '.']","['noun', 'demonstrative pronoun', 'adjective/verb', 'noun', 'conjunction', 'verb', 'kata nama', 'unknown']","['negative', 'neutral', 'negative', 'neutral', 'neutral', 'neutral', 'negative', 'unknown']","[-0.9, 0.0, -0.5, 0.0, 0.0, 0.0, -0.8, 0.0]",negative,-0.5
"['dia', 'menutup', 'tingkp', 'biliknya', 'kerana', 'hujan', 'lebat', '.']","['pronoun', 'verb', 'noun', 'unknown', 'conjunction', 'unknown', 'unknown', 'unknown']","['neutral', 'neutral', 'neutral', 'unknown', 'neutral', 'unknown', 'unknown', 'unknown']","[0.0, 0.0, 0.0, 0.0, 0.0, 0.0, 0.0, 0.0]",neutral,0.0
"['dia', 'suka', 'semua', 'jenis', 'buah', ',', 'terutama', 'rambutan', '.']","['pronoun', 'verb', 'quantifier / pronoun', 'unknown', 'unknown', 'punctuation', 'adverb/adjective', 'unknown', 'unknown']","['neutral', 'positive', 'neutral', 'unknown', 'unknown', 'neutral', 'neutral', 'unknown', 'unknown']","[0.0, 0.7, 0.0, 0.0, 0.0, 0.0, 0.0, 0.0, 0.0]",neutral,0.0
"['dia', 'sgt', 'pandai', 'dalam', 'mata', 'pelajaran', 'matematik', '.']","['pronoun', 'adverb (colloquial)', 'adjective', 'preposition', 'unknown', 'unknown', 'unknown', 'unknown']","['neutral', 'neutral', 'positive', 'neutral', 'unknown', 'unknown', 'unknown', 'unknown']","[0.0, 0.0, 0.7, 0.0, 0.0, 0.0, 0.0, 0.0]",neutral,0.0
"['dia', 'kelihatan', 'macam', 'ibunya', 'sewaktu', 'muda', 'dahulu', '.']","['pronoun', 'unknown', 'preposition, adverb', 'unknown', 'unknown', 'unknown', 'unknown', 'unknown']","['neutral', 'unknown', 'neutral', 'unknown', 'unknown', 'unknown', 'unknown', 'unknown']","[0.0, 0.0, 0.0, 0.0, 0.0, 0.0, 0.0, 0.0]",neutral,0.0
"['awak', 'mesti', 'datang', 'ke', 'majlis', 'itu', 'esok', 'pagi', '.']","['unknown', 'modal verb', 'verb', 'particle (interrogative)', 'unknown', 'demonstrative pronoun', 'unknown', 'unknown', 'unknown']","['unknown', 'neutral', 'neutral', 'neutral', 'unknown', 'neutral', 'unknown', 'unknown', 'unknown']","[0.0, 0.0, 0.0, 0.0, 0.0, 0.0, 0.0, 0.0, 0.0]",neutral,0.0
"['kita', 'mesti', 'hormat', 'orang', 'tua', 'dan', 'guru', '-', 'guru', 'kita', '.']","['pronoun', 'modal verb', 'noun/verb', 'noun', 'unknown', 'conjunction', 'unknown', 'punctuation', 'unknown', 'pronoun', 'unknown']","['neutral', 'neutral', 'positive', 'neutral', 'unknown', 'neutral', 'unknown', 'neutral', 'unknown', 'neutral', 'unknown']","[0.0, 0.0, 0.7, 0.0, 0.0, 0.0, 0.0, 0.0, 0.0, 0.0, 0.0]",positive,0.7
"['sikapnya', 'yang', 'baik', 'mencerminkan', 'didikan', 'ibu', 'bapanya', '.']","['unknown', 'pronoun, conjunction', 'adjective', 'verb', 'unknown', 'unknown', 'unknown', 'unknown']","['unknown', 'neutral', 'positive', 'neutral', 'unknown', 'unknown', 'unknown', 'unknown']","[0.0, 0.0, 0.8, 0.0, 0.0, 0.0, 0.0, 0.0]",neutral,0.0
"['dia', 'berlari', 'dengan', 'cepat', 'untuk', 'mengejar', 'bas', '.']","['pronoun', 'unknown', 'preposition', 'adjective, adverb', 'preposition', 'unknown', 'unknown', 'unknown']","['neutral', 'unknown', 'neutral', 'neutral', 'neutral', 'unknown', 'unknown', 'unknown']","[0.0, 0.0, 0.0, 0.1, 0.0, 0.0, 0.0, 0.0]",neutral,0.0
"['kok', 'tak', 'datang', 'lagi', ',', 'dah', 'lama', 'tunggu', 'ni', '?']","['particle/interjection (colloquial)', 'adverb (negation)', 'verb', 'adverb', 'punctuation', 'adverb', 'adjective', 'verb', 'pronoun', 'punctuation']","['neutral', 'neutral', 'neutral', 'neutral', 'neutral', 'neutral', 'neutral', 'neutral', 'neutral', 'neutral']","[0.0, 0.0, 0.0, 0.0, 0.0, 0.0, 0.0, 0.0, 0.0, 0.0]",neutral,0.0
"['perbuatan', 'itu', 'sungguh', 'kejam', 'dan', 'tidak', 'berperikemanusiaan', '.']","['kata nama', 'demonstrative pronoun', 'kata keterangan/kata sifat', 'unknown', 'conjunction', 'adverb', 'unknown', 'unknown']","['neutral', 'neutral', 'neutral', 'unknown', 'neutral', 'neutral', 'unknown', 'unknown']","[0.0, 0.0, 0.0, 0.0, 0.0, 0.0, 0.0, 0.0]",negative,-0.9
"['bayi', 'itu', 'menangis', ',', ""'"", 'huaaaa', '!', ""'"", 'apabila', 'ibunya', 'pergi', '.']","['unknown', 'demonstrative pronoun', 'unknown', 'punctuation', 'unknown', 'interjection/onomatopoeia', 'unknown', 'unknown', 'unknown', 'unknown', 'verb', 'unknown']","['unknown', 'neutral', 'unknown', 'neutral', 'unknown', 'negative', 'unknown', 'unknown', 'unknown', 'unknown', 'neutral', 'unknown']","[0.0, 0.0, 0.0, 0.0, 0.0, -0.5, 0.0, 0.0, 0.0, 0.0, 0.0, 0.0]",negative,-0.5
"['dia', 'menjadi', '.mansa', 'penipuan', 'internet', 'itu', '.']","['pronoun', 'unknown', 'noun', 'unknown', 'unknown', 'demonstrative pronoun', 'unknown']","['neutral', 'unknown', 'negative', 'unknown', 'unknown', 'neutral', 'unknown']","[0.0, 0.0, -0.7, 0.0, 0.0, 0.0, 0.0]",negative,-0.7
"['cepatlh', 'datang', ',', 'kami', 'dah', 'lama', 'tunggu', '!']","['unknown', 'verb', 'punctuation', 'unknown', 'adverb', 'adjective', 'verb', 'unknown']","['unknown', 'neutral', 'neutral', 'unknown', 'neutral', 'neutral', 'neutral', 'unknown']","[0.0, 0.0, 0.0, 0.0, 0.0, 0.0, 0.0, 0.0]",neutral,0.0
"['dia', 'ada', 'byk', 'duit', 'dalam', 'akaun', 'banknya', '.']","['pronoun', 'verb', 'adjective/quantifier (colloquial)', 'noun', 'preposition', 'unknown', 'unknown', 'unknown']","['neutral', 'neutral', 'neutral', 'neutral', 'neutral', 'unknown', 'unknown', 'unknown']","[0.0, 0.0, 0.0, 0.0, 0.0, 0.0, 0.0, 0.0]",neutral,0.0
"['semoga', 'anda', 'selamat', ',', 'carilah', 'tempat', 'berlindung', 'segera', '.']","['adverb', 'pronoun', 'adjective', 'punctuation', 'unknown', 'noun', 'unknown', 'unknown', 'unknown']","['positive', 'neutral', 'positive', 'neutral', 'unknown', 'neutral', 'unknown', 'unknown', 'unknown']","[0.5, 0.0, 0.7, 0.0, 0.0, 0.0, 0.0, 0.0, 0.0]",positive,0.8
"['dia', 'terlepas', 'bas', 'ke', 'sekolah', 'pagi', 'tadi', '.']","['pronoun', 'verb', 'unknown', 'particle (interrogative)', 'unknown', 'unknown', 'unknown', 'unknown']","['neutral', 'negative', 'unknown', 'neutral', 'unknown', 'unknown', 'unknown', 'unknown']","[0.0, -0.4, 0.0, 0.0, 0.0, 0.0, 0.0, 0.0]",negative,-0.4
"['dia', 'memerlukan', 'lebih', 'banyak', 'duit', 'untuk', 'membeli', 'rumah', '.']","['pronoun', 'unknown', 'adverb', 'adjective/quantifier', 'noun', 'preposition', 'unknown', 'noun', 'unknown']","['neutral', 'unknown', 'neutral', 'neutral', 'neutral', 'neutral', 'unknown', 'neutral', 'unknown']","[0.0, 0.0, 0.0, 0.0, 0.0, 0.0, 0.0, 0.0, 0.0]",neutral,0.0
"['dia', 'sudah', 'sampai', 'di', 'rumah', 'ibunya', '.']","['pronoun', 'adverb', 'verb', 'preposition', 'noun', 'unknown', 'unknown']","['neutral', 'neutral', 'neutral', 'neutral', 'neutral', 'unknown', 'unknown']","[0.0, 0.0, 0.0, 0.0, 0.0, 0.0, 0.0]",neutral,0.0
"['kenapa', 'awak', 'lambat', 'datang', 'ke', 'majlis', '?']","['interrogative pronoun/adverb', 'unknown', 'unknown', 'verb', 'particle (interrogative)', 'unknown', 'punctuation']","['neutral', 'unknown', 'unknown', 'neutral', 'neutral', 'unknown', 'neutral']","[0.0, 0.0, 0.0, 0.0, 0.0, 0.0, 0.0]",neutral,0.0
"['dia', 'mmbunyikn', 'loceng', 'pintu', 'rumah', '.']","['pronoun', 'verb (colloquial/typo)', 'unknown', 'noun', 'noun', 'unknown']","['neutral', 'neutral', 'unknown', 'neutral', 'neutral', 'unknown']","[0.0, 0.0, 0.0, 0.0, 0.0, 0.0]",neutral,0.0
"['ini', 'bukunya', 'yang', 'tertinggal', 'di', 'atas', 'meja', '.']","['demonstrative pronoun', 'unknown', 'pronoun, conjunction', 'unknown', 'preposition', 'unknown', 'unknown', 'unknown']","['neutral', 'unknown', 'neutral', 'unknown', 'neutral', 'unknown', 'unknown', 'unknown']","[0.0, 0.0, 0.0, 0.0, 0.0, 0.0, 0.0, 0.0]",neutral,0.0
"['dia', 'didakwa', '?', 'atas', 'kesalahan', 'rasuah', '.']","['pronoun', 'unknown', 'punctuation', 'unknown', 'unknown', 'noun', 'unknown']","['neutral', 'unknown', 'neutral', 'unknown', 'unknown', 'negative', 'unknown']","[0.0, 0.0, 0.0, 0.0, 0.0, -0.8, 0.0]",negative,-0.6
"['betul', 'ka', 'apa', 'yang', 'dia', 'cakap', 'semalam', '?']","['adjective', 'particle', 'pronoun', 'pronoun, conjunction', 'pronoun', 'unknown', 'unknown', 'punctuation']","['positive', 'neutral', 'neutral', 'neutral', 'neutral', 'unknown', 'unknown', 'neutral']","[0.6, 0.0, 0.0, 0.0, 0.0, 0.0, 0.0, 0.0]",neutral,0.0
"['polis', 'menemui', 'beberapa', 'butir', 'peluru', 'di', 'tempat', 'kejadian', '.']","['noun', 'unknown', 'determiner', 'unknown', 'noun', 'preposition', 'noun', 'noun', 'unknown']","['neutral', 'unknown', 'neutral', 'unknown', 'neutral', 'neutral', 'neutral', 'neutral', 'unknown']","[0.0, 0.0, 0.0, 0.0, 0.0, 0.0, 0.0, 0.0, 0.0]",neutral,0.0
"['dia', 'menyodok', 'sampah', 'ke', 'dalam', 'tong', '.']","['pronoun', 'unknown', 'unknown', 'particle (interrogative)', 'preposition', 'unknown', 'unknown']","['neutral', 'unknown', 'unknown', 'neutral', 'neutral', 'unknown', 'unknown']","[0.0, 0.0, 0.0, 0.0, 0.0, 0.0, 0.0]",neutral,0.0
"['buku', 'ni', 'saya', 'punya', '.']","['unknown', 'pronoun', 'pronoun', 'verb, auxiliary, possessive marker', 'unknown']","['unknown', 'neutral', 'neutral', 'neutral', 'unknown']","[0.0, 0.0, 0.0, 0.0, 0.0]",neutral,0.0
"['kalau', 'hujan', ',', 'kita', 'tak', 'jadi', 'keluar', '.']","['conjunction', 'unknown', 'punctuation', 'pronoun', 'adverb (negation)', 'verb / conjunction', 'verb', 'unknown']","['neutral', 'unknown', 'neutral', 'neutral', 'neutral', 'neutral', 'neutral', 'unknown']","[0.0, 0.0, 0.0, 0.0, 0.0, 0.0, 0.0, 0.0]",neutral,0.0
"['jangan', 'bising', 'di', 'sini', '.']","['particle', 'adjective', 'preposition', 'adverb (of place)', 'unknown']","['neutral', 'negative', 'neutral', 'neutral', 'unknown']","[0.0, -0.5, 0.0, 0.0, 0.0]",neutral,0.0
"['janganlah', 'berkelakuan', 'bodoh', '.']","['unknown', 'unknown', 'adjective', 'unknown']","['unknown', 'unknown', 'negative', 'unknown']","[0.0, 0.0, -0.8, 0.0]",negative,-0.8
"['tolong', 'bg', 'saya', 'buku', 'itu', '.']","['verb', 'verb', 'pronoun', 'unknown', 'demonstrative pronoun', 'unknown']","['neutral', 'neutral', 'neutral', 'unknown', 'neutral', 'unknown']","[0.0, 0.0, 0.0, 0.0, 0.0, 0.0]",neutral,0.0
"['mereka', 'mengadakan', 'protes', 'terhadap', 'kenaikan', 'harga', 'barang', '.']","['pronoun', 'unknown', 'noun', 'unknown', 'unknown', 'unknown', 'noun', 'unknown']","['neutral', 'unknown', 'negative', 'unknown', 'unknown', 'unknown', 'neutral', 'unknown']","[0.0, 0.0, -0.6, 0.0, 0.0, 0.0, 0.0, 0.0]",negative,-0.6
"['kami', 'ada', 'respek', 'yang', 'tinggi', 'kepada', 'guru', 'itu', '.']","['unknown', 'verb', 'noun', 'pronoun, conjunction', 'adjective', 'preposition', 'unknown', 'demonstrative pronoun', 'unknown']","['unknown', 'neutral', 'positive', 'neutral', 'neutral', 'neutral', 'unknown', 'neutral', 'unknown']","[0.0, 0.0, 0.7, 0.0, 0.0, 0.0, 0.0, 0.0, 0.0]",positive,0.7
"['buku', 'itu', 'ada', 'pd', 'saya', '.']","['unknown', 'demonstrative pronoun', 'verb', 'preposition', 'pronoun', 'unknown']","['unknown', 'neutral', 'neutral', 'neutral', 'neutral', 'unknown']","[0.0, 0.0, 0.0, 0.0, 0.0, 0.0]",neutral,0.0
"['dia', 'gerak', 'perlahan', '-', 'lahan', '.']","['pronoun', 'verb', 'unknown', 'punctuation', 'unknown', 'unknown']","['neutral', 'neutral', 'unknown', 'neutral', 'unknown', 'unknown']","[0.0, 0.0, 0.0, 0.0, 0.0, 0.0]",neutral,0.0
"['ada', 'banyak', 'hal', 'lain', '-', 'lain', 'yang', 'perlu', 'diselesaikan', '.']","['verb', 'adjective/quantifier', 'kata nama', 'adjective', 'punctuation', 'adjective', 'pronoun, conjunction', 'verb/adjective', 'unknown', 'unknown']","['neutral', 'neutral', 'neutral', 'neutral', 'neutral', 'neutral', 'neutral', 'neutral', 'unknown', 'unknown']","[0.0, 0.0, 0.0, 0.0, 0.0, 0.0, 0.0, 0.0, 0.0, 0.0]",neutral,0.0
"['dia', 'sering', 'datang', 'melawat', 'kami', '.']","['pronoun', 'adverb', 'verb', 'unknown', 'unknown', 'unknown']","['neutral', 'neutral', 'neutral', 'unknown', 'unknown', 'unknown']","[0.0, 0.0, 0.0, 0.0, 0.0, 0.0]",neutral,0.0
"['dia', 'bagi', 'hadiah', 'kepada', 'adiknya', '.']","['pronoun', 'verb', 'unknown', 'preposition', 'unknown', 'unknown']","['neutral', 'neutral', 'unknown', 'neutral', 'unknown', 'unknown']","[0.0, 0.0, 0.0, 0.0, 0.0, 0.0]",neutral,0.0
"['dia', 'habiskan', 'semua', 'makanan', 'itu', '.']","['pronoun', 'verb', 'quantifier / pronoun', 'noun', 'demonstrative pronoun', 'unknown']","['neutral', 'neutral', 'neutral', 'neutral', 'neutral', 'unknown']","[0.0, 0.0, 0.0, 0.0, 0.0, 0.0]",neutral,0.0
"['buku', 'ini', 'untuk', 'kamu', '.']","['unknown', 'demonstrative pronoun', 'preposition', 'unknown', 'unknown']","['unknown', 'neutral', 'neutral', 'unknown', 'unknown']","[0.0, 0.0, 0.0, 0.0, 0.0]",neutral,0.0
"['dia', 'dituduh', 'membunuh', 'jirannya', '.']","['pronoun', 'unknown', 'verb', 'unknown', 'unknown']","['neutral', 'unknown', 'negative', 'unknown', 'unknown']","[0.0, 0.0, -1.0, 0.0, 0.0]",negative,-0.9
"['dia', 'seorang', 'pemain', 'bola', 'sepak', 'yang', 'handal', '.']","['pronoun', 'unknown', 'unknown', 'kata nama', 'unknown', 'pronoun, conjunction', 'adjective', 'unknown']","['neutral', 'unknown', 'unknown', 'neutral', 'unknown', 'neutral', 'positive', 'unknown']","[0.0, 0.0, 0.0, 0.0, 0.0, 0.0, 0.8, 0.0]",positive,0.8
"['dia', 'cuba', 'melawan', 'musuhnya', '.']","['pronoun', 'verb', 'verb', 'unknown', 'unknown']","['neutral', 'neutral', 'neutral', 'unknown', 'unknown']","[0.0, 0.0, 0.0, 0.0, 0.0]",neutral,0.0
"['saya', 'datang', 'dua', 'kali', 'seminggu', '.']","['pronoun', 'verb', 'numeral', 'noun/adverb', 'unknown', 'unknown']","['neutral', 'neutral', 'neutral', 'neutral', 'unknown', 'unknown']","[0.0, 0.0, 0.0, 0.0, 0.0, 0.0]",neutral,0.0
"['dia', 'berjalan', 'dengan', 'lenggang', 'kangkung', '.']","['pronoun', 'unknown', 'preposition', 'verb', 'unknown', 'unknown']","['neutral', 'unknown', 'neutral', 'neutral', 'unknown', 'unknown']","[0.0, 0.0, 0.0, 0.0, 0.0, 0.0]",neutral,0.0
"['kucing', 'itu', 'died', 'semalam', '.', '(', 'kucing', 'itu', 'mati', 'semalam', '.', ')']","['noun', 'demonstrative pronoun', 'verb', 'unknown', 'unknown', 'unknown', 'noun', 'demonstrative pronoun', 'verb', 'unknown', 'unknown', 'unknown']","['neutral', 'neutral', 'negative', 'unknown', 'unknown', 'unknown', 'neutral', 'neutral', 'negative', 'unknown', 'unknown', 'unknown']","[0.0, 0.0, -0.7, 0.0, 0.0, 0.0, 0.0, 0.0, -0.7, 0.0, 0.0, 0.0]",negative,-0.7
"['saya', 'harap', 'awak', 'berjaya', '.']","['pronoun', 'verb', 'unknown', 'unknown', 'unknown']","['neutral', 'positive', 'unknown', 'unknown', 'unknown']","[0.0, 0.6, 0.0, 0.0, 0.0]",positive,0.6
"['dia', 'msuk', 'ke', 'dalam', 'rumah', '.']","['pronoun', 'verb', 'particle (interrogative)', 'preposition', 'noun', 'unknown']","['neutral', 'neutral', 'neutral', 'neutral', 'neutral', 'unknown']","[0.0, 0.0, 0.0, 0.0, 0.0, 0.0]",neutral,0.0
"['tolong', 'kasi', 'saya', 'duit', '.']","['verb', 'verb', 'pronoun', 'noun', 'unknown']","['neutral', 'neutral', 'neutral', 'neutral', 'unknown']","[0.0, 0.0, 0.0, 0.0, 0.0]",neutral,0.0
"['rumah', 'tuu', 'cantik', '.']","['noun', 'demonstrative pronoun', 'unknown', 'unknown']","['neutral', 'neutral', 'unknown', 'unknown']","[0.0, 0.0, 0.0, 0.0]",neutral,0.0
"['mobilnya', 'rosak', 'di', 'tengah', 'jalan', '.']","['noun', 'adjective', 'preposition', 'noun / adverb', 'noun/verb', 'unknown']","['neutral', 'negative', 'neutral', 'neutral', 'neutral', 'unknown']","[0.0, -0.8, 0.0, 0.0, 0.0, 0.0]",neutral,0.0
"['saya', 'nk', 'makan', '.']","['pronoun', 'verb (colloquial)', 'verb', 'unknown']","['neutral', 'neutral', 'neutral', 'unknown']","[0.0, 0.0, 0.0, 0.0]",neutral,0.0
"['saya', 'rasa', 'makanan', 'ini', 'sedap', '.']","['pronoun', 'verb', 'noun', 'demonstrative pronoun', 'adjective', 'unknown']","['neutral', 'neutral', 'neutral', 'neutral', 'positive', 'unknown']","[0.0, 0.0, 0.0, 0.0, 0.8, 0.0]",neutral,0.0
"['biar', 'saya', 'tolong', 'dia', '.']","['verb / conjunction', 'pronoun', 'verb', 'pronoun', 'unknown']","['neutral', 'neutral', 'neutral', 'neutral', 'unknown']","[0.0, 0.0, 0.0, 0.0, 0.0]",neutral,0.0
"['salleh', 'sedang', 'membaca', 'buku', '.']","['proper_noun', 'unknown', 'unknown', 'unknown', 'unknown']","['neutral', 'unknown', 'unknown', 'unknown', 'unknown']","[0.0, 0.0, 0.0, 0.0, 0.0]",neutral,0.0
"['dia', 'memang', 'pemalas', ',', 'kerja', 'rumah', 'tak', 'pernah', 'buat', '.']","['pronoun', 'adverb', 'adjective', 'punctuation', 'verb', 'noun', 'adverb (negation)', 'adverb', 'kata kerja', 'unknown']","['neutral', 'neutral', 'negative', 'neutral', 'neutral', 'neutral', 'neutral', 'neutral', 'neutral', 'unknown']","[0.0, 0.0, -0.7, 0.0, 0.0, 0.0, 0.0, 0.0, 0.0, 0.0]",negative,-0.7
"['dia', 'belajar', 'bahasa', 'cina', '.']","['pronoun', 'unknown', 'noun', 'noun', 'unknown']","['neutral', 'unknown', 'neutral', 'neutral', 'unknown']","[0.0, 0.0, 0.0, 0.0, 0.0]",neutral,0.0
"['sampah', 'itu', 'dicampak', 'ke', 'dalam', 'tong', '.']","['unknown', 'demonstrative pronoun', 'verb', 'particle (interrogative)', 'preposition', 'unknown', 'unknown']","['unknown', 'neutral', 'neutral', 'neutral', 'neutral', 'unknown', 'unknown']","[0.0, 0.0, 0.0, 0.0, 0.0, 0.0, 0.0]",neutral,0.0
"['korang', 'dah', 'makan', 'ke', '?']","['pronoun', 'adverb', 'verb', 'particle (interrogative)', 'punctuation']","['neutral', 'neutral', 'neutral', 'neutral', 'neutral']","[0.0, 0.0, 0.0, 0.0, 0.0]",neutral,0.0
"['tolong', 'jelaskan', 'maksud', 'perkataan', 'ini', '.']","['verb', 'unknown', 'unknown', 'unknown', 'demonstrative pronoun', 'unknown']","['neutral', 'unknown', 'unknown', 'unknown', 'neutral', 'unknown']","[0.0, 0.0, 0.0, 0.0, 0.0, 0.0]",neutral,0.0
"['dia', 'menjaga', 'tubuhnya', 'dengan', 'baik', '.']","['pronoun', 'unknown', 'unknown', 'preposition', 'adjective', 'unknown']","['neutral', 'unknown', 'unknown', 'neutral', 'positive', 'unknown']","[0.0, 0.0, 0.0, 0.0, 0.8, 0.0]",neutral,0.0
"['dia', 'bekerja', 'seharian', 'tanpa', 'henti', '.']","['pronoun', 'unknown', 'unknown', 'unknown', 'unknown', 'unknown']","['neutral', 'unknown', 'unknown', 'unknown', 'unknown', 'unknown']","[0.0, 0.0, 0.0, 0.0, 0.0, 0.0]",neutral,0.0
"['rasanya', 'dia', 'takkan', 'datang', '.']","['adverb', 'pronoun', 'adverb', 'verb', 'unknown']","['neutral', 'neutral', 'neutral', 'neutral', 'unknown']","[0.0, 0.0, 0.0, 0.0, 0.0]",neutral,0.0
"['kita', 'perlu', 'reflect', 'atas', 'kesilapan', 'yang', 'lalu', '.']","['pronoun', 'verb/adjective', 'verb', 'unknown', 'noun', 'pronoun, conjunction', 'verb / adverb / conjunction', 'unknown']","['neutral', 'neutral', 'neutral', 'unknown', 'negative', 'neutral', 'neutral', 'unknown']","[0.0, 0.0, 0.0, 0.0, -0.6, 0.0, 0.0, 0.0]",neutral,0.0
"['dia', 'tinggal', 'di', 'sini', 'dulu', '.']","['pronoun', 'unknown', 'preposition', 'adverb (of place)', 'adverb', 'unknown']","['neutral', 'unknown', 'neutral', 'neutral', 'neutral', 'unknown']","[0.0, 0.0, 0.0, 0.0, 0.0, 0.0]",neutral,0.0
"['cuba', 'angkat', 'kotak', 'ini', '.']","['verb', 'unknown', 'unknown', 'demonstrative pronoun', 'unknown']","['neutral', 'unknown', 'unknown', 'neutral', 'unknown']","[0.0, 0.0, 0.0, 0.0, 0.0]",neutral,0.0
"['mari', 'kita', 'tgk', 'filem', 'itu', '.']","['unknown', 'pronoun', 'verb', 'unknown', 'demonstrative pronoun', 'unknown']","['unknown', 'neutral', 'neutral', 'unknown', 'neutral', 'unknown']","[0.0, 0.0, 0.0, 0.0, 0.0, 0.0]",neutral,0.0
"['kereta', 'itu', 'mula', 'begerak', '.']","['kata nama', 'demonstrative pronoun', 'unknown', 'unknown', 'unknown']","['neutral', 'neutral', 'unknown', 'unknown', 'unknown']","[0.0, 0.0, 0.0, 0.0, 0.0]",neutral,0.0
"['alaa', ',', 'kenapa', 'jadi', 'macam', 'ni', '?']","['exclamation', 'punctuation', 'interrogative pronoun/adverb', 'verb / conjunction', 'preposition, adverb', 'pronoun', 'punctuation']","['neutral', 'neutral', 'neutral', 'neutral', 'neutral', 'neutral', 'neutral']","[0.0, 0.0, 0.0, 0.0, 0.0, 0.0, 0.0]",neutral,0.0
"['dia', 'akan', 'datang', 'esok', '.']","['pronoun', 'auxiliary verb', 'verb', 'unknown', 'unknown']","['neutral', 'neutral', 'neutral', 'unknown', 'unknown']","[0.0, 0.0, 0.0, 0.0, 0.0]",neutral,0.0
"['mereka', 'berdepan', 'dengan', 'masalah', 'besar', '.']","['pronoun', 'verb', 'preposition', 'noun', 'adjective', 'unknown']","['neutral', 'neutral', 'neutral', 'negative', 'neutral', 'unknown']","[0.0, 0.0, 0.0, -0.7, 0.0, 0.0]",neutral,0.0
"['jangan', 'buat', 'kerja', 'begitu', '.']","['particle', 'kata kerja', 'verb', 'adverb', 'unknown']","['neutral', 'neutral', 'neutral', 'neutral', 'unknown']","[0.0, 0.0, 0.0, 0.0, 0.0]",neutral,0.0
"['dia', 'mendengar', 'dengan', 'telinganya', '.']","['pronoun', 'unknown', 'preposition', 'unknown', 'unknown']","['neutral', 'unknown', 'neutral', 'unknown', 'unknown']","[0.0, 0.0, 0.0, 0.0, 0.0]",neutral,0.0
"['cawan', 'itu', 'retak', 'selepas', 'jatuh', '.']","['unknown', 'demonstrative pronoun', 'adjective', 'unknown', 'unknown', 'unknown']","['unknown', 'neutral', 'negative', 'unknown', 'unknown', 'unknown']","[0.0, 0.0, -0.5, 0.0, 0.0, 0.0]",negative,-0.5
"['dia', 'lpas', 'tangan', 'dari', 'masalah', 'itu', '.']","['pronoun', 'verb / adverb / preposition', 'noun', 'preposition', 'noun', 'demonstrative pronoun', 'unknown']","['neutral', 'neutral', 'neutral', 'neutral', 'negative', 'neutral', 'unknown']","[0.0, 0.0, 0.0, 0.0, -0.7, 0.0, 0.0]",neutral,0.0
"['dia', 'seorang', 'perempuan', 'yang', 'kuat', '.']","['pronoun', 'unknown', 'noun', 'pronoun, conjunction', 'adjective', 'unknown']","['neutral', 'unknown', 'neutral', 'neutral', 'positive', 'unknown']","[0.0, 0.0, 0.0, 0.0, 0.6, 0.0]",neutral,0.0
"['semoga', 'anda', 'selamat', 'tiba', 'di', 'destinasi', '.']","['adverb', 'pronoun', 'adjective', 'unknown', 'preposition', 'unknown', 'unknown']","['positive', 'neutral', 'positive', 'unknown', 'neutral', 'unknown', 'unknown']","[0.5, 0.0, 0.7, 0.0, 0.0, 0.0, 0.0]",positive,0.7
"['semua', 'pelajar', 'perlu', 'hadir', '.']","['quantifier / pronoun', 'unknown', 'verb/adjective', 'unknown', 'unknown']","['neutral', 'unknown', 'neutral', 'unknown', 'unknown']","[0.0, 0.0, 0.0, 0.0, 0.0]",neutral,0.0
"['dia', 'pergi', 'kerja', 'menunggang', 'motor', '.']","['pronoun', 'verb', 'verb', 'unknown', 'noun', 'unknown']","['neutral', 'neutral', 'neutral', 'unknown', 'neutral', 'unknown']","[0.0, 0.0, 0.0, 0.0, 0.0, 0.0]",neutral,0.0
"['jaga', 'diri', 'baik', '-', 'baik', '.']","['unknown', 'noun, pronoun', 'adjective', 'punctuation', 'adjective', 'unknown']","['unknown', 'neutral', 'positive', 'neutral', 'positive', 'unknown']","[0.0, 0.0, 0.8, 0.0, 0.8, 0.0]",neutral,0.0
"['ramai', 'org', 'berkumpul', 'di', 'dataran', '.']","['adjective', 'noun', 'unknown', 'preposition', 'unknown', 'unknown']","['neutral', 'neutral', 'unknown', 'neutral', 'unknown', 'unknown']","[0.1, 0.0, 0.0, 0.0, 0.0, 0.0]",neutral,0.0
"['buku', 'tuu', 'mahal', 'sangat', '.']","['unknown', 'demonstrative pronoun', 'adjective', 'adverb', 'unknown']","['unknown', 'neutral', 'negative', 'neutral', 'unknown']","[0.0, 0.0, -0.5, 0.0, 0.0]",neutral,0.0
"['tekan', 'butang', 'ini', 'untuk', 'mula', '.']","['verb', 'unknown', 'demonstrative pronoun', 'preposition', 'unknown', 'unknown']","['neutral', 'unknown', 'neutral', 'neutral', 'unknown', 'unknown']","[0.0, 0.0, 0.0, 0.0, 0.0, 0.0]",neutral,0.0
"['barang', 'kecil', '-', 'kecil', 'itu', 'mudah', 'hilang', '.']","['noun', 'unknown', 'punctuation', 'unknown', 'demonstrative pronoun', 'adjective', 'unknown', 'unknown']","['neutral', 'unknown', 'neutral', 'unknown', 'neutral', 'positive', 'unknown', 'unknown']","[0.0, 0.0, 0.0, 0.0, 0.0, 0.6, 0.0, 0.0]",neutral,0.0
"['mereka', 'bekerja', 'dari', 'siang', 'hingga', 'malam', '.']","['pronoun', 'unknown', 'preposition', 'noun', 'preposition / conjunction', 'unknown', 'unknown']","['neutral', 'unknown', 'neutral', 'neutral', 'neutral', 'unknown', 'unknown']","[0.0, 0.0, 0.0, 0.0, 0.0, 0.0, 0.0]",neutral,0.0
"['saya', 'perlukan', 'more', 'waktu', '.']","['pronoun', 'unknown', 'adverb', 'unknown', 'unknown']","['neutral', 'unknown', 'neutral', 'unknown', 'unknown']","[0.0, 0.0, 0.0, 0.0, 0.0]",neutral,0.0
"['kasi', 'saya', 'peluang', 'sekali', 'lagi', '.']","['verb', 'pronoun', 'noun', 'adverb', 'adverb', 'unknown']","['neutral', 'neutral', 'positive', 'neutral', 'neutral', 'unknown']","[0.0, 0.0, 0.7, 0.0, 0.0, 0.0]",neutral,0.0
"['mereka', 'akan', 'menyambut', 'hari', 'raya', 'aidilfitri', '.']","['pronoun', 'auxiliary verb', 'unknown', 'noun', 'adjective', 'unknown', 'unknown']","['neutral', 'neutral', 'unknown', 'neutral', 'neutral', 'unknown', 'unknown']","[0.0, 0.0, 0.0, 0.0, 0.0, 0.0, 0.0]",neutral,0.0
"['buku', 'itu', 'di', 'atas', 'meja', '.']","['unknown', 'demonstrative pronoun', 'preposition', 'unknown', 'unknown', 'unknown']","['unknown', 'neutral', 'neutral', 'unknown', 'unknown', 'unknown']","[0.0, 0.0, 0.0, 0.0, 0.0, 0.0]",neutral,0.0
"['persembahan', 'mereka', 'adalah', 'yang', 'terbaik', '.']","['unknown', 'pronoun', 'copula / verb', 'pronoun, conjunction', 'adjective', 'unknown']","['unknown', 'neutral', 'neutral', 'neutral', 'positive', 'unknown']","[0.0, 0.0, 0.0, 0.0, 0.9, 0.0]",positive,0.8
"['dia', 'sudah', 'lepas', 'dari', 'penjara', '.']","['pronoun', 'adverb', 'verb', 'preposition', 'noun', 'unknown']","['neutral', 'neutral', 'neutral', 'neutral', 'negative', 'unknown']","[0.0, 0.0, 0.0, 0.0, -0.8, 0.0]",neutral,0.0
"['semoga', 'anda', 'selamat', 'tiba', 'di', 'destinasi', '.']","['adverb', 'pronoun', 'adjective', 'unknown', 'preposition', 'unknown', 'unknown']","['positive', 'neutral', 'positive', 'unknown', 'neutral', 'unknown', 'unknown']","[0.5, 0.0, 0.7, 0.0, 0.0, 0.0, 0.0]",positive,0.7
"['isu', 'kemanusiaan', 'etnik', 'rohingnya', 'mendapat', 'perhatian', 'global', '.']","['unknown', 'unknown', 'unknown', 'noun', 'verb', 'noun', 'unknown', 'unknown']","['unknown', 'unknown', 'unknown', 'neutral', 'neutral', 'positive', 'unknown', 'unknown']","[0.0, 0.0, 0.0, 0.0, 0.0, 0.5, 0.0, 0.0]",neutral,0.0
"['dia', 'tidak', 'datang', 'sebab', 'sakit', '.']","['pronoun', 'adverb', 'verb', 'conjunction', 'adjective', 'unknown']","['neutral', 'neutral', 'neutral', 'neutral', 'negative', 'unknown']","[0.0, 0.0, 0.0, 0.0, -0.7, 0.0]",neutral,0.0
"['dia', 'udah', 'makan', '.']","['pronoun', 'adverb', 'verb', 'unknown']","['neutral', 'neutral', 'neutral', 'unknown']","[0.0, 0.0, 0.0, 0.0]",neutral,0.0
"['dia', 'dapat', 'hadiah', 'itu', '.', '/', 'saya', 'dapat', 'hadir', 'esok', '.']","['pronoun', 'verb', 'unknown', 'demonstrative pronoun', 'unknown', 'unknown', 'pronoun', 'verb', 'unknown', 'unknown', 'unknown']","['neutral', 'positive', 'unknown', 'neutral', 'unknown', 'unknown', 'neutral', 'positive', 'unknown', 'unknown', 'unknown']","[0.0, 0.5, 0.0, 0.0, 0.0, 0.0, 0.0, 0.5, 0.0, 0.0, 0.0]",neutral,0.0
"['komuniti', 'rohingnya', 'menghadapi', 'cabaran', 'besar', '.']","['unknown', 'noun', 'unknown', 'unknown', 'adjective', 'unknown']","['unknown', 'neutral', 'unknown', 'unknown', 'neutral', 'unknown']","[0.0, 0.0, 0.0, 0.0, 0.0, 0.0]",neutral,0.0
"['dia', 'sangat', 'marah', 'dengan', 'tindakan', 'itu', '.']","['pronoun', 'adverb', 'adjective', 'preposition', 'noun', 'demonstrative pronoun', 'unknown']","['neutral', 'neutral', 'negative', 'neutral', 'neutral', 'neutral', 'unknown']","[0.0, 0.0, -0.6, 0.0, 0.0, 0.0, 0.0]",negative,-0.6
"['dia', 'sedang', 'fikirkan', 'cara', 'untuk', 'menyelesaikan', 'masalah', 'itu', '.']","['pronoun', 'unknown', 'unknown', 'noun', 'preposition', 'unknown', 'noun', 'demonstrative pronoun', 'unknown']","['neutral', 'unknown', 'unknown', 'neutral', 'neutral', 'unknown', 'negative', 'neutral', 'unknown']","[0.0, 0.0, 0.0, 0.0, 0.0, 0.0, -0.7, 0.0, 0.0]",neutral,0.0
"['kanak', '-', 'kanak', 'itu', 'sedang', 'bermain', '.']","['noun', 'punctuation', 'noun', 'demonstrative pronoun', 'unknown', 'unknown', 'unknown']","['neutral', 'neutral', 'neutral', 'neutral', 'unknown', 'unknown', 'unknown']","[0.0, 0.0, 0.0, 0.0, 0.0, 0.0, 0.0]",neutral,0.0
"['saya', 'mahukan', 'warna', 'yang', 'lain', '.']","['pronoun', 'unknown', 'unknown', 'pronoun, conjunction', 'adjective', 'unknown']","['neutral', 'unknown', 'unknown', 'neutral', 'neutral', 'unknown']","[0.0, 0.0, 0.0, 0.0, 0.0, 0.0]",neutral,0.0
"['bekalan', 'makanan', 'itu', 'cukop2', 'untuk', 'seminggu', '.']","['unknown', 'noun', 'demonstrative pronoun', 'adverb', 'preposition', 'unknown', 'unknown']","['unknown', 'neutral', 'neutral', 'neutral', 'neutral', 'unknown', 'unknown']","[0.0, 0.0, 0.0, 0.0, 0.0, 0.0, 0.0]",neutral,0.0
"['dia', 'cuba', ',', 'tapi', 'gagal', '.']","['pronoun', 'verb', 'punctuation', 'kata hubung', 'unknown', 'unknown']","['neutral', 'neutral', 'neutral', 'neutral', 'unknown', 'unknown']","[0.0, 0.0, 0.0, 0.0, 0.0, 0.0]",neutral,0.0
"['kanak', '-', 'kanak', 'itu', 'bermain', 'mercun', 'pada', 'hari', 'raya', '.']","['noun', 'punctuation', 'noun', 'demonstrative pronoun', 'unknown', 'noun', 'preposition', 'noun', 'adjective', 'unknown']","['neutral', 'neutral', 'neutral', 'neutral', 'unknown', 'neutral', 'neutral', 'neutral', 'neutral', 'unknown']","[0.0, 0.0, 0.0, 0.0, 0.0, 0.0, 0.0, 0.0, 0.0, 0.0]",neutral,0.0
"['dia', 'berjuang', 'untuk', 'menyelamatkan', 'nyawanya', '.']","['pronoun', 'unknown', 'preposition', 'unknown', 'unknown', 'unknown']","['neutral', 'unknown', 'neutral', 'unknown', 'unknown', 'unknown']","[0.0, 0.0, 0.0, 0.0, 0.0, 0.0]",neutral,0.0
"['betul', 'ke', 'ek', '?']","['adjective', 'particle (interrogative)', 'particle', 'punctuation']","['positive', 'neutral', 'neutral', 'neutral']","[0.6, 0.0, 0.0, 0.0]",neutral,0.0
"['klauu', 'hujan', ',', 'kami', 'batalkan', 'perkelahan', '.']","['conjunction', 'unknown', 'punctuation', 'unknown', 'unknown', 'unknown', 'unknown']","['neutral', 'unknown', 'neutral', 'unknown', 'unknown', 'unknown', 'unknown']","[0.0, 0.0, 0.0, 0.0, 0.0, 0.0, 0.0]",neutral,0.0
"['bumper', 'kereta', 'itu', 'kemek', 'akibat', 'kemalangan', '.']","['unknown', 'kata nama', 'demonstrative pronoun', 'adjective', 'unknown', 'unknown', 'unknown']","['unknown', 'neutral', 'neutral', 'negative', 'unknown', 'unknown', 'unknown']","[0.0, 0.0, 0.0, -0.3, 0.0, 0.0, 0.0]",negative,-0.3
"['dia', 'datang', 'saje', 'nak', 'tengok', '-', 'tengok', '.']","['pronoun', 'verb', 'adverb', 'auxiliary verb', 'verb', 'punctuation', 'verb', 'unknown']","['neutral', 'neutral', 'neutral', 'neutral', 'neutral', 'neutral', 'neutral', 'unknown']","[0.0, 0.0, 0.0, 0.0, 0.0, 0.0, 0.0, 0.0]",neutral,0.0
"['keadaannya', 'sangat', 'parah', 'selepas', 'kemalangan', 'itu', '.']","['unknown', 'adverb', 'adjective', 'unknown', 'unknown', 'demonstrative pronoun', 'unknown']","['unknown', 'neutral', 'negative', 'unknown', 'unknown', 'neutral', 'unknown']","[0.0, 0.0, -0.8, 0.0, 0.0, 0.0, 0.0]",negative,-0.7
"['saya', 'pasti', 'dia', 'akan', 'datang', '.']","['pronoun', 'adjective', 'pronoun', 'auxiliary verb', 'verb', 'unknown']","['neutral', 'neutral', 'neutral', 'neutral', 'neutral', 'unknown']","[0.0, 0.5, 0.0, 0.0, 0.0, 0.0]",neutral,0.0
"['biarkan', 'dia', 'pergi', '.']","['verb', 'pronoun', 'verb', 'unknown']","['neutral', 'neutral', 'neutral', 'unknown']","[0.0, 0.0, 0.0, 0.0]",neutral,0.0
"['ada', 'banyak', 'cara', 'untuk', 'belajar', '.']","['verb', 'adjective/quantifier', 'noun', 'preposition', 'unknown', 'unknown']","['neutral', 'neutral', 'neutral', 'neutral', 'unknown', 'unknown']","[0.0, 0.0, 0.0, 0.0, 0.0, 0.0]",neutral,0.0
"['dia', 'ingin', 'memberitahu', 'sesuatu', '.']","['pronoun', 'verb', 'unknown', 'pronoun', 'unknown']","['neutral', 'neutral', 'unknown', 'neutral', 'unknown']","[0.0, 0.0, 0.0, 0.0, 0.0]",neutral,0.0
"['rumahnya', 'sangat', 'besr', '.']","['unknown', 'adverb', 'adjective', 'unknown']","['unknown', 'neutral', 'neutral', 'unknown']","[0.0, 0.0, 0.0, 0.0]",neutral,0.0
"['ada', 'anjing2', 'di', 'taman', '.']","['verb', 'noun', 'preposition', 'unknown', 'unknown']","['neutral', 'neutral', 'neutral', 'unknown', 'unknown']","[0.0, 0.0, 0.0, 0.0, 0.0]",neutral,0.0
"['para', 'nyamun', 'itu', 'ditangkap', 'polis', '.']","['unknown', 'noun', 'demonstrative pronoun', 'unknown', 'noun', 'unknown']","['unknown', 'negative', 'neutral', 'unknown', 'neutral', 'unknown']","[0.0, -0.7, 0.0, 0.0, 0.0, 0.0]",negative,-0.7
"['dia', 'menjadi', 'mangsa', 'intimidasi', 'di', 'tempat', 'kerja', '.']","['pronoun', 'unknown', 'noun', 'noun', 'preposition', 'noun', 'verb', 'unknown']","['neutral', 'unknown', 'negative', 'negative', 'neutral', 'neutral', 'neutral', 'unknown']","[0.0, 0.0, -0.7, -0.6, 0.0, 0.0, 0.0, 0.0]",negative,-0.6
"['jenayah', 'rasuah', 'perlu', 'dibanteras', '.']","['noun', 'noun', 'verb/adjective', 'unknown', 'unknown']","['negative', 'negative', 'neutral', 'unknown', 'unknown']","[-0.8, -0.8, 0.0, 0.0, 0.0]",negative,-0.8
"['rumah', 'itu', 'sangat', 'besar', '.']","['noun', 'demonstrative pronoun', 'adverb', 'adjective', 'unknown']","['neutral', 'neutral', 'neutral', 'neutral', 'unknown']","[0.0, 0.0, 0.0, 0.0, 0.0]",neutral,0.0
"['perbuatan', 'membunuh', 'adalah', 'jenayah', 'berat', '.']","['kata nama', 'verb', 'copula / verb', 'noun', 'adjective', 'unknown']","['neutral', 'negative', 'neutral', 'negative', 'neutral', 'unknown']","[0.0, -1.0, 0.0, -0.8, 0.0, 0.0]",negative,-0.9
"['duit', 'saya', 'ckup', 'untuk', 'beli', 'ini', '.']","['noun', 'pronoun', 'adverb', 'preposition', 'unknown', 'demonstrative pronoun', 'unknown']","['neutral', 'neutral', 'neutral', 'neutral', 'unknown', 'neutral', 'unknown']","[0.0, 0.0, 0.0, 0.0, 0.0, 0.0, 0.0]",neutral,0.0
"['itu', 'bkn', 'masalah', 'saya', '.']","['demonstrative pronoun', 'negation particle', 'noun', 'pronoun', 'unknown']","['neutral', 'neutral', 'negative', 'neutral', 'unknown']","[0.0, 0.0, -0.7, 0.0, 0.0]",neutral,0.0
"['ngpa', 'dia', 'tidak', 'datang', '?']","['adverb', 'pronoun', 'adverb', 'verb', 'punctuation']","['neutral', 'neutral', 'neutral', 'neutral', 'neutral']","[0.0, 0.0, 0.0, 0.0, 0.0]",neutral,0.0
"['dia', 'mewarisi', 'banyak', 'harta', '.']","['pronoun', 'unknown', 'adjective/quantifier', 'noun', 'unknown']","['neutral', 'unknown', 'neutral', 'neutral', 'unknown']","[0.0, 0.0, 0.0, 0.0, 0.0]",neutral,0.0
"['belajar', 'rajin', 'supaya', 'berjaya', '.']","['unknown', 'unknown', 'conjunction', 'unknown', 'unknown']","['unknown', 'unknown', 'neutral', 'unknown', 'unknown']","[0.0, 0.0, 0.0, 0.0, 0.0]",neutral,0.0
"['pakaiannya', 'kelihatan', 'agak', 'wagu', 'untuk', 'majlis', 'rasmi', 'itu', '.']","['unknown', 'unknown', 'adverb', 'adjective', 'preposition', 'unknown', 'unknown', 'demonstrative pronoun', 'unknown']","['unknown', 'unknown', 'neutral', 'negative', 'neutral', 'unknown', 'unknown', 'neutral', 'unknown']","[0.0, 0.0, 0.0, -0.4, 0.0, 0.0, 0.0, 0.0, 0.0]",negative,-0.4
"['kerajaan', 'telah', 'mengumumkan', 'pakej', 'rangsangan', 'ekonomi', 'baharu', '.']","['noun', 'unknown', 'unknown', 'unknown', 'unknown', 'unknown', 'unknown', 'unknown']","['neutral', 'unknown', 'unknown', 'unknown', 'unknown', 'unknown', 'unknown', 'unknown']","[0.0, 0.0, 0.0, 0.0, 0.0, 0.0, 0.0, 0.0]",neutral,0.0
"['jiran2', 'saya', 'sangat', 'ramah', 'dan', 'suka', 'membantu', '.']","['noun', 'pronoun', 'adverb', 'unknown', 'conjunction', 'verb', 'unknown', 'unknown']","['neutral', 'neutral', 'neutral', 'unknown', 'neutral', 'positive', 'unknown', 'unknown']","[0.0, 0.0, 0.0, 0.0, 0.0, 0.7, 0.0, 0.0]",neutral,0.0
"['dia', 'berasa', 'sangat', 'malu', 'apabila', 'terjatuh', 'di', 'hadapan', 'ramai', 'orang', '.']","['pronoun', 'unknown', 'adverb', 'adjective', 'unknown', 'unknown', 'preposition', 'unknown', 'adjective', 'noun', 'unknown']","['neutral', 'unknown', 'neutral', 'negative', 'unknown', 'unknown', 'neutral', 'unknown', 'neutral', 'neutral', 'unknown']","[0.0, 0.0, 0.0, -0.5, 0.0, 0.0, 0.0, 0.0, 0.1, 0.0, 0.0]",negative,-0.5
"['kami', 'duduk', 'di', 'atas', 'lawn', 'sambil', 'menikmati', 'pemandangan', '.']","['unknown', 'verb', 'preposition', 'unknown', 'noun', 'conjunction', 'unknown', 'unknown', 'unknown']","['unknown', 'neutral', 'neutral', 'unknown', 'neutral', 'neutral', 'unknown', 'unknown', 'unknown']","[0.0, 0.0, 0.0, 0.0, 0.0, 0.0, 0.0, 0.0, 0.0]",neutral,0.0
"['dia', 'tidak', 'akan', 'mensia', '-', 'siakan', 'peluang', 'keemasan', 'ini', '.']","['pronoun', 'adverb', 'auxiliary verb', 'unknown', 'punctuation', 'unknown', 'noun', 'unknown', 'demonstrative pronoun', 'unknown']","['neutral', 'neutral', 'neutral', 'unknown', 'neutral', 'unknown', 'positive', 'unknown', 'neutral', 'unknown']","[0.0, 0.0, 0.0, 0.0, 0.0, 0.0, 0.7, 0.0, 0.0, 0.0]",positive,0.6
"['tolong', 'bersihkn', 'meja', 'itu', 'selepas', 'makan', '.']","['verb', 'verb', 'unknown', 'demonstrative pronoun', 'unknown', 'verb', 'unknown']","['neutral', 'positive', 'unknown', 'neutral', 'unknown', 'neutral', 'unknown']","[0.0, 0.7, 0.0, 0.0, 0.0, 0.0, 0.0]",positive,0.7
"['dia', 'belajar', 'sikit', '-', 'sikit', 'sehingga', 'berjaya', 'menguasai', 'bahasa', 'itu', '.']","['pronoun', 'unknown', 'adjective/adverb (colloquial)', 'punctuation', 'adjective/adverb (colloquial)', 'conjunction, preposition', 'unknown', 'unknown', 'noun', 'demonstrative pronoun', 'unknown']","['neutral', 'unknown', 'neutral', 'neutral', 'neutral', 'neutral', 'unknown', 'unknown', 'neutral', 'neutral', 'unknown']","[0.0, 0.0, 0.0, 0.0, 0.0, 0.0, 0.0, 0.0, 0.0, 0.0, 0.0]",neutral,0.0
"['dia', 'melakukan', 'kerja', 'itu', 'sendiri', 'tanpa', 'bantuan', 'sesiapa', '.']","['pronoun', 'verb', 'verb', 'demonstrative pronoun', 'adjective', 'unknown', 'noun', 'unknown', 'unknown']","['neutral', 'neutral', 'neutral', 'neutral', 'neutral', 'unknown', 'positive', 'unknown', 'unknown']","[0.0, 0.0, 0.0, 0.0, 0.0, 0.0, 0.7, 0.0, 0.0]",neutral,0.0
"['dia', 'buat', 'muka', 'lucu', 'untuk', 'menghiburkan', 'kami', '.']","['pronoun', 'kata kerja', 'noun', 'adjective', 'preposition', 'unknown', 'unknown', 'unknown']","['neutral', 'neutral', 'neutral', 'positive', 'neutral', 'unknown', 'unknown', 'unknown']","[0.0, 0.0, 0.0, 0.7, 0.0, 0.0, 0.0, 0.0]",neutral,0.0
"['dia', 'kan', 'dah', 'beritahu', ',', 'toh', 'awak', 'tak', 'percaya', '.']","['pronoun', 'particle', 'adverb', 'verb', 'punctuation', 'unknown', 'unknown', 'adverb (negation)', 'unknown', 'unknown']","['neutral', 'neutral', 'neutral', 'neutral', 'neutral', 'unknown', 'unknown', 'neutral', 'unknown', 'unknown']","[0.0, 0.0, 0.0, 0.0, 0.0, 0.0, 0.0, 0.0, 0.0, 0.0]",neutral,0.0
"['dia', 'macam', ',', 'like', ',', 'tak', 'faham', 'apa', 'yang', 'saya', 'cakap', '.']","['pronoun', 'preposition, adverb', 'punctuation', 'interjection', 'punctuation', 'adverb (negation)', 'verb / adjective', 'pronoun', 'pronoun, conjunction', 'pronoun', 'unknown', 'unknown']","['neutral', 'neutral', 'neutral', 'neutral', 'neutral', 'neutral', 'neutral', 'neutral', 'neutral', 'neutral', 'unknown', 'unknown']","[0.0, 0.0, 0.0, 0.0, 0.0, 0.0, 0.0, 0.0, 0.0, 0.0, 0.0, 0.0]",neutral,0.0
"['apa', 'yang', 'sedang', 'kamu', 'lakukan', '?']","['pronoun', 'pronoun, conjunction', 'unknown', 'unknown', 'unknown', 'punctuation']","['neutral', 'neutral', 'unknown', 'unknown', 'unknown', 'neutral']","[0.0, 0.0, 0.0, 0.0, 0.0, 0.0]",neutral,0.0
"['ibu', 'pergi', 'ke', 'kedai', 'runcit', 'untuk', 'membeli', 'barang', 'dapur', '.']","['unknown', 'verb', 'particle (interrogative)', 'noun', 'unknown', 'preposition', 'unknown', 'noun', 'unknown', 'unknown']","['unknown', 'neutral', 'neutral', 'neutral', 'unknown', 'neutral', 'unknown', 'neutral', 'unknown', 'unknown']","[0.0, 0.0, 0.0, 0.0, 0.0, 0.0, 0.0, 0.0, 0.0, 0.0]",neutral,0.0
"['dia', 'makan', 'lebih', 'banyak', 'daripada', 'biasa', '.']","['pronoun', 'verb', 'adverb', 'adjective/quantifier', 'preposition', 'adjective', 'unknown']","['neutral', 'neutral', 'neutral', 'neutral', 'neutral', 'neutral', 'unknown']","[0.0, 0.0, 0.0, 0.0, 0.0, 0.0, 0.0]",neutral,0.0
"['hati', '-', 'hati', 'bawa', 'kereta', ',', 'nanti', 'polis.silap2', 'kena', 'saman', '.']","['noun', 'punctuation', 'noun', 'verb', 'kata nama', 'punctuation', 'adverb', 'unknown', 'verb', 'noun/verb', 'unknown']","['neutral', 'neutral', 'neutral', 'neutral', 'neutral', 'neutral', 'neutral', 'unknown', 'neutral', 'negative', 'unknown']","[0.0, 0.0, 0.0, 0.0, 0.0, 0.0, 0.0, 0.0, 0.0, -0.6, 0.0]",negative,-0.3
"['dia', 'siat2', 'surat', 'itu', 'kerana', 'terlalu', 'marah', '.']","['pronoun', 'verb', 'unknown', 'demonstrative pronoun', 'conjunction', 'adverb', 'adjective', 'unknown']","['neutral', 'negative', 'unknown', 'neutral', 'neutral', 'neutral', 'negative', 'unknown']","[0.0, -0.5, 0.0, 0.0, 0.0, 0.0, -0.6, 0.0]",negative,-0.5
"['janganlah', 'over', 'sangat', 'bila', 'bercakap', ',', 'bertenang', '.']","['unknown', 'adjective', 'adverb', 'adverb', 'unknown', 'punctuation', 'unknown', 'unknown']","['unknown', 'negative', 'neutral', 'neutral', 'unknown', 'neutral', 'unknown', 'unknown']","[0.0, -0.4, 0.0, 0.0, 0.0, 0.0, 0.0, 0.0]",negative,-0.4
"['nasib', 'baik', 'dia', 'sempat', 'menyelamatkan', 'diri', 'daripada', 'kemalangan', 'itu', '.']","['noun', 'adjective', 'pronoun', 'unknown', 'unknown', 'noun, pronoun', 'preposition', 'unknown', 'demonstrative pronoun', 'unknown']","['neutral', 'positive', 'neutral', 'unknown', 'unknown', 'neutral', 'neutral', 'unknown', 'neutral', 'unknown']","[0.0, 0.8, 0.0, 0.0, 0.0, 0.0, 0.0, 0.0, 0.0, 0.0]",neutral,0.0
"['dia', 'menyanggak', 'arahan', 'yang', 'diberikan', 'oleh', 'ketuanya', '.']","['pronoun', 'verb', 'unknown', 'pronoun, conjunction', 'unknown', 'preposition', 'unknown', 'unknown']","['neutral', 'negative', 'unknown', 'neutral', 'unknown', 'neutral', 'unknown', 'unknown']","[0.0, -0.3, 0.0, 0.0, 0.0, 0.0, 0.0, 0.0]",negative,-0.3
"['sikapnya', 'yang', 'selfish', 'itu', 'menyebabkan', 'dia', 'dipulaukan', 'rakan', '-', 'rakan', '.']","['unknown', 'pronoun, conjunction', 'adjective', 'demonstrative pronoun', 'verb', 'pronoun', 'unknown', 'unknown', 'punctuation', 'unknown', 'unknown']","['unknown', 'neutral', 'negative', 'neutral', 'neutral', 'neutral', 'unknown', 'unknown', 'neutral', 'unknown', 'unknown']","[0.0, 0.0, -0.8, 0.0, 0.0, 0.0, 0.0, 0.0, 0.0, 0.0, 0.0]",negative,-0.8
"['polis', 'berjaya', 'menahan', 'penjahat', 'yang', 'dikehendaki', 'itu', '.']","['noun', 'unknown', 'unknown', 'noun', 'pronoun, conjunction', 'unknown', 'demonstrative pronoun', 'unknown']","['neutral', 'unknown', 'unknown', 'negative', 'neutral', 'unknown', 'neutral', 'unknown']","[0.0, 0.0, 0.0, -0.9, 0.0, 0.0, 0.0, 0.0]",negative,-0.9
"[""'"", 'babi', '!', ""'"", 'dia', 'menjerit', 'apabila', 'keretanya', 'dilanggar', '.']","['unknown', 'noun', 'unknown', 'unknown', 'pronoun', 'unknown', 'unknown', 'noun', 'verb', 'unknown']","['unknown', 'negative', 'unknown', 'unknown', 'neutral', 'unknown', 'unknown', 'neutral', 'negative', 'unknown']","[0.0, -0.6, 0.0, 0.0, 0.0, 0.0, 0.0, 0.0, -0.6, 0.0]",negative,-0.7
"['saya', 'akan', 'pergi', 'ke', 'sana', 'esok', '.']","['pronoun', 'auxiliary verb', 'verb', 'particle (interrogative)', 'unknown', 'unknown', 'unknown']","['neutral', 'neutral', 'neutral', 'neutral', 'unknown', 'unknown', 'unknown']","[0.0, 0.0, 0.0, 0.0, 0.0, 0.0, 0.0]",neutral,0.0
"['ibu', 'masak', 'kangkung', 'belacan', 'untuk', 'makan', 'malam', '.']","['unknown', 'unknown', 'unknown', 'unknown', 'preposition', 'verb', 'unknown', 'unknown']","['unknown', 'unknown', 'unknown', 'unknown', 'neutral', 'neutral', 'unknown', 'unknown']","[0.0, 0.0, 0.0, 0.0, 0.0, 0.0, 0.0, 0.0]",neutral,0.0
"['dia', 'seorang', 'yang', 'sangat', 'baik', 'hati', 'dan', 'suka', 'menolong', '.']","['pronoun', 'unknown', 'pronoun, conjunction', 'adverb', 'adjective', 'noun', 'conjunction', 'verb', 'verb', 'unknown']","['neutral', 'unknown', 'neutral', 'neutral', 'positive', 'neutral', 'neutral', 'positive', 'positive', 'unknown']","[0.0, 0.0, 0.0, 0.0, 0.8, 0.0, 0.0, 0.7, 0.7, 0.0]",positive,0.8
"['berapa', 'ramai', 'org', '.', 'yang', 'datang', 'ke', 'majlis', 'itu', '?']","['unknown', 'adjective', 'noun', 'unknown', 'pronoun, conjunction', 'verb', 'particle (interrogative)', 'unknown', 'demonstrative pronoun', 'punctuation']","['unknown', 'neutral', 'neutral', 'unknown', 'neutral', 'neutral', 'neutral', 'unknown', 'neutral', 'neutral']","[0.0, 0.1, 0.0, 0.0, 0.0, 0.0, 0.0, 0.0, 0.0, 0.0]",neutral,0.0
"['kakak', 'saya', 'bekerja', 'sebagai', 'seorang', 'guru', '.']","['unknown', 'pronoun', 'unknown', 'preposition', 'unknown', 'unknown', 'unknown']","['unknown', 'neutral', 'unknown', 'neutral', 'unknown', 'unknown', 'unknown']","[0.0, 0.0, 0.0, 0.0, 0.0, 0.0, 0.0]",neutral,0.0
"['dia', 'sedang', 'makan', 'sekarang', '.']","['pronoun', 'unknown', 'verb', 'adverb', 'unknown']","['neutral', 'unknown', 'neutral', 'neutral', 'unknown']","[0.0, 0.0, 0.0, 0.0, 0.0]",neutral,0.0
"['dia', 'menjaga', 'badan', 'agar', 'sentiasa', 'sihat', '.']","['pronoun', 'unknown', 'noun', 'unknown', 'adverb', 'adjective', 'unknown']","['neutral', 'unknown', 'neutral', 'unknown', 'neutral', 'positive', 'unknown']","[0.0, 0.0, 0.0, 0.0, 0.0, 0.8, 0.0]",neutral,0.0
"['ceritanya', 'memang', 'lucu', 'rolling', 'on', 'the', 'floor', 'laughing']","['unknown', 'adverb', 'adjective', 'unknown', 'kata sendi nama/kata keterangan/kata kerja (English)', 'penentu (English)', 'unknown', 'unknown']","['unknown', 'neutral', 'positive', 'unknown', 'neutral', 'neutral', 'unknown', 'unknown']","[0.0, 0.0, 0.7, 0.0, 0.0, 0.0, 0.0, 0.0]",positive,0.8
"['kehidupannya', 'sederhana', ',', 'walaupun', 'hartanya', 'tidak', 'banyak', '.']","['unknown', 'unknown', 'punctuation', 'conjunction', 'unknown', 'adverb', 'adjective/quantifier', 'unknown']","['unknown', 'unknown', 'neutral', 'neutral', 'unknown', 'neutral', 'neutral', 'unknown']","[0.0, 0.0, 0.0, 0.0, 0.0, 0.0, 0.0, 0.0]",neutral,0.3
"['kita', 'jumpa', 'nnti', '.', 'di', 'sana', '.']","['pronoun', 'verb', 'adverb', 'unknown', 'preposition', 'unknown', 'unknown']","['neutral', 'neutral', 'neutral', 'unknown', 'neutral', 'unknown', 'unknown']","[0.0, 0.0, 0.0, 0.0, 0.0, 0.0, 0.0]",neutral,0.0
"['ini', 'bukan', 'buku', 'saya', '.']","['demonstrative pronoun', 'particle', 'unknown', 'pronoun', 'unknown']","['neutral', 'neutral', 'unknown', 'neutral', 'unknown']","[0.0, 0.0, 0.0, 0.0, 0.0]",neutral,0.0
"['dia', 'mintk', 'tolong', 'daripada', 'rakannya', '.']","['pronoun', 'verb', 'verb', 'preposition', 'unknown', 'unknown']","['neutral', 'neutral', 'neutral', 'neutral', 'unknown', 'unknown']","[0.0, 0.0, 0.0, 0.0, 0.0, 0.0]",neutral,0.0
"['kereta', 'saya', 'rosak', 'dan', 'perlu', 'dihantar', 'ke', 'bengkel', '.']","['kata nama', 'pronoun', 'adjective', 'conjunction', 'verb/adjective', 'unknown', 'particle (interrogative)', 'noun', 'unknown']","['neutral', 'neutral', 'negative', 'neutral', 'neutral', 'unknown', 'neutral', 'neutral', 'unknown']","[0.0, 0.0, -0.8, 0.0, 0.0, 0.0, 0.0, 0.0, 0.0]",neutral,0.0
"['kereta', 'tu', 'is', 'rosak', '.']","['kata nama', 'pronoun', 'verb', 'adjective', 'unknown']","['neutral', 'neutral', 'neutral', 'negative', 'unknown']","[0.0, 0.0, 0.0, -0.8, 0.0]",neutral,0.0
"['penyerang', 'itu', 'mencedera', 'mangsanya', 'dengan', 'pisau', '.']","['noun', 'demonstrative pronoun', 'verb', 'unknown', 'preposition', 'noun', 'unknown']","['negative', 'neutral', 'negative', 'unknown', 'neutral', 'neutral', 'unknown']","[-0.6, 0.0, -0.7, 0.0, 0.0, 0.0, 0.0]",negative,-0.7
"['dia', 'menggunakan', 'parang', 'untuk', 'membersihkan', 'semak', '-', 'samun', '.']","['pronoun', 'unknown', 'noun', 'preposition', 'unknown', 'unknown', 'punctuation', 'verb', 'unknown']","['neutral', 'unknown', 'neutral', 'neutral', 'unknown', 'unknown', 'neutral', 'negative', 'unknown']","[0.0, 0.0, 0.0, 0.0, 0.0, 0.0, 0.0, -0.8, 0.0]",neutral,0.0
"['kejadian', 'itu', 'baru', 'berlaku', 'pagi', 'tadi', '.']","['noun', 'demonstrative pronoun', 'adjective, adverb', 'verb', 'unknown', 'unknown', 'unknown']","['neutral', 'neutral', 'neutral', 'neutral', 'unknown', 'unknown', 'unknown']","[0.0, 0.0, 0.0, 0.0, 0.0, 0.0, 0.0]",neutral,0.0
"['dia', 'dengar', 'bunyi', 'orang', 'knock', 'pintu', '.']","['pronoun', 'verb', 'noun', 'noun', 'verb', 'noun', 'unknown']","['neutral', 'neutral', 'neutral', 'neutral', 'neutral', 'neutral', 'unknown']","[0.0, 0.0, 0.0, 0.0, 0.0, 0.0, 0.0]",neutral,0.0
"['ramai', 'keluarga', 'miskin', 'menerima', 'bantuan', 'dari', 'kerajaan', '.']","['adjective', 'noun', 'unknown', 'unknown', 'noun', 'preposition', 'noun', 'unknown']","['neutral', 'neutral', 'unknown', 'unknown', 'positive', 'neutral', 'neutral', 'unknown']","[0.1, 0.0, 0.0, 0.0, 0.7, 0.0, 0.0, 0.0]",negative,-0.6
"['malaysia', 'pernah', 'dijajah', 'oleh', 'kuasa', 'asing', 'selama', 'bertahun', '-', 'tahun', '.']","['proper noun', 'adverb', 'unknown', 'preposition', 'unknown', 'unknown', 'unknown', 'unknown', 'punctuation', 'noun', 'unknown']","['neutral', 'neutral', 'unknown', 'neutral', 'unknown', 'unknown', 'unknown', 'unknown', 'neutral', 'neutral', 'unknown']","[0.0, 0.0, 0.0, 0.0, 0.0, 0.0, 0.0, 0.0, 0.0, 0.0, 0.0]",negative,-0.7
"['ak', 'tak', 'tahu', 'nak', 'cakap', 'apa', '.']","['pronoun', 'adverb (negation)', 'verb', 'auxiliary verb', 'unknown', 'pronoun', 'unknown']","['neutral', 'neutral', 'neutral', 'neutral', 'unknown', 'neutral', 'unknown']","[0.0, 0.0, 0.0, 0.0, 0.0, 0.0, 0.0]",neutral,0.0
"['dia', 'ada', 'klas', 'tambahan', 'petang', 'ni', '.']","['pronoun', 'verb', 'noun', 'unknown', 'unknown', 'pronoun', 'unknown']","['neutral', 'neutral', 'neutral', 'unknown', 'unknown', 'neutral', 'unknown']","[0.0, 0.0, 0.0, 0.0, 0.0, 0.0, 0.0]",neutral,0.0
"['scene', 'itu', 'sangat', 'menyentuh', 'hati', 'penonton', '.']","['noun', 'demonstrative pronoun', 'adverb', 'unknown', 'noun', 'unknown', 'unknown']","['neutral', 'neutral', 'neutral', 'unknown', 'neutral', 'unknown', 'unknown']","[0.0, 0.0, 0.0, 0.0, 0.0, 0.0, 0.0]",neutral,0.0
"['kemalangan', 'itu', 'terjadi', 'secara', 'tiba', '-', 'tiba', '.']","['unknown', 'demonstrative pronoun', 'verb', 'adverb', 'unknown', 'punctuation', 'unknown', 'unknown']","['unknown', 'neutral', 'neutral', 'neutral', 'unknown', 'neutral', 'unknown', 'unknown']","[0.0, 0.0, 0.0, 0.0, 0.0, 0.0, 0.0, 0.0]",neutral,0.0
"['dia', 'tak', 'suka', 'tgknyaenraged', 'face', 'perangai', 'sebegitu', '.']","['pronoun', 'adverb (negation)', 'verb', 'unknown', 'unknown', 'unknown', 'unknown', 'unknown']","['neutral', 'neutral', 'positive', 'unknown', 'unknown', 'unknown', 'unknown', 'unknown']","[0.0, 0.0, 0.7, 0.0, 0.0, 0.0, 0.0, 0.0]",negative,-0.5
"['dia', 'pergi', 'ngan', 'kawan', '-', 'kawan', '.']","['pronoun', 'verb', 'preposition', 'noun', 'punctuation', 'noun', 'unknown']","['neutral', 'neutral', 'neutral', 'positive', 'neutral', 'positive', 'unknown']","[0.0, 0.0, 0.0, 0.6, 0.0, 0.6, 0.0]",neutral,0.0
"['dia', 'ucapkan', 'terima', 'kasih', 'banyak2', 'atas', 'bantuan', 'itu', '.']","['pronoun', 'unknown', 'verb', 'noun / verb', 'adverb', 'unknown', 'noun', 'demonstrative pronoun', 'unknown']","['neutral', 'unknown', 'neutral', 'positive', 'neutral', 'unknown', 'positive', 'neutral', 'unknown']","[0.0, 0.0, 0.0, 0.8, 0.0, 0.0, 0.7, 0.0, 0.0]",neutral,0.0
"['dia', 'sorang', 'saja', 'yang', 'datang', '.']","['pronoun', 'numeral/determiner', 'adverb', 'pronoun, conjunction', 'verb', 'unknown']","['neutral', 'neutral', 'neutral', 'neutral', 'neutral', 'unknown']","[0.0, 0.0, 0.0, 0.0, 0.0, 0.0]",neutral,0.0
"['keputusan', 'itu', 'bergantung', 'kepada', 'undian', 'majoriti', '.']","['unknown', 'demonstrative pronoun', 'verb', 'preposition', 'unknown', 'unknown', 'unknown']","['unknown', 'neutral', 'neutral', 'neutral', 'unknown', 'unknown', 'unknown']","[0.0, 0.0, 0.0, 0.0, 0.0, 0.0, 0.0]",neutral,0.0
"['jarak', 'dari', 'sini', 'ke', 'sana', 'sangat', 'jauh', '.']","['noun', 'preposition', 'adverb (of place)', 'particle (interrogative)', 'unknown', 'adverb', 'adjective', 'unknown']","['neutral', 'neutral', 'neutral', 'neutral', 'unknown', 'neutral', 'neutral', 'unknown']","[0.0, 0.0, 0.0, 0.0, 0.0, 0.0, 0.0, 0.0]",neutral,0.0
"['dia', 'tak', 'keja', 'hari', 'ni', '.']","['pronoun', 'adverb (negation)', 'verb', 'noun', 'pronoun', 'unknown']","['neutral', 'neutral', 'neutral', 'neutral', 'neutral', 'unknown']","[0.0, 0.0, 0.0, 0.0, 0.0, 0.0]",neutral,0.0
"['penjenayah', 'itu', 'cuba', 'merompak', 'bank', '.']","['noun', 'demonstrative pronoun', 'verb', 'verb', 'noun', 'unknown']","['negative', 'neutral', 'neutral', 'negative', 'neutral', 'unknown']","[-0.8, 0.0, 0.0, -0.9, 0.0, 0.0]",negative,-0.8
"['ibu', 'sedang', 'menguli', 'doh', 'roti', '.']","['unknown', 'unknown', 'unknown', 'noun', 'unknown', 'unknown']","['unknown', 'unknown', 'unknown', 'neutral', 'unknown', 'unknown']","[0.0, 0.0, 0.0, 0.0, 0.0, 0.0]",neutral,0.0
"['mangsa', 'kemalangan', 'itu', 'cedera', 'parah', '.']","['noun', 'unknown', 'demonstrative pronoun', 'adjective/verb', 'adjective', 'unknown']","['negative', 'unknown', 'neutral', 'negative', 'negative', 'unknown']","[-0.7, 0.0, 0.0, -0.6, -0.8, 0.0]",negative,-0.7
"['dia', 'meninggal', 'dunia', 'semalam', '.']","['pronoun', 'verb', 'noun', 'unknown', 'unknown']","['neutral', 'negative', 'neutral', 'unknown', 'unknown']","[0.0, -0.9, 0.0, 0.0, 0.0]",negative,-0.9
"['supirnya', 'membawa', 'kereta', 'itu', 'dengan', 'laju', '.']","['noun', 'verb', 'kata nama', 'demonstrative pronoun', 'preposition', 'adjective', 'unknown']","['neutral', 'neutral', 'neutral', 'neutral', 'neutral', 'neutral', 'unknown']","[0.0, 0.0, 0.0, 0.0, 0.0, 0.0, 0.0]",neutral,0.0
"['dia', 'masih', 'hidup', 'walaupun', 'cedera', 'parah', '.']","['pronoun', 'adverb', 'verb, adjective', 'conjunction', 'adjective/verb', 'adjective', 'unknown']","['neutral', 'neutral', 'positive', 'neutral', 'negative', 'negative', 'unknown']","[0.0, 0.0, 0.5, 0.0, -0.6, -0.8, 0.0]",positive,0.6
"['pasukan', 'penyelamat', 'sentiasa', 'standby', 'untuk', 'kecemasan', '.']","['unknown', 'unknown', 'adverb', 'verb/adjective', 'preposition', 'unknown', 'unknown']","['unknown', 'unknown', 'neutral', 'neutral', 'neutral', 'unknown', 'unknown']","[0.0, 0.0, 0.0, 0.0, 0.0, 0.0, 0.0]",neutral,0.0
"['peninju', 'itu', 'ko', 'pada', 'pusingan', 'pertama', '.']","['unknown', 'demonstrative pronoun', 'adjective', 'preposition', 'unknown', 'unknown', 'unknown']","['unknown', 'neutral', 'negative', 'neutral', 'unknown', 'unknown', 'unknown']","[0.0, 0.0, -0.5, 0.0, 0.0, 0.0, 0.0]",negative,-0.5
"['dia', 'sedang', 'membaca', 'buku', '.']","['pronoun', 'unknown', 'unknown', 'unknown', 'unknown']","['neutral', 'unknown', 'unknown', 'unknown', 'unknown']","[0.0, 0.0, 0.0, 0.0, 0.0]",neutral,0.0
"['cuaca', 'hari', 'ini', 'sangat', 'panas', '.']","['unknown', 'noun', 'demonstrative pronoun', 'adverb', 'adjective', 'unknown']","['unknown', 'neutral', 'neutral', 'neutral', 'neutral', 'unknown']","[0.0, 0.0, 0.0, 0.0, 0.0, 0.0]",neutral,0.0
"['dengernya', 'dia', 'akan', 'berpindah', 'tahun', 'depan', '.']","['adverb', 'pronoun', 'auxiliary verb', 'unknown', 'noun', 'noun', 'unknown']","['neutral', 'neutral', 'neutral', 'unknown', 'neutral', 'neutral', 'unknown']","[0.0, 0.0, 0.0, 0.0, 0.0, 0.0, 0.0]",neutral,0.0
"['dia', 'membunyikan', 'hon', 'keretanya', '.']","['pronoun', 'unknown', 'verb', 'noun', 'unknown']","['neutral', 'unknown', 'neutral', 'neutral', 'unknown']","[0.0, 0.0, 0.0, 0.0, 0.0]",neutral,0.0
"['makanan', 'ini', 'sangat', 'sedap', '.']","['noun', 'demonstrative pronoun', 'adverb', 'adjective', 'unknown']","['neutral', 'neutral', 'neutral', 'positive', 'unknown']","[0.0, 0.0, 0.0, 0.8, 0.0]",positive,0.8
"['telaga', 'itu', 'sangat', 'dalam', '.']","['unknown', 'demonstrative pronoun', 'adverb', 'preposition', 'unknown']","['unknown', 'neutral', 'neutral', 'neutral', 'unknown']","[0.0, 0.0, 0.0, 0.0, 0.0]",neutral,0.0
"['buku', 'nie', 'saya', 'punya', '.']","['unknown', 'determiner/pronoun', 'pronoun', 'verb, auxiliary, possessive marker', 'unknown']","['unknown', 'neutral', 'neutral', 'neutral', 'unknown']","[0.0, 0.0, 0.0, 0.0, 0.0]",neutral,0.0
"['adakah', 'dia', 'sudah', 'sampai', '?']","['interrogative particle', 'pronoun', 'adverb', 'verb', 'punctuation']","['neutral', 'neutral', 'neutral', 'neutral', 'neutral']","[0.0, 0.0, 0.0, 0.0, 0.0]",neutral,0.0
"['tidak', 'ada', 'apa2', 'yang', 'berlaku', '.']","['adverb', 'verb', 'pronoun/determiner', 'pronoun, conjunction', 'verb', 'unknown']","['neutral', 'neutral', 'neutral', 'neutral', 'neutral', 'unknown']","[0.0, 0.0, 0.0, 0.0, 0.0, 0.0]",neutral,0.0
"['saya', 'tak', 'taw', 'dia', 'datang', 'ke', 'tak', '.']","['pronoun', 'adverb (negation)', 'verb', 'pronoun', 'verb', 'particle (interrogative)', 'adverb (negation)', 'unknown']","['neutral', 'neutral', 'neutral', 'neutral', 'neutral', 'neutral', 'neutral', 'unknown']","[0.0, 0.0, 0.0, 0.0, 0.0, 0.0, 0.0, 0.0]",neutral,0.0
"['baginda', 'bergelar', 'sri', 'sultan', '.']","['unknown', 'unknown', 'noun', 'unknown', 'unknown']","['unknown', 'unknown', 'neutral', 'unknown', 'unknown']","[0.0, 0.0, 0.0, 0.0, 0.0]",neutral,0.0
"['badannya', 'sakit', 'selepas', 'jatuh', '.']","['unknown', 'adjective', 'unknown', 'unknown', 'unknown']","['unknown', 'negative', 'unknown', 'unknown', 'unknown']","[0.0, -0.7, 0.0, 0.0, 0.0]",negative,-0.7
"['dia', 'akan', 'balik', 'ke', 'kampung', 'esok', '.']","['pronoun', 'auxiliary verb', 'verb', 'particle (interrogative)', 'unknown', 'unknown', 'unknown']","['neutral', 'neutral', 'neutral', 'neutral', 'unknown', 'unknown', 'unknown']","[0.0, 0.0, 0.0, 0.0, 0.0, 0.0, 0.0]",neutral,0.0
"['polis', 'sedang', 'memburu', 'penjahat', 'itu', '.']","['noun', 'unknown', 'unknown', 'noun', 'demonstrative pronoun', 'unknown']","['neutral', 'unknown', 'unknown', 'negative', 'neutral', 'unknown']","[0.0, 0.0, 0.0, -0.9, 0.0, 0.0]",negative,-0.9
"['dia', 'sedang', 'cari', 'kunci', 'yang', 'hilang', '.']","['pronoun', 'unknown', 'verb', 'noun, verb', 'pronoun, conjunction', 'unknown', 'unknown']","['neutral', 'unknown', 'neutral', 'neutral', 'neutral', 'unknown', 'unknown']","[0.0, 0.0, 0.0, 0.0, 0.0, 0.0, 0.0]",neutral,0.0
"['dia', 'kerja', 'setiap', 'hari', '.']","['pronoun', 'verb', 'unknown', 'noun', 'unknown']","['neutral', 'neutral', 'unknown', 'neutral', 'unknown']","[0.0, 0.0, 0.0, 0.0, 0.0]",neutral,0.0
"['dia', 'ngasih', 'hadiah', 'pada', 'adiknya', '.']","['pronoun', 'verb', 'unknown', 'preposition', 'unknown', 'unknown']","['neutral', 'neutral', 'unknown', 'neutral', 'unknown', 'unknown']","[0.0, 0.0, 0.0, 0.0, 0.0, 0.0]",neutral,0.0
"['dia', 'akan', 'apply', 'kerja', 'baru', '.']","['pronoun', 'auxiliary verb', 'verb', 'verb', 'adjective, adverb', 'unknown']","['neutral', 'neutral', 'neutral', 'neutral', 'neutral', 'unknown']","[0.0, 0.0, 0.0, 0.0, 0.0, 0.0]",neutral,0.0
"['polis', 'merampas', 'gun', 'dari', 'penjenayah', '.']","['noun', 'verb', 'noun', 'preposition', 'noun', 'unknown']","['neutral', 'negative', 'neutral', 'neutral', 'negative', 'unknown']","[0.0, -0.7, 0.0, 0.0, -0.8, 0.0]",neutral,0.0
"['dia', 'makan', 'sikit', 'saja', '.']","['pronoun', 'verb', 'adjective/adverb (colloquial)', 'adverb', 'unknown']","['neutral', 'neutral', 'neutral', 'neutral', 'unknown']","[0.0, 0.0, 0.0, 0.0, 0.0]",neutral,0.0
"['situasi', 'jadi', 'pns', 'bila', 'dia', 'datang', '.']","['noun', 'verb / conjunction', 'adjective', 'adverb', 'pronoun', 'verb', 'unknown']","['neutral', 'neutral', 'neutral', 'neutral', 'neutral', 'neutral', 'unknown']","[0.0, 0.0, 0.0, 0.0, 0.0, 0.0, 0.0]",neutral,0.0
"['polis', 'sedang', 'menyiasat', 'kes', 'itu', '.']","['noun', 'unknown', 'unknown', 'noun', 'demonstrative pronoun', 'unknown']","['neutral', 'unknown', 'unknown', 'neutral', 'neutral', 'unknown']","[0.0, 0.0, 0.0, 0.0, 0.0, 0.0]",neutral,0.0
"['maling', 'itu', 'berjaya', 'ditangkap', '.']","['noun', 'demonstrative pronoun', 'unknown', 'unknown', 'unknown']","['negative', 'neutral', 'unknown', 'unknown', 'unknown']","[-0.8, 0.0, 0.0, 0.0, 0.0]",negative,-0.8
"['dia', 'berkelakuan', 'seperti', 'orang', 'gila', '.']","['pronoun', 'unknown', 'preposition', 'noun', 'adjective', 'unknown']","['neutral', 'unknown', 'neutral', 'neutral', 'negative', 'unknown']","[0.0, 0.0, 0.0, 0.0, -0.7, 0.0]",negative,-0.6
"['saya', 'nampak', 'sekor', 'kucing', '.']","['pronoun', 'verb', 'numeral/classifier', 'noun', 'unknown']","['neutral', 'neutral', 'neutral', 'neutral', 'unknown']","[0.0, 0.0, 0.0, 0.0, 0.0]",neutral,0.0
"['awak', 'boleh', 'pergi', 'sekarang', '.']","['unknown', 'modal verb', 'verb', 'adverb', 'unknown']","['unknown', 'neutral', 'neutral', 'neutral', 'unknown']","[0.0, 0.0, 0.0, 0.0, 0.0]",neutral,0.0
"['dia', 'mempelajari', 'ilmu', 'syariat', '.']","['pronoun', 'unknown', 'noun', 'noun', 'unknown']","['neutral', 'unknown', 'positive', 'neutral', 'unknown']","[0.0, 0.0, 0.7, 0.0, 0.0]",neutral,0.0
"['palam', 'pencucuh', 'menghasilkan', 'spark', '.']","['unknown', 'unknown', 'unknown', 'noun', 'unknown']","['unknown', 'unknown', 'unknown', 'neutral', 'unknown']","[0.0, 0.0, 0.0, 0.0, 0.0]",neutral,0.0
"['jangan', 'mengambil', 'makanan', 'berlebihan', '.']","['particle', 'verb', 'noun', 'adjective', 'unknown']","['neutral', 'neutral', 'neutral', 'negative', 'unknown']","[0.0, 0.0, 0.0, -0.3, 0.0]",negative,-0.3
"['kebodohan', 'itu', 'menyebabkan', 'banyak', 'masalah', '.']","['noun', 'demonstrative pronoun', 'verb', 'adjective/quantifier', 'noun', 'unknown']","['negative', 'neutral', 'neutral', 'neutral', 'negative', 'unknown']","[-0.8, 0.0, 0.0, 0.0, -0.7, 0.0]",negative,-0.8
"['dia', 'terlibat', 'dalam', 'pelbagai', 'kejahatan', '.']","['pronoun', 'unknown', 'preposition', 'unknown', 'noun', 'unknown']","['neutral', 'unknown', 'neutral', 'unknown', 'negative', 'unknown']","[0.0, 0.0, 0.0, 0.0, -0.9, 0.0]",negative,-0.9
"['dia', 'sibuk', 'skrg', '.']","['pronoun', 'adjective', 'adverb', 'unknown']","['neutral', 'neutral', 'neutral', 'unknown']","[0.0, 0.0, 0.0, 0.0]",neutral,0.0
"['mcm', 'mana', 'ni', '?']","['preposition/adverb', 'interrogative pronoun', 'pronoun', 'punctuation']","['neutral', 'neutral', 'neutral', 'neutral']","[0.0, 0.0, 0.0, 0.0]",neutral,0.0
"['buku', 'itu', 'mahal', '.']","['unknown', 'demonstrative pronoun', 'adjective', 'unknown']","['unknown', 'neutral', 'negative', 'unknown']","[0.0, 0.0, -0.5, 0.0]",neutral,0.0
"['xkire', 'siapa', 'dia', ',', 'semua', 'sama', '.']","['verb phrase', 'unknown', 'pronoun', 'punctuation', 'quantifier / pronoun', 'adjective', 'unknown']","['neutral', 'unknown', 'neutral', 'neutral', 'neutral', 'neutral', 'unknown']","[0.0, 0.0, 0.0, 0.0, 0.0, 0.0, 0.0]",neutral,0.0
"['dia', 'dihantar', 'ke', 'pnjara', '.']","['pronoun', 'unknown', 'particle (interrogative)', 'noun', 'unknown']","['neutral', 'unknown', 'neutral', 'negative', 'unknown']","[0.0, 0.0, 0.0, -0.5, 0.0]",negative,-0.5
"['kereta', 'itu', 'berwarna', 'merah', 'dan', 'baru', 'sahaja', 'dibeli', '.']","['kata nama', 'demonstrative pronoun', 'unknown', 'unknown', 'conjunction', 'adjective, adverb', 'unknown', 'unknown', 'unknown']","['neutral', 'neutral', 'unknown', 'unknown', 'neutral', 'neutral', 'unknown', 'unknown', 'unknown']","[0.0, 0.0, 0.0, 0.0, 0.0, 0.0, 0.0, 0.0, 0.0]",neutral,0.0
"['adoiii', ',', 'sakitnya', 'kaki', 'aku', 'terpijak', 'duri', '.']","['interjection', 'punctuation', 'unknown', 'noun', 'pronoun', 'unknown', 'unknown', 'unknown']","['negative', 'neutral', 'unknown', 'neutral', 'neutral', 'unknown', 'unknown', 'unknown']","[-0.6, 0.0, 0.0, 0.0, 0.0, 0.0, 0.0, 0.0]",negative,-0.6
"['dia', 'barusan', 'tiba', 'dari', 'pejabat', 'selepas', 'mesyuarat', '.']","['pronoun', 'adverb', 'unknown', 'preposition', 'unknown', 'unknown', 'unknown', 'unknown']","['neutral', 'neutral', 'unknown', 'neutral', 'unknown', 'unknown', 'unknown', 'unknown']","[0.0, 0.0, 0.0, 0.0, 0.0, 0.0, 0.0, 0.0]",neutral,0.0
"['harga', 'barang', '-', 'barang', 'keperluan', 'harian', 'semakin', 'mahal', 'sekarang', '.']","['unknown', 'noun', 'punctuation', 'noun', 'unknown', 'adjective', 'unknown', 'adjective', 'adverb', 'unknown']","['unknown', 'neutral', 'neutral', 'neutral', 'unknown', 'neutral', 'unknown', 'negative', 'neutral', 'unknown']","[0.0, 0.0, 0.0, 0.0, 0.0, 0.0, 0.0, -0.5, 0.0, 0.0]",negative,-0.5
"['soalan', 'peperiksaan', 'matematik', 'itu', 'sangat', 'susah', 'bagi', 'pelajar', '-', 'pelajar', '.']","['unknown', 'unknown', 'unknown', 'demonstrative pronoun', 'adverb', 'adjective', 'verb', 'unknown', 'punctuation', 'unknown', 'unknown']","['unknown', 'unknown', 'unknown', 'neutral', 'neutral', 'negative', 'neutral', 'unknown', 'neutral', 'unknown', 'unknown']","[0.0, 0.0, 0.0, 0.0, 0.0, -0.7, 0.0, 0.0, 0.0, 0.0, 0.0]",negative,-0.7
"['dia', 'sedang', 'membaca', 'buku', 'di', 'perpustakaan', '.']","['pronoun', 'unknown', 'unknown', 'unknown', 'preposition', 'unknown', 'unknown']","['neutral', 'unknown', 'unknown', 'unknown', 'neutral', 'unknown', 'unknown']","[0.0, 0.0, 0.0, 0.0, 0.0, 0.0, 0.0]",neutral,0.0
"['dia', 'dah', 'makan', 'tengah', 'hari', 'bersama', 'kawan', '-', 'kawannya', '.']","['pronoun', 'adverb', 'verb', 'noun / adverb', 'noun', 'unknown', 'noun', 'punctuation', 'unknown', 'unknown']","['neutral', 'neutral', 'neutral', 'neutral', 'neutral', 'unknown', 'positive', 'neutral', 'unknown', 'unknown']","[0.0, 0.0, 0.0, 0.0, 0.0, 0.0, 0.6, 0.0, 0.0, 0.0]",neutral,0.0
"['pemandu', 'itu', 'langgar', 'lampu', 'isyarat', 'merah', 'dan', 'menyebabkan', 'kemalangan', '.']","['noun', 'demonstrative pronoun', 'verb', 'unknown', 'unknown', 'unknown', 'conjunction', 'verb', 'unknown', 'unknown']","['neutral', 'neutral', 'negative', 'unknown', 'unknown', 'unknown', 'neutral', 'neutral', 'unknown', 'unknown']","[0.0, 0.0, -0.6, 0.0, 0.0, 0.0, 0.0, 0.0, 0.0, 0.0]",negative,-0.7
"['dia', 'memang', 'kelakar', 'orangnyarolling', 'on', 'the', 'floor', 'laughing', '.']","['pronoun', 'adverb', 'unknown', 'unknown', 'kata sendi nama/kata keterangan/kata kerja (English)', 'penentu (English)', 'unknown', 'unknown', 'unknown']","['neutral', 'neutral', 'unknown', 'unknown', 'neutral', 'neutral', 'unknown', 'unknown', 'unknown']","[0.0, 0.0, 0.0, 0.0, 0.0, 0.0, 0.0, 0.0, 0.0]",neutral,0.0
"['aqq', 'nak', 'pergi', 'ke', 'bandar', 'esok', 'pagi', '.']","['pronoun', 'auxiliary verb', 'verb', 'particle (interrogative)', 'unknown', 'unknown', 'unknown', 'unknown']","['neutral', 'neutral', 'neutral', 'neutral', 'unknown', 'unknown', 'unknown', 'unknown']","[0.0, 0.0, 0.0, 0.0, 0.0, 0.0, 0.0, 0.0]",neutral,0.0
"['lps', 'kerja', ',', 'kita', 'boleh', 'jumpa', 'untuk', 'makan', 'malam', '.']","['adverb', 'verb', 'punctuation', 'pronoun', 'modal verb', 'verb', 'preposition', 'verb', 'unknown', 'unknown']","['neutral', 'neutral', 'neutral', 'neutral', 'neutral', 'neutral', 'neutral', 'neutral', 'unknown', 'unknown']","[0.0, 0.0, 0.0, 0.0, 0.0, 0.0, 0.0, 0.0, 0.0, 0.0]",neutral,0.0
"['polis', 'berjaya', 'tangkap', 'pencuri', 'yang', 'dikehendaki', 'itu', '.']","['noun', 'unknown', 'verb', 'noun', 'pronoun, conjunction', 'unknown', 'demonstrative pronoun', 'unknown']","['neutral', 'unknown', 'neutral', 'negative', 'neutral', 'unknown', 'neutral', 'unknown']","[0.0, 0.0, 0.0, -0.8, 0.0, 0.0, 0.0, 0.0]",neutral,0.0
"['perempuan', 'itu', 'memakai', 'baju', 'kurung', 'yang', 'cantik', '.']","['noun', 'demonstrative pronoun', 'unknown', 'unknown', 'unknown', 'pronoun, conjunction', 'unknown', 'unknown']","['neutral', 'neutral', 'unknown', 'unknown', 'unknown', 'neutral', 'unknown', 'unknown']","[0.0, 0.0, 0.0, 0.0, 0.0, 0.0, 0.0, 0.0]",neutral,0.0
"['i', 'like', 'that', 'idea', 'very', 'much', '.']","['pronoun', 'interjection', 'demonstrative pronoun', 'unknown', 'unknown', 'unknown', 'unknown']","['neutral', 'neutral', 'neutral', 'unknown', 'unknown', 'unknown', 'unknown']","[0.0, 0.0, 0.0, 0.0, 0.0, 0.0, 0.0]",neutral,0.0
"['tolong', 'ltk', 'buku', 'itu', 'di', 'atas', 'meja', '.']","['verb', 'verb', 'unknown', 'demonstrative pronoun', 'preposition', 'unknown', 'unknown', 'unknown']","['neutral', 'neutral', 'unknown', 'neutral', 'neutral', 'unknown', 'unknown', 'unknown']","[0.0, 0.0, 0.0, 0.0, 0.0, 0.0, 0.0, 0.0]",neutral,0.0
"['i', 'will', 'come', 'to', 'your', 'house', 'tomorrow', '.']","['pronoun', 'auxiliary verb', 'unknown', 'preposition', 'unknown', 'unknown', 'unknown', 'unknown']","['neutral', 'neutral', 'unknown', 'neutral', 'unknown', 'unknown', 'unknown', 'unknown']","[0.0, 0.0, 0.0, 0.0, 0.0, 0.0, 0.0, 0.0]",neutral,0.0
"['ada', 'sorg', 'lelaki', 'berdiri', 'di', 'hadapan', 'pintu', '.']","['verb', 'numeral classifier', 'noun', 'unknown', 'preposition', 'unknown', 'noun', 'unknown']","['neutral', 'neutral', 'neutral', 'unknown', 'neutral', 'unknown', 'neutral', 'unknown']","[0.0, 0.0, 0.0, 0.0, 0.0, 0.0, 0.0, 0.0]",neutral,0.0
"['dia', 'trus', 'pergi', 'selepas', 'tamat', 'kelas', '.']","['pronoun', 'adverb', 'verb', 'unknown', 'unknown', 'unknown', 'unknown']","['neutral', 'neutral', 'neutral', 'unknown', 'unknown', 'unknown', 'unknown']","[0.0, 0.0, 0.0, 0.0, 0.0, 0.0, 0.0]",neutral,0.0
"['baju', 'baru', 'itu', 'pas', 'betul', 'dengan', 'badannya', '.']","['unknown', 'adjective, adverb', 'demonstrative pronoun', 'adjective', 'adjective', 'preposition', 'unknown', 'unknown']","['unknown', 'neutral', 'neutral', 'neutral', 'positive', 'neutral', 'unknown', 'unknown']","[0.0, 0.0, 0.0, 0.0, 0.6, 0.0, 0.0, 0.0]",neutral,0.0
"['kita', 'harus', 'menghormati', 'ibu', 'bapa', 'dan', 'guru', '-', 'guru', '.']","['pronoun', 'auxiliary verb', 'unknown', 'unknown', 'unknown', 'conjunction', 'unknown', 'punctuation', 'unknown', 'unknown']","['neutral', 'neutral', 'unknown', 'unknown', 'unknown', 'neutral', 'unknown', 'neutral', 'unknown', 'unknown']","[0.0, 0.0, 0.0, 0.0, 0.0, 0.0, 0.0, 0.0, 0.0, 0.0]",neutral,0.0
"['apa', 'yang', 'awak', 'katakan', 'itu', 'betul', '.']","['pronoun', 'pronoun, conjunction', 'unknown', 'unknown', 'demonstrative pronoun', 'adjective', 'unknown']","['neutral', 'neutral', 'unknown', 'unknown', 'neutral', 'positive', 'unknown']","[0.0, 0.0, 0.0, 0.0, 0.0, 0.6, 0.0]",positive,0.6
"['aku', ',', 'suka', 'makan', 'nasi', 'lemak', 'setiap', 'pagi', '.']","['pronoun', 'punctuation', 'verb', 'verb', 'unknown', 'unknown', 'unknown', 'unknown', 'unknown']","['neutral', 'neutral', 'positive', 'neutral', 'unknown', 'unknown', 'unknown', 'unknown', 'unknown']","[0.0, 0.0, 0.7, 0.0, 0.0, 0.0, 0.0, 0.0, 0.0]",neutral,0.0
"['mcine', 'dia', 'boleh', 'buat', 'kerja', 'secepat', 'itu', '?']","['interrogative adverb', 'pronoun', 'modal verb', 'kata kerja', 'verb', 'unknown', 'demonstrative pronoun', 'punctuation']","['neutral', 'neutral', 'neutral', 'neutral', 'neutral', 'unknown', 'neutral', 'neutral']","[0.0, 0.0, 0.0, 0.0, 0.0, 0.0, 0.0, 0.0]",neutral,0.0
"['dia', 'bercakap', 'dengan', 'logat', 'kedah', 'yang', 'pekat', '.']","['pronoun', 'unknown', 'preposition', 'noun', 'unknown', 'pronoun, conjunction', 'unknown', 'unknown']","['neutral', 'unknown', 'neutral', 'neutral', 'unknown', 'neutral', 'unknown', 'unknown']","[0.0, 0.0, 0.0, 0.0, 0.0, 0.0, 0.0, 0.0]",neutral,0.0
"['pastikan', 'plug', 'dipasang', 'dengan', 'betul', 'ke', 'soket', '.']","['verb', 'noun', 'unknown', 'preposition', 'adjective', 'particle (interrogative)', 'unknown', 'unknown']","['neutral', 'neutral', 'unknown', 'neutral', 'positive', 'neutral', 'unknown', 'unknown']","[0.0, 0.0, 0.0, 0.0, 0.6, 0.0, 0.0, 0.0]",neutral,0.0
"['terima', 'kasih', 'atas', 'bantuan', 'anda', 'folded', 'hands', '.']","['verb', 'noun / verb', 'unknown', 'noun', 'pronoun', 'unknown', 'unknown', 'unknown']","['neutral', 'positive', 'unknown', 'positive', 'neutral', 'unknown', 'unknown', 'unknown']","[0.0, 0.8, 0.0, 0.7, 0.0, 0.0, 0.0, 0.0]",positive,0.7
"['jangan', 'buat', 'kerja', 'bodoh', '.', 'fikirlah', 'dulu', 'sebelum', 'bertindak', '.']","['particle', 'kata kerja', 'verb', 'adjective', 'unknown', 'unknown', 'adverb', 'preposition', 'verb', 'unknown']","['neutral', 'neutral', 'neutral', 'negative', 'unknown', 'unknown', 'neutral', 'neutral', 'neutral', 'unknown']","[0.0, 0.0, 0.0, -0.8, 0.0, 0.0, 0.0, 0.0, 0.0, 0.0]",negative,-0.8
"['burung', 'itu', 'dilepaskan', 'dan', 'kini', 'terbang', 'bebas', 'di', 'langit', '.']","['unknown', 'demonstrative pronoun', 'unknown', 'conjunction', 'unknown', 'unknown', 'unknown', 'preposition', 'noun', 'unknown']","['unknown', 'neutral', 'unknown', 'neutral', 'unknown', 'unknown', 'unknown', 'neutral', 'neutral', 'unknown']","[0.0, 0.0, 0.0, 0.0, 0.0, 0.0, 0.0, 0.0, 0.0, 0.0]",positive,0.7
"['buku', 'ini', 'pnya', 'adik', 'saya', '.']","['unknown', 'demonstrative pronoun', 'possessive particle', 'unknown', 'pronoun', 'unknown']","['unknown', 'neutral', 'neutral', 'unknown', 'neutral', 'unknown']","[0.0, 0.0, 0.0, 0.0, 0.0, 0.0]",neutral,0.0
"['laki', 'dia', 'bekerja', 'sebagai', 'jurutera', 'di', 'kuala', 'lumpur', '.']","['noun', 'pronoun', 'unknown', 'preposition', 'unknown', 'preposition', 'noun', 'unknown', 'unknown']","['neutral', 'neutral', 'unknown', 'neutral', 'unknown', 'neutral', 'neutral', 'unknown', 'unknown']","[0.0, 0.0, 0.0, 0.0, 0.0, 0.0, 0.0, 0.0, 0.0]",neutral,0.0
"['baju', 'yang', 'awak', 'pakai', 'tu', 'nampak', 'law', 'sangat', '.']","['unknown', 'pronoun, conjunction', 'unknown', 'verb', 'pronoun', 'verb', 'adjective', 'adverb', 'unknown']","['unknown', 'neutral', 'unknown', 'neutral', 'neutral', 'neutral', 'positive', 'neutral', 'unknown']","[0.0, 0.0, 0.0, 0.0, 0.0, 0.0, 0.6, 0.0, 0.0]",positive,0.6
"['jangan', 'bermain', 'api', '.', 'ia', 'sangat', 'bahaya', '.']","['particle', 'unknown', 'noun', 'unknown', 'unknown', 'adverb', 'noun', 'unknown']","['neutral', 'unknown', 'neutral', 'unknown', 'unknown', 'neutral', 'negative', 'unknown']","[0.0, 0.0, 0.0, 0.0, 0.0, 0.0, -0.8, 0.0]",neutral,0.0
"['kita', 'kena', 'buat', 'kerja', 'ni', 'slow2', 'supaya', 'tak', 'ada', 'kesilapan', '.']","['pronoun', 'verb', 'kata kerja', 'verb', 'pronoun', 'unknown', 'conjunction', 'adverb (negation)', 'verb', 'noun', 'unknown']","['neutral', 'neutral', 'neutral', 'neutral', 'neutral', 'unknown', 'neutral', 'neutral', 'neutral', 'negative', 'unknown']","[0.0, 0.0, 0.0, 0.0, 0.0, 0.0, 0.0, 0.0, 0.0, -0.6, 0.0]",neutral,0.0
"['pemilik', 'restoran', 'itu', 'adalah', 'seorang', 'yang', 'sangat', 'dermawan', '.']","['noun', 'unknown', 'demonstrative pronoun', 'copula / verb', 'unknown', 'pronoun, conjunction', 'adverb', 'unknown', 'unknown']","['neutral', 'unknown', 'neutral', 'neutral', 'unknown', 'neutral', 'neutral', 'unknown', 'unknown']","[0.0, 0.0, 0.0, 0.0, 0.0, 0.0, 0.0, 0.0, 0.0]",neutral,0.0
"['buku', 'rujukan', 'itu', 'disimpan', 'dibahagian', 'atas', 'rak', 'buku', '.']","['unknown', 'unknown', 'demonstrative pronoun', 'unknown', 'prepositional phrase', 'unknown', 'unknown', 'unknown', 'unknown']","['unknown', 'unknown', 'neutral', 'unknown', 'neutral', 'unknown', 'unknown', 'unknown', 'unknown']","[0.0, 0.0, 0.0, 0.0, 0.0, 0.0, 0.0, 0.0, 0.0]",neutral,0.0
"['kereta', 'itu', 'berhenti', 'di', 'persimpangan', 'jalan', '.']","['kata nama', 'demonstrative pronoun', 'verb', 'preposition', 'unknown', 'noun/verb', 'unknown']","['neutral', 'neutral', 'neutral', 'neutral', 'unknown', 'neutral', 'unknown']","[0.0, 0.0, 0.0, 0.0, 0.0, 0.0, 0.0]",neutral,0.0
"['hidup', 'ini', 'adalah', 'anugerah', 'yang', 'perlu', 'dihargai', '.']","['verb, adjective', 'demonstrative pronoun', 'copula / verb', 'unknown', 'pronoun, conjunction', 'verb/adjective', 'unknown', 'unknown']","['positive', 'neutral', 'neutral', 'unknown', 'neutral', 'neutral', 'unknown', 'unknown']","[0.5, 0.0, 0.0, 0.0, 0.0, 0.0, 0.0, 0.0]",positive,0.8
"['wajahnya', 'kelihatan', 'berseri', '-', 'seri', 'selepas', 'mendapat', 'berita', 'baik', 'itu', '.']","['unknown', 'unknown', 'unknown', 'punctuation', 'unknown', 'unknown', 'verb', 'noun', 'adjective', 'demonstrative pronoun', 'unknown']","['unknown', 'unknown', 'unknown', 'neutral', 'unknown', 'unknown', 'neutral', 'neutral', 'positive', 'neutral', 'unknown']","[0.0, 0.0, 0.0, 0.0, 0.0, 0.0, 0.0, 0.0, 0.8, 0.0, 0.0]",neutral,0.0
"['astaga', ',', 'saya', 'terlupa', 'untuk', 'menghantar', 'tugasan', 'semalam', '!']","['unknown', 'punctuation', 'pronoun', 'unknown', 'preposition', 'unknown', 'unknown', 'unknown', 'unknown']","['unknown', 'neutral', 'neutral', 'unknown', 'neutral', 'unknown', 'unknown', 'unknown', 'unknown']","[0.0, 0.0, 0.0, 0.0, 0.0, 0.0, 0.0, 0.0, 0.0]",negative,-0.5
"['mujur', 'dia', 'sempat', 'mengelak', ',', 'kalau', 'tidak', 'pasti', 'cedera', 'parah', '.']","['adjective', 'pronoun', 'unknown', 'unknown', 'punctuation', 'conjunction', 'adverb', 'adjective', 'adjective/verb', 'adjective', 'unknown']","['positive', 'neutral', 'unknown', 'unknown', 'neutral', 'neutral', 'neutral', 'neutral', 'negative', 'negative', 'unknown']","[0.7, 0.0, 0.0, 0.0, 0.0, 0.0, 0.0, 0.5, -0.6, -0.8, 0.0]",positive,0.7
"['pergilah', '.', 'aku', 'dah', 'tak', 'tahan', '.']","['unknown', 'unknown', 'pronoun', 'adverb', 'adverb (negation)', 'verb', 'unknown']","['unknown', 'unknown', 'neutral', 'neutral', 'neutral', 'neutral', 'unknown']","[0.0, 0.0, 0.0, 0.0, 0.0, 0.0, 0.0]",neutral,0.0
"['kerja', 'awak', 'memang', 'terbaik', '!', 'respectthumbs', 'up', 'light', 'skin', 'tone']","['verb', 'unknown', 'adverb', 'adjective', 'unknown', 'unknown', 'unknown', 'unknown', 'unknown', 'unknown']","['neutral', 'unknown', 'neutral', 'positive', 'unknown', 'unknown', 'unknown', 'unknown', 'unknown', 'unknown']","[0.0, 0.0, 0.0, 0.9, 0.0, 0.0, 0.0, 0.0, 0.0, 0.0]",positive,0.8
"['pengalaman', 'pahit', 'itu', 'menyedarkan', 'saya', 'tentang', 'pentingnya', 'persiapan', '.']","['unknown', 'unknown', 'demonstrative pronoun', 'verb', 'pronoun', 'unknown', 'unknown', 'unknown', 'unknown']","['unknown', 'unknown', 'neutral', 'positive', 'neutral', 'unknown', 'unknown', 'unknown', 'unknown']","[0.0, 0.0, 0.0, 0.6, 0.0, 0.0, 0.0, 0.0, 0.0]",positive,0.6
"['pemandu', 'bas', 'itu', 'membunyikan', 'hon', 'dengan', 'kuat', '.']","['noun', 'unknown', 'demonstrative pronoun', 'unknown', 'verb', 'preposition', 'adjective', 'unknown']","['neutral', 'unknown', 'neutral', 'unknown', 'neutral', 'neutral', 'positive', 'unknown']","[0.0, 0.0, 0.0, 0.0, 0.0, 0.0, 0.6, 0.0]",neutral,0.0
"['ada', 'dua', 'jenis', 'buah', '-', 'buahan', 'di', 'atas', 'meja', ',', 'iaitu', 'epal', 'dan', 'oren', '.']","['verb', 'numeral', 'unknown', 'unknown', 'punctuation', 'unknown', 'preposition', 'unknown', 'unknown', 'punctuation', 'conjunction', 'unknown', 'conjunction', 'unknown', 'unknown']","['neutral', 'neutral', 'unknown', 'unknown', 'neutral', 'unknown', 'neutral', 'unknown', 'unknown', 'neutral', 'neutral', 'unknown', 'neutral', 'unknown', 'unknown']","[0.0, 0.0, 0.0, 0.0, 0.0, 0.0, 0.0, 0.0, 0.0, 0.0, 0.0, 0.0, 0.0, 0.0, 0.0]",neutral,0.0
"['dia', 'datang', 'esok', 'kut', ',', 'kalau', 'tak', 'sibuk', '.']","['pronoun', 'verb', 'unknown', 'adverb', 'punctuation', 'conjunction', 'adverb (negation)', 'adjective', 'unknown']","['neutral', 'neutral', 'unknown', 'neutral', 'neutral', 'neutral', 'neutral', 'neutral', 'unknown']","[0.0, 0.0, 0.0, 0.0, 0.0, 0.0, 0.0, 0.0, 0.0]",neutral,0.0
"['saya', 'jamin', 'dia', 'akan', 'menyelesaikan', 'tugasan', 'ini', 'dengan', 'baik', '.']","['pronoun', 'verb', 'pronoun', 'auxiliary verb', 'unknown', 'unknown', 'demonstrative pronoun', 'preposition', 'adjective', 'unknown']","['neutral', 'neutral', 'neutral', 'neutral', 'unknown', 'unknown', 'neutral', 'neutral', 'positive', 'unknown']","[0.0, 0.0, 0.0, 0.0, 0.0, 0.0, 0.0, 0.0, 0.8, 0.0]",neutral,0.0
"['malaysia', '.', 'ialah', 'sebuah', 'negara', 'yang', 'berbilang', 'kaum', 'dan', 'budaya', '.']","['proper noun', 'unknown', 'copula', 'unknown', 'noun', 'pronoun, conjunction', 'unknown', 'unknown', 'conjunction', 'unknown', 'unknown']","['neutral', 'unknown', 'neutral', 'unknown', 'neutral', 'neutral', 'unknown', 'unknown', 'neutral', 'unknown', 'unknown']","[0.0, 0.0, 0.0, 0.0, 0.0, 0.0, 0.0, 0.0, 0.0, 0.0, 0.0]",neutral,0.0
"['sila', 'kemas', 'kini', 'profile', 'anda', 'di', 'laman', 'web', 'syarikat', '.']","['unknown', 'unknown', 'unknown', 'noun', 'pronoun', 'preposition', 'unknown', 'unknown', 'unknown', 'unknown']","['unknown', 'unknown', 'unknown', 'neutral', 'neutral', 'neutral', 'unknown', 'unknown', 'unknown', 'unknown']","[0.0, 0.0, 0.0, 0.0, 0.0, 0.0, 0.0, 0.0, 0.0, 0.0]",neutral,0.0
"['dia', 'ga', 'datang', 'ke', 'majlis', 'semalam', '.']","['pronoun', 'negative particle', 'verb', 'particle (interrogative)', 'unknown', 'unknown', 'unknown']","['neutral', 'neutral', 'neutral', 'neutral', 'unknown', 'unknown', 'unknown']","[0.0, 0.0, 0.0, 0.0, 0.0, 0.0, 0.0]",neutral,0.0
"['dia', 'tadah', 'air', 'hujan', 'dalam', 'baldi', '.']","['pronoun', 'verb', 'unknown', 'unknown', 'preposition', 'unknown', 'unknown']","['neutral', 'neutral', 'unknown', 'unknown', 'neutral', 'unknown', 'unknown']","[0.0, 0.0, 0.0, 0.0, 0.0, 0.0, 0.0]",neutral,0.0
"['dia', 'menyanyi', 'sambil', 'menari', '.']","['pronoun', 'unknown', 'conjunction', 'unknown', 'unknown']","['neutral', 'unknown', 'neutral', 'unknown', 'unknown']","[0.0, 0.0, 0.0, 0.0, 0.0]",neutral,0.0
"['polis', 'berjaya', 'menangkap', 'penjenayah', 'itu', '.']","['noun', 'unknown', 'unknown', 'noun', 'demonstrative pronoun', 'unknown']","['neutral', 'unknown', 'unknown', 'negative', 'neutral', 'unknown']","[0.0, 0.0, 0.0, -0.8, 0.0, 0.0]",negative,-0.8
"['bendera', 'malaysia', 'mempunyai', 'jalur', 'merah', 'putih', '.']","['unknown', 'proper noun', 'unknown', 'noun', 'unknown', 'unknown', 'unknown']","['unknown', 'neutral', 'unknown', 'neutral', 'unknown', 'unknown', 'unknown']","[0.0, 0.0, 0.0, 0.0, 0.0, 0.0, 0.0]",neutral,0.0
"['dia', 'leka', 'bermain', 'telefon', 'sehingga', 'lupa', 'makan', '.']","['pronoun', 'adjective', 'unknown', 'noun / verb', 'conjunction, preposition', 'unknown', 'verb', 'unknown']","['neutral', 'negative', 'unknown', 'neutral', 'neutral', 'unknown', 'neutral', 'unknown']","[0.0, -0.5, 0.0, 0.0, 0.0, 0.0, 0.0, 0.0]",negative,-0.5
"['dia', 'mau', 'pergi', 'ke', 'sana', '.']","['pronoun', 'verb (modal)', 'verb', 'particle (interrogative)', 'unknown', 'unknown']","['neutral', 'neutral', 'neutral', 'neutral', 'unknown', 'unknown']","[0.0, 0.0, 0.0, 0.0, 0.0, 0.0]",neutral,0.0
"['mereka', 'semua', 'datang', 'belaka', '.']","['pronoun', 'quantifier / pronoun', 'verb', 'adverb', 'unknown']","['neutral', 'neutral', 'neutral', 'neutral', 'unknown']","[0.0, 0.0, 0.0, 0.0, 0.0]",neutral,0.0
"['dia', 'geram', 'dengan', 'tingkah', 'laku', 'adiknya', '.']","['pronoun', 'adjective', 'preposition', 'unknown', 'unknown', 'unknown', 'unknown']","['neutral', 'negative', 'neutral', 'unknown', 'unknown', 'unknown', 'unknown']","[0.0, -0.6, 0.0, 0.0, 0.0, 0.0, 0.0]",negative,-0.7
"['cepatlah', 'datang', '!']","['unknown', 'verb', 'unknown']","['unknown', 'neutral', 'unknown']","[0.0, 0.0, 0.0]",neutral,0.0
"['situasi', 'ekonomi', 'negara', 'semakin', 'stabil', '.']","['noun', 'unknown', 'noun', 'unknown', 'unknown', 'unknown']","['neutral', 'unknown', 'neutral', 'unknown', 'unknown', 'unknown']","[0.0, 0.0, 0.0, 0.0, 0.0, 0.0]",neutral,0.0
"['mereka', 'ditahan', 'kerana', 'menyamun', 'kedai', 'emas', '.']","['pronoun', 'unknown', 'conjunction', 'verb', 'noun', 'noun', 'unknown']","['neutral', 'unknown', 'neutral', 'negative', 'neutral', 'positive', 'unknown']","[0.0, 0.0, 0.0, -0.9, 0.0, 0.4, 0.0]",negative,-0.9
"['kereta', 'itu', 'bergerak', 'dengan', 'sangat', 'laju', '.']","['kata nama', 'demonstrative pronoun', 'unknown', 'preposition', 'adverb', 'adjective', 'unknown']","['neutral', 'neutral', 'unknown', 'neutral', 'neutral', 'neutral', 'unknown']","[0.0, 0.0, 0.0, 0.0, 0.0, 0.0, 0.0]",neutral,0.0
"['dia', 'memotong', 'kukunya', '.']","['pronoun', 'unknown', 'unknown', 'unknown']","['neutral', 'unknown', 'unknown', 'unknown']","[0.0, 0.0, 0.0, 0.0]",neutral,0.0
"['buku', 'tu', 'sangat', 'menarik', '.']","['unknown', 'pronoun', 'adverb', 'unknown', 'unknown']","['unknown', 'neutral', 'neutral', 'unknown', 'unknown']","[0.0, 0.0, 0.0, 0.0, 0.0]",neutral,0.0
"['dia', 'undur', 'ke', 'belakang', 'sedikit', '.']","['pronoun', 'verb', 'particle (interrogative)', 'noun / adverb', 'adjective', 'unknown']","['neutral', 'neutral', 'neutral', 'neutral', 'neutral', 'unknown']","[0.0, 0.0, 0.0, 0.0, 0.0, 0.0]",neutral,0.0
"['bola', 'itu', 'berada', 'di', 'bawah', 'meja', '.']","['kata nama', 'demonstrative pronoun', 'verb / adjective', 'preposition', 'preposition', 'unknown', 'unknown']","['neutral', 'neutral', 'neutral', 'neutral', 'neutral', 'unknown', 'unknown']","[0.0, 0.0, 0.0, 0.0, 0.0, 0.0, 0.0]",neutral,0.0
"['anjing', 'itu', 'sedang', 'menyalak', '.']","['noun', 'demonstrative pronoun', 'unknown', 'unknown', 'unknown']","['neutral', 'neutral', 'unknown', 'unknown', 'unknown']","[0.0, 0.0, 0.0, 0.0, 0.0]",neutral,0.0
"['abang', 'saya', 'bekerja', 'di', 'kuala', 'lumpur', '.']","['noun', 'pronoun', 'unknown', 'preposition', 'noun', 'unknown', 'unknown']","['neutral', 'neutral', 'unknown', 'neutral', 'neutral', 'unknown', 'unknown']","[0.0, 0.0, 0.0, 0.0, 0.0, 0.0, 0.0]",neutral,0.0
"['pasukan', 'itu', 'mempunyai', 'defense', 'yang', 'kuat', '.']","['unknown', 'demonstrative pronoun', 'unknown', 'noun', 'pronoun, conjunction', 'adjective', 'unknown']","['unknown', 'neutral', 'unknown', 'neutral', 'neutral', 'positive', 'unknown']","[0.0, 0.0, 0.0, 0.0, 0.0, 0.6, 0.0]",neutral,0.0
"['drg', 'dah', 'balik', '.']","['pronoun (colloquial)', 'adverb', 'verb', 'unknown']","['neutral', 'neutral', 'neutral', 'unknown']","[0.0, 0.0, 0.0, 0.0]",neutral,0.0
"['dia', 'cuba', 'hit', 'bola', 'itu', '.']","['pronoun', 'verb', 'verb/noun', 'kata nama', 'demonstrative pronoun', 'unknown']","['neutral', 'neutral', 'neutral', 'neutral', 'neutral', 'unknown']","[0.0, 0.0, 0.0, 0.0, 0.0, 0.0]",neutral,0.0
"['tolong', 'bukak', 'pintu', 'itu', '.']","['verb', 'verb (colloquial)', 'noun', 'demonstrative pronoun', 'unknown']","['neutral', 'neutral', 'neutral', 'neutral', 'unknown']","[0.0, 0.0, 0.0, 0.0, 0.0]",neutral,0.0
"['banyak', 'orang', 'datang', 'ke', 'majlis', 'itu', '.']","['adjective/quantifier', 'noun', 'verb', 'particle (interrogative)', 'unknown', 'demonstrative pronoun', 'unknown']","['neutral', 'neutral', 'neutral', 'neutral', 'unknown', 'neutral', 'unknown']","[0.0, 0.0, 0.0, 0.0, 0.0, 0.0, 0.0]",neutral,0.0
"['dia', 'knock', 'pintu', 'sebelum', 'masuk', '.']","['pronoun', 'verb', 'noun', 'preposition', 'verb', 'unknown']","['neutral', 'neutral', 'neutral', 'neutral', 'neutral', 'unknown']","[0.0, 0.0, 0.0, 0.0, 0.0, 0.0]",neutral,0.0
"['cermin', 'itu', 'pecah', '.']","['noun', 'demonstrative pronoun', 'verb, adjective', 'unknown']","['neutral', 'neutral', 'negative', 'unknown']","[0.0, 0.0, -0.6, 0.0]",negative,-0.6
"['dia', 'praktis', 'bermain', 'gitar', 'setiap', 'hari', '.']","['pronoun', 'verb/noun', 'unknown', 'unknown', 'unknown', 'noun', 'unknown']","['neutral', 'neutral', 'unknown', 'unknown', 'unknown', 'neutral', 'unknown']","[0.0, 0.0, 0.0, 0.0, 0.0, 0.0, 0.0]",neutral,0.0
"['kita', 'pergi', 'bersama', '-', 'sama', '.']","['pronoun', 'verb', 'unknown', 'punctuation', 'adjective', 'unknown']","['neutral', 'neutral', 'unknown', 'neutral', 'neutral', 'unknown']","[0.0, 0.0, 0.0, 0.0, 0.0, 0.0]",neutral,0.0
"['persembahan', 'mereka', 'sangat', 'hebat', '.']","['unknown', 'pronoun', 'adverb', 'adjective', 'unknown']","['unknown', 'neutral', 'neutral', 'positive', 'unknown']","[0.0, 0.0, 0.0, 0.8, 0.0]",positive,0.8
"['dia', 'seorang', 'yang', 'berani', '.']","['pronoun', 'unknown', 'pronoun, conjunction', 'adjective', 'unknown']","['neutral', 'unknown', 'neutral', 'positive', 'unknown']","[0.0, 0.0, 0.0, 0.7, 0.0]",positive,0.7
"['itu', 'cerita', 'lain', '.']","['demonstrative pronoun', 'unknown', 'adjective', 'unknown']","['neutral', 'unknown', 'neutral', 'unknown']","[0.0, 0.0, 0.0, 0.0]",neutral,0.0
"['buku', 'tu', 'sangat', 'menarik', '.']","['unknown', 'pronoun', 'adverb', 'unknown', 'unknown']","['unknown', 'neutral', 'neutral', 'unknown', 'unknown']","[0.0, 0.0, 0.0, 0.0, 0.0]",neutral,0.0
"['aku', 'suka', 'makan', 'nasi', 'lemak', '.']","['pronoun', 'verb', 'verb', 'unknown', 'unknown', 'unknown']","['neutral', 'positive', 'neutral', 'unknown', 'unknown', 'unknown']","[0.0, 0.7, 0.0, 0.0, 0.0, 0.0]",neutral,0.0
"['mereka', 'menjual', 'buku', ',', 'pensel', 'dan', 'sebagainya', '.']","['pronoun', 'unknown', 'unknown', 'punctuation', 'unknown', 'conjunction', 'adverb', 'unknown']","['neutral', 'unknown', 'unknown', 'neutral', 'unknown', 'neutral', 'neutral', 'unknown']","[0.0, 0.0, 0.0, 0.0, 0.0, 0.0, 0.0, 0.0]",neutral,0.0
"['dulu', 'saya', 'tinggal', 'di', 'kampung', '.']","['adverb', 'pronoun', 'unknown', 'preposition', 'unknown', 'unknown']","['neutral', 'neutral', 'unknown', 'neutral', 'unknown', 'unknown']","[0.0, 0.0, 0.0, 0.0, 0.0, 0.0]",neutral,0.0
"['konflik', 'di', 'palestina', 'masih', 'berterusan', '.']","['unknown', 'preposition', 'noun (proper noun)', 'adverb', 'unknown', 'unknown']","['unknown', 'neutral', 'neutral', 'neutral', 'unknown', 'unknown']","[0.0, 0.0, 0.0, 0.0, 0.0, 0.0]",neutral,0.0
"['indonesia', 'mempunyai', 'banyak', 'pulau', '.']","['proper noun', 'unknown', 'adjective/quantifier', 'unknown', 'unknown']","['neutral', 'unknown', 'neutral', 'unknown', 'unknown']","[0.0, 0.0, 0.0, 0.0, 0.0]",neutral,0.0
"['dia', 'akan', 'datang', 'nanti', '.']","['pronoun', 'auxiliary verb', 'verb', 'adverb', 'unknown']","['neutral', 'neutral', 'neutral', 'neutral', 'unknown']","[0.0, 0.0, 0.0, 0.0, 0.0]",neutral,0.0
"['selain', 'itu', ',', 'dia', 'juga', 'pandai', 'melukis', '.']","['conjunction', 'demonstrative pronoun', 'punctuation', 'pronoun', 'adverb', 'adjective', 'unknown', 'unknown']","['neutral', 'neutral', 'neutral', 'neutral', 'neutral', 'positive', 'unknown', 'unknown']","[0.0, 0.0, 0.0, 0.0, 0.0, 0.7, 0.0, 0.0]",neutral,0.0
"['dia', 'berumur', '17', 'tahun', '.']","['pronoun', 'unknown', 'numeral', 'noun', 'unknown']","['neutral', 'unknown', 'neutral', 'neutral', 'unknown']","[0.0, 0.0, 0.0, 0.0, 0.0]",neutral,0.0
"['ehh', ',', 'kenapa', 'tak', 'cakap', 'awal', '-', 'awal', '?']","['interjection', 'punctuation', 'interrogative pronoun/adverb', 'adverb (negation)', 'unknown', 'unknown', 'punctuation', 'unknown', 'punctuation']","['neutral', 'neutral', 'neutral', 'neutral', 'unknown', 'unknown', 'neutral', 'unknown', 'neutral']","[0.0, 0.0, 0.0, 0.0, 0.0, 0.0, 0.0, 0.0, 0.0]",neutral,0.0
"['klu', 'hujan', ',', 'kita', 'tak', 'jadi', 'pergi', '.']","['conjunction', 'unknown', 'punctuation', 'pronoun', 'adverb (negation)', 'verb / conjunction', 'verb', 'unknown']","['neutral', 'unknown', 'neutral', 'neutral', 'neutral', 'neutral', 'neutral', 'unknown']","[0.0, 0.0, 0.0, 0.0, 0.0, 0.0, 0.0, 0.0]",neutral,0.0
"['askar', 'itu', 'memberi', 'tabik', 'hormat', '.']","['unknown', 'demonstrative pronoun', 'verb', 'verb/noun', 'noun/verb', 'unknown']","['unknown', 'neutral', 'neutral', 'positive', 'positive', 'unknown']","[0.0, 0.0, 0.0, 0.6, 0.7, 0.0]",positive,0.6
"['apa', 'yang', 'berlaku', '?']","['pronoun', 'pronoun, conjunction', 'verb', 'punctuation']","['neutral', 'neutral', 'neutral', 'neutral']","[0.0, 0.0, 0.0, 0.0]",neutral,0.0
"['tolong', 'angkat', 'barang', 'ini', '.']","['verb', 'unknown', 'noun', 'demonstrative pronoun', 'unknown']","['neutral', 'unknown', 'neutral', 'neutral', 'unknown']","[0.0, 0.0, 0.0, 0.0, 0.0]",positive,0.5
"['haritu', 'saya', 'ada', 'nampak', 'dia', '.']","['adverb (colloquial)', 'pronoun', 'verb', 'verb', 'pronoun', 'unknown']","['neutral', 'neutral', 'neutral', 'neutral', 'neutral', 'unknown']","[0.0, 0.0, 0.0, 0.0, 0.0, 0.0]",neutral,0.0
"['polisi', 'syarikat', 'itu', 'sangat', 'ketat', '.']","['noun', 'unknown', 'demonstrative pronoun', 'adverb', 'unknown', 'unknown']","['neutral', 'unknown', 'neutral', 'neutral', 'unknown', 'unknown']","[0.0, 0.0, 0.0, 0.0, 0.0, 0.0]",neutral,0.0
"['dia', 'menunggu', 'di', 'gate', 'lapangan', 'terbang', '.']","['pronoun', 'unknown', 'preposition', 'noun', 'unknown', 'unknown', 'unknown']","['neutral', 'unknown', 'neutral', 'neutral', 'unknown', 'unknown', 'unknown']","[0.0, 0.0, 0.0, 0.0, 0.0, 0.0, 0.0]",neutral,0.0
"['dia', 'cedera', 'dalam', 'kemalangan', 'itu', '.']","['pronoun', 'adjective/verb', 'preposition', 'unknown', 'demonstrative pronoun', 'unknown']","['neutral', 'negative', 'neutral', 'unknown', 'neutral', 'unknown']","[0.0, -0.6, 0.0, 0.0, 0.0, 0.0]",negative,-0.7
"['semoga', 'hidup', 'kita', 'sentiasa', 'mendapat', 'barakah', '.']","['adverb', 'verb, adjective', 'pronoun', 'adverb', 'verb', 'noun', 'unknown']","['positive', 'positive', 'neutral', 'neutral', 'neutral', 'positive', 'unknown']","[0.5, 0.5, 0.0, 0.0, 0.0, 0.9, 0.0]",positive,0.9
"['buku', 'ni', 'sangat', 'bagus', '.']","['unknown', 'pronoun', 'adverb', 'adjective', 'unknown']","['unknown', 'neutral', 'neutral', 'positive', 'unknown']","[0.0, 0.0, 0.0, 0.8, 0.0]",neutral,0.0
"['kami', 'makan', 'ikan', 'kakap', 'bakar', '.']","['unknown', 'verb', 'unknown', 'noun', 'verb', 'unknown']","['unknown', 'neutral', 'unknown', 'neutral', 'neutral', 'unknown']","[0.0, 0.0, 0.0, 0.0, 0.0, 0.0]",neutral,0.0
"['jangan', 'jadi', 'orang', 'bodoh', '.']","['particle', 'verb / conjunction', 'noun', 'adjective', 'unknown']","['neutral', 'neutral', 'neutral', 'negative', 'unknown']","[0.0, 0.0, 0.0, -0.8, 0.0]",negative,-0.8
"['dia', 'adalah', 'seorang', 'guy', 'yang', 'baik', '.']","['pronoun', 'copula / verb', 'unknown', 'noun', 'pronoun, conjunction', 'adjective', 'unknown']","['neutral', 'neutral', 'unknown', 'neutral', 'neutral', 'positive', 'unknown']","[0.0, 0.0, 0.0, 0.0, 0.0, 0.8, 0.0]",neutral,0.0
"['dia', 'mempunyai', 'kedudukan', 'yang', 'tinggi', 'dalam', 'syarikat', '.']","['pronoun', 'unknown', 'noun', 'pronoun, conjunction', 'adjective', 'preposition', 'unknown', 'unknown']","['neutral', 'unknown', 'neutral', 'neutral', 'neutral', 'neutral', 'unknown', 'unknown']","[0.0, 0.0, 0.0, 0.0, 0.0, 0.0, 0.0, 0.0]",neutral,0.0
"['buku', 'ini', 'sangat', 'bagus', '.']","['unknown', 'demonstrative pronoun', 'adverb', 'adjective', 'unknown']","['unknown', 'neutral', 'neutral', 'positive', 'unknown']","[0.0, 0.0, 0.0, 0.8, 0.0]",neutral,0.0
"['kita', 'pergi', 'bersama', '-', 'sama', '.']","['pronoun', 'verb', 'unknown', 'punctuation', 'adjective', 'unknown']","['neutral', 'neutral', 'unknown', 'neutral', 'neutral', 'unknown']","[0.0, 0.0, 0.0, 0.0, 0.0, 0.0]",neutral,0.0
"['tolong', 'bawa', 'buku', 'itu', 'ke', 'sini', '.']","['verb', 'verb', 'unknown', 'demonstrative pronoun', 'particle (interrogative)', 'adverb (of place)', 'unknown']","['neutral', 'neutral', 'unknown', 'neutral', 'neutral', 'neutral', 'unknown']","[0.0, 0.0, 0.0, 0.0, 0.0, 0.0, 0.0]",neutral,0.0
"['selamat', 'datang', ',', 'tuan', '.']","['adjective', 'verb', 'punctuation', 'noun/pronoun', 'unknown']","['positive', 'neutral', 'neutral', 'neutral', 'unknown']","[0.7, 0.0, 0.0, 0.0, 0.0]",neutral,0.0
"['polis', 'perlu', 'bertindak', 'segera', '.']","['noun', 'verb/adjective', 'verb', 'unknown', 'unknown']","['neutral', 'neutral', 'neutral', 'unknown', 'unknown']","[0.0, 0.0, 0.0, 0.0, 0.0]",neutral,0.0
"['""', 'cak', '!', '""', 'kata', 'ibu', 'sambil', 'mencuit', 'pipi', 'anaknya', '.']","['unknown', 'unknown', 'unknown', 'unknown', 'unknown', 'unknown', 'conjunction', 'unknown', 'unknown', 'unknown', 'unknown']","['unknown', 'unknown', 'unknown', 'unknown', 'unknown', 'unknown', 'neutral', 'unknown', 'unknown', 'unknown', 'unknown']","[0.0, 0.0, 0.0, 0.0, 0.0, 0.0, 0.0, 0.0, 0.0, 0.0, 0.0]",neutral,0.0
"['baju', 'dia', 'mcm', 'baju', 'saya', '.']","['unknown', 'pronoun', 'preposition/adverb', 'unknown', 'pronoun', 'unknown']","['unknown', 'neutral', 'neutral', 'unknown', 'neutral', 'unknown']","[0.0, 0.0, 0.0, 0.0, 0.0, 0.0]",neutral,0.0
"['makan', 'nasi', 'aja', ',', 'tak', 'ada', 'lauk', 'lain', '.']","['verb', 'unknown', 'adverb', 'punctuation', 'adverb (negation)', 'verb', 'unknown', 'adjective', 'unknown']","['neutral', 'unknown', 'neutral', 'neutral', 'neutral', 'neutral', 'unknown', 'neutral', 'unknown']","[0.0, 0.0, 0.0, 0.0, 0.0, 0.0, 0.0, 0.0, 0.0]",neutral,0.0
"['polis', 'merampas', 'sepucuk', 'pistol', 'daripada', 'suspek', '.']","['noun', 'verb', 'unknown', 'noun', 'preposition', 'noun', 'unknown']","['neutral', 'negative', 'unknown', 'neutral', 'neutral', 'neutral', 'unknown']","[0.0, -0.7, 0.0, 0.0, 0.0, -0.2, 0.0]",neutral,0.0
"['dia', 'ada', 'd', 'rumah', '.']","['pronoun', 'verb', 'preposition', 'noun', 'unknown']","['neutral', 'neutral', 'neutral', 'neutral', 'unknown']","[0.0, 0.0, 0.0, 0.0, 0.0]",neutral,0.0
"['ada', 'somethings', 'tak', 'kena', 'dengan', 'kereta', 'ni', '.']","['verb', 'pronoun', 'adverb (negation)', 'verb', 'preposition', 'kata nama', 'pronoun', 'unknown']","['neutral', 'neutral', 'neutral', 'neutral', 'neutral', 'neutral', 'neutral', 'unknown']","[0.0, 0.0, 0.0, 0.0, 0.0, 0.0, 0.0, 0.0]",neutral,0.0
"['mangsa', 'cedera', ',', 'dh', 'dihantar', 'ke', 'hospital', '.']","['noun', 'adjective/verb', 'punctuation', 'auxiliary verb', 'unknown', 'particle (interrogative)', 'unknown', 'unknown']","['negative', 'negative', 'neutral', 'neutral', 'unknown', 'neutral', 'unknown', 'unknown']","[-0.7, -0.6, 0.0, 0.0, 0.0, 0.0, 0.0, 0.0]",negative,-0.7
"['saya', 'akan', 'melancong', 'tahun', 'depan', '.']","['pronoun', 'auxiliary verb', 'unknown', 'noun', 'noun', 'unknown']","['neutral', 'neutral', 'unknown', 'neutral', 'neutral', 'unknown']","[0.0, 0.0, 0.0, 0.0, 0.0, 0.0]",neutral,0.0
"['bapak', 'saya', 'seorang', 'petani', '.']","['noun', 'pronoun', 'unknown', 'unknown', 'unknown']","['neutral', 'neutral', 'unknown', 'unknown', 'unknown']","[0.0, 0.0, 0.0, 0.0, 0.0]",neutral,0.0
"['wajah', 'kanak', '-', 'kanak', 'itu', 'menunjukkan', 'ketakutan.kasihan', 'sungguh', 'melihatnya', '.']","['noun', 'noun', 'punctuation', 'noun', 'demonstrative pronoun', 'unknown', 'unknown', 'kata keterangan/kata sifat', 'unknown', 'unknown']","['neutral', 'neutral', 'neutral', 'neutral', 'neutral', 'unknown', 'unknown', 'neutral', 'unknown', 'unknown']","[0.0, 0.0, 0.0, 0.0, 0.0, 0.0, 0.0, 0.0, 0.0, 0.0]",negative,-0.8
"['ini', 'adalah', 'masalah', 'world', 'yang', 'perlu', 'diselesaikan', '.']","['demonstrative pronoun', 'copula / verb', 'noun', 'unknown', 'pronoun, conjunction', 'verb/adjective', 'unknown', 'unknown']","['neutral', 'neutral', 'negative', 'unknown', 'neutral', 'neutral', 'unknown', 'unknown']","[0.0, 0.0, -0.7, 0.0, 0.0, 0.0, 0.0, 0.0]",neutral,0.0
"['penjahat', 'cuba', 'rmpak', 'bank', 'itu', '.']","['noun', 'verb', 'verb', 'noun', 'demonstrative pronoun', 'unknown']","['negative', 'neutral', 'negative', 'neutral', 'neutral', 'unknown']","[-0.9, 0.0, -0.9, 0.0, 0.0, 0.0]",negative,-0.9
"['""', 'haa', ',', 'baru', 'kau', 'tahu', '!', '""']","['unknown', 'interjection', 'punctuation', 'adjective, adverb', 'pronoun', 'verb', 'unknown', 'unknown']","['unknown', 'neutral', 'neutral', 'neutral', 'neutral', 'neutral', 'unknown', 'unknown']","[0.0, 0.0, 0.0, 0.0, 0.0, 0.0, 0.0, 0.0]",neutral,0.0
"['hadiah', 'ini', 'untuk', 'kamu', '.']","['unknown', 'demonstrative pronoun', 'preposition', 'unknown', 'unknown']","['unknown', 'neutral', 'neutral', 'unknown', 'unknown']","[0.0, 0.0, 0.0, 0.0, 0.0]",neutral,0.0
"['barang', 'itu', 'da.ada', 'di', 'sana', '.']","['noun', 'demonstrative pronoun', 'unknown', 'preposition', 'unknown', 'unknown']","['neutral', 'neutral', 'unknown', 'neutral', 'unknown', 'unknown']","[0.0, 0.0, 0.0, 0.0, 0.0, 0.0]",neutral,0.0
"['dia', 'bekerja', 'sebagai', 'guru', '.']","['pronoun', 'unknown', 'preposition', 'unknown', 'unknown']","['neutral', 'unknown', 'neutral', 'unknown', 'unknown']","[0.0, 0.0, 0.0, 0.0, 0.0]",neutral,0.0
"['kelau', 'hujan', ',', 'kita', 'batalkan', 'perkelahan', '.']","['conjunction', 'unknown', 'punctuation', 'pronoun', 'unknown', 'unknown', 'unknown']","['neutral', 'unknown', 'neutral', 'neutral', 'unknown', 'unknown', 'unknown']","[0.0, 0.0, 0.0, 0.0, 0.0, 0.0, 0.0]",neutral,0.0
"['dia', 'sedang', 'kira', 'jumlah', 'wang', '.']","['pronoun', 'unknown', 'verb', 'unknown', 'unknown', 'unknown']","['neutral', 'unknown', 'neutral', 'unknown', 'unknown', 'unknown']","[0.0, 0.0, 0.0, 0.0, 0.0, 0.0]",neutral,0.0
"['hamidi', 'belajar', 'di', 'universiti', '.']","['proper noun', 'unknown', 'preposition', 'unknown', 'unknown']","['neutral', 'unknown', 'neutral', 'unknown', 'unknown']","[0.0, 0.0, 0.0, 0.0, 0.0]",neutral,0.0
"['dia', 'mempunyai', 'gaya', 'berjalan', 'yang', 'unik', '.']","['pronoun', 'unknown', 'noun', 'unknown', 'pronoun, conjunction', 'unknown', 'unknown']","['neutral', 'unknown', 'neutral', 'unknown', 'neutral', 'unknown', 'unknown']","[0.0, 0.0, 0.0, 0.0, 0.0, 0.0, 0.0]",neutral,0.0
"['saya', 'sedih', 'melihat', 'keadaan', 'malaysiaku.sad', 'but', 'relieved', 'face']","['pronoun', 'unknown', 'verb', 'noun', 'unknown', 'unknown', 'unknown', 'unknown']","['neutral', 'unknown', 'neutral', 'neutral', 'unknown', 'unknown', 'unknown', 'unknown']","[0.0, 0.0, 0.0, 0.0, 0.0, 0.0, 0.0, 0.0]",negative,-0.5
"['kami', 'akan', 'bercuti', 'bersama', 'keluarga', '.']","['unknown', 'auxiliary verb', 'unknown', 'unknown', 'noun', 'unknown']","['unknown', 'neutral', 'unknown', 'unknown', 'neutral', 'unknown']","[0.0, 0.0, 0.0, 0.0, 0.0, 0.0]",neutral,0.0
"['makanan', 'ini', 'terlalu', 'manis', '.']","['noun', 'demonstrative pronoun', 'adverb', 'unknown', 'unknown']","['neutral', 'neutral', 'neutral', 'unknown', 'unknown']","[0.0, 0.0, 0.0, 0.0, 0.0]",neutral,0.0
"['mahu', 'makan', 'lg', '?']","['verb', 'verb', 'adverb', 'punctuation']","['neutral', 'neutral', 'neutral', 'neutral']","[0.0, 0.0, 0.0, 0.0]",neutral,0.0
"['negara', 'kita', 'sedang', 'maju', 'dengan', 'pesat', '.']","['noun', 'pronoun', 'unknown', 'verb', 'preposition', 'unknown', 'unknown']","['neutral', 'neutral', 'unknown', 'positive', 'neutral', 'unknown', 'unknown']","[0.0, 0.0, 0.0, 0.8, 0.0, 0.0, 0.0]",positive,0.8
"['dia', 'bekerja', 'di', 'jabatan', 'kerajaan', '.']","['pronoun', 'unknown', 'preposition', 'noun', 'noun', 'unknown']","['neutral', 'unknown', 'neutral', 'neutral', 'neutral', 'unknown']","[0.0, 0.0, 0.0, 0.0, 0.0, 0.0]",neutral,0.0
"['dia', 'cuba', 'lari', ',', 'last2', 'kena', 'tangkap', 'juga', '.']","['pronoun', 'verb', 'verb', 'punctuation', 'adverb', 'verb', 'verb', 'adverb', 'unknown']","['neutral', 'neutral', 'neutral', 'neutral', 'neutral', 'neutral', 'neutral', 'neutral', 'unknown']","[0.0, 0.0, 0.0, 0.0, 0.0, 0.0, 0.0, 0.0, 0.0]",neutral,0.0
"['pencuri', 'itu', 'berjaya', 'ditangkap', 'oleh', 'polis', '.']","['noun', 'demonstrative pronoun', 'unknown', 'unknown', 'preposition', 'noun', 'unknown']","['negative', 'neutral', 'unknown', 'unknown', 'neutral', 'neutral', 'unknown']","[-0.8, 0.0, 0.0, 0.0, 0.0, 0.0, 0.0]",negative,-0.9
"['rambut', 'dia', 'pnjng', 'sangat', '.']","['unknown', 'pronoun', 'adjective', 'adverb', 'unknown']","['unknown', 'neutral', 'neutral', 'neutral', 'unknown']","[0.0, 0.0, 0.0, 0.0, 0.0]",neutral,0.0
"['akuni', 'dah', 'cakap', 'jangan', 'buat', 'macam', 'tu', '.']","['pronoun', 'adverb', 'unknown', 'particle', 'kata kerja', 'preposition, adverb', 'pronoun', 'unknown']","['neutral', 'neutral', 'unknown', 'neutral', 'neutral', 'neutral', 'neutral', 'unknown']","[0.0, 0.0, 0.0, 0.0, 0.0, 0.0, 0.0, 0.0]",neutral,0.0
"['pesalah', 'itu', 'dijatuhi', 'hukuman', 'penjara', '.']","['noun', 'demonstrative pronoun', 'unknown', 'noun', 'noun', 'unknown']","['negative', 'neutral', 'unknown', 'negative', 'negative', 'unknown']","[-0.7, 0.0, 0.0, -0.7, -0.8, 0.0]",negative,-0.7
"['baju', 'itu', 'jarang', 'dipakai', '.']","['unknown', 'demonstrative pronoun', 'unknown', 'verb', 'unknown']","['unknown', 'neutral', 'unknown', 'neutral', 'unknown']","[0.0, 0.0, 0.0, 0.0, 0.0]",neutral,0.0
"['dia', 'nye.kena', 'datang', 'esok', '.']","['pronoun', 'unknown', 'verb', 'unknown', 'unknown']","['neutral', 'unknown', 'neutral', 'unknown', 'unknown']","[0.0, 0.0, 0.0, 0.0, 0.0]",neutral,0.0
"['saya', 'mencari', 'maksud', 'perkataan', 'di', 'dalam', 'kamus', '.']","['pronoun', 'unknown', 'unknown', 'unknown', 'preposition', 'preposition', 'noun', 'unknown']","['neutral', 'unknown', 'unknown', 'unknown', 'neutral', 'neutral', 'neutral', 'unknown']","[0.0, 0.0, 0.0, 0.0, 0.0, 0.0, 0.0, 0.0]",neutral,0.0
"['perbuatan', 'laknat', 'itu', 'harus', 'dihentikan', '.']","['kata nama', 'adjective', 'demonstrative pronoun', 'auxiliary verb', 'unknown', 'unknown']","['neutral', 'negative', 'neutral', 'neutral', 'unknown', 'unknown']","[0.0, -0.9, 0.0, 0.0, 0.0, 0.0]",negative,-0.9
"['dia', 'kena', 'marah', 'kaw2', '.']","['pronoun', 'verb', 'adjective', 'adverb', 'unknown']","['neutral', 'neutral', 'negative', 'neutral', 'unknown']","[0.0, 0.0, -0.6, 0.0, 0.0]",neutral,0.0
"['jangan', 'jadi', 'orang', 'yang', 'bodoh', '.']","['particle', 'verb / conjunction', 'noun', 'pronoun, conjunction', 'adjective', 'unknown']","['neutral', 'neutral', 'neutral', 'neutral', 'negative', 'unknown']","[0.0, 0.0, 0.0, 0.0, -0.8, 0.0]",negative,-0.8
"['kerajaan', 'berazam', 'untuk', 'basmi', 'kemiskinan', '.']","['noun', 'unknown', 'preposition', 'verb', 'unknown', 'unknown']","['neutral', 'unknown', 'neutral', 'positive', 'unknown', 'unknown']","[0.0, 0.0, 0.0, 0.7, 0.0, 0.0]",positive,0.7
"['saya', 'membaca', 'berita', 'di', 'harian', 'metro', '.']","['pronoun', 'unknown', 'noun', 'preposition', 'adjective', 'noun', 'unknown']","['neutral', 'unknown', 'neutral', 'neutral', 'neutral', 'neutral', 'unknown']","[0.0, 0.0, 0.0, 0.0, 0.0, 0.0, 0.0]",neutral,0.0
"['ambil', 'sikit', 'jer', '.']","['verb', 'adjective/adverb (colloquial)', 'adverb', 'unknown']","['neutral', 'neutral', 'neutral', 'unknown']","[0.0, 0.0, 0.0, 0.0]",neutral,0.0
"['burung', 'terbang', 'tinggi', 'di', 'langit', '.']","['unknown', 'unknown', 'adjective', 'preposition', 'noun', 'unknown']","['unknown', 'unknown', 'neutral', 'neutral', 'neutral', 'unknown']","[0.0, 0.0, 0.0, 0.0, 0.0, 0.0]",neutral,0.0
"['alang2', 'dah', 'sampai', ',', 'biar', 'terus', 'habiskan', 'kerja', 'ni', '.']","['adverb', 'adverb', 'verb', 'punctuation', 'verb / conjunction', 'adverb/verb', 'verb', 'verb', 'pronoun', 'unknown']","['neutral', 'neutral', 'neutral', 'neutral', 'neutral', 'neutral', 'neutral', 'neutral', 'neutral', 'unknown']","[0.0, 0.0, 0.0, 0.0, 0.0, 0.0, 0.0, 0.0, 0.0, 0.0]",neutral,0.0
"['baju', 'tu.eee', ',', 'kotornya', '!']","['unknown', 'unknown', 'punctuation', 'unknown', 'unknown']","['unknown', 'unknown', 'neutral', 'unknown', 'unknown']","[0.0, 0.0, 0.0, 0.0, 0.0]",negative,-0.4
"['keadaan', 'negara', 'sangat', 'aman', 'dan', 'damai', '.']","['noun', 'noun', 'adverb', 'adjective', 'conjunction', 'unknown', 'unknown']","['neutral', 'neutral', 'neutral', 'positive', 'neutral', 'unknown', 'unknown']","[0.0, 0.0, 0.0, 0.8, 0.0, 0.0, 0.0]",positive,0.8
"['orang', 'ramai', 'berkumpul', 'di', 'dataran', '.']","['noun', 'adjective', 'unknown', 'preposition', 'unknown', 'unknown']","['neutral', 'neutral', 'unknown', 'neutral', 'unknown', 'unknown']","[0.0, 0.1, 0.0, 0.0, 0.0, 0.0]",neutral,0.0
"['dia', 'seorang', 'penyangak', ',', 'tapi', 'kini', 'sudah', 'bertaubat', '.']","['pronoun', 'unknown', 'noun', 'punctuation', 'kata hubung', 'unknown', 'adverb', 'unknown', 'unknown']","['neutral', 'unknown', 'negative', 'neutral', 'neutral', 'unknown', 'neutral', 'unknown', 'unknown']","[0.0, 0.0, -0.7, 0.0, 0.0, 0.0, 0.0, 0.0, 0.0]",negative,-0.7
"['izinkan', 'saya', 'masuk', '.']","['verb', 'pronoun', 'verb', 'unknown']","['neutral', 'neutral', 'neutral', 'unknown']","[0.0, 0.0, 0.0, 0.0]",neutral,0.0
"['kejadian', 'rompakan', 'itu', 'mengejutkan', 'penduduk', '.']","['noun', 'kata nama', 'demonstrative pronoun', 'unknown', 'unknown', 'unknown']","['neutral', 'negative', 'neutral', 'unknown', 'unknown', 'unknown']","[0.0, -0.8, 0.0, 0.0, 0.0, 0.0]",neutral,0.0
"['makanan', 'ini', 'kurang', 'masin', '.']","['noun', 'demonstrative pronoun', 'adverb', 'unknown', 'unknown']","['neutral', 'neutral', 'neutral', 'unknown', 'unknown']","[0.0, 0.0, 0.0, 0.0, 0.0]",neutral,0.0
"['""', 'fulamak', '!', 'cantiknya', 'kereta', 'awak', '!', '""']","['unknown', 'interjection', 'unknown', 'unknown', 'kata nama', 'unknown', 'unknown', 'unknown']","['unknown', 'positive', 'unknown', 'unknown', 'neutral', 'unknown', 'unknown', 'unknown']","[0.0, 0.6, 0.0, 0.0, 0.0, 0.0, 0.0, 0.0]",positive,0.6
"['dia', 'sangat', 'fokus', 'pada', 'kerjanya', '.']","['pronoun', 'adverb', 'unknown', 'preposition', 'unknown', 'unknown']","['neutral', 'neutral', 'unknown', 'neutral', 'unknown', 'unknown']","[0.0, 0.0, 0.0, 0.0, 0.0, 0.0]",neutral,0.0
"['saya', 'mau', 'makan', 'nasi', 'goreng', '.']","['pronoun', 'verb (modal)', 'verb', 'unknown', 'unknown', 'unknown']","['neutral', 'neutral', 'neutral', 'unknown', 'unknown', 'unknown']","[0.0, 0.0, 0.0, 0.0, 0.0, 0.0]",neutral,0.0
"['kualiti', 'produk', 'itu', 'sangat', 'bad', '.']","['unknown', 'unknown', 'demonstrative pronoun', 'adverb', 'adjective', 'unknown']","['unknown', 'unknown', 'neutral', 'neutral', 'negative', 'unknown']","[0.0, 0.0, 0.0, 0.0, -0.7, 0.0]",negative,-0.7
"['dia', 'bercerita', 'tentang', 'insiden', 'lucu', 'itu', ',', 'wkwk', '.']","['pronoun', 'unknown', 'unknown', 'unknown', 'adjective', 'demonstrative pronoun', 'punctuation', 'interjection', 'unknown']","['neutral', 'unknown', 'unknown', 'unknown', 'positive', 'neutral', 'neutral', 'positive', 'unknown']","[0.0, 0.0, 0.0, 0.0, 0.7, 0.0, 0.0, 0.6, 0.0]",positive,0.6
"['kami', 'jalan', 'kaki', 'ke', 'kedai', '.']","['unknown', 'noun/verb', 'noun', 'particle (interrogative)', 'noun', 'unknown']","['unknown', 'neutral', 'neutral', 'neutral', 'neutral', 'unknown']","[0.0, 0.0, 0.0, 0.0, 0.0, 0.0]",neutral,0.0
"['ada', 'seseorang', 'mengetuk', 'pintu', '.']","['verb', 'pronoun', 'verb', 'noun', 'unknown']","['neutral', 'neutral', 'neutral', 'neutral', 'unknown']","[0.0, 0.0, 0.0, 0.0, 0.0]",neutral,0.0
"['jangan', 'risau', ',', 'xpe', '.']","['particle', 'unknown', 'punctuation', 'interjection/phrase', 'unknown']","['neutral', 'unknown', 'neutral', 'neutral', 'unknown']","[0.0, 0.0, 0.0, 0.2, 0.0]",neutral,0.2
"['dia', 'ketawa', 'terbahak', '-', 'bahak', ',', 'hahah', '.']","['pronoun', 'unknown', 'unknown', 'punctuation', 'unknown', 'punctuation', 'interjection', 'unknown']","['neutral', 'unknown', 'unknown', 'neutral', 'unknown', 'neutral', 'positive', 'unknown']","[0.0, 0.0, 0.0, 0.0, 0.0, 0.0, 0.7, 0.0]",positive,0.7
"['kita', 'akan', 'pergi', 'bersama', '-', 'sama', '.']","['pronoun', 'auxiliary verb', 'verb', 'unknown', 'punctuation', 'adjective', 'unknown']","['neutral', 'neutral', 'neutral', 'unknown', 'neutral', 'neutral', 'unknown']","[0.0, 0.0, 0.0, 0.0, 0.0, 0.0, 0.0]",neutral,0.0
"['dia', 'berasal', 'dari', 'kelantan', '.']","['pronoun', 'unknown', 'preposition', 'noun (proper noun)', 'unknown']","['neutral', 'unknown', 'neutral', 'neutral', 'unknown']","[0.0, 0.0, 0.0, 0.0, 0.0]",neutral,0.0
"['ibu', 'pergi', 'ke', 'pasar', 'untuk', 'membeli', 'sayur', '.']","['unknown', 'verb', 'particle (interrogative)', 'noun', 'preposition', 'unknown', 'unknown', 'unknown']","['unknown', 'neutral', 'neutral', 'neutral', 'neutral', 'unknown', 'unknown', 'unknown']","[0.0, 0.0, 0.0, 0.0, 0.0, 0.0, 0.0, 0.0]",neutral,0.0
"['makanan', 'itu', 'sgt', 'sedap', '.']","['noun', 'demonstrative pronoun', 'adverb (colloquial)', 'adjective', 'unknown']","['neutral', 'neutral', 'neutral', 'positive', 'unknown']","[0.0, 0.0, 0.0, 0.8, 0.0]",neutral,0.0
"['hamba', 'mohon', 'ampun', 'tuanku', '.']","['unknown', 'verb', 'noun/verb', 'unknown', 'unknown']","['unknown', 'neutral', 'neutral', 'unknown', 'unknown']","[0.0, 0.0, 0.4, 0.0, 0.0]",neutral,0.4
"['kita', 'perlu', 'berusaha', 'lebih', 'gigih', '.']","['pronoun', 'verb/adjective', 'verb', 'adverb', 'unknown', 'unknown']","['neutral', 'neutral', 'positive', 'neutral', 'unknown', 'unknown']","[0.0, 0.0, 0.7, 0.0, 0.0, 0.0]",neutral,0.0
"['dia', 'juga', 'datang', 'ke', 'majlis', 'itu', '.']","['pronoun', 'adverb', 'verb', 'particle (interrogative)', 'unknown', 'demonstrative pronoun', 'unknown']","['neutral', 'neutral', 'neutral', 'neutral', 'unknown', 'neutral', 'unknown']","[0.0, 0.0, 0.0, 0.0, 0.0, 0.0, 0.0]",neutral,0.0
"['awak', 'dah', 'makan', ',', 'kan', '?']","['unknown', 'adverb', 'verb', 'punctuation', 'particle', 'punctuation']","['unknown', 'neutral', 'neutral', 'neutral', 'neutral', 'neutral']","[0.0, 0.0, 0.0, 0.0, 0.0, 0.0]",neutral,0.0
"['dia', 'lepas', 'dari', 'penjara', '.']","['pronoun', 'verb', 'preposition', 'noun', 'unknown']","['neutral', 'neutral', 'neutral', 'negative', 'unknown']","[0.0, 0.0, 0.0, -0.8, 0.0]",neutral,0.0
"['dia', 'tidak', 'ada', 'kesampatan', 'untuk', 'datang', '.']","['pronoun', 'adverb', 'verb', 'noun', 'preposition', 'verb', 'unknown']","['neutral', 'neutral', 'neutral', 'neutral', 'neutral', 'neutral', 'unknown']","[0.0, 0.0, 0.0, 0.0, 0.0, 0.0, 0.0]",neutral,0.0
"['penyalahgunaan', 'dadah', 'adalah', 'jenayah', 'serius', '.']","['unknown', 'noun', 'copula / verb', 'noun', 'unknown', 'unknown']","['unknown', 'negative', 'neutral', 'negative', 'unknown', 'unknown']","[0.0, -0.8, 0.0, -0.8, 0.0, 0.0]",negative,-0.9
"['kereta', 'itu', 'berwarna', 'hitam', '.']","['kata nama', 'demonstrative pronoun', 'unknown', 'adjective', 'unknown']","['neutral', 'neutral', 'unknown', 'neutral', 'unknown']","[0.0, 0.0, 0.0, 0.0, 0.0]",neutral,0.0
"['ingat', 'pesan', 'ibu', '.']","['verb', 'unknown', 'unknown', 'unknown']","['neutral', 'unknown', 'unknown', 'unknown']","[0.0, 0.0, 0.0, 0.0]",neutral,0.0
"['jawapan', 'kamu', 'salah', '.']","['unknown', 'unknown', 'adjective', 'unknown']","['unknown', 'unknown', 'negative', 'unknown']","[0.0, 0.0, -0.7, 0.0]",negative,-0.6
"['nak', 'makan', 'nasi', 'ato', 'mi', '?']","['auxiliary verb', 'verb', 'unknown', 'conjunction', 'unknown', 'punctuation']","['neutral', 'neutral', 'unknown', 'neutral', 'unknown', 'neutral']","[0.0, 0.0, 0.0, 0.0, 0.0, 0.0]",neutral,0.0
"['negara', 'itu', 'mundur', 'dalam', 'teknologi', '.']","['noun', 'demonstrative pronoun', 'verb/adjective', 'preposition', 'noun', 'unknown']","['neutral', 'neutral', 'negative', 'neutral', 'neutral', 'unknown']","[0.0, 0.0, -0.5, 0.0, 0.0, 0.0]",negative,-0.5
"['dia', 'menumpahkan', 'air', 'di', 'atas', 'meja', '.']","['pronoun', 'unknown', 'unknown', 'preposition', 'unknown', 'unknown', 'unknown']","['neutral', 'unknown', 'unknown', 'neutral', 'unknown', 'unknown', 'unknown']","[0.0, 0.0, 0.0, 0.0, 0.0, 0.0, 0.0]",neutral,-0.3
"['hai', 'sis', ',', 'nak', 'order', 'apa', '?']","['unknown', 'noun (informal address)', 'punctuation', 'auxiliary verb', 'unknown', 'pronoun', 'punctuation']","['unknown', 'neutral', 'neutral', 'neutral', 'unknown', 'neutral', 'neutral']","[0.0, 0.2, 0.0, 0.0, 0.0, 0.0, 0.0]",neutral,0.2
"['alang', '-', 'alang', 'dah', 'sampai', 'sini', ',', 'baik', 'kita', 'makan', '.']","['unknown', 'punctuation', 'unknown', 'adverb', 'verb', 'adverb (of place)', 'punctuation', 'adjective', 'pronoun', 'verb', 'unknown']","['unknown', 'neutral', 'unknown', 'neutral', 'neutral', 'neutral', 'neutral', 'positive', 'neutral', 'neutral', 'unknown']","[0.0, 0.0, 0.0, 0.0, 0.0, 0.0, 0.0, 0.8, 0.0, 0.0, 0.0]",neutral,0.0
"['awak', 'sure', 'ke', 'boleh', 'buat', '?']","['unknown', 'adjective/adverb', 'particle (interrogative)', 'modal verb', 'kata kerja', 'punctuation']","['unknown', 'positive', 'neutral', 'neutral', 'neutral', 'neutral']","[0.0, 0.6, 0.0, 0.0, 0.0, 0.0]",positive,0.6
"['dia', 'berasa', 'teraniaya', 'dengan', 'layanan', 'itu', '.']","['pronoun', 'unknown', 'adjective/verb', 'preposition', 'unknown', 'demonstrative pronoun', 'unknown']","['neutral', 'unknown', 'negative', 'neutral', 'unknown', 'neutral', 'unknown']","[0.0, 0.0, -0.8, 0.0, 0.0, 0.0, 0.0]",negative,-0.8
"['mula', '-', 'mula', 'buat', 'ni', ',', 'then', 'buat', 'tu', '.']","['unknown', 'punctuation', 'unknown', 'kata kerja', 'pronoun', 'punctuation', 'adverb/conjunction', 'kata kerja', 'pronoun', 'unknown']","['unknown', 'neutral', 'unknown', 'neutral', 'neutral', 'neutral', 'neutral', 'neutral', 'neutral', 'unknown']","[0.0, 0.0, 0.0, 0.0, 0.0, 0.0, 0.0, 0.0, 0.0, 0.0]",neutral,0.0
"['keluarga', 'itu', 'akan', 'pindah', 'ke', 'rumah', 'baru', '.']","['noun', 'demonstrative pronoun', 'auxiliary verb', 'verb', 'particle (interrogative)', 'noun', 'adjective, adverb', 'unknown']","['neutral', 'neutral', 'neutral', 'neutral', 'neutral', 'neutral', 'neutral', 'unknown']","[0.0, 0.0, 0.0, 0.0, 0.0, 0.0, 0.0, 0.0]",neutral,0.0
"['dia', 'memegang', 'dadanya', 'kerana', 'sakit', '.']","['pronoun', 'unknown', 'unknown', 'conjunction', 'adjective', 'unknown']","['neutral', 'unknown', 'unknown', 'neutral', 'negative', 'unknown']","[0.0, 0.0, 0.0, 0.0, -0.7, 0.0]",neutral,0.0
"['wak', 'nak', 'ke', 'mana', '?']","['noun (informal address)', 'auxiliary verb', 'particle (interrogative)', 'interrogative pronoun', 'punctuation']","['neutral', 'neutral', 'neutral', 'neutral', 'neutral']","[0.2, 0.0, 0.0, 0.0, 0.0]",neutral,0.2
"['mereka', 'menguji', 'kekuatan', 'jambatan', 'itu', '.']","['pronoun', 'verb', 'unknown', 'unknown', 'demonstrative pronoun', 'unknown']","['neutral', 'neutral', 'unknown', 'unknown', 'neutral', 'unknown']","[0.0, 0.0, 0.0, 0.0, 0.0, 0.0]",neutral,0.0
"['sila', 'tunggu', 'sebentar', '.']","['unknown', 'verb', 'adverb', 'unknown']","['unknown', 'neutral', 'neutral', 'unknown']","[0.0, 0.0, 0.0, 0.0]",neutral,0.0
"['kemalangan', 'itu', 'mencederakan', 'ramai', 'orang', '.']","['unknown', 'demonstrative pronoun', 'verb', 'adjective', 'noun', 'unknown']","['unknown', 'neutral', 'negative', 'neutral', 'neutral', 'unknown']","[0.0, 0.0, -0.9, 0.1, 0.0, 0.0]",negative,-0.8
"['sungai', 'itu', 'sangat', 'panjang', '.']","['unknown', 'demonstrative pronoun', 'adverb', 'adjective', 'unknown']","['unknown', 'neutral', 'neutral', 'neutral', 'unknown']","[0.0, 0.0, 0.0, 0.0, 0.0]",neutral,0.0
"['dia', 'kata', 'penat', ',', 'pdhal', 'baru', 'je', 'duduk', '.']","['pronoun', 'unknown', 'adjective', 'punctuation', 'conjunction/adverb', 'adjective, adverb', 'adverb', 'verb', 'unknown']","['neutral', 'unknown', 'negative', 'neutral', 'neutral', 'neutral', 'neutral', 'neutral', 'unknown']","[0.0, 0.0, -0.4, 0.0, 0.0, 0.0, 0.0, 0.0, 0.0]",neutral,0.0
"['hati2', 'di', 'jalan', 'raya', '.']","['interjection/adverb', 'preposition', 'noun/verb', 'adjective', 'unknown']","['neutral', 'neutral', 'neutral', 'neutral', 'unknown']","[0.3, 0.0, 0.0, 0.0, 0.0]",neutral,0.3
"['polis', 'terpaksa', 'menembak', 'suspek', '.']","['noun', 'verb', 'unknown', 'noun', 'unknown']","['neutral', 'negative', 'unknown', 'neutral', 'unknown']","[0.0, -0.5, 0.0, -0.2, 0.0]",neutral,-0.4
"['dia', 'cuma', 'ada', 'dua', 'ringgit', '.']","['pronoun', 'adverb', 'verb', 'numeral', 'unknown', 'unknown']","['neutral', 'neutral', 'neutral', 'neutral', 'unknown', 'unknown']","[0.0, 0.0, 0.0, 0.0, 0.0, 0.0]",neutral,0.0
"['buku', 'tu', 'mahal', '.']","['unknown', 'pronoun', 'adjective', 'unknown']","['unknown', 'neutral', 'negative', 'unknown']","[0.0, 0.0, -0.5, 0.0]",neutral,0.0
"['dorg', 'dah', 'balik', '.']","['pronoun', 'adverb', 'verb', 'unknown']","['neutral', 'neutral', 'neutral', 'unknown']","[0.0, 0.0, 0.0, 0.0]",neutral,0.0
"['kejadian', 'itu', 'sangat', 'ngeriiii', '.']","['noun', 'demonstrative pronoun', 'adverb', 'adjective', 'unknown']","['neutral', 'neutral', 'neutral', 'negative', 'unknown']","[0.0, 0.0, 0.0, -0.8, 0.0]",negative,-0.8
"['buku', 'ni', 'cantik', '.']","['unknown', 'pronoun', 'unknown', 'unknown']","['unknown', 'neutral', 'unknown', 'unknown']","[0.0, 0.0, 0.0, 0.0]",neutral,0.0
"['boleh', 'buat', 'sekarang', '?', 'k.']","['modal verb', 'kata kerja', 'adverb', 'punctuation', 'unknown']","['neutral', 'neutral', 'neutral', 'neutral', 'unknown']","[0.0, 0.0, 0.0, 0.0, 0.0]",neutral,0.1
"['sila', 'dengarkan', 'arahan', 'saya', '.']","['unknown', 'verb (imperative)', 'unknown', 'pronoun', 'unknown']","['unknown', 'neutral', 'unknown', 'neutral', 'unknown']","[0.0, 0.0, 0.0, 0.0, 0.0]",neutral,0.0
"['dia', 'masih', 'bekerja', 'di', 'sana', '.']","['pronoun', 'adverb', 'unknown', 'preposition', 'unknown', 'unknown']","['neutral', 'neutral', 'unknown', 'neutral', 'unknown', 'unknown']","[0.0, 0.0, 0.0, 0.0, 0.0, 0.0]",neutral,0.0
"['sila', 'berikan', 'perhatian', 'kepada', 'pengumuman', 'ini', '.']","['unknown', 'unknown', 'noun', 'preposition', 'unknown', 'demonstrative pronoun', 'unknown']","['unknown', 'unknown', 'positive', 'neutral', 'unknown', 'neutral', 'unknown']","[0.0, 0.0, 0.5, 0.0, 0.0, 0.0, 0.0]",neutral,0.3
"['pdi', 'sering', 'mengadakan', 'ceramah', 'umum', '.']","['noun (acronym)', 'adverb', 'unknown', 'unknown', 'unknown', 'unknown']","['neutral', 'neutral', 'unknown', 'unknown', 'unknown', 'unknown']","[0.0, 0.0, 0.0, 0.0, 0.0, 0.0]",neutral,0.0
"['lori', 'itu', 'membawa', 'muatan', 'pasir', '.']","['noun', 'demonstrative pronoun', 'verb', 'unknown', 'noun', 'unknown']","['neutral', 'neutral', 'neutral', 'unknown', 'neutral', 'unknown']","[0.0, 0.0, 0.0, 0.0, 0.0, 0.0]",neutral,0.0
"['takyah', 'datang', 'kalau', 'sibuk', '.']","['verb/adverb (informal negative imperative)', 'verb', 'conjunction', 'adjective', 'unknown']","['neutral', 'neutral', 'neutral', 'neutral', 'unknown']","[0.0, 0.0, 0.0, 0.0, 0.0]",neutral,0.0
"['kulit', 'pisang', 'itu', 'berwarna', 'kuning', '.']","['noun', 'unknown', 'demonstrative pronoun', 'unknown', 'unknown', 'unknown']","['neutral', 'unknown', 'neutral', 'unknown', 'unknown', 'unknown']","[0.0, 0.0, 0.0, 0.0, 0.0, 0.0]",neutral,0.0
"['dia', 'baru', 'sahaja', 'masuk', 'ke', 'dalam', 'bilik', '.']","['pronoun', 'adjective, adverb', 'unknown', 'verb', 'particle (interrogative)', 'preposition', 'unknown', 'unknown']","['neutral', 'neutral', 'unknown', 'neutral', 'neutral', 'neutral', 'unknown', 'unknown']","[0.0, 0.0, 0.0, 0.0, 0.0, 0.0, 0.0, 0.0]",neutral,0.0
"['diorg', 'dah', 'sampai', 'ke', '?']","['pronoun', 'adverb', 'verb', 'particle (interrogative)', 'punctuation']","['neutral', 'neutral', 'neutral', 'neutral', 'neutral']","[0.0, 0.0, 0.0, 0.0, 0.0]",neutral,0.0
"['seorang', 'thief', 'telah', 'ditangkap', 'malam', 'tadi', '.']","['unknown', 'noun', 'unknown', 'unknown', 'unknown', 'unknown', 'unknown']","['unknown', 'negative', 'unknown', 'unknown', 'unknown', 'unknown', 'unknown']","[0.0, -0.8, 0.0, 0.0, 0.0, 0.0, 0.0]",negative,-0.8
"['buku', 'ini', 'ialah', 'hadiah', 'dari', 'ibu', 'saya', '.']","['unknown', 'demonstrative pronoun', 'copula', 'unknown', 'preposition', 'unknown', 'pronoun', 'unknown']","['unknown', 'neutral', 'neutral', 'unknown', 'neutral', 'unknown', 'neutral', 'unknown']","[0.0, 0.0, 0.0, 0.0, 0.0, 0.0, 0.0, 0.0]",neutral,0.0
"['makanan', 'itu', 'sangat', 'sedap', '.']","['noun', 'demonstrative pronoun', 'adverb', 'adjective', 'unknown']","['neutral', 'neutral', 'neutral', 'positive', 'unknown']","[0.0, 0.0, 0.0, 0.8, 0.0]",neutral,0.0
"['alhamdulillah', ',', 'kami', 'selamat', 'sampai', 'ke', 'destinasi', '.']","['interjection', 'punctuation', 'unknown', 'adjective', 'verb', 'particle (interrogative)', 'unknown', 'unknown']","['positive', 'neutral', 'unknown', 'positive', 'neutral', 'neutral', 'unknown', 'unknown']","[0.9, 0.0, 0.0, 0.7, 0.0, 0.0, 0.0, 0.0]",positive,0.9
"['rumah', 'itu', 'mempunyai', 'pagar', 'yang', 'rendah', '.']","['noun', 'demonstrative pronoun', 'unknown', 'unknown', 'pronoun, conjunction', 'adjective', 'unknown']","['neutral', 'neutral', 'unknown', 'unknown', 'neutral', 'neutral', 'unknown']","[0.0, 0.0, 0.0, 0.0, 0.0, 0.0, 0.0]",neutral,0.0
"['rakyat', 'malaysia', 'hidup', 'dalam', 'harmoni', '.']","['noun', 'proper noun', 'verb, adjective', 'preposition', 'unknown', 'unknown']","['neutral', 'neutral', 'positive', 'neutral', 'unknown', 'unknown']","[0.0, 0.0, 0.5, 0.0, 0.0, 0.0]",neutral,0.0
"['dia', 'pergi', 'ke', 'sekolah', 'dgn', 'kawan', '-', 'kawannya', '.']","['pronoun', 'verb', 'particle (interrogative)', 'unknown', 'preposition', 'noun', 'punctuation', 'unknown', 'unknown']","['neutral', 'neutral', 'neutral', 'unknown', 'neutral', 'positive', 'neutral', 'unknown', 'unknown']","[0.0, 0.0, 0.0, 0.0, 0.0, 0.6, 0.0, 0.0, 0.0]",neutral,0.0
"['dia', 'terus', 'berjalan', 'tanpa', 'menoleh', '.']","['pronoun', 'adverb/verb', 'unknown', 'unknown', 'unknown', 'unknown']","['neutral', 'neutral', 'unknown', 'unknown', 'unknown', 'unknown']","[0.0, 0.0, 0.0, 0.0, 0.0, 0.0]",neutral,0.0
"['rumahnya', ',', 'yang', 'besar', 'itu', ',', 'terletak', 'di', 'hujung', 'jalan', '.']","['unknown', 'punctuation', 'pronoun, conjunction', 'adjective', 'demonstrative pronoun', 'punctuation', 'unknown', 'preposition', 'unknown', 'noun/verb', 'unknown']","['unknown', 'neutral', 'neutral', 'neutral', 'neutral', 'neutral', 'unknown', 'neutral', 'unknown', 'neutral', 'unknown']","[0.0, 0.0, 0.0, 0.0, 0.0, 0.0, 0.0, 0.0, 0.0, 0.0, 0.0]",neutral,0.0
"['dia', 'menjerit', 'kuat2', 'agar', 'didengari', '.']","['pronoun', 'unknown', 'adverb', 'unknown', 'unknown', 'unknown']","['neutral', 'unknown', 'neutral', 'unknown', 'unknown', 'unknown']","[0.0, 0.0, 0.0, 0.0, 0.0, 0.0]",neutral,0.0
"['diorang', 'semua', 'setuju', 'dengan', 'cadangan', 'itu', '.']","['pronoun', 'quantifier / pronoun', 'unknown', 'preposition', 'unknown', 'demonstrative pronoun', 'unknown']","['neutral', 'neutral', 'unknown', 'neutral', 'unknown', 'neutral', 'unknown']","[0.0, 0.0, 0.0, 0.0, 0.0, 0.0, 0.0]",neutral,0.0
"['haha', ',', 'lawak', 'sungguh', 'cerita', 'kamu', '!']","['interjection', 'punctuation', 'unknown', 'kata keterangan/kata sifat', 'unknown', 'unknown', 'unknown']","['positive', 'neutral', 'unknown', 'neutral', 'unknown', 'unknown', 'unknown']","[0.6, 0.0, 0.0, 0.0, 0.0, 0.0, 0.0]",positive,0.6
"['takda', 'siapa', 'di', 'rumah', 'sekarang', '.']","['adverb', 'unknown', 'preposition', 'noun', 'adverb', 'unknown']","['neutral', 'unknown', 'neutral', 'neutral', 'neutral', 'unknown']","[0.0, 0.0, 0.0, 0.0, 0.0, 0.0]",neutral,0.0
"['hujan', 'lebat', ',', 'jadinya', ',', 'kami', 'terpaksa', 'batalkan', 'rancangan', '.']","['unknown', 'unknown', 'punctuation', 'unknown', 'punctuation', 'unknown', 'verb', 'unknown', 'unknown', 'unknown']","['unknown', 'unknown', 'neutral', 'unknown', 'neutral', 'unknown', 'negative', 'unknown', 'unknown', 'unknown']","[0.0, 0.0, 0.0, 0.0, 0.0, 0.0, -0.5, 0.0, 0.0, 0.0]",neutral,0.0
"['jangan', 'jadi', 'pemalas', ',', 'rajinlah', 'berusaha', '.']","['particle', 'verb / conjunction', 'adjective', 'punctuation', 'unknown', 'verb', 'unknown']","['neutral', 'neutral', 'negative', 'neutral', 'unknown', 'positive', 'unknown']","[0.0, 0.0, -0.7, 0.0, 0.0, 0.7, 0.0]",negative,-0.7
"['soalan', 'ujian', 'itu', 'sangat', 'mudah', '.']","['unknown', 'noun', 'demonstrative pronoun', 'adverb', 'adjective', 'unknown']","['unknown', 'neutral', 'neutral', 'neutral', 'positive', 'unknown']","[0.0, 0.1, 0.0, 0.0, 0.6, 0.0]",positive,0.6
"['polis', 'telah', 'menahan', 'beberapa', 'suspek', '.']","['noun', 'unknown', 'unknown', 'determiner', 'noun', 'unknown']","['neutral', 'unknown', 'unknown', 'neutral', 'neutral', 'unknown']","[0.0, 0.0, 0.0, 0.0, -0.2, 0.0]",neutral,-0.2
"['semoga', 'berjaya', 'dalam', 'peperiksaan', 'anda', '.']","['adverb', 'unknown', 'preposition', 'unknown', 'pronoun', 'unknown']","['positive', 'unknown', 'neutral', 'unknown', 'neutral', 'unknown']","[0.5, 0.0, 0.0, 0.0, 0.0, 0.0]",positive,0.7
"['dia', 'mengetuk', 'pintu', 'sebelum', 'masuk', '.']","['pronoun', 'verb', 'noun', 'preposition', 'verb', 'unknown']","['neutral', 'neutral', 'neutral', 'neutral', 'neutral', 'unknown']","[0.0, 0.0, 0.0, 0.0, 0.0, 0.0]",neutral,0.0
"['dia', 'memandang', 'wajahnya', 'di', 'crmin', '.']","['pronoun', 'unknown', 'unknown', 'preposition', 'noun', 'unknown']","['neutral', 'unknown', 'unknown', 'neutral', 'neutral', 'unknown']","[0.0, 0.0, 0.0, 0.0, 0.0, 0.0]",neutral,0.0
"['ramai', 'orang', 'dislike', 'komen', 'negatif', 'itu', '.']","['adjective', 'noun', 'verb', 'noun/verb', 'unknown', 'demonstrative pronoun', 'unknown']","['neutral', 'neutral', 'negative', 'neutral', 'unknown', 'neutral', 'unknown']","[0.1, 0.0, -0.6, 0.0, 0.0, 0.0, 0.0]",negative,-0.6
"['warna', 'baju', 'itu', 'sangat', 'padan', 'dengan', 'kulitnya', '.']","['unknown', 'unknown', 'demonstrative pronoun', 'adverb', 'adjective', 'preposition', 'unknown', 'unknown']","['unknown', 'unknown', 'neutral', 'neutral', 'positive', 'neutral', 'unknown', 'unknown']","[0.0, 0.0, 0.0, 0.0, 0.3, 0.0, 0.0, 0.0]",positive,0.3
"['dia', 'suka', 'nyanyi', 'lagu', 'melayu', '.']","['pronoun', 'verb', 'verb', 'noun', 'noun/adjective', 'unknown']","['neutral', 'positive', 'neutral', 'neutral', 'neutral', 'unknown']","[0.0, 0.7, 0.0, 0.0, 0.0, 0.0]",neutral,0.0
"['harga', 'barang', 'naik', 'mendadak', '.']","['unknown', 'noun', 'unknown', 'adverb', 'unknown']","['unknown', 'neutral', 'unknown', 'neutral', 'unknown']","[0.0, 0.0, 0.0, 0.0, 0.0]",neutral,0.0
"['dia', 'melihat', 'dirinya', 'di', 'cermin', '.']","['pronoun', 'verb', 'unknown', 'preposition', 'noun', 'unknown']","['neutral', 'neutral', 'unknown', 'neutral', 'neutral', 'unknown']","[0.0, 0.0, 0.0, 0.0, 0.0, 0.0]",neutral,0.0
"['tk', 'mengapa', ',', 'saya', 'faham', '.']","['adverb', 'unknown', 'punctuation', 'pronoun', 'verb / adjective', 'unknown']","['negative', 'unknown', 'neutral', 'neutral', 'neutral', 'unknown']","[-0.3, 0.0, 0.0, 0.0, 0.0, 0.0]",neutral,0.0
"['dia', 'terdesak', 'untuk', 'mencari', 'pekerjaan', '.']","['pronoun', 'adjective', 'preposition', 'unknown', 'unknown', 'unknown']","['neutral', 'negative', 'neutral', 'unknown', 'unknown', 'unknown']","[0.0, -0.6, 0.0, 0.0, 0.0, 0.0]",negative,-0.6
"['kehidupan', 'di', 'kota', 'besar', 'sangat', 'sibuk', '.']","['noun', 'preposition', 'unknown', 'adjective', 'adverb', 'adjective', 'unknown']","['neutral', 'neutral', 'unknown', 'neutral', 'neutral', 'neutral', 'unknown']","[0.0, 0.0, 0.0, 0.0, 0.0, 0.0, 0.0]",neutral,0.0
"['dia', 'mengambil', 'satu', 'buku', 'dari', 'rak', '.']","['pronoun', 'verb', 'numeral', 'unknown', 'preposition', 'unknown', 'unknown']","['neutral', 'neutral', 'neutral', 'unknown', 'neutral', 'unknown', 'unknown']","[0.0, 0.0, 0.0, 0.0, 0.0, 0.0, 0.0]",neutral,0.0
"['saya', 'suka', 'makan', 'nasi', 'lemak', '.']","['pronoun', 'verb', 'verb', 'unknown', 'unknown', 'unknown']","['neutral', 'positive', 'neutral', 'unknown', 'unknown', 'unknown']","[0.0, 0.7, 0.0, 0.0, 0.0, 0.0]",positive,0.7
"['berita', 'melaporkan', 'aktiviti', 'fpi', 'di', 'kawasan', 'itu', '.']","['noun', 'unknown', 'noun', 'noun', 'preposition', 'unknown', 'demonstrative pronoun', 'unknown']","['neutral', 'unknown', 'neutral', 'neutral', 'neutral', 'unknown', 'neutral', 'unknown']","[0.0, 0.0, 0.0, 0.0, 0.0, 0.0, 0.0, 0.0]",neutral,0.0
"['kami', 'sokong', 'cadangan', 'itu', 'sepenuhnya', '.']","['unknown', 'verb', 'unknown', 'demonstrative pronoun', 'unknown', 'unknown']","['unknown', 'positive', 'unknown', 'neutral', 'unknown', 'unknown']","[0.0, 0.7, 0.0, 0.0, 0.0, 0.0]",positive,0.7
"['dia', 'berkongsi', 'tips', 'untuk', 'belajar', 'dengan', 'berkesan', '.']","['pronoun', 'unknown', 'noun', 'preposition', 'unknown', 'preposition', 'unknown', 'unknown']","['neutral', 'unknown', 'neutral', 'neutral', 'unknown', 'neutral', 'unknown', 'unknown']","[0.0, 0.0, 0.0, 0.0, 0.0, 0.0, 0.0, 0.0]",neutral,0.0
"['dia', 'berlari', 'sampi', 'ke', 'garisan', 'penamat', '.']","['pronoun', 'unknown', 'preposition', 'particle (interrogative)', 'unknown', 'unknown', 'unknown']","['neutral', 'unknown', 'neutral', 'neutral', 'unknown', 'unknown', 'unknown']","[0.0, 0.0, 0.0, 0.0, 0.0, 0.0, 0.0]",neutral,0.0
"['buat', 'apa', 'jaa', 'yang', 'dia', 'suruh', '.']","['kata kerja', 'pronoun', 'particle', 'pronoun, conjunction', 'pronoun', 'verb', 'unknown']","['neutral', 'neutral', 'neutral', 'neutral', 'neutral', 'neutral', 'unknown']","[0.0, 0.0, 0.0, 0.0, 0.0, 0.0, 0.0]",neutral,0.0
"['sudah', 'siap', ',', 'sja.xpayah', 'buat', 'lagi', '.']","['adverb', 'adjective', 'punctuation', 'unknown', 'kata kerja', 'adverb', 'unknown']","['neutral', 'neutral', 'neutral', 'unknown', 'neutral', 'neutral', 'unknown']","[0.0, 0.0, 0.0, 0.0, 0.0, 0.0, 0.0]",negative,-0.3
"['dia', 'datang', 'untuk', 'membantu', '.', 'malah', 'dia', 'membawa', 'makanan', 'sekali', '.']","['pronoun', 'verb', 'preposition', 'unknown', 'unknown', 'conjunction', 'pronoun', 'verb', 'noun', 'adverb', 'unknown']","['neutral', 'neutral', 'neutral', 'unknown', 'unknown', 'neutral', 'neutral', 'neutral', 'neutral', 'neutral', 'unknown']","[0.0, 0.0, 0.0, 0.0, 0.0, 0.0, 0.0, 0.0, 0.0, 0.0, 0.0]",positive,0.7
"['ambil', 'ni', '.', 'klu', 'tak', 'nak', ',', 'pulangkan', '.']","['verb', 'pronoun', 'unknown', 'conjunction', 'adverb (negation)', 'auxiliary verb', 'punctuation', 'unknown', 'unknown']","['neutral', 'neutral', 'unknown', 'neutral', 'neutral', 'neutral', 'neutral', 'unknown', 'unknown']","[0.0, 0.0, 0.0, 0.0, 0.0, 0.0, 0.0, 0.0, 0.0]",neutral,0.0
"['mereka', 'membina', 'rumah', 'baru', '.']","['pronoun', 'unknown', 'noun', 'adjective, adverb', 'unknown']","['neutral', 'unknown', 'neutral', 'neutral', 'unknown']","[0.0, 0.0, 0.0, 0.0, 0.0]",neutral,0.0
"['dia', 'hidup', 'kaye', '-', 'raye', 'di', 'bandar', '.']","['pronoun', 'verb, adjective', 'unknown', 'punctuation', 'unknown', 'preposition', 'unknown', 'unknown']","['neutral', 'positive', 'unknown', 'neutral', 'unknown', 'neutral', 'unknown', 'unknown']","[0.0, 0.5, 0.0, 0.0, 0.0, 0.0, 0.0, 0.0]",positive,0.7
"['kanun', 'jenayah', 'negara', 'itu', 'sangat', 'ketat', '.']","['noun', 'noun', 'noun', 'demonstrative pronoun', 'adverb', 'unknown', 'unknown']","['neutral', 'negative', 'neutral', 'neutral', 'neutral', 'unknown', 'unknown']","[0.0, -0.8, 0.0, 0.0, 0.0, 0.0, 0.0]",neutral,0.0
"['dia', 'didenda', 'kerana', 'langgak', 'lampu', 'isyarat', '.']","['pronoun', 'unknown', 'conjunction', 'verb', 'unknown', 'unknown', 'unknown']","['neutral', 'unknown', 'neutral', 'negative', 'unknown', 'unknown', 'unknown']","[0.0, 0.0, 0.0, -0.5, 0.0, 0.0, 0.0]",negative,-0.5
"['wah', ',', 'cantiknya', 'pemandangan', 'ini', '!']","['interjection', 'punctuation', 'unknown', 'unknown', 'demonstrative pronoun', 'unknown']","['positive', 'neutral', 'unknown', 'unknown', 'neutral', 'unknown']","[0.5, 0.0, 0.0, 0.0, 0.0, 0.0]",positive,0.5
"['dia', 'sedang', 'tidur', 'ketika', 'saya', 'pulang', '.']","['pronoun', 'unknown', 'unknown', 'conjunction', 'pronoun', 'unknown', 'unknown']","['neutral', 'unknown', 'unknown', 'neutral', 'neutral', 'unknown', 'unknown']","[0.0, 0.0, 0.0, 0.0, 0.0, 0.0, 0.0]",neutral,0.0
"['dia', 'menghubungi', 'talian', 'kecemasan', '.']","['pronoun', 'unknown', 'unknown', 'unknown', 'unknown']","['neutral', 'unknown', 'unknown', 'unknown', 'unknown']","[0.0, 0.0, 0.0, 0.0, 0.0]",negative,-0.7
"['pihak', 'berkuasa', 'mengecam', 'kekerasn', 'yang', 'berlaku', '.']","['noun', 'verb', 'unknown', 'noun', 'pronoun, conjunction', 'verb', 'unknown']","['neutral', 'neutral', 'unknown', 'negative', 'neutral', 'neutral', 'unknown']","[0.0, 0.0, 0.0, -0.8, 0.0, 0.0, 0.0]",negative,-0.8
"['dia', 'datang', 'lambat', 'sbb', 'kesesakan', 'jalan', '.']","['pronoun', 'verb', 'unknown', 'conjunction', 'unknown', 'noun/verb', 'unknown']","['neutral', 'neutral', 'unknown', 'neutral', 'unknown', 'neutral', 'unknown']","[0.0, 0.0, 0.0, 0.0, 0.0, 0.0, 0.0]",neutral,0.0
"['dia', 'bukannye', 'tak', 'suka', ',', 'cuma', 'segan', '.']","['pronoun', 'partikel', 'adverb (negation)', 'verb', 'punctuation', 'adverb', 'unknown', 'unknown']","['neutral', 'neutral', 'neutral', 'positive', 'neutral', 'neutral', 'unknown', 'unknown']","[0.0, 0.0, 0.0, 0.7, 0.0, 0.0, 0.0, 0.0]",neutral,0.0
"['janganlah', 'buat', 'kerja', 'bodoh', 'macam', 'tu', '.']","['unknown', 'kata kerja', 'verb', 'adjective', 'preposition, adverb', 'pronoun', 'unknown']","['unknown', 'neutral', 'neutral', 'negative', 'neutral', 'neutral', 'unknown']","[0.0, 0.0, 0.0, -0.8, 0.0, 0.0, 0.0]",negative,-0.8
"['santan', 'kelapa', 'ini', 'sangat', 'pekat', 'patinya', '.']","['unknown', 'unknown', 'demonstrative pronoun', 'adverb', 'unknown', 'unknown', 'unknown']","['unknown', 'unknown', 'neutral', 'neutral', 'unknown', 'unknown', 'unknown']","[0.0, 0.0, 0.0, 0.0, 0.0, 0.0, 0.0]",neutral,0.0
"['kita', 'perlu', 'memastikan', 'keselamatan', 'diri', 'daripada', 'ancaman', 'senjata', '.']","['pronoun', 'verb/adjective', 'unknown', 'noun', 'noun, pronoun', 'preposition', 'unknown', 'noun', 'unknown']","['neutral', 'neutral', 'unknown', 'positive', 'neutral', 'neutral', 'unknown', 'neutral', 'unknown']","[0.0, 0.0, 0.0, 0.8, 0.0, 0.0, 0.0, 0.0, 0.0]",neutral,0.0
"['dia', 'perlu', 'hone', 'kemahiran', 'bertuturnya', '.']","['pronoun', 'verb/adjective', 'kata kerja (English)', 'unknown', 'unknown', 'unknown']","['neutral', 'neutral', 'neutral', 'unknown', 'unknown', 'unknown']","[0.0, 0.0, 0.0, 0.0, 0.0, 0.0]",neutral,0.0
"['lelaki', 'itu', 'sedang', 'membaca', 'buku', '.']","['noun', 'demonstrative pronoun', 'unknown', 'unknown', 'unknown', 'unknown']","['neutral', 'neutral', 'unknown', 'unknown', 'unknown', 'unknown']","[0.0, 0.0, 0.0, 0.0, 0.0, 0.0]",neutral,0.0
"['dia', 'takkan', 'datang', 'hari', 'ini', '.']","['pronoun', 'adverb', 'verb', 'noun', 'demonstrative pronoun', 'unknown']","['neutral', 'neutral', 'neutral', 'neutral', 'neutral', 'unknown']","[0.0, 0.0, 0.0, 0.0, 0.0, 0.0]",neutral,0.0
"['awak', 'jangan', 'jadi', 'bodo', 'sangatlah', '.']","['unknown', 'particle', 'verb / conjunction', 'adjective', 'unknown', 'unknown']","['unknown', 'neutral', 'neutral', 'negative', 'unknown', 'unknown']","[0.0, 0.0, 0.0, -0.7, 0.0, 0.0]",negative,-0.8
"['jangan', 'sentuh', 'benda', 'tu', ',', 'bahayalah', '.']","['particle', 'unknown', 'noun', 'pronoun', 'punctuation', 'unknown', 'unknown']","['neutral', 'unknown', 'neutral', 'neutral', 'neutral', 'unknown', 'unknown']","[0.0, 0.0, 0.0, 0.0, 0.0, 0.0, 0.0]",negative,-0.7
"['diaorg', 'dah', 'balik', 'ke', 'rumah', '.']","['kata ganti nama diri ketiga', 'adverb', 'verb', 'particle (interrogative)', 'noun', 'unknown']","['neutral', 'neutral', 'neutral', 'neutral', 'neutral', 'unknown']","[0.0, 0.0, 0.0, 0.0, 0.0, 0.0]",neutral,0.0
"['kes', 'rogol', 'semakin', 'berleluasa', '.']","['noun', 'kata kerja', 'unknown', 'unknown', 'unknown']","['neutral', 'negative', 'unknown', 'unknown', 'unknown']","[0.0, -0.9, 0.0, 0.0, 0.0]",negative,-0.9
"['ini', 'adalah', 'ujia', '(', 'sepatutnya', ""'"", 'ujian', ""'"", ')', 'terakhir', '.']","['demonstrative pronoun', 'copula / verb', ""kata kerja/kata nama (kemungkinan typo untuk 'ujian' atau 'uji')"", 'unknown', 'adverb', 'unknown', 'noun', 'unknown', 'unknown', 'unknown', 'unknown']","['neutral', 'neutral', 'neutral', 'unknown', 'neutral', 'unknown', 'neutral', 'unknown', 'unknown', 'unknown', 'unknown']","[0.0, 0.0, 0.0, 0.0, 0.0, 0.0, 0.1, 0.0, 0.0, 0.0, 0.0]",neutral,0.0
"['dari', 'segi', 'ekonomi', ',', 'negara', 'itu', 'semakin', 'maju', '.']","['preposition', 'kata nama', 'unknown', 'punctuation', 'noun', 'demonstrative pronoun', 'unknown', 'verb', 'unknown']","['neutral', 'neutral', 'unknown', 'neutral', 'neutral', 'neutral', 'unknown', 'positive', 'unknown']","[0.0, 0.0, 0.0, 0.0, 0.0, 0.0, 0.0, 0.8, 0.0]",neutral,0.0
"['kita', 'perlu', 'bincang', 'hal', 'ini', 'dengan', 'lebih', 'mendalam', '.']","['pronoun', 'verb/adjective', 'unknown', 'kata nama', 'demonstrative pronoun', 'preposition', 'adverb', 'unknown', 'unknown']","['neutral', 'neutral', 'unknown', 'neutral', 'neutral', 'neutral', 'neutral', 'unknown', 'unknown']","[0.0, 0.0, 0.0, 0.0, 0.0, 0.0, 0.0, 0.0, 0.0]",neutral,0.0
"['kes', 'rompakan', 'bank', 'itu', 'masih', 'disiasat', '.']","['noun', 'kata nama', 'noun', 'demonstrative pronoun', 'adverb', 'unknown', 'unknown']","['neutral', 'negative', 'neutral', 'neutral', 'neutral', 'unknown', 'unknown']","[0.0, -0.8, 0.0, 0.0, 0.0, 0.0, 0.0]",negative,-0.8
"['mari', 'kita', 'pergi', 'shopping', 'hujung', 'minggu', 'ini', '.']","['unknown', 'pronoun', 'verb', 'kata kerja/kata nama (English)', 'unknown', 'unknown', 'demonstrative pronoun', 'unknown']","['unknown', 'neutral', 'neutral', 'neutral', 'unknown', 'unknown', 'neutral', 'unknown']","[0.0, 0.0, 0.0, 0.0, 0.0, 0.0, 0.0, 0.0]",neutral,0.0
"['dia', 'pulk', 'yang', 'datang', 'lambat', '.']","['pronoun', 'partikel', 'pronoun, conjunction', 'verb', 'unknown', 'unknown']","['neutral', 'neutral', 'neutral', 'neutral', 'unknown', 'unknown']","[0.0, 0.0, 0.0, 0.0, 0.0, 0.0]",neutral,0.0
"['kita', 'perlu', 'hadapi', 'cabaran', 'ini', 'dengan', 'berani', '.']","['pronoun', 'verb/adjective', 'kata kerja', 'unknown', 'demonstrative pronoun', 'preposition', 'adjective', 'unknown']","['neutral', 'neutral', 'neutral', 'unknown', 'neutral', 'neutral', 'positive', 'unknown']","[0.0, 0.0, 0.0, 0.0, 0.0, 0.0, 0.7, 0.0]",neutral,0.0
"['dia', 'dah', 'tido', 'awal', 'malam', 'ni', '.']","['pronoun', 'adverb', 'kata kerja', 'unknown', 'unknown', 'pronoun', 'unknown']","['neutral', 'neutral', 'neutral', 'unknown', 'unknown', 'neutral', 'unknown']","[0.0, 0.0, 0.0, 0.0, 0.0, 0.0, 0.0]",neutral,0.0
"['the', 'book', 'is', 'on', 'the', 'table', '.']","['penentu (English)', 'unknown', 'verb', 'kata sendi nama/kata keterangan/kata kerja (English)', 'penentu (English)', 'unknown', 'unknown']","['neutral', 'unknown', 'neutral', 'neutral', 'neutral', 'unknown', 'unknown']","[0.0, 0.0, 0.0, 0.0, 0.0, 0.0, 0.0]",neutral,0.0
"['dia', 'ckp', 'dia', 'tak', 'datang', '.']","['pronoun', 'kata kerja', 'pronoun', 'adverb (negation)', 'verb', 'unknown']","['neutral', 'neutral', 'neutral', 'neutral', 'neutral', 'unknown']","[0.0, 0.0, 0.0, 0.0, 0.0, 0.0]",neutral,0.0
"['kereta', 'ny', 'rosak', '.']","['kata nama', 'kata ganti nama diri ketiga/partikel', 'adjective', 'unknown']","['neutral', 'neutral', 'negative', 'unknown']","[0.0, 0.0, -0.8, 0.0]",neutral,0.0
"['pembunuh', 'bersiri', 'itu', 'akhirnya', 'ditangkap', '.']","['kata nama', 'unknown', 'demonstrative pronoun', 'unknown', 'unknown', 'unknown']","['negative', 'unknown', 'neutral', 'unknown', 'unknown', 'unknown']","[-0.9, 0.0, 0.0, 0.0, 0.0, 0.0]",negative,-0.9
"['kalau', 'dah', 'gini', ',', 'patutlah', 'dia', 'marah', '.']","['conjunction', 'adverb', 'adverb', 'punctuation', 'unknown', 'pronoun', 'adjective', 'unknown']","['neutral', 'neutral', 'neutral', 'neutral', 'unknown', 'neutral', 'negative', 'unknown']","[0.0, 0.0, 0.0, 0.0, 0.0, 0.0, -0.6, 0.0]",neutral,0.0
"['buku', 'tu', 'atas', 'meja', '.']","['unknown', 'pronoun', 'unknown', 'unknown', 'unknown']","['unknown', 'neutral', 'unknown', 'unknown', 'unknown']","[0.0, 0.0, 0.0, 0.0, 0.0]",neutral,0.0
"['dia', 'banyak', 'duit', 'hasil', 'bekerja', 'keras', '.']","['pronoun', 'adjective/quantifier', 'noun', 'noun, verb', 'unknown', 'kata sifat', 'unknown']","['neutral', 'neutral', 'neutral', 'neutral', 'unknown', 'neutral', 'unknown']","[0.0, 0.0, 0.0, 0.2, 0.0, 0.0, 0.0]",neutral,0.0
"['dia', 'hanya', 'tercongok', 'di', 'situ', 'menunggu', 'arahan', '.']","['pronoun', 'adverb', 'kata kerja', 'preposition', 'adverb, pronoun', 'unknown', 'unknown', 'unknown']","['neutral', 'neutral', 'neutral', 'neutral', 'neutral', 'unknown', 'unknown', 'unknown']","[0.0, 0.0, 0.0, 0.0, 0.0, 0.0, 0.0, 0.0]",neutral,0.0
"['lampu', 'dah', 'on', 'ke', '?']","['unknown', 'adverb', 'kata sendi nama/kata keterangan/kata kerja (English)', 'particle (interrogative)', 'punctuation']","['unknown', 'neutral', 'neutral', 'neutral', 'neutral']","[0.0, 0.0, 0.0, 0.0, 0.0]",neutral,0.0
"['polis', 'telah', 'menerima', 'laporan', 'tentang', 'kejadian', 'itu', '.']","['noun', 'unknown', 'unknown', 'kata nama', 'unknown', 'noun', 'demonstrative pronoun', 'unknown']","['neutral', 'unknown', 'unknown', 'neutral', 'unknown', 'neutral', 'neutral', 'unknown']","[0.0, 0.0, 0.0, 0.0, 0.0, 0.0, 0.0, 0.0]",neutral,0.0
"['dia', 'mungkin', 'datang', 'esok', '.']","['pronoun', 'adverb', 'verb', 'unknown', 'unknown']","['neutral', 'neutral', 'neutral', 'unknown', 'unknown']","[0.0, 0.0, 0.0, 0.0, 0.0]",neutral,0.0
"['banyak', 'koje', 'nak', 'kena', 'settle', 'hari', 'ni', '.']","['adjective/quantifier', 'kata nama/kata kerja', 'auxiliary verb', 'verb', 'unknown', 'noun', 'pronoun', 'unknown']","['neutral', 'neutral', 'neutral', 'neutral', 'unknown', 'neutral', 'neutral', 'unknown']","[0.0, 0.0, 0.0, 0.0, 0.0, 0.0, 0.0, 0.0]",neutral,0.0
"['apa', 'tme', 'kita', 'nak', 'jumpa', '?']","['pronoun', 'kata nama', 'pronoun', 'auxiliary verb', 'verb', 'punctuation']","['neutral', 'neutral', 'neutral', 'neutral', 'neutral', 'neutral']","[0.0, 0.0, 0.0, 0.0, 0.0, 0.0]",neutral,0.0
"['perkhidmatan', 'awam', 'harus', 'dipertingkatkan', '.']","['unknown', 'kata sifat', 'auxiliary verb', 'unknown', 'unknown']","['unknown', 'neutral', 'neutral', 'unknown', 'unknown']","[0.0, 0.0, 0.0, 0.0, 0.0]",neutral,0.0
"['orang', 'yg', 'pakai', 'baju', 'merah', 'itu', 'abang', 'saya', '.']","['noun', 'conjunction/relative pronoun (contraction)', 'verb', 'unknown', 'unknown', 'demonstrative pronoun', 'noun', 'pronoun', 'unknown']","['neutral', 'neutral', 'neutral', 'unknown', 'unknown', 'neutral', 'neutral', 'neutral', 'unknown']","[0.0, 0.0, 0.0, 0.0, 0.0, 0.0, 0.0, 0.0, 0.0]",neutral,0.0
"['dia', 'tdk', 'datang', 'hari', 'ini', '.']","['pronoun', 'kata nafi', 'verb', 'noun', 'demonstrative pronoun', 'unknown']","['neutral', 'neutral', 'neutral', 'neutral', 'neutral', 'unknown']","[0.0, 0.0, 0.0, 0.0, 0.0, 0.0]",neutral,0.0
"['jam', 'yg', 'rosak', 'itu', 'perlu', 'dibaiki', '.']","['unknown', 'conjunction/relative pronoun (contraction)', 'adjective', 'demonstrative pronoun', 'verb/adjective', 'unknown', 'unknown']","['unknown', 'neutral', 'negative', 'neutral', 'neutral', 'unknown', 'unknown']","[0.0, 0.0, -0.8, 0.0, 0.0, 0.0, 0.0]",neutral,0.0
"['pelajar', '-', 'pelajar', 'memakai', 'pakaian', 'seragam', 'ke', 'sekolah', '.']","['unknown', 'punctuation', 'unknown', 'unknown', 'unknown', 'kata sifat/kata nama', 'particle (interrogative)', 'unknown', 'unknown']","['unknown', 'neutral', 'unknown', 'unknown', 'unknown', 'neutral', 'neutral', 'unknown', 'unknown']","[0.0, 0.0, 0.0, 0.0, 0.0, 0.0, 0.0, 0.0, 0.0]",neutral,0.0
"['dia', 'hampir', 'jatuh', 'tadi', '.']","['pronoun', 'kata keterangan/kata sifat', 'unknown', 'unknown', 'unknown']","['neutral', 'neutral', 'unknown', 'unknown', 'unknown']","[0.0, 0.0, 0.0, 0.0, 0.0]",neutral,0.0
"['takde', 'siapa', 'di', 'rumah', '.']","['kata nafi/kata kerja', 'unknown', 'preposition', 'noun', 'unknown']","['neutral', 'unknown', 'neutral', 'neutral', 'unknown']","[0.0, 0.0, 0.0, 0.0, 0.0]",neutral,0.0
"['dia', 'suka', 'lihat', 'pemandangan', 'gunung', '.']","['pronoun', 'verb', 'kata kerja', 'unknown', 'unknown', 'unknown']","['neutral', 'positive', 'neutral', 'unknown', 'unknown', 'unknown']","[0.0, 0.7, 0.0, 0.0, 0.0, 0.0]",neutral,0.0
"['kalau', 'hujan', ',', 'saya', 'tak', 'pergi', '.']","['conjunction', 'unknown', 'punctuation', 'pronoun', 'adverb (negation)', 'verb', 'unknown']","['neutral', 'unknown', 'neutral', 'neutral', 'neutral', 'neutral', 'unknown']","[0.0, 0.0, 0.0, 0.0, 0.0, 0.0, 0.0]",neutral,0.0
"['jawapan', 'dia', 'salah', '.']","['unknown', 'pronoun', 'adjective', 'unknown']","['unknown', 'neutral', 'negative', 'unknown']","[0.0, 0.0, -0.7, 0.0]",negative,-0.6
"['dia', 'cuman', 'nak', 'tahu', 'berita', 'tu', '.']","['pronoun', 'adverb', 'auxiliary verb', 'verb', 'noun', 'pronoun', 'unknown']","['neutral', 'neutral', 'neutral', 'neutral', 'neutral', 'neutral', 'unknown']","[0.0, 0.0, 0.0, 0.0, 0.0, 0.0, 0.0]",neutral,0.0
"['dia', 'sungguh', 'baik', 'hati', '.']","['pronoun', 'kata keterangan/kata sifat', 'adjective', 'noun', 'unknown']","['neutral', 'neutral', 'positive', 'neutral', 'unknown']","[0.0, 0.0, 0.8, 0.0, 0.0]",neutral,0.0
"['dia', 'dtg', 'lewat', 'ke', 'majlis', '.']","['pronoun', 'kata kerja', 'unknown', 'particle (interrogative)', 'unknown', 'unknown']","['neutral', 'neutral', 'unknown', 'neutral', 'unknown', 'unknown']","[0.0, 0.0, 0.0, 0.0, 0.0, 0.0]",neutral,0.0
"['dia', 'kuar', 'rumah', 'awal', 'pagi', '.']","['pronoun', 'kata kerja', 'noun', 'unknown', 'unknown', 'unknown']","['neutral', 'neutral', 'neutral', 'unknown', 'unknown', 'unknown']","[0.0, 0.0, 0.0, 0.0, 0.0, 0.0]",neutral,0.0
"['jaga', 'hti', '-', 'hti', 'bila', 'memandu', '.']","['unknown', 'kata nama', 'punctuation', 'kata nama', 'adverb', 'unknown', 'unknown']","['unknown', 'neutral', 'neutral', 'neutral', 'neutral', 'unknown', 'unknown']","[0.0, 0.0, 0.0, 0.0, 0.0, 0.0, 0.0]",neutral,0.0
"['dia', 'membeli', 'kereta', 'yang', 'berwarna', 'merah', '.']","['pronoun', 'unknown', 'kata nama', 'pronoun, conjunction', 'unknown', 'unknown', 'unknown']","['neutral', 'unknown', 'neutral', 'neutral', 'unknown', 'unknown', 'unknown']","[0.0, 0.0, 0.0, 0.0, 0.0, 0.0, 0.0]",neutral,0.0
"['kerja', 'rumahnya', 'sudah', 'siap', '.']","['verb', 'unknown', 'adverb', 'adjective', 'unknown']","['neutral', 'unknown', 'neutral', 'neutral', 'unknown']","[0.0, 0.0, 0.0, 0.0, 0.0]",neutral,0.0
"['tindakan', 'bodoh', 'itu', 'hanya', 'menunjukkan', 'dia', 'goblok', '.']","['noun', 'adjective', 'demonstrative pronoun', 'adverb', 'unknown', 'pronoun', 'adjective', 'unknown']","['neutral', 'negative', 'neutral', 'neutral', 'unknown', 'neutral', 'negative', 'unknown']","[0.0, -0.8, 0.0, 0.0, 0.0, 0.0, -0.9, 0.0]",negative,-0.8
"['dia', 'akan', 'sampai', 'ke', 'destinasi', 'sebentar', 'lagi', '.']","['pronoun', 'auxiliary verb', 'verb', 'particle (interrogative)', 'unknown', 'adverb', 'adverb', 'unknown']","['neutral', 'neutral', 'neutral', 'neutral', 'unknown', 'neutral', 'neutral', 'unknown']","[0.0, 0.0, 0.0, 0.0, 0.0, 0.0, 0.0, 0.0]",neutral,0.0
"['kumpulan', 'penyangak', 'itu', 'telah', 'ditangkap', 'polis', '.']","['unknown', 'noun', 'demonstrative pronoun', 'unknown', 'unknown', 'noun', 'unknown']","['unknown', 'negative', 'neutral', 'unknown', 'unknown', 'neutral', 'unknown']","[0.0, -0.7, 0.0, 0.0, 0.0, 0.0, 0.0]",negative,-0.7
"['dia', 'makan', ',', 'kemudian', 'membaca', 'buku', '.']","['pronoun', 'verb', 'punctuation', 'adverb', 'unknown', 'unknown', 'unknown']","['neutral', 'neutral', 'neutral', 'neutral', 'unknown', 'unknown', 'unknown']","[0.0, 0.0, 0.0, 0.0, 0.0, 0.0, 0.0]",neutral,0.0
"['dia', 'memerlukan', 'backup', 'untuk', 'menyiapkan', 'projek', 'itu', '.']","['pronoun', 'unknown', 'noun', 'preposition', 'unknown', 'unknown', 'demonstrative pronoun', 'unknown']","['neutral', 'unknown', 'neutral', 'neutral', 'unknown', 'unknown', 'neutral', 'unknown']","[0.0, 0.0, 0.0, 0.0, 0.0, 0.0, 0.0, 0.0]",neutral,0.0
"['harga', 'minyak', 'mentah', 'telah', 'meningkat', '.']","['unknown', 'noun', 'unknown', 'unknown', 'verb', 'unknown']","['unknown', 'neutral', 'unknown', 'unknown', 'neutral', 'unknown']","[0.0, 0.0, 0.0, 0.0, 0.0, 0.0]",neutral,0.0
"['tolong', 'beri', 'saya', 'sedikit', 'air', '.']","['verb', 'unknown', 'pronoun', 'adjective', 'unknown', 'unknown']","['neutral', 'unknown', 'neutral', 'neutral', 'unknown', 'unknown']","[0.0, 0.0, 0.0, 0.0, 0.0, 0.0]",neutral,0.0
"['dia', 'memandu', 'kereta', 'baru', 'ke', 'tempat', 'kerja', '.']","['pronoun', 'unknown', 'kata nama', 'adjective, adverb', 'particle (interrogative)', 'noun', 'verb', 'unknown']","['neutral', 'unknown', 'neutral', 'neutral', 'neutral', 'neutral', 'neutral', 'unknown']","[0.0, 0.0, 0.0, 0.0, 0.0, 0.0, 0.0, 0.0]",neutral,0.0
"['kehidupan', 'mereka', 'kini', 'lebih', 'senang', '.']","['noun', 'pronoun', 'unknown', 'adverb', 'adjective', 'unknown']","['neutral', 'neutral', 'unknown', 'neutral', 'positive', 'unknown']","[0.0, 0.0, 0.0, 0.0, 0.7, 0.0]",positive,0.7
"['hadiah', 'itu', 'daripada', 'ibu', 'saya', '.']","['unknown', 'demonstrative pronoun', 'preposition', 'unknown', 'pronoun', 'unknown']","['unknown', 'neutral', 'neutral', 'unknown', 'neutral', 'unknown']","[0.0, 0.0, 0.0, 0.0, 0.0, 0.0]",neutral,0.0
"['ayah', 'saya', 'seorang', 'yang', 'sangat', 'rajin', '.']","['noun', 'pronoun', 'unknown', 'pronoun, conjunction', 'adverb', 'unknown', 'unknown']","['neutral', 'neutral', 'unknown', 'neutral', 'neutral', 'unknown', 'unknown']","[0.0, 0.0, 0.0, 0.0, 0.0, 0.0, 0.0]",neutral,0.0
"['bangunan', 'lama', 'itu', 'sudah', 'jahanam', '.']","['unknown', 'adjective', 'demonstrative pronoun', 'adverb', 'adjective', 'unknown']","['unknown', 'neutral', 'neutral', 'neutral', 'negative', 'unknown']","[0.0, 0.0, 0.0, 0.0, -0.9, 0.0]",negative,-0.9
"['dia', 'cuba', 'menyembunyikan', 'perasaannya', '.']","['pronoun', 'verb', 'unknown', 'unknown', 'unknown']","['neutral', 'neutral', 'unknown', 'unknown', 'unknown']","[0.0, 0.0, 0.0, 0.0, 0.0]",neutral,0.0
"['buku', 'itu', 'ada', 'di', 'atas', 'meja', '.']","['unknown', 'demonstrative pronoun', 'verb', 'preposition', 'unknown', 'unknown', 'unknown']","['unknown', 'neutral', 'neutral', 'neutral', 'unknown', 'unknown', 'unknown']","[0.0, 0.0, 0.0, 0.0, 0.0, 0.0, 0.0]",neutral,0.0
"['polis', 'sedang', 'menyoal', 'siasat', 'suspek', '.']","['noun', 'unknown', 'unknown', 'unknown', 'noun', 'unknown']","['neutral', 'unknown', 'unknown', 'unknown', 'neutral', 'unknown']","[0.0, 0.0, 0.0, 0.0, -0.2, 0.0]",negative,-0.5
"['dia', 'berharap', 'tidak', 'akan', 'ke', 'neraka', '.']","['pronoun', 'unknown', 'adverb', 'auxiliary verb', 'particle (interrogative)', 'noun', 'unknown']","['neutral', 'unknown', 'neutral', 'neutral', 'neutral', 'negative', 'unknown']","[0.0, 0.0, 0.0, 0.0, 0.0, -0.8, 0.0]",negative,-0.9
"['kumpulan', 'penyamun', 'itu', 'telah', 'melarikan', 'diri', '.']","['unknown', 'noun', 'demonstrative pronoun', 'unknown', 'unknown', 'noun, pronoun', 'unknown']","['unknown', 'negative', 'neutral', 'unknown', 'unknown', 'neutral', 'unknown']","[0.0, -0.9, 0.0, 0.0, 0.0, 0.0, 0.0]",negative,-0.8
"['dia', 'mendapat', 'feel', 'yang', 'baik', 'tentang', 'projek', 'ini', '.']","['pronoun', 'verb', 'noun', 'pronoun, conjunction', 'adjective', 'unknown', 'unknown', 'demonstrative pronoun', 'unknown']","['neutral', 'neutral', 'neutral', 'neutral', 'positive', 'unknown', 'unknown', 'neutral', 'unknown']","[0.0, 0.0, 0.0, 0.0, 0.8, 0.0, 0.0, 0.0, 0.0]",neutral,0.0
"['kenapa', 'dia', 'tidak', 'datang', 'hari', 'ini', '?']","['interrogative pronoun/adverb', 'pronoun', 'adverb', 'verb', 'noun', 'demonstrative pronoun', 'punctuation']","['neutral', 'neutral', 'neutral', 'neutral', 'neutral', 'neutral', 'neutral']","[0.0, 0.0, 0.0, 0.0, 0.0, 0.0, 0.0]",neutral,0.0
"['ayah', 'dan', 'ibu', 'pergi', 'ke', 'pasar', '.']","['noun', 'conjunction', 'unknown', 'verb', 'particle (interrogative)', 'noun', 'unknown']","['neutral', 'neutral', 'unknown', 'neutral', 'neutral', 'neutral', 'unknown']","[0.0, 0.0, 0.0, 0.0, 0.0, 0.0, 0.0]",neutral,0.0
"['dia', 'akan', 'datang', 'ke', 'rumah', 'saya', 'esok', '.']","['pronoun', 'auxiliary verb', 'verb', 'particle (interrogative)', 'noun', 'pronoun', 'unknown', 'unknown']","['neutral', 'neutral', 'neutral', 'neutral', 'neutral', 'neutral', 'unknown', 'unknown']","[0.0, 0.0, 0.0, 0.0, 0.0, 0.0, 0.0, 0.0]",neutral,0.0
"['kes', 'jenayah', 'itu', 'masih', 'dalam', 'siasatan', '.']","['noun', 'noun', 'demonstrative pronoun', 'adverb', 'preposition', 'unknown', 'unknown']","['neutral', 'negative', 'neutral', 'neutral', 'neutral', 'unknown', 'unknown']","[0.0, -0.8, 0.0, 0.0, 0.0, 0.0, 0.0]",neutral,0.0
"['buku', 'ini', 'adalah', 'edisi', 'terhad', '.']","['unknown', 'demonstrative pronoun', 'copula / verb', 'noun', 'unknown', 'unknown']","['unknown', 'neutral', 'neutral', 'neutral', 'unknown', 'unknown']","[0.0, 0.0, 0.0, 0.0, 0.0, 0.0]",neutral,0.0
"['langit', 'dilitupi', 'awan', 'gelap', '.']","['noun', 'unknown', 'noun', 'unknown', 'unknown']","['neutral', 'unknown', 'neutral', 'unknown', 'unknown']","[0.0, 0.0, 0.0, 0.0, 0.0]",neutral,0.0
"['dia', 'berasa', 'takut', 'untuk', 'berjalan', 'sendirian', 'di', 'malam', 'hari', '.']","['pronoun', 'unknown', 'adjective', 'preposition', 'unknown', 'unknown', 'preposition', 'unknown', 'noun', 'unknown']","['neutral', 'unknown', 'negative', 'neutral', 'unknown', 'unknown', 'neutral', 'unknown', 'neutral', 'unknown']","[0.0, 0.0, -0.6, 0.0, 0.0, 0.0, 0.0, 0.0, 0.0, 0.0]",negative,-0.8
"['jangan', 'jadi', 'orang', 'yang', 'banggang', '.']","['particle', 'verb / conjunction', 'noun', 'pronoun, conjunction', 'adjective', 'unknown']","['neutral', 'neutral', 'neutral', 'neutral', 'negative', 'unknown']","[0.0, 0.0, 0.0, 0.0, -0.7, 0.0]",negative,-0.7
"['kumpulan', 'penjenayah', 'itu', 'menyamun', 'bank', 'semalam', '.']","['unknown', 'noun', 'demonstrative pronoun', 'verb', 'noun', 'unknown', 'unknown']","['unknown', 'negative', 'neutral', 'negative', 'neutral', 'unknown', 'unknown']","[0.0, -0.8, 0.0, -0.9, 0.0, 0.0, 0.0]",negative,-0.8
"['dia', 'mencari', 'path', 'yang', 'betul', 'untuk', 'masa', 'depannya', '.']","['pronoun', 'unknown', 'noun', 'pronoun, conjunction', 'adjective', 'preposition', 'noun', 'unknown', 'unknown']","['neutral', 'unknown', 'neutral', 'neutral', 'positive', 'neutral', 'neutral', 'unknown', 'unknown']","[0.0, 0.0, 0.0, 0.0, 0.6, 0.0, 0.0, 0.0, 0.0]",neutral,0.0
"['pemandu', 'itu', 'menabrakkan', 'keretanya', 'ke', 'pokok', '.']","['noun', 'demonstrative pronoun', 'verb', 'noun', 'particle (interrogative)', 'unknown', 'unknown']","['neutral', 'neutral', 'negative', 'neutral', 'neutral', 'unknown', 'unknown']","[0.0, 0.0, -0.6, 0.0, 0.0, 0.0, 0.0]",negative,-0.6
"['hari', 'ini', 'cuaca', 'sangat', 'baik', '.']","['noun', 'demonstrative pronoun', 'unknown', 'adverb', 'adjective', 'unknown']","['neutral', 'neutral', 'unknown', 'neutral', 'positive', 'unknown']","[0.0, 0.0, 0.0, 0.0, 0.8, 0.0]",neutral,0.0
"['kalian', 'boleh', 'mula', 'sekarang', '.']","['pronoun', 'modal verb', 'unknown', 'adverb', 'unknown']","['neutral', 'neutral', 'unknown', 'neutral', 'unknown']","[0.0, 0.0, 0.0, 0.0, 0.0]",neutral,0.0
"['aduhai', ',', 'malangnya', 'nasib', 'dia', '.']","['interjection', 'punctuation', 'kata keterangan', 'noun', 'pronoun', 'unknown']","['neutral', 'neutral', 'negative', 'neutral', 'neutral', 'unknown']","[0.0, 0.0, -0.7, 0.0, 0.0, 0.0]",neutral,0.0
"['ayat', 'itu', 'bermaksud', 'untuk', 'menjelaskan', 'sesuatu', '.']","['unknown', 'demonstrative pronoun', 'verb', 'preposition', 'unknown', 'pronoun', 'unknown']","['unknown', 'neutral', 'neutral', 'neutral', 'unknown', 'neutral', 'unknown']","[0.0, 0.0, 0.0, 0.0, 0.0, 0.0, 0.0]",neutral,0.0
"['dia', 'belajar', 'untuk', 'menjaga', 'self', '(', 'diri)nya', '.']","['pronoun', 'unknown', 'preposition', 'unknown', 'noun', 'unknown', 'unknown', 'unknown']","['neutral', 'unknown', 'neutral', 'unknown', 'neutral', 'unknown', 'unknown', 'unknown']","[0.0, 0.0, 0.0, 0.0, 0.0, 0.0, 0.0, 0.0]",neutral,0.0
"['kami', 'selalu', 'membantu', 'jiran', 'kami', '.']","['unknown', 'adverb', 'unknown', 'noun', 'unknown', 'unknown']","['unknown', 'neutral', 'unknown', 'neutral', 'unknown', 'unknown']","[0.0, 0.0, 0.0, 0.0, 0.0, 0.0]",neutral,0.0
"['dia', 'memilih', 'baju', 'yang', 'lain', '.']","['pronoun', 'unknown', 'unknown', 'pronoun, conjunction', 'adjective', 'unknown']","['neutral', 'unknown', 'unknown', 'neutral', 'neutral', 'unknown']","[0.0, 0.0, 0.0, 0.0, 0.0, 0.0]",neutral,0.0
"['dia', 'berlari', 'menggunakan', 'legs', '(', 'kakinya', ')', 'dengan', 'pantas', '.']","['pronoun', 'unknown', 'unknown', 'noun', 'unknown', 'unknown', 'unknown', 'preposition', 'unknown', 'unknown']","['neutral', 'unknown', 'unknown', 'neutral', 'unknown', 'unknown', 'unknown', 'neutral', 'unknown', 'unknown']","[0.0, 0.0, 0.0, 0.0, 0.0, 0.0, 0.0, 0.0, 0.0, 0.0]",neutral,0.0
"['bunga', 'itu', 'sudah', 'mati', '.']","['unknown', 'demonstrative pronoun', 'adverb', 'verb', 'unknown']","['unknown', 'neutral', 'neutral', 'negative', 'unknown']","[0.0, 0.0, 0.0, -0.7, 0.0]",negative,-0.7
"['ini', 'adalah', 'wang', 'real', '(', 'sebenar', ')', ',', 'bukan', 'palsu', '.']","['demonstrative pronoun', 'copula / verb', 'unknown', 'adjective', 'unknown', 'adjective', 'unknown', 'punctuation', 'particle', 'unknown', 'unknown']","['neutral', 'neutral', 'unknown', 'neutral', 'unknown', 'neutral', 'unknown', 'neutral', 'neutral', 'unknown', 'unknown']","[0.0, 0.0, 0.0, 0.0, 0.0, 0.0, 0.0, 0.0, 0.0, 0.0, 0.0]",neutral,0.0
"['windshield', 'kereta', 'saya', 'retak', '.']","['noun', 'kata nama', 'pronoun', 'adjective', 'unknown']","['neutral', 'neutral', 'neutral', 'negative', 'unknown']","[0.0, 0.0, 0.0, -0.5, 0.0]",neutral,0.0
"['dia', 'mempunyai', 'muka', 'yang', 'cantik', '.']","['pronoun', 'unknown', 'noun', 'pronoun, conjunction', 'unknown', 'unknown']","['neutral', 'unknown', 'neutral', 'neutral', 'unknown', 'unknown']","[0.0, 0.0, 0.0, 0.0, 0.0, 0.0]",neutral,0.0
"['kita', 'harus', 'menghormati', 'orang', 'tua', '.']","['pronoun', 'auxiliary verb', 'unknown', 'noun', 'unknown', 'unknown']","['neutral', 'neutral', 'unknown', 'neutral', 'unknown', 'unknown']","[0.0, 0.0, 0.0, 0.0, 0.0, 0.0]",neutral,0.0
"['buku', 'itu', 'ada', 'di', 'atas', 'meja', '.']","['unknown', 'demonstrative pronoun', 'verb', 'preposition', 'unknown', 'unknown', 'unknown']","['unknown', 'neutral', 'neutral', 'neutral', 'unknown', 'unknown', 'unknown']","[0.0, 0.0, 0.0, 0.0, 0.0, 0.0, 0.0]",neutral,0.0
"['dia', 'cedera', 'parah', 'dalam', 'kemalangan', 'itu', '.']","['pronoun', 'adjective/verb', 'adjective', 'preposition', 'unknown', 'demonstrative pronoun', 'unknown']","['neutral', 'negative', 'negative', 'neutral', 'unknown', 'neutral', 'unknown']","[0.0, -0.6, -0.8, 0.0, 0.0, 0.0, 0.0]",negative,-0.6
"['jaraknya', 'kira', '-', 'kira', '1', '-', '2', 'kilometer', 'dari', 'sini', '.']","['unknown', 'verb', 'punctuation', 'verb', 'unknown', 'punctuation', 'unknown', 'noun', 'preposition', 'adverb (of place)', 'unknown']","['unknown', 'neutral', 'neutral', 'neutral', 'unknown', 'neutral', 'unknown', 'neutral', 'neutral', 'neutral', 'unknown']","[0.0, 0.0, 0.0, 0.0, 0.0, 0.0, 0.0, 0.0, 0.0, 0.0, 0.0]",neutral,0.0
"['dia', 'bekerja', 'di', 'kilang', 'pembuatan', 'kereta', '.']","['pronoun', 'unknown', 'preposition', 'noun', 'unknown', 'kata nama', 'unknown']","['neutral', 'unknown', 'neutral', 'neutral', 'unknown', 'neutral', 'unknown']","[0.0, 0.0, 0.0, 0.0, 0.0, 0.0, 0.0]",neutral,0.0
"['mesin', 'itu', 'tidak', 'berfungsi', 'dengan', 'baik', '.']","['unknown', 'demonstrative pronoun', 'adverb', 'verb', 'preposition', 'adjective', 'unknown']","['unknown', 'neutral', 'neutral', 'neutral', 'neutral', 'positive', 'unknown']","[0.0, 0.0, 0.0, 0.0, 0.0, 0.8, 0.0]",neutral,0.0
"['dia', 'perlu', 'menjaga', 'diri', 'sendiri', '.']","['pronoun', 'verb/adjective', 'unknown', 'noun, pronoun', 'adjective', 'unknown']","['neutral', 'neutral', 'unknown', 'neutral', 'neutral', 'unknown']","[0.0, 0.0, 0.0, 0.0, 0.0, 0.0]",neutral,0.0
"['the', 'robbers', '(', 'perompak', ')', 'telah', 'ditangkap', '.']","['penentu (English)', 'noun', 'unknown', 'noun', 'unknown', 'unknown', 'unknown', 'unknown']","['neutral', 'negative', 'unknown', 'negative', 'unknown', 'unknown', 'unknown', 'unknown']","[0.0, -0.8, 0.0, -0.9, 0.0, 0.0, 0.0, 0.0]",negative,-0.8
"['dia', 'perlu', 'keluar', 'dari', 'bangunan', 'itu', 'sekarang', '.']","['pronoun', 'verb/adjective', 'verb', 'preposition', 'unknown', 'demonstrative pronoun', 'adverb', 'unknown']","['neutral', 'neutral', 'neutral', 'neutral', 'unknown', 'neutral', 'neutral', 'unknown']","[0.0, 0.0, 0.0, 0.0, 0.0, 0.0, 0.0, 0.0]",neutral,0.0
"['kerja', 'sekolah', 'saya', 'dh', 'siap', '.']","['verb', 'unknown', 'pronoun', 'auxiliary verb', 'adjective', 'unknown']","['neutral', 'unknown', 'neutral', 'neutral', 'neutral', 'unknown']","[0.0, 0.0, 0.0, 0.0, 0.0, 0.0]",neutral,0.0
"['ini', 'adalah', 'gabungan', 'kata', ""'"", 'merah', '-', 'jambu', ""'"", '.']","['demonstrative pronoun', 'copula / verb', 'unknown', 'unknown', 'unknown', 'unknown', 'punctuation', 'unknown', 'unknown', 'unknown']","['neutral', 'neutral', 'unknown', 'unknown', 'unknown', 'unknown', 'neutral', 'unknown', 'unknown', 'unknown']","[0.0, 0.0, 0.0, 0.0, 0.0, 0.0, 0.0, 0.0, 0.0, 0.0]",neutral,0.0
"['sila', 'stop', 'kereta', 'anda', 'di', 'tepi', 'jalan', '.']","['unknown', 'verb', 'kata nama', 'pronoun', 'preposition', 'noun, adverb', 'noun/verb', 'unknown']","['unknown', 'neutral', 'neutral', 'neutral', 'neutral', 'neutral', 'neutral', 'unknown']","[0.0, 0.0, 0.0, 0.0, 0.0, 0.0, 0.0, 0.0]",neutral,0.0
"['kita', 'patut', 'menolong', 'orang', 'yang', 'dalam', 'kesusahan', '.']","['pronoun', 'adjective', 'verb', 'noun', 'pronoun, conjunction', 'preposition', 'unknown', 'unknown']","['neutral', 'positive', 'positive', 'neutral', 'neutral', 'neutral', 'unknown', 'unknown']","[0.0, 0.5, 0.7, 0.0, 0.0, 0.0, 0.0, 0.0]",positive,0.7
"['dia', 'datang', 'dari', 'kuala', 'lumpur', '.']","['pronoun', 'verb', 'preposition', 'noun', 'unknown', 'unknown']","['neutral', 'neutral', 'neutral', 'neutral', 'unknown', 'unknown']","[0.0, 0.0, 0.0, 0.0, 0.0, 0.0]",neutral,0.0
"['bunyi', 'alarm', 'kebakaran', 'sangat', 'kuat', '.']","['noun', 'noun', 'unknown', 'adverb', 'adjective', 'unknown']","['neutral', 'neutral', 'unknown', 'neutral', 'positive', 'unknown']","[0.0, 0.0, 0.0, 0.0, 0.6, 0.0]",neutral,0.0
"['perbuatan', 'itu', 'boleh', 'membahayakan', 'nyawa', 'orang', 'lain', '.']","['kata nama', 'demonstrative pronoun', 'modal verb', 'verb', 'noun', 'noun', 'adjective', 'unknown']","['neutral', 'neutral', 'neutral', 'negative', 'neutral', 'neutral', 'neutral', 'unknown']","[0.0, 0.0, 0.0, -0.8, 0.0, 0.0, 0.0, 0.0]",negative,-0.8
"['aduhh', ',', 'sakitnya', 'kepala', 'saya', '!']","['interjection', 'punctuation', 'unknown', 'unknown', 'pronoun', 'unknown']","['negative', 'neutral', 'unknown', 'unknown', 'neutral', 'unknown']","[-0.3, 0.0, 0.0, 0.0, 0.0, 0.0]",negative,-0.3
"['saya', 'nak', 'makan', 'nasi', 'lemak', '.']","['pronoun', 'auxiliary verb', 'verb', 'unknown', 'unknown', 'unknown']","['neutral', 'neutral', 'neutral', 'unknown', 'unknown', 'unknown']","[0.0, 0.0, 0.0, 0.0, 0.0, 0.0]",neutral,0.0
"['ini', 'adalah', 'aktiviti', 'biasa', 'pada', 'hujung', 'minggu', '.']","['demonstrative pronoun', 'copula / verb', 'noun', 'adjective', 'preposition', 'unknown', 'unknown', 'unknown']","['neutral', 'neutral', 'neutral', 'neutral', 'neutral', 'unknown', 'unknown', 'unknown']","[0.0, 0.0, 0.0, 0.0, 0.0, 0.0, 0.0, 0.0]",neutral,0.0
"['di', 'dalam', 'hutan', 'itu', 'tiada', 'bekalan', 'air', '.']","['preposition', 'preposition', 'unknown', 'demonstrative pronoun', 'adverb', 'unknown', 'unknown', 'unknown']","['neutral', 'neutral', 'unknown', 'neutral', 'neutral', 'unknown', 'unknown', 'unknown']","[0.0, 0.0, 0.0, 0.0, 0.0, 0.0, 0.0, 0.0]",neutral,0.0
"['rumah', 'tu', 'sangat', 'cantik', '.']","['noun', 'pronoun', 'adverb', 'unknown', 'unknown']","['neutral', 'neutral', 'neutral', 'unknown', 'unknown']","[0.0, 0.0, 0.0, 0.0, 0.0]",neutral,0.0
"['dia', 'dah', 'confirm', 'kehadiran', 'untuk', 'mesyuarat', '.']","['pronoun', 'adverb', 'verb', 'unknown', 'preposition', 'unknown', 'unknown']","['neutral', 'neutral', 'neutral', 'unknown', 'neutral', 'unknown', 'unknown']","[0.0, 0.0, 0.0, 0.0, 0.0, 0.0, 0.0]",neutral,0.0
"['buah', 'pisang', 'itu', 'lenyek', 'di', 'dalam', 'beg', '.']","['unknown', 'unknown', 'demonstrative pronoun', 'verb', 'preposition', 'preposition', 'unknown', 'unknown']","['unknown', 'unknown', 'neutral', 'negative', 'neutral', 'neutral', 'unknown', 'unknown']","[0.0, 0.0, 0.0, -0.5, 0.0, 0.0, 0.0, 0.0]",negative,-0.5
"['ko', 'nak', 'pergi', 'mana', 'hari', 'ini', '?']","['adjective', 'auxiliary verb', 'verb', 'interrogative pronoun', 'noun', 'demonstrative pronoun', 'punctuation']","['negative', 'neutral', 'neutral', 'neutral', 'neutral', 'neutral', 'neutral']","[-0.5, 0.0, 0.0, 0.0, 0.0, 0.0, 0.0]",neutral,0.0
"['tumbuhan', 'itu', 'mati', 'kerana', 'kekurangan', 'air', '.']","['unknown', 'demonstrative pronoun', 'verb', 'conjunction', 'unknown', 'unknown', 'unknown']","['unknown', 'neutral', 'negative', 'neutral', 'unknown', 'unknown', 'unknown']","[0.0, 0.0, -0.7, 0.0, 0.0, 0.0, 0.0]",negative,-0.9
"['kita', 'semua', 'hidup', 'di', 'atas', 'bumi', 'ini', '.']","['pronoun', 'quantifier / pronoun', 'verb, adjective', 'preposition', 'unknown', 'noun', 'demonstrative pronoun', 'unknown']","['neutral', 'neutral', 'positive', 'neutral', 'unknown', 'neutral', 'neutral', 'unknown']","[0.0, 0.0, 0.5, 0.0, 0.0, 0.0, 0.0, 0.0]",neutral,0.0
"['dia', 'sentiasa', 'berusaha', 'untuk', 'menjadi', 'yang', 'terbaik', '.']","['pronoun', 'adverb', 'verb', 'preposition', 'unknown', 'pronoun, conjunction', 'adjective', 'unknown']","['neutral', 'neutral', 'positive', 'neutral', 'unknown', 'neutral', 'positive', 'unknown']","[0.0, 0.0, 0.7, 0.0, 0.0, 0.0, 0.9, 0.0]",neutral,0.0
"['bangunan', 'lama', 'itu', 'sudah', 'hncur', 'sepenuhnya', '.']","['unknown', 'adjective', 'demonstrative pronoun', 'adverb', 'adjective', 'unknown', 'unknown']","['unknown', 'neutral', 'neutral', 'neutral', 'negative', 'unknown', 'unknown']","[0.0, 0.0, 0.0, 0.0, -0.7, 0.0, 0.0]",negative,-0.7
"['dia', 'ditangkap', 'kerana', 'curi', 'dompet', '.']","['pronoun', 'unknown', 'conjunction', 'verb', 'unknown', 'unknown']","['neutral', 'unknown', 'neutral', 'negative', 'unknown', 'unknown']","[0.0, 0.0, 0.0, -0.8, 0.0, 0.0]",negative,-0.8
"['sekumpulan', 'lelaki', 'merompak', 'kedai', 'emas', 'semalam', '.']","['unknown', 'noun', 'verb', 'noun', 'noun', 'unknown', 'unknown']","['unknown', 'neutral', 'negative', 'neutral', 'positive', 'unknown', 'unknown']","[0.0, 0.0, -0.9, 0.0, 0.4, 0.0, 0.0]",negative,-0.9
"['baju', 'mereka', 'berwarna', 'sama', '.']","['unknown', 'pronoun', 'unknown', 'adjective', 'unknown']","['unknown', 'neutral', 'unknown', 'neutral', 'unknown']","[0.0, 0.0, 0.0, 0.0, 0.0]",neutral,0.0
"['dia', 'seorang', 'kawan', 'yang', 'sangat', 'baik', '.']","['pronoun', 'unknown', 'noun', 'pronoun, conjunction', 'adverb', 'adjective', 'unknown']","['neutral', 'unknown', 'positive', 'neutral', 'neutral', 'positive', 'unknown']","[0.0, 0.0, 0.6, 0.0, 0.0, 0.8, 0.0]",positive,0.6
"['setoran', 'wang', 'telah', 'dibuat', 'ke', 'dalam', 'akaun', 'bank', '.']","['noun', 'unknown', 'unknown', 'unknown', 'particle (interrogative)', 'preposition', 'unknown', 'noun', 'unknown']","['neutral', 'unknown', 'unknown', 'unknown', 'neutral', 'neutral', 'unknown', 'neutral', 'unknown']","[0.0, 0.0, 0.0, 0.0, 0.0, 0.0, 0.0, 0.0, 0.0]",neutral,0.0
"['ramai', 'orang', 'berkumpul', 'di', 'dataran', '.']","['adjective', 'noun', 'unknown', 'preposition', 'unknown', 'unknown']","['neutral', 'neutral', 'unknown', 'neutral', 'unknown', 'unknown']","[0.1, 0.0, 0.0, 0.0, 0.0, 0.0]",neutral,0.0
"['dia', 'hanya', 'ingin', 'berehat', 'di', 'rumah', '.']","['pronoun', 'adverb', 'verb', 'unknown', 'preposition', 'noun', 'unknown']","['neutral', 'neutral', 'neutral', 'unknown', 'neutral', 'neutral', 'unknown']","[0.0, 0.0, 0.0, 0.0, 0.0, 0.0, 0.0]",neutral,0.0
"['mari', 'kita', 'coba', 'resepi', 'baru', 'ini', '.']","['unknown', 'pronoun', 'verb', 'unknown', 'adjective, adverb', 'demonstrative pronoun', 'unknown']","['unknown', 'neutral', 'neutral', 'unknown', 'neutral', 'neutral', 'unknown']","[0.0, 0.0, 0.0, 0.0, 0.0, 0.0, 0.0]",neutral,0.0
"['kereta', 'itu', 'undur', 'sedikit', 'ke', 'belakang', '.']","['kata nama', 'demonstrative pronoun', 'verb', 'adjective', 'particle (interrogative)', 'noun / adverb', 'unknown']","['neutral', 'neutral', 'neutral', 'neutral', 'neutral', 'neutral', 'unknown']","[0.0, 0.0, 0.0, 0.0, 0.0, 0.0, 0.0]",neutral,0.0
"['dia', 'da', 'sampai', 'di', 'sana', '.']","['pronoun', 'adverb', 'verb', 'preposition', 'unknown', 'unknown']","['neutral', 'neutral', 'neutral', 'neutral', 'unknown', 'unknown']","[0.0, 0.0, 0.0, 0.0, 0.0, 0.0]",neutral,0.0
"['kerata', 'baharu', 'itu', 'diparkir', 'di', 'hadapan', 'rumah', '.']","['noun', 'unknown', 'demonstrative pronoun', 'unknown', 'preposition', 'unknown', 'noun', 'unknown']","['neutral', 'unknown', 'neutral', 'unknown', 'neutral', 'unknown', 'neutral', 'unknown']","[0.0, 0.0, 0.0, 0.0, 0.0, 0.0, 0.0, 0.0]",neutral,0.0
"['dia', 'membawa', 'buku', '-', 'buku', 'ke', 'perpustakaan', '.']","['pronoun', 'verb', 'unknown', 'punctuation', 'unknown', 'particle (interrogative)', 'unknown', 'unknown']","['neutral', 'neutral', 'unknown', 'neutral', 'unknown', 'neutral', 'unknown', 'unknown']","[0.0, 0.0, 0.0, 0.0, 0.0, 0.0, 0.0, 0.0]",neutral,0.0
"['dia', 'lgsg', 'pulang', 'ke', 'rumah', 'selepas', 'kerja', '.']","['pronoun', 'adverb', 'unknown', 'particle (interrogative)', 'noun', 'unknown', 'verb', 'unknown']","['neutral', 'neutral', 'unknown', 'neutral', 'neutral', 'unknown', 'neutral', 'unknown']","[0.0, 0.0, 0.0, 0.0, 0.0, 0.0, 0.0, 0.0]",neutral,0.0
"['mereka', 'sedang', 'melakukan', 'persiapan', 'untuk', 'majlis', 'itu', '.']","['pronoun', 'unknown', 'verb', 'unknown', 'preposition', 'unknown', 'demonstrative pronoun', 'unknown']","['neutral', 'unknown', 'neutral', 'unknown', 'neutral', 'unknown', 'neutral', 'unknown']","[0.0, 0.0, 0.0, 0.0, 0.0, 0.0, 0.0, 0.0]",neutral,0.0
"['dia', 'membeli', 'epal', ',', 'oren', ',', 'dan', 'pisang', '.']","['pronoun', 'unknown', 'unknown', 'punctuation', 'unknown', 'punctuation', 'conjunction', 'unknown', 'unknown']","['neutral', 'unknown', 'unknown', 'neutral', 'unknown', 'neutral', 'neutral', 'unknown', 'unknown']","[0.0, 0.0, 0.0, 0.0, 0.0, 0.0, 0.0, 0.0, 0.0]",neutral,0.0
"['aku', 'akan', 'pergi', 'ke', 'sana', 'nanti', '.']","['pronoun', 'auxiliary verb', 'verb', 'particle (interrogative)', 'unknown', 'adverb', 'unknown']","['neutral', 'neutral', 'neutral', 'neutral', 'unknown', 'neutral', 'unknown']","[0.0, 0.0, 0.0, 0.0, 0.0, 0.0, 0.0]",neutral,0.0
"['memakai', 'tali', 'pinggang', 'keledar', 'adalah', 'wajib', '.']","['unknown', 'noun', 'unknown', 'unknown', 'copula / verb', 'adjective', 'unknown']","['unknown', 'neutral', 'unknown', 'unknown', 'neutral', 'positive', 'unknown']","[0.0, 0.0, 0.0, 0.0, 0.0, 0.1, 0.0]",positive,0.1
"['dia', 'perlu', 'bertindak', 'sekarang', '.']","['pronoun', 'verb/adjective', 'verb', 'adverb', 'unknown']","['neutral', 'neutral', 'neutral', 'neutral', 'unknown']","[0.0, 0.0, 0.0, 0.0, 0.0]",neutral,0.0
"['ada', 'banyak', 'buku', 'di', 'rak', 'itu', '.']","['verb', 'adjective/quantifier', 'unknown', 'preposition', 'unknown', 'demonstrative pronoun', 'unknown']","['neutral', 'neutral', 'unknown', 'neutral', 'unknown', 'neutral', 'unknown']","[0.0, 0.0, 0.0, 0.0, 0.0, 0.0, 0.0]",neutral,0.0
"['sikapnya', 'yang', 'positif', 'disenangi', 'ramai', '.']","['unknown', 'pronoun, conjunction', 'unknown', 'unknown', 'adjective', 'unknown']","['unknown', 'neutral', 'unknown', 'unknown', 'neutral', 'unknown']","[0.0, 0.0, 0.0, 0.0, 0.1, 0.0]",neutral,0.0
"['penyertaan', 'dalam', 'program', 'ini', 'mendatangkan', 'banyak', 'faedah', '.']","['unknown', 'preposition', 'unknown', 'demonstrative pronoun', 'unknown', 'adjective/quantifier', 'noun', 'unknown']","['unknown', 'neutral', 'unknown', 'neutral', 'unknown', 'neutral', 'positive', 'unknown']","[0.0, 0.0, 0.0, 0.0, 0.0, 0.0, 0.7, 0.0]",positive,0.7
"['penjahat', 'itu', 'todongkan', 'pisau', 'ke', 'arah', 'mangsa', '.']","['noun', 'demonstrative pronoun', 'verb', 'noun', 'particle (interrogative)', 'unknown', 'noun', 'unknown']","['negative', 'neutral', 'negative', 'neutral', 'neutral', 'unknown', 'negative', 'unknown']","[-0.9, 0.0, -0.7, 0.0, 0.0, 0.0, -0.7, 0.0]",negative,-0.7
"['cepatlah', 'sikit', 'laa', '.']","['unknown', 'adjective/adverb (colloquial)', 'particle', 'unknown']","['unknown', 'neutral', 'neutral', 'unknown']","[0.0, 0.0, 0.0, 0.0]",neutral,0.0
"['patutnya', 'dia', 'sudah', 'sampai', 'sekarang', '.']","['adverb', 'pronoun', 'adverb', 'verb', 'adverb', 'unknown']","['neutral', 'neutral', 'neutral', 'neutral', 'neutral', 'unknown']","[0.0, 0.0, 0.0, 0.0, 0.0, 0.0]",neutral,0.0
"['dia', 'sedang', 'membaiki', 'mobilnya', 'yang', 'rosak', '.']","['pronoun', 'unknown', 'unknown', 'noun', 'pronoun, conjunction', 'adjective', 'unknown']","['neutral', 'unknown', 'unknown', 'neutral', 'neutral', 'negative', 'unknown']","[0.0, 0.0, 0.0, 0.0, 0.0, -0.8, 0.0]",neutral,0.0
"['dia', 'bukannya', 'sedih', ',', 'cuma', 'penat', '.']","['pronoun', 'adverb', 'unknown', 'punctuation', 'adverb', 'adjective', 'unknown']","['neutral', 'neutral', 'unknown', 'neutral', 'neutral', 'negative', 'unknown']","[0.0, 0.0, 0.0, 0.0, 0.0, -0.4, 0.0]",neutral,0.0
"['basikalnya', 'ditantak', 'oleh', 'sebuah', 'lori', '.']","['unknown', 'verb', 'preposition', 'unknown', 'noun', 'unknown']","['unknown', 'negative', 'neutral', 'unknown', 'neutral', 'unknown']","[0.0, -0.8, 0.0, 0.0, 0.0, 0.0]",negative,-0.8
"['mereka', 'berjalan', 'smpi', 'ke', 'hujung', 'kampung', '.']","['pronoun', 'unknown', 'verb', 'particle (interrogative)', 'unknown', 'unknown', 'unknown']","['neutral', 'unknown', 'neutral', 'neutral', 'unknown', 'unknown', 'unknown']","[0.0, 0.0, 0.0, 0.0, 0.0, 0.0, 0.0]",neutral,0.0
"['buku', 'itu', 'ada', 'di', 'atas', 'meja', '.']","['unknown', 'demonstrative pronoun', 'verb', 'preposition', 'unknown', 'unknown', 'unknown']","['unknown', 'neutral', 'neutral', 'neutral', 'unknown', 'unknown', 'unknown']","[0.0, 0.0, 0.0, 0.0, 0.0, 0.0, 0.0]",neutral,0.0
"['kita', 'perlu', 'lindungi', 'hutan', 'daripada', 'musnah', '.']","['pronoun', 'verb/adjective', 'verb', 'unknown', 'preposition', 'unknown', 'unknown']","['neutral', 'neutral', 'positive', 'unknown', 'neutral', 'unknown', 'unknown']","[0.0, 0.0, 0.8, 0.0, 0.0, 0.0, 0.0]",positive,0.8
"['jangan', 'bercakap', 'seperti', 'babi', '.']","['particle', 'unknown', 'preposition', 'noun', 'unknown']","['neutral', 'unknown', 'neutral', 'negative', 'unknown']","[0.0, 0.0, 0.0, -0.6, 0.0]",negative,-0.6
"['jalan', 'raya', 'itu', 'sangat', 'bhaye', 'pada', 'waktu', 'malam', '.']","['noun/verb', 'adjective', 'demonstrative pronoun', 'adverb', 'adjective', 'preposition', 'unknown', 'unknown', 'unknown']","['neutral', 'neutral', 'neutral', 'neutral', 'negative', 'neutral', 'unknown', 'unknown', 'unknown']","[0.0, 0.0, 0.0, 0.0, -0.8, 0.0, 0.0, 0.0, 0.0]",negative,-0.8
"['pasar', 'itu', 'selalu', 'rmai', 'dengan', 'pengunjung', '.']","['noun', 'demonstrative pronoun', 'adverb', 'adjective', 'preposition', 'unknown', 'unknown']","['neutral', 'neutral', 'neutral', 'neutral', 'neutral', 'unknown', 'unknown']","[0.0, 0.0, 0.0, 0.0, 0.0, 0.0, 0.0]",neutral,0.0
"['dia', 'asyik', '""', 'keh', 'keh', 'keh', '""', 'bila', 'dengar', 'cerita', 'lawak', 'tu', '.']","['pronoun', 'unknown', 'unknown', 'interjection', 'interjection', 'interjection', 'unknown', 'adverb', 'verb', 'unknown', 'unknown', 'pronoun', 'unknown']","['neutral', 'unknown', 'unknown', 'neutral', 'neutral', 'neutral', 'unknown', 'neutral', 'neutral', 'unknown', 'unknown', 'neutral', 'unknown']","[0.0, 0.0, 0.0, 0.0, 0.0, 0.0, 0.0, 0.0, 0.0, 0.0, 0.0, 0.0, 0.0]",neutral,0.0
"['tu.biar', 'sajalah', 'dia', 'buat', 'keputusan', 'sendiri', '.']","['unknown', 'unknown', 'pronoun', 'kata kerja', 'unknown', 'adjective', 'unknown']","['unknown', 'unknown', 'neutral', 'neutral', 'unknown', 'neutral', 'unknown']","[0.0, 0.0, 0.0, 0.0, 0.0, 0.0, 0.0]",neutral,0.0
"['mereka', 'mengambil', 'bahagian', 'masing2', 'dalam', 'pertandingan', 'itu', '.']","['pronoun', 'verb', 'unknown', 'unknown', 'preposition', 'unknown', 'demonstrative pronoun', 'unknown']","['neutral', 'neutral', 'unknown', 'unknown', 'neutral', 'unknown', 'neutral', 'unknown']","[0.0, 0.0, 0.0, 0.0, 0.0, 0.0, 0.0, 0.0]",neutral,0.0
"['jangan', 'hantam', 'orang', 'tanpa', 'sebab', '.']","['particle', 'verb', 'noun', 'unknown', 'conjunction', 'unknown']","['neutral', 'negative', 'neutral', 'unknown', 'neutral', 'unknown']","[0.0, -0.7, 0.0, 0.0, 0.0, 0.0]",negative,-0.7
"['dia', 'berteriak', ',', '""', 'mampuslah', 'kau', '!', '""', 'dalam', 'kemarahannya', '.']","['pronoun', 'unknown', 'punctuation', 'unknown', 'unknown', 'pronoun', 'unknown', 'unknown', 'preposition', 'unknown', 'unknown']","['neutral', 'unknown', 'neutral', 'unknown', 'unknown', 'neutral', 'unknown', 'unknown', 'neutral', 'unknown', 'unknown']","[0.0, 0.0, 0.0, 0.0, 0.0, 0.0, 0.0, 0.0, 0.0, 0.0, 0.0]",negative,-1.0
"['knp', 'awak', 'tak', 'datang', 'semalam', '?']","['interrogative adverb', 'unknown', 'adverb (negation)', 'verb', 'unknown', 'punctuation']","['neutral', 'unknown', 'neutral', 'neutral', 'unknown', 'neutral']","[0.0, 0.0, 0.0, 0.0, 0.0, 0.0]",neutral,0.0
"['this', 'lah', 'yang', 'saya', 'nak', 'cakap', '.']","['demonstrative pronoun', 'particle', 'pronoun, conjunction', 'pronoun', 'auxiliary verb', 'unknown', 'unknown']","['neutral', 'neutral', 'neutral', 'neutral', 'neutral', 'unknown', 'unknown']","[0.0, 0.0, 0.0, 0.0, 0.0, 0.0, 0.0]",neutral,0.0
"['dia', 'tak', 'datang', ',', 'jd', 'saya', 'pergi', 'seorang', '.']","['pronoun', 'adverb (negation)', 'verb', 'punctuation', 'verb (kolokial)', 'pronoun', 'verb', 'unknown', 'unknown']","['neutral', 'neutral', 'neutral', 'neutral', 'neutral', 'neutral', 'neutral', 'unknown', 'unknown']","[0.0, 0.0, 0.0, 0.0, 0.0, 0.0, 0.0, 0.0, 0.0]",neutral,0.0
"['awak', 'kene', 'pergi', 'sekarang', '.']","['unknown', 'verb', 'verb', 'adverb', 'unknown']","['unknown', 'neutral', 'neutral', 'neutral', 'unknown']","[0.0, 0.0, 0.0, 0.0, 0.0]",neutral,0.0
"['kereta', 'baru', 'dia', 'memang', 'power', '!']","['kata nama', 'adjective, adverb', 'pronoun', 'adverb', 'noun, adjective', 'unknown']","['neutral', 'neutral', 'neutral', 'neutral', 'positive', 'unknown']","[0.0, 0.0, 0.0, 0.0, 0.6, 0.0]",positive,0.6
"['dia', 'tahan', 'sakit', 'itu', 'dengan', 'sabar', '.']","['pronoun', 'verb', 'adjective', 'demonstrative pronoun', 'preposition', 'unknown', 'unknown']","['neutral', 'neutral', 'negative', 'neutral', 'neutral', 'unknown', 'unknown']","[0.0, 0.0, -0.7, 0.0, 0.0, 0.0, 0.0]",neutral,0.0
"['berita', 'terkini', 'disiarkan', 'di', 'televisyen', '.']","['noun', 'unknown', 'unknown', 'preposition', 'unknown', 'unknown']","['neutral', 'unknown', 'unknown', 'neutral', 'unknown', 'unknown']","[0.0, 0.0, 0.0, 0.0, 0.0, 0.0]",neutral,0.0
"['tolong', 'ambilkan', 'buku', 'di', 'atas', 'meja', 'itu', '.']","['verb', 'unknown', 'unknown', 'preposition', 'unknown', 'unknown', 'demonstrative pronoun', 'unknown']","['neutral', 'unknown', 'unknown', 'neutral', 'unknown', 'unknown', 'neutral', 'unknown']","[0.0, 0.0, 0.0, 0.0, 0.0, 0.0, 0.0, 0.0]",neutral,0.0
"['saya', 'datang', 'melawat', 'jee', '.']","['pronoun', 'verb', 'unknown', 'partikel', 'unknown']","['neutral', 'neutral', 'unknown', 'neutral', 'unknown']","[0.0, 0.0, 0.0, 0.0, 0.0]",neutral,0.0
"['be', 'lah', 'dia', 'buat', 'apa', 'dia', 'nak', '.']","['verb', 'particle', 'pronoun', 'kata kerja', 'pronoun', 'pronoun', 'auxiliary verb', 'unknown']","['neutral', 'neutral', 'neutral', 'neutral', 'neutral', 'neutral', 'neutral', 'unknown']","[0.0, 0.0, 0.0, 0.0, 0.0, 0.0, 0.0, 0.0]",neutral,0.0
"['rumah', 'saya', 'ada', 'di', 'dpn', 'sekolah', '.']","['noun', 'pronoun', 'verb', 'preposition', 'noun, preposition', 'unknown', 'unknown']","['neutral', 'neutral', 'neutral', 'neutral', 'neutral', 'unknown', 'unknown']","[0.0, 0.0, 0.0, 0.0, 0.0, 0.0, 0.0]",neutral,0.0
"['kereta', 'itu', 'hancur', 'setelah', 'terlibat', 'dalam', 'kemalangan', '.']","['kata nama', 'demonstrative pronoun', 'adjective, verb', 'unknown', 'unknown', 'preposition', 'unknown', 'unknown']","['neutral', 'neutral', 'negative', 'unknown', 'unknown', 'neutral', 'unknown', 'unknown']","[0.0, 0.0, -0.8, 0.0, 0.0, 0.0, 0.0, 0.0]",negative,-0.8
"['dia', 'ngga', 'datang', 'semalam', '.']","['pronoun', 'adverb', 'verb', 'unknown', 'unknown']","['neutral', 'neutral', 'neutral', 'unknown', 'unknown']","[0.0, 0.0, 0.0, 0.0, 0.0]",neutral,0.0
"['aduhai', ',', 'malangnya', 'nasibnya', '!']","['interjection', 'punctuation', 'kata keterangan', 'unknown', 'unknown']","['neutral', 'neutral', 'negative', 'unknown', 'unknown']","[0.0, 0.0, -0.7, 0.0, 0.0]",negative,-0.5
"['sila', 'tutup', 'pintu', 'itu', '.']","['unknown', 'unknown', 'noun', 'demonstrative pronoun', 'unknown']","['unknown', 'unknown', 'neutral', 'neutral', 'unknown']","[0.0, 0.0, 0.0, 0.0, 0.0]",neutral,0.0
"['dia', 'tidak', 'datang', 'ke', 'majlis', 'itu', '.']","['pronoun', 'adverb', 'verb', 'particle (interrogative)', 'unknown', 'demonstrative pronoun', 'unknown']","['neutral', 'neutral', 'neutral', 'neutral', 'unknown', 'neutral', 'unknown']","[0.0, 0.0, 0.0, 0.0, 0.0, 0.0, 0.0]",neutral,0.0
"['dia', 'kerat', 'roti', 'itu', 'kepada', 'empat', 'bahagian', '.']","['pronoun', 'verb', 'unknown', 'demonstrative pronoun', 'preposition', 'unknown', 'unknown', 'unknown']","['neutral', 'neutral', 'unknown', 'neutral', 'neutral', 'unknown', 'unknown', 'unknown']","[0.0, 0.0, 0.0, 0.0, 0.0, 0.0, 0.0, 0.0]",neutral,0.0
"['ada', 'banyak', 'buku', 'di', 'perpustakaan', 'itu', '.']","['verb', 'adjective/quantifier', 'unknown', 'preposition', 'unknown', 'demonstrative pronoun', 'unknown']","['neutral', 'neutral', 'unknown', 'neutral', 'unknown', 'neutral', 'unknown']","[0.0, 0.0, 0.0, 0.0, 0.0, 0.0, 0.0]",neutral,0.0
"['buku', 'itu', 'menjadi', 'lunyai', 'kerana', 'terkena', 'hujan', '.']","['unknown', 'demonstrative pronoun', 'unknown', 'adjective', 'conjunction', 'verb', 'unknown', 'unknown']","['unknown', 'neutral', 'unknown', 'negative', 'neutral', 'neutral', 'unknown', 'unknown']","[0.0, 0.0, 0.0, -0.6, 0.0, 0.0, 0.0, 0.0]",negative,-0.6
"['saya', 'x', 'pergi', 'sekolah', 'hari', 'ni', '.']","['pronoun', 'particle', 'verb', 'unknown', 'noun', 'pronoun', 'unknown']","['neutral', 'neutral', 'neutral', 'unknown', 'neutral', 'neutral', 'unknown']","[0.0, 0.0, 0.0, 0.0, 0.0, 0.0, 0.0]",neutral,0.0
"['jangan', 'lanjak', 'kerja', 'itu', ',', 'siapkan', 'segera', '.']","['particle', 'unknown', 'verb', 'demonstrative pronoun', 'punctuation', 'unknown', 'unknown', 'unknown']","['neutral', 'unknown', 'neutral', 'neutral', 'neutral', 'unknown', 'unknown', 'unknown']","[0.0, 0.0, 0.0, 0.0, 0.0, 0.0, 0.0, 0.0]",neutral,-0.2
"['tingkap.kenapa', 'tak', 'ditutup', 'rapat', '?']","['unknown', 'adverb (negation)', 'unknown', 'unknown', 'punctuation']","['unknown', 'neutral', 'unknown', 'unknown', 'neutral']","[0.0, 0.0, 0.0, 0.0, 0.0]",neutral,0.0
"['fon', 'saya', 'dah', 'rosak.hahahha', '.']","['unknown', 'pronoun', 'adverb', 'unknown', 'unknown']","['unknown', 'neutral', 'neutral', 'unknown', 'unknown']","[0.0, 0.0, 0.0, 0.0, 0.0]",neutral,0.0
"['dia', 'sedang', 'menutup', 'pintu', 'biliknya', '.']","['pronoun', 'unknown', 'verb', 'noun', 'unknown', 'unknown']","['neutral', 'unknown', 'neutral', 'neutral', 'unknown', 'unknown']","[0.0, 0.0, 0.0, 0.0, 0.0, 0.0]",neutral,0.0
"['bas', 'itu', 'langgar', 'tiang', 'lampu', '.']","['unknown', 'demonstrative pronoun', 'verb', 'unknown', 'unknown', 'unknown']","['unknown', 'neutral', 'negative', 'unknown', 'unknown', 'unknown']","[0.0, 0.0, -0.6, 0.0, 0.0, 0.0]",negative,-0.7
"['dia', 'menunjukkan', 'keberanian', 'yang', 'luar', 'biasa', '.']","['pronoun', 'unknown', 'noun', 'pronoun, conjunction', 'adverb', 'adjective', 'unknown']","['neutral', 'unknown', 'positive', 'neutral', 'neutral', 'neutral', 'unknown']","[0.0, 0.0, 0.8, 0.0, 0.0, 0.0, 0.0]",positive,0.8
"['letak', 'buku', 'itu', 'di', 'situ', '.']","['verb', 'unknown', 'demonstrative pronoun', 'preposition', 'adverb, pronoun', 'unknown']","['neutral', 'unknown', 'neutral', 'neutral', 'neutral', 'unknown']","[0.0, 0.0, 0.0, 0.0, 0.0, 0.0]",neutral,0.0
"['banjir', 'itu', 'sbbkan', 'banyak', 'kerosakan', '.']","['unknown', 'demonstrative pronoun', 'verb', 'adjective/quantifier', 'unknown', 'unknown']","['unknown', 'neutral', 'neutral', 'neutral', 'unknown', 'unknown']","[0.0, 0.0, 0.0, 0.0, 0.0, 0.0]",neutral,0.0
"['cuaca', 'makin', 'panas', '.']","['unknown', 'adverb', 'adjective', 'unknown']","['unknown', 'neutral', 'neutral', 'unknown']","[0.0, 0.0, 0.0, 0.0]",neutral,0.0
"['setiap', 'warga', 'negara', 'mempunyai', 'hak', 'untuk', 'bersuara', '.']","['unknown', 'noun', 'noun', 'unknown', 'noun', 'preposition', 'unknown', 'unknown']","['unknown', 'neutral', 'neutral', 'unknown', 'neutral', 'neutral', 'unknown', 'unknown']","[0.0, 0.0, 0.0, 0.0, 0.0, 0.0, 0.0, 0.0]",neutral,0.0
"['awak', 'buat', 'pa', 'tu', '?']","['unknown', 'kata kerja', 'interrogative pronoun', 'pronoun', 'punctuation']","['unknown', 'neutral', 'neutral', 'neutral', 'neutral']","[0.0, 0.0, 0.0, 0.0, 0.0]",neutral,0.0
"['saya', 'rase', 'tak', 'sedap', 'badan', '.']","['pronoun', 'verb, noun', 'adverb (negation)', 'adjective', 'noun', 'unknown']","['neutral', 'neutral', 'neutral', 'positive', 'neutral', 'unknown']","[0.0, 0.0, 0.0, 0.8, 0.0, 0.0]",neutral,0.0
"['aq', 'nak', 'makan', 'sekarang', '.']","['pronoun', 'auxiliary verb', 'verb', 'adverb', 'unknown']","['neutral', 'neutral', 'neutral', 'neutral', 'unknown']","[0.0, 0.0, 0.0, 0.0, 0.0]",neutral,0.0
"['dia', 'makan', 'lagi', '.']","['pronoun', 'verb', 'adverb', 'unknown']","['neutral', 'neutral', 'neutral', 'unknown']","[0.0, 0.0, 0.0, 0.0]",neutral,0.0
"['kumpulan', 'preman', 'itu', 'sering', 'mengganggu', 'penduduk', '.']","['unknown', 'noun', 'demonstrative pronoun', 'adverb', 'unknown', 'unknown', 'unknown']","['unknown', 'negative', 'neutral', 'neutral', 'unknown', 'unknown', 'unknown']","[0.0, -0.8, 0.0, 0.0, 0.0, 0.0, 0.0]",negative,-0.8
"['pastikan', 'semua', 'pintu', 'berkunci', 'sebelum', 'tidur', '.']","['verb', 'quantifier / pronoun', 'noun', 'unknown', 'preposition', 'unknown', 'unknown']","['neutral', 'neutral', 'neutral', 'unknown', 'neutral', 'unknown', 'unknown']","[0.0, 0.0, 0.0, 0.0, 0.0, 0.0, 0.0]",positive,0.3
"['dia', 'disabit', 'bersalah', 'atas', 'tuduhan', 'rasuah', '.']","['pronoun', 'verb', 'adjective', 'unknown', 'unknown', 'noun', 'unknown']","['neutral', 'negative', 'negative', 'unknown', 'unknown', 'negative', 'unknown']","[0.0, -0.7, -0.6, 0.0, 0.0, -0.8, 0.0]",negative,-0.7
"['balik', 'dari', 'kerja', ',', 'malam.penat', 'sangat', '.']","['verb', 'preposition', 'verb', 'punctuation', 'unknown', 'adverb', 'unknown']","['neutral', 'neutral', 'neutral', 'neutral', 'unknown', 'neutral', 'unknown']","[0.0, 0.0, 0.0, 0.0, 0.0, 0.0, 0.0]",negative,-0.5
"['saya', 'takde', 'duit', 'sekarang', '.']","['pronoun', 'kata nafi/kata kerja', 'noun', 'adverb', 'unknown']","['neutral', 'neutral', 'neutral', 'neutral', 'unknown']","[0.0, 0.0, 0.0, 0.0, 0.0]",neutral,0.0
"['dia', 'suka', 'ambil', 'selfe', 'di', 'tempat', 'menarik', '.']","['pronoun', 'verb', 'verb', 'noun', 'preposition', 'noun', 'unknown', 'unknown']","['neutral', 'positive', 'neutral', 'neutral', 'neutral', 'neutral', 'unknown', 'unknown']","[0.0, 0.7, 0.0, 0.0, 0.0, 0.0, 0.0, 0.0]",neutral,0.0
"['tuan', 'rumah', 'menyambut', 'tetamu', 'dengan', 'mesra', '.']","['noun/pronoun', 'noun', 'unknown', 'unknown', 'preposition', 'unknown', 'unknown']","['neutral', 'neutral', 'unknown', 'unknown', 'neutral', 'unknown', 'unknown']","[0.0, 0.0, 0.0, 0.0, 0.0, 0.0, 0.0]",neutral,0.0
"['dia', 'nunjukin', 'gambar', '-', 'gambar', 'percutiannya', '.']","['pronoun', 'verb', 'unknown', 'punctuation', 'unknown', 'unknown', 'unknown']","['neutral', 'neutral', 'unknown', 'neutral', 'unknown', 'unknown', 'unknown']","[0.0, 0.0, 0.0, 0.0, 0.0, 0.0, 0.0]",neutral,0.0
"['ini', 'buku', 'saya', '.']","['demonstrative pronoun', 'unknown', 'pronoun', 'unknown']","['neutral', 'unknown', 'neutral', 'unknown']","[0.0, 0.0, 0.0, 0.0]",neutral,0.0
"['dia', 'datang', 'langsung', 'ke', 'rumah', 'saya', '.', '(', 'secara', 'terus', ')', '/', 'dia', 'tidak', 'langsung', 'peduli', '.', '(', 'sama', 'sekali', 'tidak', ')']","['pronoun', 'verb', 'adverb', 'particle (interrogative)', 'noun', 'pronoun', 'unknown', 'unknown', 'adverb', 'adverb/verb', 'unknown', 'unknown', 'pronoun', 'adverb', 'adverb', 'verb/adjective', 'unknown', 'unknown', 'adjective', 'adverb', 'adverb', 'unknown']","['neutral', 'neutral', 'neutral', 'neutral', 'neutral', 'neutral', 'unknown', 'unknown', 'neutral', 'neutral', 'unknown', 'unknown', 'neutral', 'neutral', 'neutral', 'neutral', 'unknown', 'unknown', 'neutral', 'neutral', 'neutral', 'unknown']","[0.0, 0.0, 0.0, 0.0, 0.0, 0.0, 0.0, 0.0, 0.0, 0.0, 0.0, 0.0, 0.0, 0.0, 0.0, 0.0, 0.0, 0.0, 0.0, 0.0, 0.0, 0.0]",neutral,0.0
"['dia', 'hiris', 'bawang', 'itu', 'nipis', '-', 'nipis', '.']","['pronoun', 'unknown', 'unknown', 'demonstrative pronoun', 'unknown', 'punctuation', 'unknown', 'unknown']","['neutral', 'unknown', 'unknown', 'neutral', 'unknown', 'neutral', 'unknown', 'unknown']","[0.0, 0.0, 0.0, 0.0, 0.0, 0.0, 0.0, 0.0]",neutral,0.0
"['dia', 'belajar', 'sikit2', 'untuk', 'memahami', 'topik', 'itu', '.']","['pronoun', 'unknown', 'adverb', 'preposition', 'unknown', 'unknown', 'demonstrative pronoun', 'unknown']","['neutral', 'unknown', 'neutral', 'neutral', 'unknown', 'unknown', 'neutral', 'unknown']","[0.0, 0.0, 0.0, 0.0, 0.0, 0.0, 0.0, 0.0]",neutral,0.0
"['berita', 'itu', 'buat', 'saya', 'loudly', 'crying', 'faceface', 'with', 'tears', 'of', 'joyface', 'with', 'tears', 'of', 'joy']","['noun', 'demonstrative pronoun', 'kata kerja', 'pronoun', 'unknown', 'unknown', 'unknown', 'unknown', 'unknown', 'unknown', 'unknown', 'unknown', 'unknown', 'unknown', 'unknown']","['neutral', 'neutral', 'neutral', 'neutral', 'unknown', 'unknown', 'unknown', 'unknown', 'unknown', 'unknown', 'unknown', 'unknown', 'unknown', 'unknown', 'unknown']","[0.0, 0.0, 0.0, 0.0, 0.0, 0.0, 0.0, 0.0, 0.0, 0.0, 0.0, 0.0, 0.0, 0.0, 0.0]",neutral,0.0
"['teknologi', 'moden', 'telah', 'mengubah', 'cara', 'kita', 'bekerja', '.']","['noun', 'unknown', 'unknown', 'unknown', 'noun', 'pronoun', 'unknown', 'unknown']","['neutral', 'unknown', 'unknown', 'unknown', 'neutral', 'neutral', 'unknown', 'unknown']","[0.0, 0.0, 0.0, 0.0, 0.0, 0.0, 0.0, 0.0]",neutral,0.0
"['assalamualaikum', ',', 'selamat', 'pagi', 'semua', '!']","['unknown', 'punctuation', 'adjective', 'unknown', 'quantifier / pronoun', 'unknown']","['unknown', 'neutral', 'positive', 'unknown', 'neutral', 'unknown']","[0.0, 0.0, 0.7, 0.0, 0.0, 0.0]",positive,0.8
"['kami', 'sedang', 'buat', 'planning', 'untuk', 'projek', 'baharu', '.']","['unknown', 'unknown', 'kata kerja', 'noun', 'preposition', 'unknown', 'unknown', 'unknown']","['unknown', 'unknown', 'neutral', 'neutral', 'neutral', 'unknown', 'unknown', 'unknown']","[0.0, 0.0, 0.0, 0.0, 0.0, 0.0, 0.0, 0.0]",neutral,0.0
"['tada', '!', 'ini', 'hadiah', 'untuk', 'awak', '!']","['interjection', 'unknown', 'demonstrative pronoun', 'unknown', 'preposition', 'unknown', 'unknown']","['positive', 'unknown', 'neutral', 'unknown', 'neutral', 'unknown', 'unknown']","[0.5, 0.0, 0.0, 0.0, 0.0, 0.0, 0.0]",positive,0.5
"['saya', 'suka', 'makan', 'nasi', 'lemak', '.']","['pronoun', 'verb', 'verb', 'unknown', 'unknown', 'unknown']","['neutral', 'positive', 'neutral', 'unknown', 'unknown', 'unknown']","[0.0, 0.7, 0.0, 0.0, 0.0, 0.0]",neutral,0.0
"['dia', 'menunjukkan', 'arah', 'ke', 'perpustakaan', '.']","['pronoun', 'unknown', 'unknown', 'particle (interrogative)', 'unknown', 'unknown']","['neutral', 'unknown', 'unknown', 'neutral', 'unknown', 'unknown']","[0.0, 0.0, 0.0, 0.0, 0.0, 0.0]",neutral,0.0
"['saya', 'dn', 'awak', 'pergi', 'ke', 'pasar', '.']","['pronoun', 'conjunction', 'unknown', 'verb', 'particle (interrogative)', 'noun', 'unknown']","['neutral', 'neutral', 'unknown', 'neutral', 'neutral', 'neutral', 'unknown']","[0.0, 0.0, 0.0, 0.0, 0.0, 0.0, 0.0]",neutral,0.0
"['dia', 'perlu', 'percaya', 'pada', 'diri', 'sendiri', '.']","['pronoun', 'verb/adjective', 'unknown', 'preposition', 'noun, pronoun', 'adjective', 'unknown']","['neutral', 'neutral', 'unknown', 'neutral', 'neutral', 'neutral', 'unknown']","[0.0, 0.0, 0.0, 0.0, 0.0, 0.0, 0.0]",neutral,0.0
"['semoga', 'kita', 'semua', 'mendapat', 'rizki', 'yang', 'berkat', '.']","['adverb', 'pronoun', 'quantifier / pronoun', 'verb', 'noun', 'pronoun, conjunction', 'unknown', 'unknown']","['positive', 'neutral', 'neutral', 'neutral', 'positive', 'neutral', 'unknown', 'unknown']","[0.5, 0.0, 0.0, 0.0, 0.7, 0.0, 0.0, 0.0]",positive,0.7
"['jawapan', 'yang', 'diberi', 'itu', 'salah', '.']","['unknown', 'pronoun, conjunction', 'verb', 'demonstrative pronoun', 'adjective', 'unknown']","['unknown', 'neutral', 'neutral', 'neutral', 'negative', 'unknown']","[0.0, 0.0, 0.0, 0.0, -0.7, 0.0]",negative,-0.7
"['jiran²', 'saya', 'sangat', 'peramah', '.']","['noun', 'pronoun', 'adverb', 'unknown', 'unknown']","['neutral', 'neutral', 'neutral', 'unknown', 'unknown']","[0.0, 0.0, 0.0, 0.0, 0.0]",neutral,0.0
"['saya', 'pingin', 'makan', 'aiskrim', 'sekarang', '.']","['pronoun', 'verb', 'verb', 'unknown', 'adverb', 'unknown']","['neutral', 'neutral', 'neutral', 'unknown', 'neutral', 'unknown']","[0.0, 0.0, 0.0, 0.0, 0.0, 0.0]",neutral,0.0
"['pergilah', 'la', 'kalau', 'nak', '.']","['unknown', 'particle', 'conjunction', 'auxiliary verb', 'unknown']","['unknown', 'neutral', 'neutral', 'neutral', 'unknown']","[0.0, 0.0, 0.0, 0.0, 0.0]",neutral,0.0
"['awak', 'kne', 'ikut', 'arahan', 'ini', '.']","['unknown', 'auxiliary verb', 'unknown', 'unknown', 'demonstrative pronoun', 'unknown']","['unknown', 'neutral', 'unknown', 'unknown', 'neutral', 'unknown']","[0.0, 0.0, 0.0, 0.0, 0.0, 0.0]",neutral,0.0
"['dia', 'dah', 'makan', 'tengah', 'hari', '.']","['pronoun', 'adverb', 'verb', 'noun / adverb', 'noun', 'unknown']","['neutral', 'neutral', 'neutral', 'neutral', 'neutral', 'unknown']","[0.0, 0.0, 0.0, 0.0, 0.0, 0.0]",neutral,0.0
"['penjenayah', 'itu', 'dihukum', 'masuk', 'penjara', '.']","['noun', 'demonstrative pronoun', 'unknown', 'verb', 'noun', 'unknown']","['negative', 'neutral', 'unknown', 'neutral', 'negative', 'unknown']","[-0.8, 0.0, 0.0, 0.0, -0.8, 0.0]",negative,-0.8
"['cerita', 'itu', 'sangat', 'lucu', ',', 'hahhaha', '.']","['unknown', 'demonstrative pronoun', 'adverb', 'adjective', 'punctuation', 'interjection', 'unknown']","['unknown', 'neutral', 'neutral', 'positive', 'neutral', 'positive', 'unknown']","[0.0, 0.0, 0.0, 0.7, 0.0, 0.6, 0.0]",positive,0.6
"['plat', 'nombor', 'kereta', 'saya', 'hilang', '.']","['noun', 'noun', 'kata nama', 'pronoun', 'unknown', 'unknown']","['neutral', 'neutral', 'neutral', 'neutral', 'unknown', 'unknown']","[0.0, 0.0, 0.0, 0.0, 0.0, 0.0]",neutral,0.0
"['penyamun', 'itu', 'berjaya', 'diberkas', 'polis', '.']","['noun', 'demonstrative pronoun', 'unknown', 'unknown', 'noun', 'unknown']","['negative', 'neutral', 'unknown', 'unknown', 'neutral', 'unknown']","[-0.9, 0.0, 0.0, 0.0, 0.0, 0.0]",negative,-0.9
"['soalan', 'peperiksaan', 'itu', 'sangat', 'senang', '.']","['unknown', 'unknown', 'demonstrative pronoun', 'adverb', 'adjective', 'unknown']","['unknown', 'unknown', 'neutral', 'neutral', 'positive', 'unknown']","[0.0, 0.0, 0.0, 0.0, 0.7, 0.0]",positive,0.7
"['dia', 'plak', 'yang', 'perlu', 'buat', 'kerja', 'itu', '.']","['pronoun', 'particle', 'pronoun, conjunction', 'verb/adjective', 'kata kerja', 'verb', 'demonstrative pronoun', 'unknown']","['neutral', 'neutral', 'neutral', 'neutral', 'neutral', 'neutral', 'neutral', 'unknown']","[0.0, 0.0, 0.0, 0.0, 0.0, 0.0, 0.0, 0.0]",neutral,0.0
"['kesalahan', 'itu', 'harus', 'diperbaiki', 'segera', '.']","['unknown', 'demonstrative pronoun', 'auxiliary verb', 'unknown', 'unknown', 'unknown']","['unknown', 'neutral', 'neutral', 'unknown', 'unknown', 'unknown']","[0.0, 0.0, 0.0, 0.0, 0.0, 0.0]",negative,-0.7
"['dia', 'bagi', 'saya', 'sebiji', 'epal', '.']","['pronoun', 'verb', 'pronoun', 'unknown', 'unknown', 'unknown']","['neutral', 'neutral', 'neutral', 'unknown', 'unknown', 'unknown']","[0.0, 0.0, 0.0, 0.0, 0.0, 0.0]",neutral,0.0
"['buku', 'itu', 'ada', 'pada', 'saya', '.']","['unknown', 'demonstrative pronoun', 'verb', 'preposition', 'pronoun', 'unknown']","['unknown', 'neutral', 'neutral', 'neutral', 'neutral', 'unknown']","[0.0, 0.0, 0.0, 0.0, 0.0, 0.0]",neutral,0.0
"['perampuk', 'itu', 'ditangkap', 'ketika', 'cuba', 'melarikan', 'diri', '.']","['noun', 'demonstrative pronoun', 'unknown', 'conjunction', 'verb', 'unknown', 'noun, pronoun', 'unknown']","['negative', 'neutral', 'unknown', 'neutral', 'neutral', 'unknown', 'neutral', 'unknown']","[-0.9, 0.0, 0.0, 0.0, 0.0, 0.0, 0.0, 0.0]",negative,-0.9
"['alhamdulillah', ',', 'projek', 'kami', 'berjalan', 'lancar', '.']","['interjection', 'punctuation', 'unknown', 'unknown', 'unknown', 'unknown', 'unknown']","['positive', 'neutral', 'unknown', 'unknown', 'unknown', 'unknown', 'unknown']","[0.9, 0.0, 0.0, 0.0, 0.0, 0.0, 0.0]",positive,0.9
"['pergi', 'sajalah', '.', 'saya', 'dah', 'penat', '.']","['verb', 'unknown', 'unknown', 'pronoun', 'adverb', 'adjective', 'unknown']","['neutral', 'unknown', 'unknown', 'neutral', 'neutral', 'negative', 'unknown']","[0.0, 0.0, 0.0, 0.0, 0.0, -0.4, 0.0]",neutral,0.0
"['jgn', 'lupa', 'kunci', 'pintu', 'sebelum', 'keluar', '.']","['auxiliary verb', 'unknown', 'noun, verb', 'noun', 'preposition', 'verb', 'unknown']","['neutral', 'unknown', 'neutral', 'neutral', 'neutral', 'neutral', 'unknown']","[0.0, 0.0, 0.0, 0.0, 0.0, 0.0, 0.0]",neutral,0.0
"['membunuh', 'adalah', 'satu', 'jenayah', 'yang', 'kejam', '.']","['verb', 'copula / verb', 'numeral', 'noun', 'pronoun, conjunction', 'unknown', 'unknown']","['negative', 'neutral', 'neutral', 'negative', 'neutral', 'unknown', 'unknown']","[-1.0, 0.0, 0.0, -0.8, 0.0, 0.0, 0.0]",negative,-1.0
"['agama', 'islam', 'mengajar', 'tentang', 'keamanan', 'dan', 'toleransi', '.']","['unknown', 'unknown', 'unknown', 'unknown', 'unknown', 'conjunction', 'unknown', 'unknown']","['unknown', 'unknown', 'unknown', 'unknown', 'unknown', 'neutral', 'unknown', 'unknown']","[0.0, 0.0, 0.0, 0.0, 0.0, 0.0, 0.0, 0.0]",neutral,0.0
"['wauu', ',', 'cantiknya', 'pemandangan', 'ini', '!']","['interjection', 'punctuation', 'unknown', 'unknown', 'demonstrative pronoun', 'unknown']","['positive', 'neutral', 'unknown', 'unknown', 'neutral', 'unknown']","[0.6, 0.0, 0.0, 0.0, 0.0, 0.0]",positive,0.6
"['kami', 'dah', 'sempai', 'ke', 'destinasi', '.']","['unknown', 'adverb', 'verb', 'particle (interrogative)', 'unknown', 'unknown']","['unknown', 'neutral', 'neutral', 'neutral', 'unknown', 'unknown']","[0.0, 0.0, 0.0, 0.0, 0.0, 0.0]",neutral,0.0
"['dia', 'teri', 'nama', 'saya', 'dari', 'jauh', '.']","['pronoun', 'verb', 'unknown', 'pronoun', 'preposition', 'adjective', 'unknown']","['neutral', 'neutral', 'unknown', 'neutral', 'neutral', 'neutral', 'unknown']","[0.0, 0.0, 0.0, 0.0, 0.0, 0.0, 0.0]",neutral,0.0
"['kejadian', 'itu', 'berlaku', 'pada', 'waktu', 'malam', '.']","['noun', 'demonstrative pronoun', 'verb', 'preposition', 'unknown', 'unknown', 'unknown']","['neutral', 'neutral', 'neutral', 'neutral', 'unknown', 'unknown', 'unknown']","[0.0, 0.0, 0.0, 0.0, 0.0, 0.0, 0.0]",neutral,0.0
"['dia', 'tidak', 'sengaja', 'pcahkan', 'pasu', 'bunga', 'itu', '.']","['pronoun', 'adverb', 'unknown', 'verb', 'unknown', 'unknown', 'demonstrative pronoun', 'unknown']","['neutral', 'neutral', 'unknown', 'negative', 'unknown', 'unknown', 'neutral', 'unknown']","[0.0, 0.0, 0.0, -0.5, 0.0, 0.0, 0.0, 0.0]",negative,-0.5
"['dia', 'terlibat', 'dalam', 'kemalangan', 'mautt', '.']","['pronoun', 'unknown', 'preposition', 'unknown', 'noun', 'unknown']","['neutral', 'unknown', 'neutral', 'unknown', 'negative', 'unknown']","[0.0, 0.0, 0.0, 0.0, -0.9, 0.0]",negative,-0.9
"['pttnye', 'dia', 'dah', 'sampai', 'sekarang', '.']","['adverb', 'pronoun', 'adverb', 'verb', 'adverb', 'unknown']","['neutral', 'neutral', 'neutral', 'neutral', 'neutral', 'unknown']","[0.0, 0.0, 0.0, 0.0, 0.0, 0.0]",neutral,0.0
"['pelabuhan', 'tanjung', 'priok', 'merupakan', 'pelabuhan', 'tersibuk', 'di', 'indonesia', '.']","['unknown', 'noun', 'proper noun', 'unknown', 'unknown', 'unknown', 'preposition', 'proper noun', 'unknown']","['unknown', 'neutral', 'neutral', 'unknown', 'unknown', 'unknown', 'neutral', 'neutral', 'unknown']","[0.0, 0.0, 0.0, 0.0, 0.0, 0.0, 0.0, 0.0, 0.0]",neutral,0.0
"['tangannya', 'kudung', 'akibat', 'kemalangan', 'itu', '.']","['unknown', 'adjective', 'unknown', 'unknown', 'demonstrative pronoun', 'unknown']","['unknown', 'negative', 'unknown', 'unknown', 'neutral', 'unknown']","[0.0, -0.7, 0.0, 0.0, 0.0, 0.0]",negative,-0.7
"['dia', 'datang', 'aja', 'untuk', 'melawat', '.']","['pronoun', 'verb', 'adverb', 'preposition', 'unknown', 'unknown']","['neutral', 'neutral', 'neutral', 'neutral', 'unknown', 'unknown']","[0.0, 0.0, 0.0, 0.0, 0.0, 0.0]",neutral,0.0
"['dia', 'adalah', 'ahli', 'kelab', 'drama', 'sekolah', '.']","['pronoun', 'copula / verb', 'noun', 'unknown', 'unknown', 'unknown', 'unknown']","['neutral', 'neutral', 'neutral', 'unknown', 'unknown', 'unknown', 'unknown']","[0.0, 0.0, 0.0, 0.0, 0.0, 0.0, 0.0]",neutral,0.0
"['kami', 'masih', 'menyiasat', 'kejadiannya', '.']","['unknown', 'adverb', 'unknown', 'noun', 'unknown']","['unknown', 'neutral', 'unknown', 'neutral', 'unknown']","[0.0, 0.0, 0.0, 0.0, 0.0]",neutral,0.0
"['ramai', 'orang', 'datang', 'ke', 'majlis', 'perkahwinan', 'itu', '.']","['adjective', 'noun', 'verb', 'particle (interrogative)', 'unknown', 'unknown', 'demonstrative pronoun', 'unknown']","['neutral', 'neutral', 'neutral', 'neutral', 'unknown', 'unknown', 'neutral', 'unknown']","[0.1, 0.0, 0.0, 0.0, 0.0, 0.0, 0.0, 0.0]",neutral,0.0
"['buat', 'jela', 'apa', 'yang', 'awak', 'rasa', 'betul', '.']","['kata kerja', 'particle', 'pronoun', 'pronoun, conjunction', 'unknown', 'verb', 'adjective', 'unknown']","['neutral', 'neutral', 'neutral', 'neutral', 'unknown', 'neutral', 'positive', 'unknown']","[0.0, 0.0, 0.0, 0.0, 0.0, 0.0, 0.6, 0.0]",neutral,0.0
"['suspek', 'kes', 'itu', 'ditahan', 'di', 'lokap', '.']","['noun', 'noun', 'demonstrative pronoun', 'unknown', 'preposition', 'noun', 'unknown']","['neutral', 'neutral', 'neutral', 'unknown', 'neutral', 'negative', 'unknown']","[-0.2, 0.0, 0.0, 0.0, 0.0, -0.8, 0.0]",negative,-0.8
"['dia', 'mempunyai', 'tabiat', 'yang', 'agak', 'pelik', '.']","['pronoun', 'unknown', 'unknown', 'pronoun, conjunction', 'adverb', 'adjective', 'unknown']","['neutral', 'unknown', 'unknown', 'neutral', 'neutral', 'neutral', 'unknown']","[0.0, 0.0, 0.0, 0.0, 0.0, 0.0, 0.0]",neutral,0.0
"['tolonglah', 'saya', 'angkat', 'kotak', 'berat', 'ini', '.']","['unknown', 'pronoun', 'unknown', 'unknown', 'adjective', 'demonstrative pronoun', 'unknown']","['unknown', 'neutral', 'unknown', 'unknown', 'neutral', 'neutral', 'unknown']","[0.0, 0.0, 0.0, 0.0, 0.0, 0.0, 0.0]",positive,0.6
"['terlalu', 'banyak', 'kerja', 'buat', 'saya', 'face', 'with', 'crossed', '-', 'out', 'eyes']","['adverb', 'adjective/quantifier', 'verb', 'kata kerja', 'pronoun', 'unknown', 'unknown', 'unknown', 'punctuation', 'unknown', 'unknown']","['neutral', 'neutral', 'neutral', 'neutral', 'neutral', 'unknown', 'unknown', 'unknown', 'neutral', 'unknown', 'unknown']","[0.0, 0.0, 0.0, 0.0, 0.0, 0.0, 0.0, 0.0, 0.0, 0.0, 0.0]",negative,-0.5
"['biarkan', 'dia', 'mampos', 'kalau', 'tak', 'nak', 'dengar', 'cakap', '!']","['verb', 'pronoun', 'verb', 'conjunction', 'adverb (negation)', 'auxiliary verb', 'verb', 'unknown', 'unknown']","['neutral', 'neutral', 'negative', 'neutral', 'neutral', 'neutral', 'neutral', 'unknown', 'unknown']","[0.0, 0.0, -0.9, 0.0, 0.0, 0.0, 0.0, 0.0, 0.0]",negative,-0.8
"['dia', 'memanggil', 'saya', ""'"", 'babi', ""'"", 'kerana', 'marah', '.']","['pronoun', 'unknown', 'pronoun', 'unknown', 'noun', 'unknown', 'conjunction', 'adjective', 'unknown']","['neutral', 'unknown', 'neutral', 'unknown', 'negative', 'unknown', 'neutral', 'negative', 'unknown']","[0.0, 0.0, 0.0, 0.0, -0.6, 0.0, 0.0, -0.6, 0.0]",negative,-0.7
"['askar', 'itu', 'sangat', 'berani', 'berdepan', 'dengan', 'musuh', '.']","['unknown', 'demonstrative pronoun', 'adverb', 'adjective', 'verb', 'preposition', 'unknown', 'unknown']","['unknown', 'neutral', 'neutral', 'positive', 'neutral', 'neutral', 'unknown', 'unknown']","[0.0, 0.0, 0.0, 0.7, 0.0, 0.0, 0.0, 0.0]",positive,0.8
"['dia', 'takut', 'pada', 'hantu', 'dan', 'kegelapan', '.']","['pronoun', 'adjective', 'preposition', 'unknown', 'conjunction', 'unknown', 'unknown']","['neutral', 'negative', 'neutral', 'unknown', 'neutral', 'unknown', 'unknown']","[0.0, -0.6, 0.0, 0.0, 0.0, 0.0, 0.0]",negative,-0.7
"['saya', 'sedang', 'berada', 'di', 'rumah', '.']","['pronoun', 'unknown', 'verb / adjective', 'preposition', 'noun', 'unknown']","['neutral', 'unknown', 'neutral', 'neutral', 'neutral', 'unknown']","[0.0, 0.0, 0.0, 0.0, 0.0, 0.0]",neutral,0.0
"['kereta', 'itu', 'jahanam', 'teruk', 'akibat', 'kemalangan', '.']","['kata nama', 'demonstrative pronoun', 'adjective', 'unknown', 'unknown', 'unknown', 'unknown']","['neutral', 'neutral', 'negative', 'unknown', 'unknown', 'unknown', 'unknown']","[0.0, 0.0, -0.9, 0.0, 0.0, 0.0, 0.0]",negative,-0.9
"['tolong', 'letak', 'buku', 'itu', 'di', 'atas', 'meja', '.']","['verb', 'verb', 'unknown', 'demonstrative pronoun', 'preposition', 'unknown', 'unknown', 'unknown']","['neutral', 'neutral', 'unknown', 'neutral', 'neutral', 'unknown', 'unknown', 'unknown']","[0.0, 0.0, 0.0, 0.0, 0.0, 0.0, 0.0, 0.0]",neutral,0.0
"['human', 'beings', 'have', 'complex', 'emotions', '.']","['noun', 'unknown', 'verb', 'unknown', 'unknown', 'unknown']","['neutral', 'unknown', 'neutral', 'unknown', 'unknown', 'unknown']","[0.0, 0.0, 0.0, 0.0, 0.0, 0.0]",neutral,0.0
"['rumah', 'tu', 'cantik', 'sangat', '.']","['noun', 'pronoun', 'unknown', 'adverb', 'unknown']","['neutral', 'neutral', 'unknown', 'neutral', 'unknown']","[0.0, 0.0, 0.0, 0.0, 0.0]",neutral,0.0
"['persembahan', 'mereka', 'dsyat', 'sungguh', '!']","['unknown', 'pronoun', 'adjective', 'kata keterangan/kata sifat', 'unknown']","['unknown', 'neutral', 'neutral', 'neutral', 'unknown']","[0.0, 0.0, 0.0, 0.0, 0.0]",neutral,0.0
"['pahlawan', 'itu', 'dikatakan', 'kebal', 'daripada', 'sebarang', 'serangan', '.']","['unknown', 'demonstrative pronoun', 'unknown', 'adjective', 'preposition', 'unknown', 'unknown', 'unknown']","['unknown', 'neutral', 'unknown', 'positive', 'neutral', 'unknown', 'unknown', 'unknown']","[0.0, 0.0, 0.0, 0.7, 0.0, 0.0, 0.0, 0.0]",positive,0.7
"['dia', 'cabut', 'rumput', 'di', 'halaman', 'rumah', '.']","['pronoun', 'verb', 'unknown', 'preposition', 'unknown', 'noun', 'unknown']","['neutral', 'neutral', 'unknown', 'neutral', 'unknown', 'neutral', 'unknown']","[0.0, 0.0, 0.0, 0.0, 0.0, 0.0, 0.0]",neutral,0.0
"['dia', 'terus', 'berjalan', 'tanpa', 'menoleh', '.']","['pronoun', 'adverb/verb', 'unknown', 'unknown', 'unknown', 'unknown']","['neutral', 'neutral', 'unknown', 'unknown', 'unknown', 'unknown']","[0.0, 0.0, 0.0, 0.0, 0.0, 0.0]",neutral,0.0
"['every', 'student', 'must', 'submit', 'their', 'assignment', '.']","['determiner', 'unknown', 'unknown', 'unknown', 'unknown', 'unknown', 'unknown']","['neutral', 'unknown', 'unknown', 'unknown', 'unknown', 'unknown', 'unknown']","[0.0, 0.0, 0.0, 0.0, 0.0, 0.0, 0.0]",neutral,0.0
"['kanak', '-', 'kanak', 'itu', 'suka', 'bermain', 'roblox', '.']","['noun', 'punctuation', 'noun', 'demonstrative pronoun', 'verb', 'unknown', 'proper noun', 'unknown']","['neutral', 'neutral', 'neutral', 'neutral', 'positive', 'unknown', 'neutral', 'unknown']","[0.0, 0.0, 0.0, 0.0, 0.7, 0.0, 0.0, 0.0]",neutral,0.0
"['saya', 'pon', 'tidak', 'tahu', 'menahu', '.']","['pronoun', 'particle', 'adverb', 'verb', 'unknown', 'unknown']","['neutral', 'neutral', 'neutral', 'neutral', 'unknown', 'unknown']","[0.0, 0.0, 0.0, 0.0, 0.0, 0.0]",neutral,0.0
"['kami', 'perlukkan', 'bantuan', 'segera', 'untuk', 'menyiapkan', 'tugasan', 'ini', '.']","['unknown', 'verb', 'noun', 'unknown', 'preposition', 'unknown', 'unknown', 'demonstrative pronoun', 'unknown']","['unknown', 'neutral', 'positive', 'unknown', 'neutral', 'unknown', 'unknown', 'neutral', 'unknown']","[0.0, 0.0, 0.7, 0.0, 0.0, 0.0, 0.0, 0.0, 0.0]",neutral,0.0
"['eh', ',', 'awak', 'dah', 'sampai', 'ke', '?']","['interjection', 'punctuation', 'unknown', 'adverb', 'verb', 'particle (interrogative)', 'punctuation']","['neutral', 'neutral', 'unknown', 'neutral', 'neutral', 'neutral', 'neutral']","[0.0, 0.0, 0.0, 0.0, 0.0, 0.0, 0.0]",neutral,0.0
"['beberapa', 'penyamun2', 'telah', 'ditangkap', 'polis', 'semalam', '.']","['determiner', 'noun', 'unknown', 'unknown', 'noun', 'unknown', 'unknown']","['neutral', 'negative', 'unknown', 'unknown', 'neutral', 'unknown', 'unknown']","[0.0, -0.8, 0.0, 0.0, 0.0, 0.0, 0.0]",negative,-0.8
"['what', 'is', 'your', 'name', '?']","['unknown', 'verb', 'unknown', 'noun', 'punctuation']","['unknown', 'neutral', 'unknown', 'neutral', 'neutral']","[0.0, 0.0, 0.0, 0.0, 0.0]",neutral,0.0
"['dia', 'masih', 'belajar', 'di', 'universiti', '.']","['pronoun', 'adverb', 'unknown', 'preposition', 'unknown', 'unknown']","['neutral', 'neutral', 'unknown', 'neutral', 'unknown', 'unknown']","[0.0, 0.0, 0.0, 0.0, 0.0, 0.0]",neutral,0.0
"['kucingnya', 'mati', 'selepas', 'dilanggar', 'kereta', '.']","['unknown', 'verb', 'unknown', 'verb', 'kata nama', 'unknown']","['unknown', 'negative', 'unknown', 'negative', 'neutral', 'unknown']","[0.0, -0.7, 0.0, -0.6, 0.0, 0.0]",negative,-0.8
"['pihak', 'polis', 'buntuti', 'suspek', 'selama', 'beberapa', 'hari', '.']","['noun', 'noun', 'verb', 'noun', 'unknown', 'determiner', 'noun', 'unknown']","['neutral', 'neutral', 'neutral', 'neutral', 'unknown', 'neutral', 'neutral', 'unknown']","[0.0, 0.0, 0.0, -0.2, 0.0, 0.0, 0.0, 0.0]",neutral,0.0
"['dia', 'membuka', 'tingkap', 'untuk', 'membiarkan', 'angin', 'masuk', '.']","['pronoun', 'unknown', 'noun', 'preposition', 'unknown', 'unknown', 'verb', 'unknown']","['neutral', 'unknown', 'neutral', 'neutral', 'unknown', 'unknown', 'neutral', 'unknown']","[0.0, 0.0, 0.0, 0.0, 0.0, 0.0, 0.0, 0.0]",neutral,0.0
"['kita', 'mesti', 'pertahankan', 'kedaulatan', 'negara', '.']","['pronoun', 'modal verb', 'verb', 'unknown', 'noun', 'unknown']","['neutral', 'neutral', 'positive', 'unknown', 'neutral', 'unknown']","[0.0, 0.0, 0.8, 0.0, 0.0, 0.0]",positive,0.8
"['buku', 'itu', 'menarik', ',', 'ianya', 'patut', 'dibaca', 'oleh', 'semua', '.']","['unknown', 'demonstrative pronoun', 'unknown', 'punctuation', 'pronoun', 'adjective', 'unknown', 'preposition', 'quantifier / pronoun', 'unknown']","['unknown', 'neutral', 'unknown', 'neutral', 'neutral', 'positive', 'unknown', 'neutral', 'neutral', 'unknown']","[0.0, 0.0, 0.0, 0.0, 0.0, 0.5, 0.0, 0.0, 0.0, 0.0]",neutral,0.0
"['kami', 'melawat', 'gua', 'batu', 'kapur', 'yang', 'indah', '.', '/', 'gua', 'tak', 'nak', 'pergi', 'lah', '.']","['unknown', 'unknown', 'noun / pronoun', 'unknown', 'unknown', 'pronoun, conjunction', 'unknown', 'unknown', 'unknown', 'noun / pronoun', 'adverb (negation)', 'auxiliary verb', 'verb', 'particle', 'unknown']","['unknown', 'unknown', 'neutral', 'unknown', 'unknown', 'neutral', 'unknown', 'unknown', 'unknown', 'neutral', 'neutral', 'neutral', 'neutral', 'neutral', 'unknown']","[0.0, 0.0, 0.0, 0.0, 0.0, 0.0, 0.0, 0.0, 0.0, 0.0, 0.0, 0.0, 0.0, 0.0, 0.0]",neutral,0.0
"['dia', 'pukul', 'bola', 'itu', 'dengan', 'kuat', '.', '/', 'sekarang', 'pukul', 'berapa', '?']","['pronoun', 'verb / noun', 'kata nama', 'demonstrative pronoun', 'preposition', 'adjective', 'unknown', 'unknown', 'adverb', 'verb / noun', 'unknown', 'punctuation']","['neutral', 'neutral', 'neutral', 'neutral', 'neutral', 'positive', 'unknown', 'unknown', 'neutral', 'neutral', 'unknown', 'neutral']","[0.0, 0.0, 0.0, 0.0, 0.0, 0.6, 0.0, 0.0, 0.0, 0.0, 0.0, 0.0]",neutral,0.0
"['janganlah', 'buat', 'kerja', 'bodo', 'macam', 'tu', '.']","['unknown', 'kata kerja', 'verb', 'adjective', 'preposition, adverb', 'pronoun', 'unknown']","['unknown', 'neutral', 'neutral', 'negative', 'neutral', 'neutral', 'unknown']","[0.0, 0.0, 0.0, -0.7, 0.0, 0.0, 0.0]",negative,-0.7
"['bgi', 'saya', 'air', 'sejuk', '.']","['verb / preposition', 'pronoun', 'unknown', 'unknown', 'unknown']","['neutral', 'neutral', 'unknown', 'unknown', 'unknown']","[0.0, 0.0, 0.0, 0.0, 0.0]",neutral,0.0
"['sya', 'rasa', 'benda', 'tu', 'tak', 'betul', '.']","['pronoun', 'verb', 'noun', 'pronoun', 'adverb (negation)', 'adjective', 'unknown']","['neutral', 'neutral', 'neutral', 'neutral', 'neutral', 'positive', 'unknown']","[0.0, 0.0, 0.0, 0.0, 0.0, 0.6, 0.0]",neutral,0.0
"['bunyinya', 'sangat', 'kuat', 'dan', 'mengganggu', '.']","['noun', 'adverb', 'adjective', 'conjunction', 'unknown', 'unknown']","['neutral', 'neutral', 'positive', 'neutral', 'unknown', 'unknown']","[0.0, 0.0, 0.6, 0.0, 0.0, 0.0]",neutral,0.0
"['cepatlah', 'sikit', 'dong', '!']","['unknown', 'adjective/adverb (colloquial)', 'particle', 'unknown']","['unknown', 'neutral', 'neutral', 'unknown']","[0.0, 0.0, 0.0, 0.0]",neutral,0.0
"['pelaburan', 'itu', 'mengalami', 'kerugian', 'besar', '.']","['unknown', 'demonstrative pronoun', 'verb', 'unknown', 'adjective', 'unknown']","['unknown', 'neutral', 'neutral', 'unknown', 'neutral', 'unknown']","[0.0, 0.0, 0.0, 0.0, 0.0, 0.0]",negative,-0.7
"['geramnya', 'saya', 'dengan', 'perangai', 'dia', 'yang', 'tak', 'berubah', '!']","['adjective', 'pronoun', 'preposition', 'unknown', 'pronoun', 'pronoun, conjunction', 'adverb (negation)', 'unknown', 'unknown']","['negative', 'neutral', 'neutral', 'unknown', 'neutral', 'neutral', 'neutral', 'unknown', 'unknown']","[-0.6, 0.0, 0.0, 0.0, 0.0, 0.0, 0.0, 0.0, 0.0]",negative,-0.6
"['dia', 'sedang', 'bercakap', 'di', 'telefon', '.']","['pronoun', 'unknown', 'unknown', 'preposition', 'noun / verb', 'unknown']","['neutral', 'unknown', 'unknown', 'neutral', 'neutral', 'unknown']","[0.0, 0.0, 0.0, 0.0, 0.0, 0.0]",neutral,0.0
"['dia', 'keluar', 'dengan', 'cewek', 'barunya', 'malam', 'tadi', '.']","['pronoun', 'verb', 'preposition', 'noun', 'unknown', 'unknown', 'unknown', 'unknown']","['neutral', 'neutral', 'neutral', 'neutral', 'unknown', 'unknown', 'unknown', 'unknown']","[0.0, 0.0, 0.0, 0.0, 0.0, 0.0, 0.0, 0.0]",neutral,0.0
"['saya', 'nak', 'makan', 'nasi', 'lemak', '.']","['pronoun', 'auxiliary verb', 'verb', 'unknown', 'unknown', 'unknown']","['neutral', 'neutral', 'neutral', 'unknown', 'unknown', 'unknown']","[0.0, 0.0, 0.0, 0.0, 0.0, 0.0]",neutral,0.0
"['tunggu', 'sebentar', ',', 'saya', 'datang', '.']","['verb', 'adverb', 'punctuation', 'pronoun', 'verb', 'unknown']","['neutral', 'neutral', 'neutral', 'neutral', 'neutral', 'unknown']","[0.0, 0.0, 0.0, 0.0, 0.0, 0.0]",neutral,0.0
"['diorng', 'semua', 'dah', 'balik', 'rumah', '.']","['pronoun', 'quantifier / pronoun', 'adverb', 'verb', 'noun', 'unknown']","['neutral', 'neutral', 'neutral', 'neutral', 'neutral', 'unknown']","[0.0, 0.0, 0.0, 0.0, 0.0, 0.0]",neutral,0.0
"['wanita', 'itu', 'bekerja', 'sebagai', 'seorang', 'jurutera', '.']","['noun', 'demonstrative pronoun', 'unknown', 'preposition', 'unknown', 'unknown', 'unknown']","['neutral', 'neutral', 'unknown', 'neutral', 'unknown', 'unknown', 'unknown']","[0.0, 0.0, 0.0, 0.0, 0.0, 0.0, 0.0]",neutral,0.0
"['dia', 'didapati', 'bersalah', 'atas', 'tuduhan', 'mencuri', '.']","['pronoun', 'unknown', 'adjective', 'unknown', 'unknown', 'verb', 'unknown']","['neutral', 'unknown', 'negative', 'unknown', 'unknown', 'negative', 'unknown']","[0.0, 0.0, -0.6, 0.0, 0.0, -0.9, 0.0]",negative,-0.6
"['ape', 'yang', 'awak', 'nak', 'buat', 'ni', '?']","['pronoun', 'pronoun, conjunction', 'unknown', 'auxiliary verb', 'kata kerja', 'pronoun', 'punctuation']","['neutral', 'neutral', 'unknown', 'neutral', 'neutral', 'neutral', 'neutral']","[0.0, 0.0, 0.0, 0.0, 0.0, 0.0, 0.0]",neutral,0.0
"['dia', 'datang', 'dari', 'kuala', 'lumpur', '.']","['pronoun', 'verb', 'preposition', 'noun', 'unknown', 'unknown']","['neutral', 'neutral', 'neutral', 'neutral', 'unknown', 'unknown']","[0.0, 0.0, 0.0, 0.0, 0.0, 0.0]",neutral,0.0
"['surat', 'itu', 'dari', 'kawan', 'lamanya', '.']","['unknown', 'demonstrative pronoun', 'preposition', 'noun', 'unknown', 'unknown']","['unknown', 'neutral', 'neutral', 'positive', 'unknown', 'unknown']","[0.0, 0.0, 0.0, 0.6, 0.0, 0.0]",neutral,0.0
"['suara', 'jiran', 'itu', 'sangat', 'bising', '.']","['unknown', 'noun', 'demonstrative pronoun', 'adverb', 'adjective', 'unknown']","['unknown', 'neutral', 'neutral', 'neutral', 'negative', 'unknown']","[0.0, 0.0, 0.0, 0.0, -0.5, 0.0]",negative,-0.5
"['dia', 'seorang', 'prempuan', 'yang', 'gigih', '.']","['pronoun', 'unknown', 'noun', 'pronoun, conjunction', 'unknown', 'unknown']","['neutral', 'unknown', 'neutral', 'neutral', 'unknown', 'unknown']","[0.0, 0.0, 0.0, 0.0, 0.0, 0.0]",neutral,0.0
"['beg', 'plastik', 'itu', 'mudah', 'koyak', '.']","['unknown', 'noun / adjective', 'demonstrative pronoun', 'adjective', 'unknown', 'unknown']","['unknown', 'neutral', 'neutral', 'positive', 'unknown', 'unknown']","[0.0, 0.0, 0.0, 0.6, 0.0, 0.0]",neutral,0.0
"['ada', 'macam2', 'barang', 'di', 'kedai', 'itu', '.']","['verb', 'adjective / adverb', 'noun', 'preposition', 'noun', 'demonstrative pronoun', 'unknown']","['neutral', 'neutral', 'neutral', 'neutral', 'neutral', 'neutral', 'unknown']","[0.0, 0.0, 0.0, 0.0, 0.0, 0.0, 0.0]",neutral,0.0
"['penjenayah', 'itu', 'bertopeng', 'ketika', 'merompak', 'bank', '.']","['noun', 'demonstrative pronoun', 'verb / adjective', 'conjunction', 'verb', 'noun', 'unknown']","['negative', 'neutral', 'neutral', 'neutral', 'negative', 'neutral', 'unknown']","[-0.8, 0.0, 0.0, 0.0, -0.9, 0.0, 0.0]",neutral,0.0
"['kenapa', 'dia', 'pulak', 'yang', 'kena', '?']","['interrogative pronoun/adverb', 'pronoun', 'particle', 'pronoun, conjunction', 'verb', 'punctuation']","['neutral', 'neutral', 'neutral', 'neutral', 'neutral', 'neutral']","[0.0, 0.0, 0.0, 0.0, 0.0, 0.0]",neutral,0.0
"['makcik', 'kiah', 'menjual', 'kuih', 'di', 'pasar', '.']","['noun', 'unknown', 'unknown', 'unknown', 'preposition', 'noun', 'unknown']","['neutral', 'unknown', 'unknown', 'unknown', 'neutral', 'neutral', 'unknown']","[0.0, 0.0, 0.0, 0.0, 0.0, 0.0, 0.0]",neutral,0.0
"['dia', 'telah', 'taubat', 'dari', 'perbuatan', 'buruknya', 'dan', 'memohon', 'ampun', '.']","['pronoun', 'unknown', 'noun/verb', 'preposition', 'kata nama', 'unknown', 'conjunction', 'unknown', 'noun/verb', 'unknown']","['neutral', 'unknown', 'positive', 'neutral', 'neutral', 'unknown', 'neutral', 'unknown', 'neutral', 'unknown']","[0.0, 0.0, 0.7, 0.0, 0.0, 0.0, 0.0, 0.0, 0.4, 0.0]",positive,0.7
"['dia', 'kelihatan', 'seperti', 'ayahnya', '.']","['pronoun', 'unknown', 'preposition', 'unknown', 'unknown']","['neutral', 'unknown', 'neutral', 'unknown', 'unknown']","[0.0, 0.0, 0.0, 0.0, 0.0]",neutral,0.0
"['ada', 'banyak', 'korban', 'dalam', 'kemalangan', 'itu', '.']","['verb', 'adjective/quantifier', 'noun', 'preposition', 'unknown', 'demonstrative pronoun', 'unknown']","['neutral', 'neutral', 'negative', 'neutral', 'unknown', 'neutral', 'unknown']","[0.0, 0.0, -0.7, 0.0, 0.0, 0.0, 0.0]",negative,-0.7
"['apa', 'yang', 'kau', 'lakukan', '?']","['pronoun', 'pronoun, conjunction', 'pronoun', 'unknown', 'punctuation']","['neutral', 'neutral', 'neutral', 'unknown', 'neutral']","[0.0, 0.0, 0.0, 0.0, 0.0]",neutral,0.0
"['dia', 'diperlakukan', 'seperti', 'paria', 'oleh', 'masyarakat', 'itu', '.']","['pronoun', 'unknown', 'preposition', 'unknown', 'preposition', 'unknown', 'demonstrative pronoun', 'unknown']","['neutral', 'unknown', 'neutral', 'unknown', 'neutral', 'unknown', 'neutral', 'unknown']","[0.0, 0.0, 0.0, 0.0, 0.0, 0.0, 0.0, 0.0]",negative,-0.8
"['dia', 'suka', 'melihat', 'bintang', 'pada', 'waktu', 'malam', '.']","['pronoun', 'verb', 'verb', 'unknown', 'preposition', 'unknown', 'unknown', 'unknown']","['neutral', 'positive', 'neutral', 'unknown', 'neutral', 'unknown', 'unknown', 'unknown']","[0.0, 0.7, 0.0, 0.0, 0.0, 0.0, 0.0, 0.0]",neutral,0.0
"['mereka', 'berlari', 'helter', '-', 'skelter', 'setelah', 'mendengar', 'letupan', '.']","['pronoun', 'unknown', 'unknown', 'punctuation', 'unknown', 'unknown', 'unknown', 'unknown', 'unknown']","['neutral', 'unknown', 'unknown', 'neutral', 'unknown', 'unknown', 'unknown', 'unknown', 'unknown']","[0.0, 0.0, 0.0, 0.0, 0.0, 0.0, 0.0, 0.0, 0.0]",negative,-0.6
"['driver', 'bas', 'itu', 'sangat', 'berhati', '-', 'hati', '.']","['noun', 'unknown', 'demonstrative pronoun', 'adverb', 'unknown', 'punctuation', 'noun', 'unknown']","['neutral', 'unknown', 'neutral', 'neutral', 'unknown', 'neutral', 'neutral', 'unknown']","[0.0, 0.0, 0.0, 0.0, 0.0, 0.0, 0.0, 0.0]",neutral,0.0
"['kereta', 'itu', 'tabrak', 'dinding', '.']","['kata nama', 'demonstrative pronoun', 'verb', 'unknown', 'unknown']","['neutral', 'neutral', 'negative', 'unknown', 'unknown']","[0.0, 0.0, -0.6, 0.0, 0.0]",negative,-0.8
"['tlg', 'tutup', 'pintu', 'itu', '.']","['interjection', 'unknown', 'noun', 'demonstrative pronoun', 'unknown']","['neutral', 'unknown', 'neutral', 'neutral', 'unknown']","[0.0, 0.0, 0.0, 0.0, 0.0]",neutral,0.0
"['raja', 'itu', 'berkuasa', 'penuh', 'atas', 'negaranya', '.']","['unknown', 'demonstrative pronoun', 'verb', 'adjective', 'unknown', 'unknown', 'unknown']","['unknown', 'neutral', 'neutral', 'neutral', 'unknown', 'unknown', 'unknown']","[0.0, 0.0, 0.0, 0.0, 0.0, 0.0, 0.0]",neutral,0.0
"['pasukan', 'itu', 'mengalahkan', 'lawan', 'mereka', '.']","['unknown', 'demonstrative pronoun', 'unknown', 'noun', 'pronoun', 'unknown']","['unknown', 'neutral', 'unknown', 'neutral', 'neutral', 'unknown']","[0.0, 0.0, 0.0, 0.0, 0.0, 0.0]",neutral,0.0
"['makanan', 'itu', 'sudah', 'hbis', '.']","['noun', 'demonstrative pronoun', 'adverb', 'adjective', 'unknown']","['neutral', 'neutral', 'neutral', 'neutral', 'unknown']","[0.0, 0.0, 0.0, 0.0, 0.0]",neutral,0.0
"['menurut', 'laporan', ',', 'hujan', 'akan', 'turun', 'esok', '.']","['preposisi', 'kata nama', 'punctuation', 'unknown', 'auxiliary verb', 'unknown', 'unknown', 'unknown']","['neutral', 'neutral', 'neutral', 'unknown', 'neutral', 'unknown', 'unknown', 'unknown']","[0.0, 0.0, 0.0, 0.0, 0.0, 0.0, 0.0, 0.0]",neutral,0.0
"['saya', 'have', 'kerja', 'banyak', '.']","['pronoun', 'verb', 'verb', 'adjective/quantifier', 'unknown']","['neutral', 'neutral', 'neutral', 'neutral', 'unknown']","[0.0, 0.0, 0.0, 0.0, 0.0]",neutral,0.0
"['dia', 'sedang', 'blajar', 'untuk', 'peperiksaan', '.']","['pronoun', 'unknown', 'verb', 'preposition', 'unknown', 'unknown']","['neutral', 'unknown', 'neutral', 'neutral', 'unknown', 'unknown']","[0.0, 0.0, 0.0, 0.0, 0.0, 0.0]",neutral,0.0
"['dia', 'pecahkan', 'cermin', 'tingkap', 'itu', '.']","['pronoun', 'verb', 'noun', 'noun', 'demonstrative pronoun', 'unknown']","['neutral', 'negative', 'neutral', 'neutral', 'neutral', 'unknown']","[0.0, -0.7, 0.0, 0.0, 0.0, 0.0]",negative,-0.7
"['sape', 'nama', 'kamu', '?']","['kata ganti nama tanya', 'unknown', 'unknown', 'punctuation']","['neutral', 'unknown', 'unknown', 'neutral']","[0.0, 0.0, 0.0, 0.0]",neutral,0.0
"['dia', 'tak', 'datang', 'sbb', 'sakit', '.']","['pronoun', 'adverb (negation)', 'verb', 'conjunction', 'adjective', 'unknown']","['neutral', 'neutral', 'neutral', 'neutral', 'negative', 'unknown']","[0.0, 0.0, 0.0, 0.0, -0.7, 0.0]",neutral,0.0
"['dia', 'pun', 'datang', '.']","['pronoun', 'particle / adverb', 'verb', 'unknown']","['neutral', 'neutral', 'neutral', 'unknown']","[0.0, 0.0, 0.0, 0.0]",neutral,0.0
"['seluruh', 'dunia', 'sedang', 'menghadapi', 'cabaran', 'ini', '.']","['unknown', 'noun', 'unknown', 'unknown', 'unknown', 'demonstrative pronoun', 'unknown']","['unknown', 'neutral', 'unknown', 'unknown', 'unknown', 'neutral', 'unknown']","[0.0, 0.0, 0.0, 0.0, 0.0, 0.0, 0.0]",neutral,0.0
"['dia', 'tinggal', 'di', 'sini', 'smentara', 'waktu', '.']","['pronoun', 'unknown', 'preposition', 'adverb (of place)', 'adverb', 'unknown', 'unknown']","['neutral', 'unknown', 'neutral', 'neutral', 'neutral', 'unknown', 'unknown']","[0.0, 0.0, 0.0, 0.0, 0.0, 0.0, 0.0]",neutral,0.0
"['pawagam', 'itu', 'akan', 'menayangkan', 'filem', 'baru', 'esok', '.']","['unknown', 'demonstrative pronoun', 'auxiliary verb', 'verb', 'unknown', 'adjective, adverb', 'unknown', 'unknown']","['unknown', 'neutral', 'neutral', 'neutral', 'unknown', 'neutral', 'unknown', 'unknown']","[0.0, 0.0, 0.0, 0.0, 0.0, 0.0, 0.0, 0.0]",neutral,0.0
"['saya', 'pernah', 'melawat', 'indonesia', '.']","['pronoun', 'adverb', 'unknown', 'proper noun', 'unknown']","['neutral', 'neutral', 'unknown', 'neutral', 'unknown']","[0.0, 0.0, 0.0, 0.0, 0.0]",neutral,0.0
"['mangsa', 'kemalangan', 'itu', 'terselamat', 'daripada', 'maut', '.']","['noun', 'unknown', 'demonstrative pronoun', 'verb', 'preposition', 'unknown', 'unknown']","['negative', 'unknown', 'neutral', 'positive', 'neutral', 'unknown', 'unknown']","[-0.7, 0.0, 0.0, 0.8, 0.0, 0.0, 0.0]",positive,0.8
"['mari', 'kita', 'pandang', 'kedepan', '.']","['unknown', 'pronoun', 'unknown', 'adverb', 'unknown']","['unknown', 'neutral', 'unknown', 'neutral', 'unknown']","[0.0, 0.0, 0.0, 0.0, 0.0]",neutral,0.0
"['ade', 'makanan', 'lagi', 'ke', '?']","['verb', 'noun', 'adverb', 'particle (interrogative)', 'punctuation']","['neutral', 'neutral', 'neutral', 'neutral', 'neutral']","[0.0, 0.0, 0.0, 0.0, 0.0]",neutral,0.0
"['dia', 'ditelan', 'ular', 'hidup2', '.']","['pronoun', 'unknown', 'unknown', 'adverb', 'unknown']","['neutral', 'unknown', 'unknown', 'neutral', 'unknown']","[0.0, 0.0, 0.0, 0.0, 0.0]",neutral,0.0
"['sila', 'follow', 'arahan', 'saya', '.']","['unknown', 'verb', 'unknown', 'pronoun', 'unknown']","['unknown', 'neutral', 'unknown', 'neutral', 'unknown']","[0.0, 0.0, 0.0, 0.0, 0.0]",neutral,0.0
"['dia', 'merasa', 'gembira', 'dengan', 'berita', 'itu', '.']","['pronoun', 'verb', 'unknown', 'preposition', 'noun', 'demonstrative pronoun', 'unknown']","['neutral', 'neutral', 'unknown', 'neutral', 'neutral', 'neutral', 'unknown']","[0.0, 0.0, 0.0, 0.0, 0.0, 0.0, 0.0]",neutral,0.0
"['dia', 'tidak', 'datang', ',', 'instead', 'adiknya', 'yang', 'datang', '.']","['pronoun', 'adverb', 'verb', 'punctuation', 'adverb', 'unknown', 'pronoun, conjunction', 'verb', 'unknown']","['neutral', 'neutral', 'neutral', 'neutral', 'neutral', 'unknown', 'neutral', 'neutral', 'unknown']","[0.0, 0.0, 0.0, 0.0, 0.0, 0.0, 0.0, 0.0, 0.0]",neutral,0.0
"['dia', 'bersumpah', 'akan', 'sentiasa', 'jujur', '.']","['pronoun', 'unknown', 'auxiliary verb', 'adverb', 'unknown', 'unknown']","['neutral', 'unknown', 'neutral', 'neutral', 'unknown', 'unknown']","[0.0, 0.0, 0.0, 0.0, 0.0, 0.0]",neutral,0.0
"['dia', 'berdepan', 'dengan', 'cabaran', 'disituasi', 'yang', 'sukar', '.']","['pronoun', 'verb', 'preposition', 'unknown', 'preposisi + noun', 'pronoun, conjunction', 'unknown', 'unknown']","['neutral', 'neutral', 'neutral', 'unknown', 'neutral', 'neutral', 'unknown', 'unknown']","[0.0, 0.0, 0.0, 0.0, 0.0, 0.0, 0.0, 0.0]",neutral,0.0
"['walaupun', 'xkaya', ',', 'dia', 'tetap', 'gembira', '.']","['conjunction', 'adjective', 'punctuation', 'pronoun', 'adjective, adverb', 'unknown', 'unknown']","['neutral', 'negative', 'neutral', 'neutral', 'neutral', 'unknown', 'unknown']","[0.0, -0.5, 0.0, 0.0, 0.0, 0.0, 0.0]",negative,-0.5
"['jawapan', 'kamu', 'betul', '.']","['unknown', 'unknown', 'adjective', 'unknown']","['unknown', 'unknown', 'positive', 'unknown']","[0.0, 0.0, 0.6, 0.0]",positive,0.7
"['persembahan', 'mereka', 'sangat', 'hebat', '.']","['unknown', 'pronoun', 'adverb', 'adjective', 'unknown']","['unknown', 'neutral', 'neutral', 'positive', 'unknown']","[0.0, 0.0, 0.0, 0.8, 0.0]",positive,0.9
"['ini', 'adalah', 'cerita', 'yang', 'sebenar', '.']","['demonstrative pronoun', 'copula / verb', 'unknown', 'pronoun, conjunction', 'adjective', 'unknown']","['neutral', 'neutral', 'unknown', 'neutral', 'neutral', 'unknown']","[0.0, 0.0, 0.0, 0.0, 0.0, 0.0]",neutral,0.0
"['saya', 'hv', 'banyak', 'buku', '.']","['pronoun', 'verb', 'adjective/quantifier', 'unknown', 'unknown']","['neutral', 'neutral', 'neutral', 'unknown', 'unknown']","[0.0, 0.0, 0.0, 0.0, 0.0]",neutral,0.0
"['dia', 'na', 'makan', 'nasi', '.']","['pronoun', 'verb', 'verb', 'unknown', 'unknown']","['neutral', 'neutral', 'neutral', 'unknown', 'unknown']","[0.0, 0.0, 0.0, 0.0, 0.0]",neutral,0.0
"['perompak', 'itu', 'ditangkap', 'polis', '.']","['noun', 'demonstrative pronoun', 'unknown', 'noun', 'unknown']","['negative', 'neutral', 'unknown', 'neutral', 'unknown']","[-0.9, 0.0, 0.0, 0.0, 0.0]",negative,-0.9
"['dia', 'belajar', 'kungfu', 'sejak', 'kecil', '.']","['pronoun', 'unknown', 'noun', 'unknown', 'unknown', 'unknown']","['neutral', 'unknown', 'neutral', 'unknown', 'unknown', 'unknown']","[0.0, 0.0, 0.0, 0.0, 0.0, 0.0]",neutral,0.0
"['dia', 'mcm', 'ayah', 'dia', '.']","['pronoun', 'preposition/adverb', 'noun', 'pronoun', 'unknown']","['neutral', 'neutral', 'neutral', 'neutral', 'unknown']","[0.0, 0.0, 0.0, 0.0, 0.0]",neutral,0.0
"['kanak', '-', 'kanak', 'itu', 'gembira', 'dengan', 'mainan', 'barunya', '.']","['noun', 'punctuation', 'noun', 'demonstrative pronoun', 'unknown', 'preposition', 'noun', 'unknown', 'unknown']","['neutral', 'neutral', 'neutral', 'neutral', 'unknown', 'neutral', 'positive', 'unknown', 'unknown']","[0.0, 0.0, 0.0, 0.0, 0.0, 0.0, 0.6, 0.0, 0.0]",positive,0.6
"['dia', 'memandu', 'kereta', 'baharunya', '.']","['pronoun', 'unknown', 'kata nama', 'unknown', 'unknown']","['neutral', 'unknown', 'neutral', 'unknown', 'unknown']","[0.0, 0.0, 0.0, 0.0, 0.0]",neutral,0.0
"['kerja', 'itu', 'suda', 'siap', '.']","['verb', 'demonstrative pronoun', 'adverb', 'adjective', 'unknown']","['neutral', 'neutral', 'neutral', 'neutral', 'unknown']","[0.0, 0.0, 0.0, 0.0, 0.0]",neutral,0.0
"['televisyen', 'saya', 'rosak', '.']","['unknown', 'pronoun', 'adjective', 'unknown']","['unknown', 'neutral', 'negative', 'unknown']","[0.0, 0.0, -0.8, 0.0]",negative,-0.8
"['saya', 'ada', '3', 'biji', 'epal', '.']","['pronoun', 'verb', 'nombor', 'unknown', 'unknown', 'unknown']","['neutral', 'neutral', 'neutral', 'unknown', 'unknown', 'unknown']","[0.0, 0.0, 0.0, 0.0, 0.0, 0.0]",neutral,0.0
"['dia', 'orang', 'first', 'yang', 'sampai', '.']","['pronoun', 'noun', 'adjective', 'pronoun, conjunction', 'verb', 'unknown']","['neutral', 'neutral', 'neutral', 'neutral', 'neutral', 'unknown']","[0.0, 0.0, 0.0, 0.0, 0.0, 0.0]",neutral,0.0
"['klu', 'hujan', ',', 'kita', 'tak', 'pergi', '.']","['conjunction', 'unknown', 'punctuation', 'pronoun', 'adverb (negation)', 'verb', 'unknown']","['neutral', 'unknown', 'neutral', 'neutral', 'neutral', 'neutral', 'unknown']","[0.0, 0.0, 0.0, 0.0, 0.0, 0.0, 0.0]",neutral,0.0
"['saya', 'tdk', 'tahu', '.']","['pronoun', 'kata nafi', 'verb', 'unknown']","['neutral', 'neutral', 'neutral', 'unknown']","[0.0, 0.0, 0.0, 0.0]",neutral,0.0
"['dia', 'mengambil', 'buku', 'dari', 'meja', '.']","['pronoun', 'verb', 'unknown', 'preposition', 'unknown', 'unknown']","['neutral', 'neutral', 'unknown', 'neutral', 'unknown', 'unknown']","[0.0, 0.0, 0.0, 0.0, 0.0, 0.0]",neutral,0.0
"['dia', 'berjanji', 'akan', 'mencintainya', 'seumur', 'hidup', '.']","['pronoun', 'unknown', 'auxiliary verb', 'unknown', 'adverb', 'verb, adjective', 'unknown']","['neutral', 'unknown', 'neutral', 'unknown', 'neutral', 'positive', 'unknown']","[0.0, 0.0, 0.0, 0.0, 0.0, 0.5, 0.0]",neutral,0.0
"['baju', 'tu', 'cantik', 'sangat', '.']","['unknown', 'pronoun', 'unknown', 'adverb', 'unknown']","['unknown', 'neutral', 'unknown', 'neutral', 'unknown']","[0.0, 0.0, 0.0, 0.0, 0.0]",neutral,0.0
"['lambatnyaaa', 'dia', 'sampai', '!']","['unknown', 'pronoun', 'verb', 'unknown']","['unknown', 'neutral', 'neutral', 'unknown']","[0.0, 0.0, 0.0, 0.0]",neutral,0.0
"['saya', 'sudah', 'makan', '.']","['pronoun', 'adverb', 'verb', 'unknown']","['neutral', 'neutral', 'neutral', 'unknown']","[0.0, 0.0, 0.0, 0.0]",neutral,0.0
"['dia', 'mewarisi', 'banyak', 'harta', 'daripada', 'bapanya', '.']","['pronoun', 'unknown', 'adjective/quantifier', 'noun', 'preposition', 'unknown', 'unknown']","['neutral', 'unknown', 'neutral', 'neutral', 'neutral', 'unknown', 'unknown']","[0.0, 0.0, 0.0, 0.0, 0.0, 0.0, 0.0]",neutral,0.0
"['kita', 'patut', 'memuji', 'usaha', 'gigih', 'mereka', '.']","['pronoun', 'adjective', 'unknown', 'unknown', 'unknown', 'pronoun', 'unknown']","['neutral', 'positive', 'unknown', 'unknown', 'unknown', 'neutral', 'unknown']","[0.0, 0.5, 0.0, 0.0, 0.0, 0.0, 0.0]",positive,0.7
"['segala', 'puji', 'bagi', 'allah', '.']","['determiner', 'verb', 'verb', 'proper noun', 'unknown']","['neutral', 'positive', 'neutral', 'positive', 'unknown']","[0.0, 0.7, 0.0, 0.9, 0.0]",positive,0.9
"['mereka', 'akan', 'mengundang', 'tetamu', 'ke', 'majlis', 'perkahwinan', '.', '/', 'kita', 'mesti', 'mematuhi', 'undang', '-', 'undang', '.']","['pronoun', 'auxiliary verb', 'unknown', 'unknown', 'particle (interrogative)', 'unknown', 'unknown', 'unknown', 'unknown', 'pronoun', 'modal verb', 'unknown', 'verb/noun', 'punctuation', 'verb/noun', 'unknown']","['neutral', 'neutral', 'unknown', 'unknown', 'neutral', 'unknown', 'unknown', 'unknown', 'unknown', 'neutral', 'neutral', 'unknown', 'neutral', 'neutral', 'neutral', 'unknown']","[0.0, 0.0, 0.0, 0.0, 0.0, 0.0, 0.0, 0.0, 0.0, 0.0, 0.0, 0.0, 0.0, 0.0, 0.0, 0.0]",neutral,0.0
"['saya', 'tahu', 'jawapannya', '.']","['pronoun', 'verb', 'unknown', 'unknown']","['neutral', 'neutral', 'unknown', 'unknown']","[0.0, 0.0, 0.0, 0.0]",neutral,0.0
"['kereta', 'itu', 'terlanggar', 'tiang', 'elektrik', '.']","['kata nama', 'demonstrative pronoun', 'unknown', 'unknown', 'unknown', 'unknown']","['neutral', 'neutral', 'unknown', 'unknown', 'unknown', 'unknown']","[0.0, 0.0, 0.0, 0.0, 0.0, 0.0]",negative,-0.6
"['kata', '-', 'kata', 'itu', 'kedengaran', 'kasar', 'seperti', 'jubor', '.']","['unknown', 'punctuation', 'unknown', 'demonstrative pronoun', 'unknown', 'adjective', 'preposition', 'noun', 'unknown']","['unknown', 'neutral', 'unknown', 'neutral', 'unknown', 'negative', 'neutral', 'negative', 'unknown']","[0.0, 0.0, 0.0, 0.0, 0.0, -0.6, 0.0, -0.8, 0.0]",negative,-0.8
"['keselamatan', 'awam', 'adalah', 'keutamaan', '.']","['noun', 'kata sifat', 'copula / verb', 'unknown', 'unknown']","['positive', 'neutral', 'neutral', 'unknown', 'unknown']","[0.8, 0.0, 0.0, 0.0, 0.0]",positive,0.8
"['dia', 'bukan', 'sahaja', 'tidak', 'datang', ',', 'malah', 'tidak', 'menghubungi', 'kami', '.']","['pronoun', 'particle', 'unknown', 'adverb', 'verb', 'punctuation', 'conjunction', 'adverb', 'unknown', 'unknown', 'unknown']","['neutral', 'neutral', 'unknown', 'neutral', 'neutral', 'neutral', 'neutral', 'neutral', 'unknown', 'unknown', 'unknown']","[0.0, 0.0, 0.0, 0.0, 0.0, 0.0, 0.0, 0.0, 0.0, 0.0, 0.0]",neutral,0.0
"['seorang', 'pemimpin', 'yang', 'baik', 'sentiasa', 'mendahulukan', 'rakyat', '.']","['unknown', 'noun', 'pronoun, conjunction', 'adjective', 'adverb', 'unknown', 'noun', 'unknown']","['unknown', 'neutral', 'neutral', 'positive', 'neutral', 'unknown', 'neutral', 'unknown']","[0.0, 0.0, 0.0, 0.8, 0.0, 0.0, 0.0, 0.0]",neutral,0.0
"['buku', 'tu', 'yang', 'saya', 'cari', '.']","['unknown', 'pronoun', 'pronoun, conjunction', 'pronoun', 'verb', 'unknown']","['unknown', 'neutral', 'neutral', 'neutral', 'neutral', 'unknown']","[0.0, 0.0, 0.0, 0.0, 0.0, 0.0]",neutral,0.0
