word,rootWord,sentimentTag,sentimentStrength,partOfSpeech,definition,exampleSentence,domain,relatedWords,isNegatable
kastam,kastam,neutral,0,noun,Jabatan kerajaan yang bertanggungjawab mengutip duti import dan eksport serta mengawal selia keluar masuk barangan dan orang di sempadan.,Barang yang diimport itu akan melalui pemeriksaan kastam.,"government, trade","['duti', 'cukai', 'sempadan', 'imigresen']",False
phone,telefon,neutral,0,noun,Alat telekomunikasi untuk bercakap dengan orang lain dari jarak jauh (pinjaman daripada bahasa Inggeris).,Saya perlu membeli phone baru.,technology,"['telefon bimbit', 'gajet', 'komunikasi']",False
Inilah,ini,neutral,0,demonstrative pronoun,"Bentuk penekanan bagi 'ini', merujuk kepada sesuatu yang dekat atau yang baru disebut.",Inilah yang saya cari selama ini.,general,"['itulah', 'ini', 'begitulah']",True
this,ini,neutral,0,demonstrative pronoun,Ini (kata ganti tunjuk bahasa Inggeris).,This is my book.,general,"['itu', 'ini']",True
.orang,orang,neutral,0,noun,Manusia; individu.,Ramai .orang hadir ke majlis itu.,general,"['individu', 'manusia', 'masyarakat']",True
bole,boleh,neutral,0,modal verb,Dapat; mampu; diizinkan (bentuk tidak formal bagi 'boleh').,Awak bole datang esok?,general,"['dapat', 'mampu', 'izin']",True
ANDA,anda,neutral,0,pronoun,"Kata ganti nama diri kedua, digunakan untuk merujuk kepada seseorang atau sekumpulan orang.",Apakah pendapat ANDA tentang isu ini?,general,"['awak', 'kamu', 'tuan', 'puan']",True
",,",",",neutral,0,punctuation,"Tanda baca yang digunakan untuk memisahkan unsur-unsur dalam senarai, klausa, atau idea (pengulangan koma).","Dia membeli epal,, oren dan pisang.",linguistics,[],False
harapan,harap,positive,0.7,noun,Keinginan atau jangkaan yang baik terhadap sesuatu yang akan berlaku.,Kami meletakkan harapan yang tinggi terhadap projek ini.,"general, emotion","['cita-cita', 'impian', 'aspirasi', 'putus asa']",True
Selalu,selalu,neutral,0,adverb,Pada setiap masa; sentiasa.,Dia Selalu datang awal ke pejabat.,general,"['sentiasa', 'sering', 'kadang-kadang', 'jarang']",True
seludup,seludup,negative,-0.8,verb,"Memasukkan atau mengeluarkan sesuatu secara haram atau sulit, biasanya melintasi sempadan.",Polis berjaya menumpaskan cubaan seludup dadah.,"crime, law","['haram', 'penyeludupan', 'salah']",True
mana?,mana,neutral,0,interrogative pronoun,"Digunakan untuk menanyakan tempat, pilihan, atau cara.",Awak dari mana?,general,"['apa', 'siapa', 'bila', 'kenapa']",False
beberapa,beberapa,neutral,0,determiner,Tidak tentu banyaknya; sedikit; sejumlah.,Beberapa orang pelajar telah hadir.,general,"['sedikit', 'sebilangan', 'banyak']",False
Sepatutnya,patut,neutral,0,adverb,Seharusnya; sewajarnya; mengikut apa yang betul atau sesuai.,Sepatutnya dia sudah sampai sekarang.,general,"['seharusnya', 'sewajarnya', 'wajar']",True
✌️👌👍,emosi positif,positive,0.9,emoji,"Gabungan emoji yang melambangkan kejayaan, persetujuan, dan kualiti yang sangat baik.",Kerja awak memang ✌️👌👍!,"communication, informal","['hebat', 'baik', 'setuju', 'mantap']",False
"mahkamah,",mahkamah,neutral,0,noun,Institusi di mana kes undang-undang didengar dan diputuskan oleh hakim.,"Kes itu akan dibawa ke mahkamah, pada minggu depan.","law, justice","['hakim', 'peguam', 'keadilan', 'undang-undang']",False
kita..,kita,neutral,0,pronoun,"Kata ganti nama diri pertama majmuk, merujuk kepada penutur dan pendengar (termasuk penutur, dan pendengar).",Mari kita.. pergi bersama.,general,"['kami', 'anda', 'mereka']",True
..pastu,kemudian,neutral,0,adverb,Selepas itu; kemudian (bentuk tidak formal bagi 'lepas itu').,"Dia makan nasi, ..pastu minum air.","informal, general","['selepas itu', 'kemudian', 'lalu']",False
Bodo,bodoh,negative,-0.7,adjective,Tidak cerdik; dungu; kurang akal (bentuk tidak formal bagi 'bodoh').,"Jangan jadi Bodo, fikirkan baik-baik.","general, insult","['dungu', 'tolol', 'pandai', 'cerdik']",True
mnjadi,menjadi,neutral,0,verb,Berubah atau bertukar kepada sesuatu keadaan atau bentuk; wujud (singkatan bagi 'menjadi').,Dia ingin mnjadi doktor apabila dewasa nanti.,general,"['berubah', 'berlaku', 'terbentuk']",True
"perampok,,takut",perampok,negative,-0.9,noun,Orang yang merampas harta benda orang lain secara paksa atau dengan kekerasan (perkataan 'takut' mungkin merujuk kepada rasa gentar yang berkaitan).,"Berita tentang perampok,,takut itu tersebar luas.","crime, emotion","['penyamun', 'pencuri', 'perompak']",True
de,ada,neutral,0,colloquialism,Singkatan bagi 'ada' atau 'dia' dalam percakapan tidak formal.,Dia de kat sana ke?,"informal, general","['ada', 'dia']",True
forever,selama-lamanya,neutral,0,adverb,Selama-lamanya; untuk selamanya (bahasa Inggeris).,We will be together forever.,general,"['selamanya', 'sentiasa', 'tidak pernah']",False
jugak..,juga,neutral,0,adverb,Juga; pun; demikian juga (bentuk tidak formal bagi 'juga').,Dia datang jugak.. walaupun lambat.,"informal, general","['juga', 'pun', 'demikian']",False
taruhan.,taruhan,neutral,0,noun,Wang atau sesuatu yang dipertaruhkan dalam perjudian; pertaruhan.,Dia meletakkan taruhan. yang besar pada perlumbaan itu.,"gambling, finance","['pertaruhan', 'judi', 'risiko']",False
bahwa,bahawa,neutral,0,conjunction,Kata penghubung yang memperkenalkan klausa pelengkap atau klausa nama (ejaan tidak baku bagi 'bahawa').,Dia mengatakan bahwa dia akan datang.,linguistics,"['yang', 'untuk', 'sehingga']",False
laju,laju,neutral,0,adjective,Bergerak dengan pantas; deras.,Kereta itu bergerak terlalu laju.,general,"['pantas', 'cepat', 'deras', 'perlahan', 'lambat']",True
Hola,Hola,positive,0.3,interjection,Sapaan dalam bahasa Sepanyol yang bermaksud 'hello' atau 'hai'.,"Hola, apa khabar?","greetings, informal","['hello', 'hai', 'salam']",False
Anjing-anjing,anjing,negative,-0.4,noun,"Binatang mamalia peliharaan dari jenis canidae (bentuk jamak). Dalam konteks tertentu, boleh membawa konotasi negatif (cth: ejekan).",Anjing-anjing di jalan itu kelihatan kelaparan.,"animals, informal","['anjing', 'serigala']",True
Pasai,pasal,neutral,0,preposition,"Tentang; mengenai; sebab (bentuk tidak formal bagi 'pasal', terutamanya di utara Malaysia).",Pasai apa dia tak datang?,"informal, general","['tentang', 'mengenai', 'sebab']",False
"xdak,tulaa",tiada itulah,neutral,0,colloquialism,"Gabungan singkatan 'tidak ada' ('xdak') dan 'itulah' ('tulaa'), bermaksud 'tiada, itulah sebabnya' atau 'itulah sebabnya tiada'.","Kenapa dia tak datang? Xdak,tulaa.","informal, general","['tiada', 'itulah', 'tak ada']",False
xde,tiada,neutral,0,colloquialism,Singkatan bagi 'tidak ada' atau 'tiada'.,Duit saya xde dalam dompet.,"informal, general","['tiada', 'tidak ada']",False
hidup,hidup,positive,0.5,"verb, adjective",Bernyawa; menjalani kehidupan; berfungsi.,Semua makhluk hidup perlu air.,"biology, general","['kehidupan', 'mati', 'nyawa', 'bernafas']",True
tetap,tetap,neutral,0,"adjective, adverb",Tidak berubah; kekal; pasti.,Keputusan itu tetap tidak boleh diubah.,general,"['kekal', 'stabil', 'berubah', 'sementara']",True
car.,kereta,neutral,0,noun,Kereta (kenderaan bermotor beroda empat; pinjaman daripada bahasa Inggeris).,Saya baru membeli car. baru.,transportation,"['kereta', 'kenderaan', 'auto']",False
slow2...kuku,perlahan-lahan,neutral,0,colloquialism,"Sangat perlahan; berhati-hati (gabungan perkataan Inggeris 'slow' digandakan untuk penekanan, 'kuku' mungkin tambahan tidak formal yang maksudnya perlu konteks lebih lanjut).",Dia memandu slow2...kuku di jalan yang licin.,"informal, general","['perlahan', 'lambat', 'hati-hati']",True
minit,minit,neutral,0,noun,Unit masa bersamaan enam puluh saat; catatan ringkas mesyuarat.,Mesyuarat itu berlangsung selama tiga puluh minit.,"time, administration","['saat', 'jam', 'masa']",False
mampus,mampus,negative,-0.9,"verb, exclamation",Mati (kata kasar atau umpatan); binasa.,Dia hampir mampus dilanggar kereta.,"informal, negative emotion","['mati', 'binasa', 'hidup']",True
D9,D9,neutral,0,code,"Singkatan atau kod yang tidak mempunyai makna umum tanpa konteks spesifik (cth: model produk, nama kod projek, atau sebahagian alamat).",Produk D9 telah dilancarkan di pasaran.,"technical, unknown",[],False
pnyamun,penyamun,negative,-0.9,noun,Orang yang melakukan perbuatan menyamun; perompak (singkatan/kesilapan ejaan bagi 'penyamun').,Pihak polis berjaya menangkap pnyamun itu.,"crime, law enforcement","['perampok', 'pencuri', 'perompak']",True
"ni,",ini,neutral,0,demonstrative pronoun,Singkatan bagi 'ini' dalam percakapan tidak formal.,"Buku ni, saya punya.","informal, general","['ini', 'tu']",True
makan,makan,neutral,0,verb,Memasukkan makanan ke dalam mulut dan mengunyahnya; mengambil hidangan.,Kami akan makan malam di restoran itu.,"food, general","['minum', 'hidangan', 'santapan']",True
time,masa,neutral,0,noun,Masa; ketika (pinjaman daripada bahasa Inggeris).,Apa time kita nak jumpa?,general,"['masa', 'waktu', 'ketika']",False
tersebut.,sebut,neutral,0,"adjective, determiner",Yang telah disebutkan atau dinyatakan sebelumnya.,Perkara tersebut. perlu diberi perhatian.,general,"['dinyatakan', 'disebutkan', 'dikenali']",False
jelas,jelas,positive,0.4,adjective,Terang dan nyata; mudah difahami; tidak kabur.,Arahan yang diberikan sangat jelas.,general,"['terang', 'nyata', 'faham', 'kabur', 'samar']",True
dkt,dekat,neutral,0,preposition,Singkatan bagi 'dekat'; berhampiran; rapat.,Rumah saya dkt dengan sekolah.,"informal, general","['dekat', 'hampir', 'jauh']",False
sehingga,hingga,neutral,0,"conjunction, preposition",Sampai pada suatu batas waktu atau tempat; agar.,Kami bekerja sehingga larut malam.,general,"['sampai', 'hingga', 'agar']",False
wrong,salah,negative,-0.5,adjective,Salah; tidak betul (pinjaman daripada bahasa Inggeris).,Jawapan awak wrong.,general,"['salah', 'betul', 'benar']",True
baru,baru,neutral,0,"adjective, adverb",Belum lama dibuat atau ada; belum pernah ada sebelumnya; baru sahaja.,Dia baru tiba dari Kuala Lumpur.,general,"['moden', 'lama', 'dahulu', 'baru sahaja']",True
saja,sahaja,neutral,0,adverb,Hanya; cuma; semata-mata (bentuk tidak formal bagi 'sahaja').,Saya datang saja untuk melihat.,general,"['hanya', 'cuma', 'semata-mata']",False
kejadiannya,kejadian,neutral,0,noun,Peristiwa atau insiden yang berlaku; hal yang terjadi.,Saksi menceritakan kejadiannya dengan terperinci.,general,"['peristiwa', 'insiden', 'hal']",False
macamni,macam ini,neutral,0,adverb,Seperti ini; begini.,Awak patut buat macamni.,general,"['begini', 'macam itu']",False
Tercarut,carut,negative,-0.6,verb,Terkeluar perkataan lucah atau kasar secara tidak sengaja.,Dia tercarut apabila jarinya tersepit pintu.,general,"['terhambur', 'melucah']",True
nnti,nanti,neutral,0,adverb,Kemudian; pada masa akan datang.,Jumpa nnti.,general,"['kemudian', 'sebentar lagi']",False
respek,hormat,positive,0.7,noun,Rasa hormat atau penghargaan terhadap seseorang atau sesuatu.,Kami ada respek yang tinggi padanya.,general,"['hormat', 'penghargaan', 'kagum']",True
berlambak,lambak,neutral,0.2,adjective,Ada dengan banyak; bertimbun-timbun.,Buah-buahan berlambak di pasar.,commerce,"['banyak', 'melimpah', 'bertimbun']",True
boleh,boleh,neutral,0,modal verb,Dapat; izin; mampu.,Awak boleh pergi sekarang.,general,"['dapat', 'mampu', 'izin']",True
Taruhan,taruh,neutral,0,noun,Wang atau harta yang dipertaruhkan dalam permainan judi atau sebarang pertandingan.,Dia kehilangan semua taruhannya semalam.,gambling,"['pertaruhan', 'cagaran']",False
tersangka,sangka,negative,-0.5,noun,Orang yang disyaki melakukan sesuatu jenayah atau kesalahan.,Polis menahan beberapa orang tersangka dalam kes rompakan itu.,law,"['suspek', 'tertuduh', 'syak']",False
Knpa,kenapa,neutral,0,interrogative adverb,Mengapa; untuk sebab apa.,Knpa awak tak datang semalam?,general,"['mengapa', 'kenapa']",False
minum,minum,neutral,0,verb,Memasukkan cecair ke dalam mulut dan menelan; mengambil minuman.,Dia suka minum air sejuk.,food,"['meneguk', 'menghirup']",True
Kalau,kalau,neutral,0,conjunction,Jika; andai kata.,"Kalau awak setuju, kita boleh teruskan.",general,"['jika', 'andai', 'sekiranya']",False
now,sekarang,neutral,0,adverb,Sekarang; pada masa ini.,Dia nak jumpa awak now.,general,"['sekarang', 'kini']",False
luar,luar,neutral,0,adverb,Bahagian sebelah sana atau di luar sesuatu.,Dia sedang menunggu di luar rumah.,general,['dalam'],True
hok,yang,neutral,0,conjunction,Yang (dialek pantai timur).,Buku hok dia baca tu menarik.,regional,['yang'],False
yah,ya,neutral,0,interjection,Ungkapan persetujuan atau seruan.,"Yah, betul tu!",general,"['ya', 'betul']",False
itu,itu,neutral,0,demonstrative pronoun,Menunjukkan sesuatu yang jauh atau yang telah disebutkan.,Rumah itu sangat besar.,general,['ini'],False
lari,lari,neutral,0,verb,Bergerak dengan cepat menggunakan kaki; melarikan diri.,Dia lari ke arah hutan.,general,"['berlari', 'melarikan diri']",True
kaya,kaya,positive,0.8,adjective,Mempunyai banyak harta atau wang; mewah.,Dia menjadi kaya setelah berjaya dalam perniagaan.,finance,"['mewah', 'berharta', 'miskin']",True
bdx,budak,neutral,0,noun,Kanak-kanak; orang muda.,Bdx-bdx tu main bola di padang.,general,"['budak', 'kanak-kanak']",False
gila,gila,negative,-0.7,adjective,Hilang akal; tidak siuman; sangat ghairah atau taksub.,Dia berkelakuan seperti orang gila.,health,"['tidak waras', 'taksub', 'siuman']",True
doa,doa,positive,0.6,noun,Permohonan atau harapan kepada Tuhan; memohon.,Dia sentiasa berdoa untuk kebaikan keluarganya.,religion,"['permohonan', 'harapan']",True
kayu,kayu,neutral,0,noun,Bahan keras daripada batang atau dahan pokok.,Rumah itu diperbuat daripada kayu.,general,"['papan', 'balak']",False
anda,anda,neutral,0,pronoun,"Kata ganti nama diri kedua, hormat.","Apa khabar, anda?",general,"['awak', 'kamu']",False
perompak,rompak,negative,-0.9,noun,Orang yang merompak; penyamun.,Perompak itu berjaya ditangkap polis.,crime,"['penyamun', 'pencuri', 'penjenayah']",False
bwk,bawa,neutral,0,verb,Mengangkat atau membawa sesuatu.,Tolong bwk buku ni.,general,"['bawa', 'mengangkut']",True
Bahaya,bahaya,negative,-0.8,noun,Keadaan yang boleh mendatangkan kemudaratan atau kecederaan.,Merokok adalah bahaya kepada kesihatan.,safety,"['risiko', 'mudarat', 'selamat']",True
takda,tiada,neutral,0,adverb,Tidak ada; tidak wujud.,Barang tu takda di kedai.,general,"['tiada', 'tidak ada', 'ada']",False
Teruknya,teruk,negative,-0.7,adjective,Sangat tidak baik; parah; sangat buruk.,Teruknya keadaan rumah itu selepas banjir.,general,"['sangat buruk', 'parah', 'dahsyat']",False
walau,walau,neutral,0,conjunction,Walaupun; meskipun.,"Walau hujan lebat, kami tetap pergi.",general,"['walaupun', 'meskipun', 'sungguhpun']",False
BUNYIKAN,bunyi,neutral,0,verb,Membuat sesuatu mengeluarkan bunyi; membunyikan.,Sila bunyikan loceng jika anda memerlukan bantuan.,general,"['membunyikan', 'mengeluarkan bunyi']",True
tentu,tentu,neutral,0,adjective,Pasti; sudah diketahui dengan pasti.,Dia tentu akan datang esok.,general,"['pasti', 'sudah tentu']",True
huhu,huhu,neutral,0,interjection,"Ungkapan suara yang menyatakan perasaan seperti tawa kecil, sedih, atau kebingungan.","Huhu, memang kelakar cerita tu.",general,"['haha', 'hehe']",False
penyamun,samun,negative,-0.9,noun,Orang yang melakukan perbuatan merompak atau menyamun.,Penyamun itu bersenjatakan parang.,crime,"['perompak', 'pencuri', 'penjenayah']",False
bicara,bicara,neutral,0,verb,Perbuatan bercakap atau berunding; perbicaraan di mahkamah.,Mereka sedang bicara tentang masa depan syarikat.,general,"['bercakap', 'berunding', 'perbincangan']",True
hancing,hancing,negative,-0.6,adjective,Berbau busuk seperti air kencing yang basi.,Bau hancing dari longkang itu sangat kuat.,general,"['busuk', 'masam', 'hanyir']",True
mrk,mereka,neutral,0,pronoun,"Kata ganti nama diri ketiga, jamak.",Mrk semua dah balik.,general,['mereka'],False
akhir,akhir,neutral,0,adjective,Penghujung; yang terakhir; tamat.,Ini adalah bahagian akhir bab ini.,general,"['penghujung', 'tamat', 'permulaan']",True
beritahu,tahu,neutral,0,verb,Menyampaikan maklumat kepada seseorang; memberitahu.,Tolong beritahu saya jika ada apa-apa perubahan.,general,"['memberitahu', 'memaklumkan', 'menyampaikan']",True
mlepaskan,lepas,neutral,0,verb,Membuat sesuatu terbebas; membiarkan pergi.,Dia mlepaskan burung itu ke udara.,general,"['melepaskan', 'membebaskan']",True
careful,berhati-hati,positive,0.4,adjective,Berhati-hati; cermat.,Be careful bila berjalan di sana.,general,"['berhati-hati', 'cermat', 'teliti']",True
Should,patut,neutral,0,modal verb,Patut; harus.,You should pergi sekarang.,general,"['patut', 'harus', 'mesti']",True
reti,reti,neutral,0,verb,Mengerti; faham; tahu.,Dia tak reti cakap Melayu.,general,"['mengerti', 'faham', 'tahu']",True
motor,motor,neutral,0,noun,Enjin yang menggerakkan kenderaan; motosikal (colloquial).,Dia menunggang motor ke tempat kerja.,transport,"['motosikal', 'kenderaan']",False
Mangsa,mangsa,negative,-0.7,noun,"Orang atau benda yang menderita akibat bencana, jenayah, atau kejadian buruk.",Mangsa banjir dipindahkan ke pusat perlindungan.,crime,"['korban', 'penderita']",False
kak,kakak,neutral,0,noun,Panggilan untuk kakak atau wanita yang lebih tua.,"Kak, tolong belikan roti.",family,"['kakak', 'adik']",False
langgar,langgar,negative,-0.6,verb,Melanggar; terlanggar; melanggar peraturan.,Kereta itu langgar lampu isyarat.,transport,"['merempuh', 'mematuhi']",True
akulah,aku,neutral,0,pronoun,Aku (dengan penegasan).,Akulah yang bertanggungjawab.,general,"['aku', 'saya']",False
intai,intai,neutral,-0.2,verb,Melihat secara senyap-senyap atau curi-curi; mengintai.,Dia intai dari balik tirai.,general,"['mengintai', 'menghendap', 'melihat']",True
scariest,takut,negative,-0.8,adjective,Yang paling menakutkan atau mengerikan.,Filem itu adalah yang scariest (paling menakutkan) yang pernah saya tonton.,general,"['mengerikan', 'menyeramkan', 'dahsyat']",True
tumpas,tumpas,negative,-0.7,verb,Kalah dalam pertempuran atau perjuangan; binasa.,Pasukan musuh akhirnya tumpas di medan perang.,military,"['kalah', 'binasa', 'musnah']",True
diberi,beri,neutral,0,verb,Menerima sesuatu; sesuatu yang diberikan kepada.,Dia diberi penghargaan atas usahanya.,general,"['menerima', 'mendapatkan']",True
dengr,dengar,neutral,0,verb,Menggunakan telinga untuk mengetahui bunyi; memahami (bentuk tidak formal bagi 'dengar').,Adakah anda dengr (dengar) apa yang dia katakan?,general,"['mendengar', 'memahami']",True
Tindakan,tindak,neutral,0,noun,Perbuatan atau langkah yang diambil.,Kerajaan mengambil Tindakan (tindakan) tegas terhadap rasuah.,general,"['perbuatan', 'langkah', 'aksi']",True
longkong.yg,longkang,neutral,0,noun,Saluran air buangan (merujuk kepada 'longkang'). 'yg' adalah singkatan bagi 'yang'.,Longkong.yg (longkang yang) kotor itu perlu dibersihkan.,environment,"['parit', 'selokan']",True
can't,tidak dapat,neutral,0,modal verb,Tidak dapat; tidak boleh.,Saya can't (tidak dapat) datang ke majlis itu.,general,"['tidak boleh', 'mustahil']",True
"bahaya,kalau",bahaya,negative,-0.8,noun,Keadaan yang boleh menyebabkan kemudaratan atau kecederaan (merujuk kepada 'bahaya'). 'kalau' bermaksud 'jika'.,"Merokok sangat bahaya,kalau (bahaya, kalau) tidak berhenti.",general,"['risiko', 'ancaman', 'mudarat']",True
duit..rmpak,rompak,negative,-0.9,verb,Perbuatan merampas harta secara kekerasan atau ancaman (merujuk kepada 'rompak'). 'duit' bermaksud 'wang'.,Mereka cuba duit..rmpak (merompak duit) dari bank itu.,crime,"['samun', 'curi', 'ragut']",True
wanita,wanita,neutral,0,noun,Orang perempuan dewasa.,Wanita itu seorang usahawan yang berjaya.,general,"['perempuan', 'isteri']",True
PENJENAYAH,jenayah,negative,-0.8,noun,Orang yang melakukan jenayah.,Polis berjaya menangkap PENJENAYAH (penjenayah) itu.,crime,"['pesalah', 'perompak', 'penjahat']",True
selalunya,selalu,neutral,0,adverb,Pada kebanyakan masa; biasanya.,Dia selalunya pulang ke rumah awal.,general,"['biasanya', 'lazimnya', 'kerap']",True
Naudzubillahiminzalik,N/A,negative,-0.5,interjection,"Kami berlindung kepada Allah daripada perkara itu (digunakan untuk menyatakan rasa terkejut, takut, atau jijik terhadap sesuatu yang buruk).","Naudzubillahiminzalik, semoga kita dijauhkan dari musibah itu.",religion,"['Nauzubillah', 'Astaghfirullah']",False
sy,saya,neutral,0,pronoun,Kata ganti nama diri pertama tunggal (singkatan bagi 'saya').,Sy (Saya) tidak tahu.,general,"['aku', 'beta']",False
dalam,dalam,neutral,0,preposition,Di bahagian tengah atau tengah sesuatu.,Buku itu ada di dalam beg.,general,"['di', 'ke']",True
iblis!,iblis,negative,-0.9,noun,Syaitan; makhluk jahat yang menyesatkan manusia.,Perangai dia macam iblis! (syaitan),religion,"['syaitan', 'jin', 'setan']",True
inggeris,Inggeris,neutral,0,adjective,Berkenaan dengan atau berasal dari England; bahasa England (ejaan tidak formal bagi 'Inggeris').,Dia fasih berbahasa inggeris (Inggeris).,language,"['British', 'England']",True
tinggi,tinggi,neutral,0,adjective,Mempunyai ukuran dari dasar ke atas yang besar; mulia.,Bangunan itu sangat tinggi.,general,"['jangkung', 'mulia']",True
trus,terus,neutral,0,adverb,Tanpa berhenti atau berbelok; serta-merta (bentuk tidak formal bagi 'terus').,Dia trus (terus) berjalan tanpa menoleh.,general,"['langsung', 'serta-merta', 'segera']",True
bermakna,makna,neutral,0,verb,Mempunyai erti atau maksud; penting.,Ucapan itu sangat bermakna baginya.,general,"['bererti', 'penting', 'signifikan']",True
juga,juga,neutral,0,adverb,Pun; turut; malahan.,Dia juga ingin turut serta.,general,"['pun', 'turut', 'malah']",False
tepuk,tepuk,neutral,0,verb,"Memukul ringan dengan telapak tangan, biasanya untuk menghasilkan bunyi atau menarik perhatian.",Dia tepuk bahu saya.,general,"['tepukan', 'tampar']",True
bukti,bukti,neutral,0,noun,Sesuatu yang menunjukkan kebenaran atau kewujudan sesuatu.,Tiada bukti kukuh ditemui.,law,"['dalil', 'keterangan', 'saksi']",True
DAN,dan,neutral,0,conjunction,"Kata penghubung untuk menyambung dua atau lebih perkataan, frasa, atau ayat.",Saya DAN (dan) kawan saya pergi ke pasar.,general,"['serta', 'lalu']",False
Malaysia,Malaysia,neutral,0,proper noun,Nama negara di Asia Tenggara.,Malaysia terkenal dengan kepelbagaian budayanya.,geography,[],False
niat,niat,neutral,0,noun,Tujuan atau maksud dalam melakukan sesuatu.,Dia mempunyai niat baik untuk membantu.,general,"['tujuan', 'maksud', 'azam']",True
pasal,pasal,neutral,0,preposition,Berkenaan dengan; tentang.,Mereka berbincang pasal masalah itu.,general,"['tentang', 'mengenai', 'perihal']",False
keje,kerja,neutral,0,noun,Aktiviti yang dilakukan untuk menghasilkan sesuatu atau mendapatkan upah (bentuk tidak formal bagi 'kerja').,Dia pergi keje (kerja) setiap pagi.,general,"['tugas', 'pekerjaan']",True
dicari,cari,neutral,0,verb,Sedang diusahakan untuk ditemui atau ditemukan.,Penjenayah itu masih dicari oleh pihak polis.,general,"['dijejaki', 'diusahakan']",True
taknak.,hendak,neutral,0,verb,Tidak mahu; tidak hendak (bentuk tidak formal bagi 'tidak hendak' atau 'tidak mahu').,Dia taknak. (tidak mahu) makan nasi.,general,"['tidak mahu', 'enggan']",True
memerlukan..sekarang,perlu,neutral,0,verb,Mempunyai keperluan akan sesuatu; berkehendak (merujuk kepada 'memerlukan'). 'sekarang' bermaksud 'kini'.,Kita memerlukan..sekarang (memerlukan sekarang) bantuan anda.,general,"['berkehendak', 'menghendaki']",True
ka,kah,neutral,0,particle,Partikel penegas atau pertanyaan (bentuk tidak formal bagi 'kah').,Betul ka (betulkah) apa yang dia cakap?,general,['kah'],False
karna,kerana,neutral,0,conjunction,Oleh sebab; disebabkan (bentuk tidak formal bagi 'kerana').,Dia tidak datang karna (kerana) hujan lebat.,general,"['sebab', 'oleh kerana']",False
banyak..,banyak,neutral,0,adjective,Dalam jumlah yang besar; tidak sedikit (merujuk kepada 'banyak').,Ada banyak.. (banyak) buku di perpustakaan itu.,general,"['ramai', 'melimpah']",True
muka,muka,neutral,0,noun,Bahagian hadapan kepala; rupa.,Dia mempunyai muka yang cantik.,anatomy,"['wajah', 'paras', 'air muka']",True
mengetuk,ketuk,neutral,0,verb,"Memukul sesuatu dengan keras dan berulang kali, biasanya untuk menghasilkan bunyi.",Dia mengetuk pintu berkali-kali.,general,"['memukul', 'menghentak']",True
tegas,tegas,neutral,0,adjective,Keras dan tidak berganjak; jelas dan nyata.,Guru itu sangat tegas dalam mendidik muridnya.,general,"['cekal', 'kental', 'jelas']",True
penciptaan,cipta,neutral,0,noun,Proses atau hasil menciptakan sesuatu.,Penciptaan alat baharu itu mengambil masa bertahun-tahun.,general,"['ciptaan', 'pembentukan']",True
"keja,dapat",kerja,neutral,0,noun,Aktiviti yang dilakukan untuk menghasilkan sesuatu atau mendapatkan upah (merujuk kepada 'keja' atau 'kerja'). 'dapat' bermaksud 'memperoleh'.,"Selepas keja,dapat (kerja, dapat)lah gajinya.",general,"['tugas', 'pekerjaan']",True
bumped,langgar,negative,-0.2,verb,Telah terlanggar atau berlanggar (kata kerja Bahasa Inggeris).,Saya bumped (terlanggar) meja itu tadi.,general,"['terlanggar', 'berlanggar', 'tersentuh']",True
diri....langgar,langgar,negative,-0.7,verb,Memukul atau menabrak sesuatu (merujuk kepada 'langgar'). 'diri' bermaksud 'badan sendiri'.,Dia diri....langgar (melanggar) keretanya.,general,"['tabrak', 'rempuh', 'pukul']",True
drive,pandu,neutral,0,verb,Mengendalikan kenderaan; memandu (kata kerja Bahasa Inggeris).,Dia drive (memandu) keretanya dengan laju.,automotive,"['memandu', 'mengendalikan']",True
"jb,",Johor Bahru,neutral,0,proper noun,"Singkatan bagi Johor Bahru, sebuah bandaraya di Malaysia.","Dia tinggal di jb, (Johor Bahru).",geography,['Johor Bahru'],False
tolong,tolong,neutral,0,verb,Membantu atau memberikan sokongan.,Tolong saya angkat kotak ini.,general,"['bantu', 'sokong']",True
auto,automatik,neutral,0,adjective,Berfungsi secara sendiri tanpa kawalan manusia; automatik (kata pinjaman dari Bahasa Inggeris).,Kereta itu ada gear auto (automatik).,technology,"['automatik', 'sendiri']",True
aduh,aduh,negative,-0.3,interjection,"Seruan yang menyatakan rasa sakit, kecewa, atau terkejut.",Aduh! Sakitnya kaki saya.,general,"['alamak', 'cis']",False
xbulih,boleh,neutral,0,modal verb,Tidak boleh; tidak dapat (bentuk tidak formal dan singkatan bagi 'tidak boleh').,Saya xbulih (tidak boleh) datang esok.,general,"['tak boleh', 'tak dapat']",True
mana,mana,neutral,0,interrogative pronoun,"Kata tanya untuk tempat, benda, atau cara.",Di mana awak tinggal?,general,"['di mana', 'ke mana']",False
Kita,kita,neutral,0,pronoun,"Kata ganti nama diri pertama jamak, merujuk kepada diri sendiri dan orang lain, termasuk orang yang diajak bercakap.",Kita (kita) perlu bekerjasama.,general,"['kami', 'awak']",False
"keluar...aduhhh,cara",keluar,neutral,0,verb,"Pergi ke luar; meninggalkan sesuatu tempat (merujuk kepada 'keluar'). 'aduhhh' adalah seruan, 'cara' adalah kaedah.","Dia ingin keluar...aduhhh,cara (keluar, aduh, cari cara) untuk menyelesaikan masalah ini.",general,"['pergi', 'beredar']",True
Saya,saya,neutral,0,pronoun,Kata ganti diri pertama tunggal (aku/beta/patik).,Saya akan pulang ke kampung esok.,general,"['aku', 'beta', 'hamba']",False
video,video,neutral,0,noun,Rakaman bergerak dan bunyi yang boleh ditonton pada skrin.,Dia memuat naik video baru ke saluran YouTube.,technology,"['filem', 'klip', 'rakaman']",False
r,r,neutral,0,letter,Huruf ke-18 dalam abjad Rumi; juga mungkin singkatan tertentu mengikut konteks.,Huruf 'r' sering digunakan dalam perkataan pinjaman.,general,[],False
fantastis,fantastis,positive,0.8,adjective,Sangat hebat; luar biasa; menakjubkan.,Persembahan mereka malam tadi sangat fantastis.,general,"['hebat', 'menakjubkan', 'luar biasa', 'buruk', 'biasa']",True
Klas,kelas,neutral,0,noun,Singkatan atau ejaan tidak formal untuk 'kelas' (kumpulan pelajar; kategori).,Saya ada klas tambahan petang ini.,education,"['darjah', 'kumpulan', 'kategori']",False
cap,cap,neutral,0,noun,Penutup kepala (topi); tanda atau jenama.,Dia memakai cap berwarna biru.,fashion,"['topi', 'jenama', 'tanda']",False
Woww...cermin,cermin,neutral,0,noun,Permukaan licin yang memantulkan imej; kaca muka. 'Woww...' adalah seruan kagum.,Woww...cermin ini sangat bersih!,general,"['kaca', 'pantulan']",False
pelaku,laku,neutral,0,noun,Orang yang melakukan sesuatu (sama ada perbuatan baik atau buruk); dalang; aktor.,Pihak polis sedang memburu pelaku jenayah itu.,general,"['pesalah', 'aktor', 'dalang', 'mangsa']",True
ye,ya,neutral,0,interjection,Ejaan tidak formal untuk 'ya' (kata persetujuan atau pengesahan).,"“Awak faham?” “Ye, saya faham.”",general,"['ya', 'betul', 'tidak']",False
tenaga,tenaga,neutral,0,noun,Daya atau kekuatan untuk melakukan sesuatu; kuasa.,Dia memerlukan lebih banyak tenaga untuk menyelesaikan kerja itu.,general,"['daya', 'kekuatan', 'kuasa', 'kelemahan']",False
menyusahkn,susah,negative,-0.7,verb,Ejaan tidak formal untuk 'menyusahkan' (membuat seseorang atau sesuatu menjadi susah; merumitkan).,Tindakannya itu hanya menyusahkn orang lain.,general,"['merumitkan', 'membebankan', 'memudahkan']",True
makanan,makan,neutral,0,noun,Segala bahan yang dimakan untuk memberi tenaga dan tumbesaran.,Makanan sihat adalah penting untuk kesihatan.,food,"['hidangan', 'sajian', 'minuman']",False
sepupu,sepupu,neutral,0,noun,Anak kepada bapa saudara atau ibu saudara.,Saya akan melawat sepupu saya hujung minggu ini.,family,"['keluarga', 'saudara']",True
thu,tahu,neutral,0,verb,Ejaan tidak formal untuk 'tahu' (mempunyai pengetahuan atau maklumat tentang sesuatu).,Saya tak thu bila dia akan sampai.,general,"['faham', 'mengerti', 'tidak tahu']",True
<br>Kalau,kalau,neutral,0,conjunction,Jika; andai kata. 'br' adalah tag HTML untuk baris baru.,"Kalau ada masa, saya akan datang.",general,"['jika', 'andai', 'sekiranya']",False
Penakut,takut,negative,-0.6,adjective,Bersifat takut; pengecut.,"Dia bukan penakut, dia cuma berhati-hati.",psychology,"['pengecut', 'berani', 'perkasa']",True
remuk,remuk,negative,-0.5,adjective,Hancur berkecai; rosak teruk.,Kereta itu remuk teruk selepas kemalangan.,general,"['hancur', 'pecah', 'rosak', 'utuh']",True
neraka,neraka,negative,-0.8,noun,Tempat seksaan bagi orang jahat selepas mati (dalam agama); keadaan yang sangat buruk.,Dia berasa hidupnya seperti di neraka selepas kejadian itu.,religion,"['syurga', 'api']",False
JIRAN,jiran,neutral,0,noun,Orang yang tinggal berdekatan; tetangga.,JIRAN baharu kami sangat peramah.,community,"['tetangga', 'komuniti']",True
tangan,tangan,neutral,0,noun,Anggota badan dari pergelangan hingga hujung jari.,Dia menulis dengan tangan kanannya.,anatomy,"['jari', 'lengan']",False
basikal,basikal,neutral,0,noun,Kenderaan beroda dua yang digerakkan dengan mengayuh pedal.,Dia pergi ke sekolah menunggang basikal.,transport,"['motosikal', 'kereta', 'roda']",False
Alg2,algebra,neutral,0,noun,"Singkatan untuk Algebra 2, kursus matematik lanjutan.",Pelajar itu sedang belajar Alg2 di universiti.,education,"['matematik', 'algebra', 'kursus']",False
jantung,jantung,neutral,0,noun,Organ dalam badan yang mengepam darah; hati.,Jantungnya berdegup laju kerana takut.,anatomy,"['hati', 'organ', 'denyutan']",False
down,down,negative,-0.4,adjective,"Berasa murung, sedih, atau tidak bermaya (kata pinjaman dari Inggeris).",Dia berasa down selepas gagal dalam peperiksaan.,psychology,"['sedih', 'murung', 'gembira', 'bersemangat']",True
2-3,2-3,neutral,0,numeral,Julat angka antara dua dan tiga.,Sediakan 2-3 biji telur untuk resepi ini.,general,"['beberapa', 'sedikit']",False
xdpt,dapat,negative,-0.3,verb,Singkatan tidak formal untuk 'tidak dapat' (tidak mampu atau tidak boleh memperoleh sesuatu).,Saya xdpt hadir ke majlis itu.,general,"['tidak boleh', 'gagal', 'berjaya']",False
beliau,beliau,neutral,0,pronoun,Kata ganti diri ketiga hormat (digunakan untuk orang yang dihormati).,Beliau ialah seorang tokoh masyarakat yang dihormati.,general,"['dia', 'mereka']",False
akai.,akal,neutral,0,noun,"Ejaan tidak formal atau slanga untuk 'akal' (fikiran, daya berfikir, kebijaksanaan).",Gunakan akai anda untuk menyelesaikan masalah ini.,general,"['fikiran', 'kebijaksanaan', 'otak']",False
🏁🏁🏁,,positive,0.5,emoji,"Emoji bendera perlumbaan tamat, melambangkan kemenangan, penamat, atau kejayaan.",Kami telah berjaya menamatkan projek ini 🏁🏁🏁.,sports,"['kemenangan', 'tamat', 'kejayaan']",False
haram😁,haram,negative,-0.7,adjective,Dilarang oleh agama atau undang-undang; tidak sah. Emoji '😁' menunjukkan nada main-main atau sarkastik.,Makan sambil berdiri itu haram😁 katanya.,religion,"['dilarang', 'sah', 'halal']",True
api,api,neutral,0,noun,"Gas panas yang menyala, hasil pembakaran; bara.","Hati-hati dengan api, ia boleh membakar.",general,"['bara', 'kebakaran', 'asap']",False
Zahid,Zahid,neutral,0,proper noun,Nama khas orang.,Zahid akan datang ke majlis esok.,proper noun,[],False
tayar,tayar,neutral,0,noun,"Bahagian roda yang diperbuat daripada getah, biasanya berongga dan diisi angin.",Tayar keretanya pancit di tepi jalan.,transport,"['roda', 'rim', 'angin']",False
jail,jail,negative,-0.7,noun,Penjara; tempat tahanan (kata pinjaman dari Inggeris).,Penjenayah itu dihantar ke jail.,law,"['penjara', 'lokap', 'kurungan']",False
Aamiin3,Aamiin,positive,0.8,interjection,Kata yang diucapkan sebagai persetujuan atau doa agar permohonan dimakbulkan. Pengulangan '3' menunjukkan penekanan.,Semoga doa kita dimakbulkan. Aamiin3.,religion,"['amin', 'doa', 'makbul']",False
serta,serta,neutral,0,conjunction,Bersama dengan; dan juga.,Dia datang ke majlis itu serta rakan-rakannya.,general,"['dan', 'bersama', 'dengan']",False
didalam,dalam,neutral,0,preposition,Ejaan salah untuk 'di dalam' (menunjukkan posisi di ruang tertutup atau lingkungan tertentu).,Buku itu ada didalam beg.,general,"['luar', 'atas', 'bawah']",False
bodohnya,bodoh,negative,-0.8,adjective,Sifat tidak cerdik atau kurang akal. Partikel '-nya' menunjukkan penekanan atau kepunyaan.,Sungguh bodohnya tindakan itu!,general,"['dungu', 'bebal', 'pandai', 'cerdik']",True
ADA,ada,neutral,0,verb,Wujud; hadir; mempunyai.,ADA banyak makanan di sana.,general,"['tiada', 'wujud', 'memiliki']",True
padam,padam,neutral,0,verb,"Memadamkan (api, lampu); menghapuskan (tulisan).",Tolong padam lampu sebelum tidur.,general,"['menyala', 'menghapuskan', 'memadamkan']",True
ii,,neutral,0,interjection,Ungkapan tidak jelas atau penekanan; mungkin singkatan atau ulangan bunyi informal.,"Oh, ii, saya faham sekarang.",general,[],False
kreta..kita,kereta,neutral,0,noun,Gabungan ejaan tidak formal 'kreta' (kereta) dan 'kita' (kata ganti diri jamak). Merujuk kepada 'kereta kita'.,Kreta..kita perlu dibaiki segera.,transport,"['kereta', 'kenderaan']",False
aduk,aduk,neutral,0,verb,Mengacau atau mencampur aduk.,Dia aduk kopi itu dengan sudu.,cooking,"['kacau', 'campur', 'gaul']",True
ker,,neutral,0,particle,"Singkatan tidak formal atau bunyi pengisi yang maksudnya bergantung pada konteks, sering digunakan sebagai 'ke' atau awalan perkataan.",Awak nak pergi ker mana?,general,"['ke', 'kah']",False
api..boleh,api,neutral,0,noun,Gabungan 'api' (nyalaan) dan 'boleh' (mampu). Merujuk kepada fungsi atau keupayaan berkaitan api.,Lampu ini guna api..boleh menyala dengan baik.,general,"['api', 'boleh']",False
suv,SUV,neutral,0,noun,Kenderaan utiliti sukan; singkatan bagi 'Sport Utility Vehicle'.,Dia baru membeli sebuah suv baru.,transport,"['kereta', 'kenderaan']",False
undang²,undang-undang,neutral,0,noun,Singkatan tidak formal untuk 'undang-undang' (peraturan atau kaedah yang ditetapkan oleh pihak berkuasa; hukum).,Kita mesti mematuhi undang² negara.,law,"['hukum', 'peraturan', 'akta']",False
bat,bat,neutral,0,noun,"Alat pemukul dalam sukan (baseball, kriket) (kata pinjaman dari Inggeris).",Dia memukul bola dengan bat.,sports,"['pemukul', 'kayu']",False
fakir,fakir,negative,-0.6,noun,Orang yang sangat miskin; orang daif.,Golongan fakir miskin memerlukan bantuan kita.,society,"['miskin', 'daif', 'papa', 'kaya', 'berharta']",True
penyelesaian,selesai,neutral,0,noun,Hasil menyelesaikan masalah; jalan keluar.,Kami mencari penyelesaian terbaik untuk isu ini.,general,"['resolusi', 'jalan keluar', 'masalah']",False
setakat,takat,neutral,0,adverb,Hingga ke paras tertentu; sehingga; sampai.,"Setakat ini, tiada masalah besar yang timbul.",general,"['hingga', 'sampai', 'sehingga']",False
kosan,kos,neutral,0,noun,"(Informal, Indonesia) Bilik atau rumah kecil yang disewa, biasanya oleh pelajar atau pekerja bujang.",Dia sedang mencari kosan yang dekat dengan universiti.,housing,"['bilik sewa', 'asrama', 'penginapan']",False
run,run,neutral,0,verb,(Inggeris) Berlari; mengendalikan (sistem atau perniagaan); menjalankan.,Aplikasi itu tidak dapat run pada peranti lama.,technology,"['berlari', 'mengendalikan', 'berfungsi']",True
nii....,ini,neutral,0,pronoun,(Kolokial) Bentuk tidak formal bagi 'ini'.,Buku nii.... memang menarik.,informal,['ini'],False
",warga",warga,neutral,0,noun,Penduduk; anggota masyarakat sesuatu tempat.,Semua warga perlu mematuhi peraturan.,society,"['penduduk', 'rakyat', 'komuniti']",False
balik,balik,neutral,0,verb,Kembali ke tempat asal; pulang.,Dia akan balik ke kampung hujung minggu ini.,general,"['pulang', 'kembali']",True
selamat,selamat,positive,0.7,adjective,Aman dan sejahtera; terhindar daripada bahaya atau bencana.,Semoga perjalanan anda selamat sampai ke destinasi.,general,"['aman', 'sejahtera', 'sihat']",True
Tingkap,tingkap,neutral,0,noun,Bukaan pada dinding atau bumbung untuk memasukkan cahaya dan udara.,Dia membuka tingkap untuk membiarkan angin masuk.,architecture,"['jendela', 'lubang']",False
",",",",neutral,0,punctuation,Tanda baca koma. Digunakan untuk memisahkan unsur-unsur dalam senarai atau klausa.,"Saya membeli epal, oren, dan pisang.",linguistics,[],False
berjuta,juta,neutral,0,numeral,Mempunyai jumlah yang mencapai jutaan; amat banyak.,Berjuta orang telah terjejas akibat bencana itu.,general,"['banyak', 'jutaan', 'pelbagai']",False
sakai,sakai,negative,-0.8,adjective,(Kasar) Tidak bertamadun; bodoh atau dungu; kolot.,Janganlah berkelakuan sakai di khalayak ramai.,derogatory,"['bodoh', 'dungu', 'kolot']",True
dadah....hbis,dadah,negative,-0.9,noun,Bahan terlarang yang memudaratkan kesihatan dan menyebabkan ketagihan.,Penyalahgunaan dadah boleh merosakkan masa depan.,crime,"['narkotik', 'ubat terlarang', 'ketagihan']",False
mempertankan,tahan,neutral,0,verb,(Ejaan salah untuk 'mempertahankan') Melindungi atau membela sesuatu daripada ancaman.,Kita perlu mempertankan kedaulatan negara.,politics,"['membela', 'melindungi', 'mempertahankan']",True
kesal,kesal,negative,-0.6,adjective,Berasa tidak puas hati atau kecewa; menyesal.,Dia berasa kesal dengan keputusan yang telah dibuatnya.,emotion,"['menyesal', 'kecewa', 'dukacita']",True
bs,bodoh,negative,-0.7,adjective,(Singkatan tidak formal untuk 'bodoh') Tidak cerdik; tidak pandai.,Janganlah buat kerja bs macam tu.,informal,"['bodoh', 'bengap', 'dungu']",True
Sepatut,patut,neutral,0,adverb,(Singkatan tidak formal untuk 'sepatutnya') Sewajarnya; seharusnya.,Sepatut dia sudah tiba di sini.,general,"['sepatutnya', 'seharusnya', 'sewajarnya']",False
sayang,sayang,positive,0.8,verb,Merasa kasih dan cinta terhadap seseorang atau sesuatu; menyukai.,Dia sangat sayang akan keluarganya.,emotion,"['cinta', 'kasih', 'suka']",True
pembawa,bawa,neutral,0,noun,Orang atau benda yang membawa atau membawa sesuatu.,Dia adalah pembawa berita baik itu.,general,"['pengangkut', 'penyebar']",False
hehe,hehe,positive,0.3,interjection,"Bunyi ketawa yang ringan atau senyap, sering digunakan dalam teks.","Dia hanya membalas, 'hehe'.",informal,"['haha', 'hihi']",False
skarang.,sekarang,neutral,0,adverb,(Kolokial) Kini; pada waktu ini; saat ini.,Dia perlu buat keputusan skarang.,time,"['sekarang', 'kini', 'saat ini']",False
tekanlah,tekan,neutral,0,verb,Arahan atau suruhan untuk menekan sesuatu.,Tekanlah butang merah itu.,general,"['menekan', 'picit']",True
ini.,ini,neutral,0,pronoun,(Penunjuk) Merujuk kepada sesuatu yang dekat dengan penutur atau yang sedang dibicarakan.,Buku ini. adalah milik saya.,general,['itu'],False
Org,orang,neutral,0,noun,(Singkatan tidak formal untuk 'orang') Manusia; individu.,Ramai Org datang ke majlis itu.,general,"['orang', 'individu', 'manusia']",False
kali.,kali,neutral,0,noun,Kekerapan; bilangan sesuatu peristiwa atau tindakan.,Berapa kali. kamu sudah mengulanginya?,general,"['bilangan', 'kekerapan']",False
melampau,lampau,negative,-0.5,adjective,Berlebihan; melewati batas; keterlaluan.,Tindakannya itu sudah melampau.,general,"['berlebihan', 'keterlaluan', 'ekstrem']",True
"semua,siap",semua,neutral,0,quantifier,Seluruhnya; setiap satu daripadanya; segalanya.,Semua pelajar sudah siap untuk peperiksaan.,general,"['seluruh', 'segala', 'keseluruhan']",False
KASAr,kasar,negative,-0.6,adjective,Tidak halus; tidak sopan; biadab.,Perkataannya sangat KASAr dan menyinggung perasaan.,behavior,"['tidak sopan', 'biadab', 'celopar']",True
insyaallah,insyaallah,positive,0.6,interjection,(Arab) Jika Allah menghendaki; ungkapan harapan dan kebergantungan kepada Tuhan.,"Saya akan cuba datang esok, insyaallah.",religion,"['semoga', 'mudah-mudahan']",False
duit...pergi,duit,neutral,0,noun,Wang; mata wang; alat pertukaran ekonomi.,Dia memerlukan duit untuk membeli makanan.,finance,"['wang', 'harta', 'kekayaan']",False
tngan..,tangan,neutral,0,noun,(Kolokial) Anggota badan dari bahu hingga hujung jari.,Dia mengangkat tngan..nya untuk memberi isyarat.,anatomy,"['lengan', 'jari']",False
Syabas,syabas,positive,0.9,interjection,Kata pujian atau penghargaan; tahniah.,Syabas atas kejayaan cemerlang anda!,general,"['tahniah', 'bagus', 'bravo']",False
gilis,gilis,negative,-0.7,verb,Melindas atau menggilis dengan roda atau jentera.,Kereta itu hampir gilis motosikal di jalan.,transportation,"['melindas', 'merempuh', 'melenyek']",True
Bila,bila,neutral,0,adverb,Pada waktu atau masa bila; apabila.,Bila anda akan mula bekerja?,time,"['apabila', 'kapan']",False
adanya,ada,neutral,0,verb,Kewujudan; keadaan adanya sesuatu.,"Dengan adanya bantuan, projek ini dapat disiapkan.",general,"['kewujudan', 'kehadiran']",True
orng,orang,neutral,0,noun,(Ejaan salah untuk 'orang') Manusia; individu.,Ramai orng berkumpul di dataran.,general,"['orang', 'individu', 'manusia']",False
penjarakan,jarak,neutral,0,verb,Menjadikan berjarak; memisahkan dengan jarak.,Penjarakan sosial penting untuk membendung wabak.,health,"['menjarakkan', 'memisahkan', 'menjauhkan']",True
Jangan,jangan,neutral,0,particle,Kata larangan atau nasihat supaya tidak melakukan sesuatu.,Jangan sentuh barang itu.,general,"['dilarang', 'tidak boleh']",False
Bru,baru,neutral,0,adjective,(Kolokial) Bentuk tidak formal bagi 'baru'; belum lama.,Dia Bru sampai dari perjalanan.,general,"['baru', 'tadi', 'kini']",True
bingai,bingai,negative,-0.7,adjective,(Kolokial) Bodoh; tidak cerdik; dungu.,"Janganlah jadi bingai, gunakan akal.",derogatory,"['bodoh', 'dungu', 'bangang']",True
Enak,enak,positive,0.7,adjective,Sedap; lazat; nyaman.,Makanan ini sangat Enak.,food,"['sedap', 'lazat', 'nyaman']",True
so,so,neutral,0,conjunction,(Inggeris) Jadi; oleh itu; maka.,"Saya tiada masa, so saya tak dapat ikut.",general,"['jadi', 'oleh itu', 'maka']",False
sepatut,patut,neutral,0,adverb,(Singkatan tidak formal untuk 'sepatutnya') Sewajarnya; seharusnya.,Dia sepatut datang lebih awal.,general,"['sepatutnya', 'seharusnya', 'sewajarnya']",False
bunyi,bunyi,neutral,0,noun,Sesuatu yang dapat didengar; suara; suara alam.,Ada bunyi aneh dari luar.,general,"['suara', 'deruan', 'gema']",False
mahkamah..<br><br>Wallahualam.,mahkamah,neutral,0,noun,Institusi kehakiman tempat perbicaraan undang-undang dijalankan.,Kes itu akan dibawa ke mahkamah esok.,legal,"['pengadilan', 'kehakiman', 'dewan']",False
tu..kalo,itu,neutral,0,pronoun,(Kolokial) Bentuk tidak formal bagi 'itu'.,Baju tu..kalo awak suka.,informal,['itu'],False
penakut..pui..🥱🥱,takut,negative,-0.6,noun,Orang yang mudah berasa takut; pengecut.,Dia bukan seorang penakut.,personality,"['pengecut', 'bukan berani', 'ciut']",True
klw,kalau,neutral,0,conjunction,(Singkatan tidak formal untuk 'kalau') Sekiranya; andai kata.,"Klw dia datang, beritahu saya.",general,"['kalau', 'sekiranya', 'andai']",False
benda,benda,neutral,0,noun,Sesuatu yang wujud dan dapat disentuh atau dilihat; objek.,Benda itu ada di atas meja.,general,"['objek', 'barang', 'sesuatu']",False
Dlm,dalam,neutral,0,preposition,(Singkatan tidak formal untuk 'dalam') Berada di ruang atau lingkungan sesuatu.,Buku itu ada Dlm beg.,general,"['dalam', 'di']",False
cth,contoh,neutral,0,noun,(Singkatan tidak formal untuk 'contoh') Misalan; teladan; sampel.,Berikan satu cth ayat yang mudah.,general,"['contoh', 'misalan', 'teladan']",False
penyamun!,samun,negative,-0.8,noun,Orang yang melakukan perbuatan merompak atau mencuri dengan kekerasan.,Penyamun itu ditangkap polis semalam.,crime,"['perompak', 'pencuri', 'penjahat']",False
sprti,seperti,neutral,0,preposition,Sama dengan; menyerupai.,Dia bercakap sprti tiada apa yang berlaku.,informal,"['bagai', 'umpama', 'macam']",False
disabitkan,sabit,negative,-0.6,verb,Telah dibuktikan bersalah dalam suatu tuduhan atau kesalahan.,Dia disabitkan dengan kesalahan mencuri.,law,"['dituduh', 'didapati bersalah']",True
hati,hati,neutral,0,noun,Organ dalam badan; juga merujuk kepada perasaan atau emosi.,Jaga hati orang lain.,"anatomy, emotion","['perasaan', 'emosi', 'jantung']",False
sampai,sampai,neutral,0,verb,Tiba di suatu tempat; tiba masanya; hingga.,Kami sampai ke destinasi tepat pada masanya.,general,"['tiba', 'hingga', 'ketibaan']",True
membuat,buat,neutral,0,verb,Menjadikan sesuatu; melakukan sesuatu.,Dia membuat kek hari jadi untuk adiknya.,general,"['melakukan', 'menghasilkan', 'membina']",True
masam,masam,negative,-0.5,adjective,Berasa seperti cuka; muka yang tidak gembira atau marah.,Buah limau itu sangat masam.,"taste, emotion","['pahit', 'cuka', 'muram', 'cemberut']",True
pulas,pulas,neutral,0,verb,Memusing atau memutar sesuatu dengan kuat; tidur nyenyak.,Dia memulas tombol pintu untuk membukanya.,general,"['putar', 'pusing', 'lintang-pukang']",True
presiden,presiden,neutral,0,noun,Ketua negara atau pemimpin utama dalam suatu organisasi.,Presiden negara itu telah berucap semalam.,politics,"['ketua', 'pemimpin', 'pengerusi']",False
andainya,andai,neutral,0,conjunction,"Jika, sekiranya.","Andainya dia datang, beritahu saya.",general,"['jika', 'sekiranya', 'kalau']",False
X,tidak,neutral,0,particle,Singkatan atau cara penulisan tidak rasmi untuk 'tidak'.,"X pe lah, saya boleh buat sendiri.",informal,"['tidak', 'tak', 'bukan']",False
Sy,saya,neutral,0,pronoun,Singkatan tidak rasmi untuk 'saya' (kata ganti nama diri pertama).,Sy akan pergi ke sana esok.,informal,"['saya', 'aku']",False
n,dan,neutral,0,conjunction,Singkatan tidak rasmi untuk 'dan'.,Dia n saya akan datang.,informal,"['dan', 'serta']",False
kanan,kanan,neutral,0,adjective,Arah bertentangan dengan kiri; juga merujuk kepada sesuatu yang betul atau pihak yang berkuasa.,Belok ke kanan di persimpangan itu.,"general, politics","['kiri', 'betul', 'tepat']",True
tu..klu,"itu, kalau",neutral,0,"pronoun, conjunction",Bentuk tidak rasmi untuk 'itu' (kata ganti nama penunjuk) dan 'kalau' (jika).,"Tu..klu dia nak datang, bagitahu saya.",informal,"['itu', 'kalau', 'jika']",False
Patutnya,patut,neutral,0,adverb,Seharusnya; wajar.,Patutnya dia sudah sampai sekarang.,general,"['seharusnya', 'sewajarnya', 'semestinya']",False
sempadan,sempadan,neutral,0,noun,Garis atau batas yang memisahkan dua kawasan atau negara.,Mereka membina pagar di sempadan.,"geography, politics","['batas', 'perbatasan', 'garisan']",False
Sbab,sebab,neutral,0,conjunction,Punca atau alasan bagi sesuatu.,"Sbab dia lambat, kami terpaksa tunggu.",informal,"['kerana', 'punca', 'alasan']",False
metro,metro,neutral,0,noun,Sistem pengangkutan kereta api bawah tanah; juga merujuk kepada kawasan metropolitan atau bandar besar.,Dia menaiki metro ke tempat kerja.,"transport, urbanism","['LRT', 'MRT', 'bandar']",False
?,tanda tanya,neutral,0,punctuation,Tanda baca yang digunakan untuk menunjukkan soalan.,Awak ok?,general,"['tanda seru', 'noktah']",False
netizen,netizen,neutral,0,noun,Warganet; individu yang aktif dalam komuniti dalam talian.,Ramai netizen meluahkan rasa tidak puas hati.,"internet, social media","['warganet', 'pengguna internet']",False
scene,adegan,neutral,0,noun,Adegan; pemandangan; sesuatu yang berlaku di sesuatu tempat atau masa.,Scene itu sangat menyentuh hati.,"arts, general","['adegan', 'pemandangan', 'peristiwa']",False
Klakson,hon,neutral,0,noun,Hon kenderaan; alat yang mengeluarkan bunyi untuk memberi isyarat.,Klakson keretanya sangat kuat.,automotive,"['hon', 'wisel']",False
mengamankan,aman,positive,0.7,verb,Menjadikan selamat atau tenteram; menjaga keselamatan.,Pihak polis berusaha mengamankan kawasan itu.,"security, politics","['menyelamatkan', 'menjaga', 'melindungi']",True
perlu.,perlu,neutral,0,verb,Mesti ada; dikehendaki.,Kita perlu pergi sekarang.,general,"['mesti', 'wajib', 'penting']",True
habis,habis,neutral,0,verb,Tamat; selesai; tidak ada lagi.,Makanan sudah habis.,general,"['tamat', 'selesai', 'kosong']",True
punggung,punggung,neutral,0,noun,Bahagian belakang badan di bawah pinggang.,Dia duduk di atas punggung.,anatomy,"['belakang', 'pinggul']",False
terlalu,lalu,neutral,0,adverb,Sangat; amat sangat; melewati batas.,Makanan itu terlalu pedas.,general,"['sangat', 'amat', 'teramat']",False
malas.,malas,negative,-0.7,adjective,Tidak rajin; enggan melakukan sesuatu.,Dia malas untuk bekerja hari ini.,general,"['enggan', 'lesu', 'rajin']",True
bakar,bakar,neutral,0,verb,Memusnahkan dengan api; memasak sesuatu dengan api atau haba.,Dia bakar sampah di belakang rumah.,general,"['membakar', 'hangus', 'panggang']",True
pihak,pihak,neutral,0,noun,Sisi; belah; kumpulan orang dalam sesuatu urusan.,Pihak berkuasa telah mengambil tindakan.,"general, politics, law","['sisi', 'belah', 'kumpulan']",False
kejadian,jadi,neutral,0,noun,Peristiwa atau insiden yang berlaku.,Mereka sedang menyiasat punca kejadian itu.,general,"['peristiwa', 'insiden', 'hal']",False
Kalau,kalau,neutral,0,conjunction,Jika; sekiranya.,"Kalau dia datang, beritahu saya.",general,"['jika', 'sekiranya', 'andai']",False
ke3,ketiga,neutral,0,adjective,Yang nombor tiga dalam siri; yang di tempat ketiga.,Ini adalah percubaan ke3 saya.,general,"['ketiga', 'nombor tiga']",False
call,telefon,neutral,0,verb,Panggilan telefon; menghubungi melalui telefon.,Saya akan call awak nanti.,communication,"['telefon', 'hubungi', 'panggil']",True
Tulh,itulah,neutral,0,demonstrative pronoun,Singkatan tidak rasmi untuk 'itulah' (penegas kepada 'itu').,Tulh pasal dia tak datang.,informal,"['itulah', 'itu']",False
orglain,orang lain,neutral,0,noun phrase,Individu atau orang selain daripada diri sendiri atau kumpulan yang disebut.,Jangan terlalu bergantung pada orglain.,general,"['individu lain', 'pihak lain']",False
ceni,macam ini,neutral,0,adverb,Singkatan tidak rasmi untuk 'macam ini' atau 'begini'.,"Kalau buat ceni, mesti cepat siap.",informal,"['begini', 'macam ini', 'seperti ini']",False
habisin,habis,neutral,0,verb,Menghabiskan; menggunakan sehingga tiada lagi.,Jangan habisin semua makanan itu.,informal,"['menghabiskan', 'menggunakan']",True
Kakeknya,kakek,neutral,0,noun,"Datuknya; ayah kepada ayah atau ibu seseorang (digunakan di Indonesia, tetapi difahami di Malaysia).",Kakeknya seorang petani.,family,"['datuk', 'nenek']",False
those,itu,neutral,0,demonstrative pronoun,Itu (bentuk jamak bagi 'that').,Those are my friends.,general,"['itu', 'ini']",False
in,di,neutral,0,preposition,Di dalam; di.,The book is in the bag.,general,"['di', 'dalam']",False
sedekah,sedekah,positive,0.8,noun,Pemberian sesuatu kepada orang yang memerlukan sebagai amal jariah atau kebajikan.,Kita digalakkan untuk bersedekah.,"religion, charity","['derma', 'amal', 'infak']",True
penangkapan,tangkap,neutral,0,noun,Perbuatan atau proses menangkap (seseorang yang bersalah atau dikehendaki).,Penangkapan suspek berlaku semalam.,"law, crime","['penahanan', 'tangkapan']",False
"bodoh,",bodoh,negative,-0.9,adjective,Tidak cerdik; dungu; kurang akal.,Jangan jadi orang bodoh.,general,"['dungu', 'bebal', 'pandai']",True
reverse,undur,neutral,0,verb,Berundur; bergerak ke belakang; kebalikan.,Sila reverse kereta anda.,"automotive, general","['undur', 'belakang', 'terbalik']",True
Menyusah,susah,negative,-0.6,verb,Menyusahkan; menyebabkan kesusahan atau kesulitan.,Jangan Menyusah orang lain.,informal,"['menyusahkan', 'membebankan', 'menyulitkan']",True
hukuman,hukum,negative,-0.7,noun,Balasan atau denda yang dikenakan atas kesalahan atau pelanggaran.,Dia menerima hukuman yang berat.,"law, crime","['denda', 'balasan', 'sanksi']",False
melawan,lawan,neutral,0,verb,Menentang; bertentangan dengan; membantah.,Dia melawan arus air.,"general, conflict","['menentang', 'membantah', 'bertanding']",True
bukan,bukan,neutral,0,particle,"Kata nafian untuk menafikan kata nama, kata ganti nama, frasa sendi nama atau frasa keterangan.",Ini bukan buku saya.,general,"['tidak', 'tak']",False
depan,depan,neutral,0,noun,Bahagian hadapan sesuatu; masa akan datang.,Dia duduk di barisan depan.,general,"['hadapan', 'muka', 'belakang']",True
mempertahankan,tahan,positive,0.5,verb,"Melindungi, membela, atau menjaga sesuatu daripada serangan, bahaya, atau kemusnahan.",Kita perlu mempertahankan kedaulatan negara.,"general, politics, law","['melindungi', 'membela', 'menjaga', 'mempertahan']",True
masalah,masalah,negative,-0.7,noun,"Kesulitan, halangan, atau perkara yang memerlukan penyelesaian.",Dia menghadapi masalah kewangan yang besar.,general,"['kesulitan', 'halangan', 'rintangan', 'isu']",True
kalau,kalau,neutral,0,conjunction,"Kata hubung yang menyatakan syarat atau keadaan (jika, sekiranya).","Kalau hujan, kami tidak akan keluar.",general,"['jika', 'sekiranya', 'andai']",False
sekali,kali,neutral,0,adverb,Satu kali; sangat; sungguh.,Dia datang sekali lagi. / Pemandangan itu cantik sekali.,general,"['sangat', 'sungguh', 'betul-betul']",False
senjata,senjata,neutral,0,noun,"Alat atau perkakas yang digunakan untuk berperang, memburu, atau mempertahankan diri.",Askar itu membawa senjata api yang canggih.,"military, defense, crime","['peluru', 'bom', 'pistol', 'perkakas']",True
tunjuk,tunjuk,neutral,0,verb,Menghalakan jari atau sesuatu ke arah objek atau tempat; memberi arahan atau menunjukkan.,Dia menunjuk ke arah gunung yang tinggi.,general,"['arah', 'pandu', 'isyarat']",True
takan,tidak akan,neutral,0,adverbial phrase,(Singkatan informal untuk 'tidak akan') Menunjukkan sesuatu yang tidak akan berlaku atau dilakukan.,Saya takan maafkan dia.,general,"['tidak akan', 'mustahil', 'enggan']",False
Langat,Langat,neutral,0,proper noun,"Nama sebuah daerah, sungai, atau tempat di Malaysia (contoh: Sungai Langat, Hulu Langat).",Pekan Langat terkenal dengan pasar malamnya.,geography,[],False
je,sahaja,neutral,0,adverb,(Singkatan informal untuk 'sahaja') Hanya; semata-mata.,Saya nak makan roti je.,general,"['sahaja', 'hanya', 'cuma']",False
nasib,nasib,neutral,0,noun,Keadaan atau takdir yang menimpa seseorang; tuah atau malang.,Nasib baik dia tidak cedera parah.,general,"['takdir', 'untung', 'malang', 'tuah']",True
simpan,simpan,neutral,0,verb,Meletakkan atau menyimpan sesuatu di tempat yang selamat untuk kegunaan masa hadapan.,Dia simpan wang di dalam bank.,"general, finance","['letak', 'jaga', 'tabung', 'kumpul']",True
campur,campur,neutral,0,verb,Menggabungkan beberapa bahan menjadi satu; menyertai sesuatu.,Dia campur semua bahan untuk membuat kek.,"general, cooking","['gaul', 'adun', 'gabung', 'sertai']",True
parah,parah,negative,-0.8,adjective,"Sangat teruk atau serius (tentang kecederaan, penyakit, atau keadaan).",Keadaan pesakit itu sangat parah.,"health, general","['teruk', 'serius', 'tenat', 'kritikal']",True
bodohnya,bodoh,negative,-0.9,adjective,Sangat tidak cerdik atau kurang akal; sifat kebodohan.,Bodohnya dia percaya kata-kata penipu itu.,general,"['tolol', 'dungu', 'bebal', 'pandai']",True
guna,guna,neutral,0,verb,Memanfaatkan atau memakai sesuatu untuk tujuan tertentu.,Dia guna pisau untuk memotong buah.,general,"['pakai', 'manfaatkan', 'aplikasi']",True
tanya,tanya,neutral,0,verb,Mengemukakan soalan untuk mendapatkan maklumat atau penjelasan.,Dia tanya saya tentang jadual mesyuarat.,general,"['soal', 'bertanya', 'meminta']",True
membunuh,bunuh,negative,-1,verb,Mengakhiri nyawa sesuatu makhluk hidup dengan sengaja.,Penjenayah itu didakwa cuba membunuh mangsanya.,"crime, law","['membantai', 'mematikan', 'mencederakan']",True
memang,memang,neutral,0,adverb,Sungguh; sesungguhnya; benar-benar (menegaskan sesuatu).,Dia memang pandai dalam pelajaran.,general,"['sungguh', 'sememangnya', 'betul']",False
langsung,langsung,neutral,0,adverb,Terus; serta-merta; sama sekali (sering digunakan dalam ayat negatif).,Dia tidak faham langsung apa yang saya katakan.,general,"['terus', 'serta-merta', 'sama sekali']",True
terkena,kena,neutral,0,verb,Mengalami sesuatu (biasanya tidak sengaja); dilanda; menerima impak.,Dia terkena selesema teruk.,"general, health","['terbabit', 'terjejas', 'tertimpa']",True
pastu,lepas itu,neutral,0,adverbial phrase,(Singkatan informal untuk 'lepas itu' atau 'kemudian') Selepas itu.,"Dia makan nasi, pastu dia tidur.",general,"['kemudian', 'selepas itu', 'seterusnya']",False
lagi,lagi,neutral,0,adverb,Tambahan; masih; juga.,Dia mahu makan lagi.,general,"['tambahan', 'masih', 'pula']",False
sorok,sorok,neutral,0,verb,Menyembunyikan diri atau sesuatu.,Kanak-kanak itu suka sorok di belakang pokok.,general,"['sembunyi', 'selindung', 'dedah']",True
jika,jika,neutral,0,conjunction,"Ungkapan untuk menyatakan syarat atau kemungkinan (kalau, sekiranya).","Jika ada masalah, beritahu saya.",general,"['kalau', 'sekiranya', 'andai']",False
baru,baru,neutral,0,adjective,Sesuatu yang belum lama wujud atau terjadi; terkini.,Dia baru beli kereta baru.,general,"['terkini', 'moden', 'lama']",True
makcik,makcik,neutral,0,noun,Panggilan kepada kakak atau adik perempuan ibu/bapa; atau wanita yang lebih tua.,Makcik saya seorang guru di sekolah itu.,"family, general","['ibu saudara', 'bibi', 'pakcik']",True
lah,lah,neutral,0,particle,"Kata penegas atau penamat ayat yang tidak mempunyai makna leksikal spesifik, memberikan penekanan atau emosi.",Jomlah kita pergi sekarang.,general,[],False
Malaysia,Malaysia,neutral,0,proper noun,Nama sebuah negara di Asia Tenggara.,Kuala Lumpur ialah ibu negara Malaysia.,"geography, politics",[],False
bantuan,bantu,positive,0.7,noun,Sokongan atau pertolongan yang diberikan kepada seseorang atau sesuatu.,Mangsa banjir memerlukan bantuan segera.,"general, humanitarian","['pertolongan', 'sokongan', 'sumbangan', 'kerjasama']",True
itu,itu,neutral,0,demonstrative pronoun,Kata tunjuk untuk menunjukkan sesuatu yang jauh.,Buku itu kepunyaan saya.,general,"['ini', 'sana', 'situ']",False
ada,ada,neutral,0,verb,Wujud; memiliki; mempunyai.,Dia ada banyak buku di rumahnya.,general,"['wujud', 'memiliki', 'tiada']",True
berat,berat,neutral,0,adjective,Mempunyai timbangan yang banyak; sukar; serius.,Kotak itu sangat berat untuk diangkat.,general,"['ringan', 'sukar', 'genting', 'penting']",True
sihat,sihat,positive,0.8,adjective,Bebas daripada penyakit atau kecacatan fizikal; segar dan cergas.,Kita perlu menjaga badan agar sentiasa sihat.,health,"['segar', 'cergas', 'sakit', 'uzur']",True
goblok,goblok,negative,-0.9,adjective,"(Kolokial/Kasual, sering dianggap kasar) Sangat bodoh; tolol.","Jangan jadi goblok, fikir sebelum bertindak.","general, descriptive","['bodoh', 'tolol', 'dungu', 'pandai']",True
mencederakan,cedera,negative,-0.9,verb,Menyebabkan kecederaan fizikal atau mental kepada seseorang.,Dia didakwa mencederakan mangsanya dalam pergaduhan.,"crime, health, law","['melukai', 'menyakiti', 'membahayakan', 'memukul']",True
bisa,bisa,neutral,0,modal verb,(Dalam konteks informal/Indonesia) Boleh; mampu; dapat.,Dia bisa menyelesaikan masalah itu.,general,"['boleh', 'mampu', 'dapat']",True
amatur,amatur,neutral,0,noun,Orang yang melakukan sesuatu bukan sebagai profesion tetapi sebagai hobi; tidak profesional.,Dia seorang jurugambar amatur yang berbakat.,"sports, arts, general","['profesional', 'pemula', 'hobi']",True
kesilapan,silap,negative,-0.6,noun,Perbuatan atau keputusan yang salah; kekeliruan; kesalahan.,Dia mengakui kesilapannya dan meminta maaf.,general,"['kesalahan', 'kekeliruan', 'ralat', 'pembetulan']",True
maknya,emak,neutral,0,noun,Ibunya; merujuk kepada ibu seseorang (dengan penegas 'nya').,Maknya risau akan keselamatan anaknya.,family,"['ibu', 'mama', 'bonda']",True
orang,orang,neutral,0,noun,Manusia; individu.,Ramai orang berkumpul di dataran.,general,"['manusia', 'individu', 'komuniti']",True
pilih,pilih,neutral,0,verb,Membuat keputusan di antara beberapa pilihan; memilih.,Dia perlu pilih baju yang sesuai untuk majlis itu.,"general, politics","['memilih', 'tentukan', 'putuskan', 'tolak']",True
akan,akan,neutral,0,auxiliary verb,Kata bantu yang menunjukkan sesuatu yang akan berlaku pada masa hadapan.,Dia akan datang esok pagi.,general,[],False
dia,dia,neutral,0,pronoun,Kata ganti nama diri ketiga tunggal (he/she/it).,Dia seorang pelajar yang rajin.,general,"['beliau', 'ia', 'mereka']",False
berdikari,dikari,positive,0.7,verb,Mampu melakukan sesuatu sendiri tanpa bergantung kepada orang lain; berdiri sendiri.,Anak muda digalakkan untuk belajar berdikari.,"general, personal development","['mandiri', 'berdiri sendiri', 'bergantung']",True
menyebut,sebut,neutral,0,verb,Mengucapkan perkataan; menyatakan sesuatu.,Dia menyebut nama saya dengan jelas.,general,"['mengatakan', 'mengucapkan', 'menyatakan']",True
iblis,iblis,negative,-1,noun,Syaitan; makhluk jahat dalam kepercayaan agama.,Iblis sentiasa menggoda manusia untuk melakukan dosa.,"religion, mythology","['syaitan', 'jin', 'malaikat']",True
pukimak,pukimak,negative,-1,expletive,Kata makian yang sangat kasar dan menghina.,Elakkan menggunakan perkataan 'pukimak' kerana ia sangat biadab.,"offensive, slang",[],False
kucing,kucing,neutral,0,noun,Haiwan peliharaan mamalia kecil yang sering dipelihara di rumah.,Kucing saya suka bermain dengan bebola benang.,"animals, general","['mamalia', 'haiwan', 'anjing']",True
sihat,sihat,positive,0.8,adjective,Bebas daripada penyakit atau kecacatan fizikal; segar dan cergas.,Dia kelihatan sihat selepas berehat yang mencukupi.,health,"['segar', 'cergas', 'sakit', 'uzur']",True
sedar,sedar,neutral,0,verb,Mengetahui atau menyedari sesuatu; tidak lena; insaf.,Dia sedar akan kesilapannya dan berjanji akan berubah.,"general, psychology","['insaf', 'faham', 'tahu', 'lalai']",True
silat,silat,neutral,0,noun,Seni mempertahankan diri tradisional Melayu.,Dia belajar silat sejak kecil.,"sukan, budaya","['kungfu', 'karate', 'taekwondo']",False
berani,berani,positive,0.7,adjective,Tidak takut; gagah.,Tentera itu sangat berani di medan perang.,"sifat, perangai","['gagah', 'perkasa', 'takut']",True
treler,treler,neutral,0,noun,Kenderaan besar untuk mengangkut barang.,Treler itu membawa muatan berat ke pelabuhan.,pengangkutan,"['lori', 'kontena']",False
tekan,tekan,neutral,0,verb,Menggunakan daya pada sesuatu; mendesak.,Tekan butang ini untuk memulakan mesin.,umum,"['desak', 'pijak']",True
je,sahaja,neutral,0,particle,(Singkatan tidak formal bagi 'sahaja') cuma; saja.,Awak makan mi je ke?,"umum, percakapan","['saja', 'cuma']",False
ni,ini,neutral,0,pronoun,(Singkatan tidak formal bagi 'ini') penunjuk dekat.,Baju ni cantik.,"umum, percakapan",['ini'],False
maka,maka,neutral,0,conjunction,Lalu; kemudian (digunakan untuk menunjukkan akibat atau kesinambungan).,"Maka, bermulalah cerita itu.","sastera, umum","['lalu', 'kemudian']",False
apa,apa,neutral,0,pronoun,Kata tanya untuk benda atau perihal.,Apa yang awak buat?,umum,"['siapa', 'mengapa', 'bagaimana']",False
ganas,ganas,negative,-0.8,adjective,Kejam; buas; garang.,Kumpulan pengganas itu sangat ganas.,"sifat, jenayah","['kejam', 'buas', 'lembut']",True
defaind,defend,neutral,0,verb (loanword),Mempertahankan; membela. (Pinjaman tidak formal dari Bahasa Inggeris 'defend'),Kita perlu defaind hak kita.,"umum, undang-undang","['mempertahankan', 'membela']",True
ruma,rumah,neutral,0,noun,Bangunan tempat tinggal manusia. (Ejaan tidak standard untuk 'rumah'),Dia pulang ke ruma selepas bekerja.,"umum, tempat","['kediaman', 'pondok']",False
selalu,selalu,neutral,0,adverb,Sentiasa; senantiasa.,Dia selalu datang lewat ke pejabat.,umum,"['sentiasa', 'senantiasa', 'jarang']",True
jelous,jealous,negative,-0.6,adjective (loanword),Cemburu; iri hati. (Pinjaman tidak formal dari Bahasa Inggeris 'jealous'),Dia rasa jelous melihat kejayaan kawannya.,emosi,"['cemburu', 'iri hati']",True
langgor,langgar,neutral,0,verb,Melanggar; menyentuh dengan kuat. (Ejaan tidak standard untuk 'langgar'),Kereta itu langgor tiang lampu.,"pengangkutan, tindakan","['rempuh', 'hentam']",True
jika,jika,neutral,0,conjunction,Sekiranya; kalau.,"Jika hujan, kita batalkan perkelahan.",umum,"['sekiranya', 'kalau']",False
mengerti,erti,neutral,0,verb,Memahami; faham akan sesuatu.,Dia tidak mengerti arahan itu.,"komunikasi, kognitif","['faham', 'memahami']",True
Vios,Vios,neutral,0,noun (proper),Nama model kereta keluaran Toyota.,Abang baru beli kereta Toyota Vios.,automotif,"['Toyota', 'Myvi', 'City']",False
rompak,rompak,negative,-0.9,verb,Merompak; mencuri dengan kekerasan.,Lanun itu cuba rompak kapal dagang.,jenayah,"['curi', 'samun']",True
mencuri,curi,negative,-0.9,verb,Mengambil hak orang lain tanpa kebenaran.,Dia ditangkap kerana mencuri telefon bimbit.,jenayah,"['rompak', 'samun']",True
oleh,oleh,neutral,0,preposition,Digunakan untuk menunjukkan pelaku atau punca.,Buku itu ditulis oleh seorang penulis terkenal.,umum,"['daripada', 'dengan']",False
kuat,kuat,positive,0.6,adjective,Mempunyai daya atau tenaga yang tinggi; bertenaga.,Dia sangat kuat mengangkat kotak itu.,"sifat, fizikal","['gagah', 'bertenaga', 'lemah']",True
spa,spa,positive,0.5,noun,"Pusat rawatan kesihatan dan kecantikan yang menawarkan urutan, mandian dan sebagainya.",Dia pergi ke spa untuk berehat.,"kesihatan, kecantikan","['urutan', 'salun']",False
kak,kakak,positive,0.7,noun (informal address),Panggilan tidak formal untuk kakak atau wanita yang lebih tua.,"Kak, boleh tolong saya?","kekeluargaan, sosial","['abang', 'adik', 'makcik']",False
bedengung,dengung,neutral,0,verb,Mengeluarkan bunyi dengung yang berpanjangan. (Ejaan tidak standard untuk 'berdengung'),Enjin pesawat itu bedengung kuat.,bunyi,"['berdengung', 'berdesing']",True
hingga,hingga,neutral,0,preposition / conjunction,Sampai; sehingga.,Kami bekerja hingga larut malam.,umum,"['sampai', 'sehingga']",False
joss,joss,positive,0.8,interjection / adjective,"Bagus sekali; hebat; mantap (slanga, dari Indonesia).",Persembahan kumpulan itu memang joss!,"percakapan, umum","['mantap', 'hebat', 'bagus']",False
ke,kah,neutral,0,particle (interrogative),(Singkatan tidak formal bagi 'kah') digunakan untuk membentuk ayat tanya.,Awak nak pergi mana ke?,"umum, percakapan",['kah'],False
amik,ambil,neutral,0,verb,Mengambil; menerima. (Singkatan tidak formal bagi 'ambil'),Boleh saya amik buku ni?,umum,"['ambil', 'dapat']",True
tmpat,tempat,neutral,0,noun,Lokasi; ruang. (Ejaan tidak standard untuk 'tempat'),Dia tunggu di tmpat biasa.,umum,"['lokasi', 'ruang']",False
cermin,cermin,neutral,0,noun,Permukaan licin yang memantulkan imej; kaca mata.,Dia melihat dirinya di cermin.,umum,"['kaca', 'pantulan']",False
Kau,engkau,neutral,0,pronoun,(Singkatan tidak formal bagi 'engkau') kata ganti nama diri kedua tunggal.,Kau nak makan apa?,"umum, percakapan","['engkau', 'awak', 'anda']",False
lucu,lucu,positive,0.7,adjective,Kelakar; menggelikan hati.,Filem komedi itu sangat lucu.,"hiburan, sifat","['kelakar', 'jenaka', 'menggelikan']",True
perumahan,rumah,neutral,0,noun,Kawasan atau projek membina rumah.,Projek perumahan baru akan dibina di sini.,"hartanah, pembangunan","['kediaman', 'kawasan']",False
lame,lame,negative,-0.6,adjective (loanword),"Hambar; membosankan; tidak menarik (slanga, dari Bahasa Inggeris).",Cerita itu sangat lame.,"umum, percakapan","['bosan', 'hambar', 'menarik']",True
rompak,rompak,negative,-0.9,verb,Merompak; mencuri dengan kekerasan.,Mereka cuba rompak bank itu.,jenayah,"['curi', 'samun']",True
kasih,kasih,positive,0.8,noun / verb,Perasaan sayang atau cinta; memberi.,Ibu bapa sentiasa mencurahkan kasih kepada anak-anak.,"emosi, hubungan","['sayang', 'cinta', 'memberi', 'benci']",True
ingat,ingat,neutral,0,verb,Memikirkan semula; mengingati.,Tolong ingat pesanan saya.,kognitif,"['kenang', 'lupakan']",True
tempatan,tempat,neutral,0,adjective,Berkenaan dengan atau berasal dari sesuatu tempat; lokal.,Kami membeli produk tempatan untuk menyokong ekonomi.,"geografi, ekonomi","['lokal', 'domestik', 'asing']",True
by,by,neutral,0,preposition (loanword),Oleh; dekat; melalui (dari Bahasa Inggeris).,Buku ini ditulis by dia.,umum,"['oleh', 'melalui']",False
&amp;,dan,neutral,0,conjunction (symbol),(Simbol untuk 'dan') kata hubung yang menggabungkan dua benda atau idea.,Saya suka kopi &amp; teh.,umum,"['dan', 'serta']",False
sygkan,sayang,positive,0.8,verb,Menyayangi; mencintai. (Singkatan tidak formal bagi 'sayangkan'),Dia sygkan keluarganya.,"emosi, hubungan","['menyayangi', 'mencintai', 'benci']",True
je,sahaja,neutral,0,particle,(Singkatan tidak formal bagi 'sahaja') cuma; saja.,Awak makan mi je?,"umum, percakapan","['saja', 'cuma']",False
tgk,tengok,neutral,0,verb,Melihat; memerhati. (Singkatan tidak formal bagi 'tengok'),Mari kita tgk filem itu.,umum,"['lihat', 'pandang']",True
asean,ASEAN,neutral,0,noun (acronym),Persatuan Negara-negara Asia Tenggara.,Mesyuarat ASEAN akan diadakan bulan depan.,"politik, geografi","['PBB', 'EU']",False
keadaan,ada,neutral,0,noun,Situasi; kondisi.,Keadaan di sana agak tegang.,umum,"['situasi', 'kondisi', 'suasana']",False
berlaku,laku,neutral,0,verb,Terjadi; berlaku.,Insiden itu berlaku semalam.,umum,"['terjadi', 'terlaksana']",True
Elok,elok,positive,0.7,adjective,Baik; sempurna; sesuai.,Pakaian itu sangat elok dipakai.,"sifat, kualiti","['baik', 'sempurna', 'cantik', 'buruk']",True
ape,apa,neutral,0,pronoun,(Singkatan tidak formal bagi 'apa') kata tanya untuk benda atau perihal.,Awak nak makan ape?,"umum, percakapan",['apa'],False
pun,pun,neutral,0,particle / adverb,Juga; bahkan; meski.,Dia pun datang ke majlis itu.,umum,"['juga', 'bahkan']",False
dalam,dalam,neutral,0,preposition / adjective,Di bahagian ruang yang berisi; tidak cetek; mendalam.,Dia menyimpan buku di dalam laci.,"ruang, umum","['di dalam', 'cetek']",True
dpa,mereka,neutral,0,pronoun (informal),(Singkatan tidak formal bagi 'mereka' atau 'depa') kata ganti nama diri ketiga jamak.,Dpa dah balik kampung.,"umum, percakapan","['mereka', 'depa']",False
ngerti,erti,neutral,0,verb,Memahami; faham. (Singkatan tidak formal bagi 'mengerti'),Awak ngerti tak apa yang saya cakap?,"komunikasi, kognitif","['faham', 'memahami']",True
them,mereka,neutral,0,pronoun,"Kata ganti nama diri ketiga jamak (bahasa Inggeris, sering digunakan dalam perbualan kasual Melayu).",Dia beri buku tu dekat them.,general,[],False
thing,benda,neutral,0,noun,"Satu objek atau hal yang tidak spesifik (bahasa Inggeris, sering digunakan dalam perbualan kasual Melayu).",Ada banyak thing nak kena buat hari ni.,general,"['benda', 'perkara']",False
lgi,lagi,neutral,0,adverb,"Bentuk singkatan tidak formal untuk 'lagi', bermaksud tambahan atau berulang.",Nak makan lgi tak?,informal,['lagi'],False
rodok,rodok,negative,-0.7,verb,Menusuk atau menikam dengan sesuatu yang tajam.,Penjenayah itu cuba merodok mangsanya.,crime,"['tusuk', 'tikam']",True
sumbat,sumbat,neutral,-0.3,verb,Menutup atau menyekat sesuatu lubang atau saluran sehingga tidak dapat ditembusi.,Sinki dapur tersumbat.,general,"['sekat', 'tutup']",True
percuma,percuma,positive,0.6,adjective,Tanpa bayaran atau usaha; sia-sia (boleh jadi negatif dalam konteks 'sia-sia').,Perkhidmatan ini diberikan secara percuma.,general,"['gratis', 'bebas']",True
hukom,hukum,neutral,0,noun,"Bentuk tidak formal untuk 'hukum', iaitu peraturan atau undang-undang.",Kita perlu patuh pada hukom negara.,law,"['undang-undang', 'peraturan']",False
diri...bayangkan,"diri, bayangkan",neutral,0,"noun, verb","Gabungan perkataan 'diri' (self) dan 'bayangkan' (imagine), sering digunakan untuk mengajak seseorang membayangkan diri sendiri dalam situasi tertentu.",Cuba diri...bayangkan kalau awak di tempat dia.,general,[],True
😔,sedih,negative,-0.6,emoji,"Emoji muka muram atau kecewa, melambangkan perasaan sedih atau kekesalan.",Dia berasa 😔 setelah mendengar berita itu.,emotion,"['muram', 'sedih', 'kecewa']",False
Maunya,mahu,neutral,0,verb (kolokial),"Bentuk kolokial untuk 'kemahuannya' atau 'sepatutnya'. Bergantung pada konteks, boleh bermaksud 'hendaklah' atau 'sepatutnya begitu'.",Maunya dia datang awal.,general,"['sepatutnya', 'hendaklah']",True
membela,bela,positive,0.7,verb,"Melindungi, mempertahankan, atau memelihara sesuatu/seseorang.",Peguam itu membela anak guamnya di mahkamah.,law,"['melindungi', 'mempertahankan', 'memelihara']",True
PDRM,Polis Diraja Malaysia,neutral,0,proper noun,"Singkatan untuk Polis Diraja Malaysia, badan penguatkuasa undang-undang utama di Malaysia.",PDRM sedang menyiasat kes rompakan itu.,law,"['polis', 'penguatkuasa']",False
Mana,mana,neutral,0,interrogative pronoun/adverb,Kata tanya untuk tempat atau pilihan.,Mana buku saya?,general,"['di mana', 'yang mana']",False
jd,jadi,neutral,0,verb (kolokial),"Bentuk singkatan tidak formal untuk 'jadi', bermaksud menjadi atau hasilnya.",Macam mana nak jd orang berjaya?,informal,"['menjadi', 'lantas']",True
bertarung,tarung,neutral,0,verb,"Berkelahi, berjuang, atau berlawan dengan seseorang.",Mereka bertarung untuk memenangi pertandingan itu.,general,"['berlawan', 'berjuang', 'berkelahi']",True
blkg,belakang,neutral,0,noun (kolokial),"Bentuk singkatan tidak formal untuk 'belakang', merujuk kepada bahagian belakang sesuatu.",Dia duduk di blkg bas.,informal,['belakang'],False
Indon,Indonesia,neutral,-0.2,noun (kolokial/slanga),Bentuk singkatan tidak formal atau slanga untuk 'Indonesia' atau orang dari Indonesia. Kadang-kadang digunakan secara pejoratif.,Ramai pekerja Indon di sini.,general,"['Indonesia', 'orang Indonesia']",False
merompak,rompak,negative,-0.9,verb,Melakukan rompakan; mengambil harta orang lain dengan kekerasan atau ancaman.,Kumpulan penjenayah itu merompak sebuah bank.,crime,"['mencuri', 'menyamun']",True
tidak...,tidak,neutral,0,adverb (penafian),Kata penafian; digunakan untuk menafikan atau menidakkan sesuatu. Elipsis (...) menunjukkan ada sambungan yang sengaja ditinggalkan.,Dia tidak... bersetuju dengan cadangan itu.,general,"['bukan', 'belum']",False
alternatif,alternatif,neutral,0,noun/adjective,Pilihan lain atau cara lain yang mungkin.,Kami mencari alternatif lain untuk masalah ini.,general,"['pilihan', 'lain']",True
ya,ya,neutral,0,interjection/adverb,Kata setuju atau penegas.,"Ya, saya setuju.",general,"['betul', 'benar']",False
Jnji,janji,neutral,0,noun (kolokial),"Bentuk singkatan tidak formal untuk 'janji', bermaksud ikrar atau persetujuan.",Dia selalu menepati jnji.,informal,"['ikrar', 'persetujuan']",True
mental,mental,neutral,0,adjective/noun,Berkenaan minda atau otak; keadaan fikiran.,Kesihatan mental sangat penting.,health,"['fikiran', 'jiwa']",True
kj,kerja,neutral,0,noun (kolokial),"Bentuk singkatan tidak formal untuk 'kerja', bermaksud tugas atau aktiviti yang dilakukan.",Banyak kj hari ni.,informal,"['tugas', 'aktiviti']",True
gntung,gantung,neutral,-0.3,verb (kolokial),"Bentuk singkatan tidak formal untuk 'gantung', bermaksud menyangkut sesuatu supaya tergantung.",Dia gntung gambar di dinding.,general,"['sangkut', 'tergantung']",True
tikam,tikam,negative,-0.8,verb,Menusuk dengan objek tajam seperti pisau.,Dia cedera akibat ditikam.,crime,"['rodok', 'tusuk']",True
bugima,babi gila,negative,-1,expletive (slanga),"Ungkapan kesat atau makian, singkatan dari 'babi gila'. Sangat tidak formal dan ofensif.","Bugima, sakitnya!",slang,"['sial', 'celaka']",False
or,atau,neutral,0,conjunction,"Kata hubung yang menunjukkan pilihan di antara dua atau lebih perkara (bahasa Inggeris, sering digunakan dalam perbualan kasual Melayu).",Awak nak kopi or teh?,general,['atau'],False
Cilaker,celaka,negative,-0.7,interjection (kolokial),"Bentuk tidak formal untuk 'celaka', menyatakan ketidakpuasan, kemalangan, atau sebagai makian.","Aduh, Cilaker betul la!",informal,"['sial', 'malang']",False
gi,pergi,neutral,0,verb (kolokial),"Bentuk singkatan tidak formal untuk 'pergi', bermaksud bergerak dari satu tempat ke tempat lain.",Jom gi makan.,informal,"['pergi', 'menuju']",True
..naye,tidak dapat,neutral,-0.1,adverb (dialek/kolokial),Bentuk tidak formal atau dialek Kelantan untuk 'tidak dapat' atau 'tak boleh'.,Saya nak buat tapi ..naye.,informal,"['tak boleh', 'tak dapat']",False
la..,lah,neutral,0,particle (kolokial),"Bentuk singkatan tidak formal untuk partikel 'lah', digunakan untuk penekanan atau melembutkan ayat.",Cepat la sikit!,informal,[],False
Dapat,dapat,positive,0.5,verb,"Memperoleh, menerima, atau berupaya melakukan sesuatu.",Dia dapat pekerjaan baru.,general,"['menerima', 'memperoleh', 'boleh']",True
oncuri,mencuri,negative,-0.9,verb (kolokial/salah eja),"Bentuk tidak formal atau salah eja untuk 'mencuri', bermaksud mengambil hak milik orang lain tanpa kebenaran.",Pencuri itu oncuri dompet saya.,crime,"['mencuri', 'merompak']",True
"them,",mereka,neutral,0,pronoun,"Kata ganti nama diri ketiga jamak (bahasa Inggeris), dengan koma; sama seperti 'them'.","Beritahu them, saya akan datang.",general,[],False
kamu..😂,kamu,neutral,0,pronoun,"Kata ganti nama diri kedua tunggal atau jamak, sering digunakan dalam konteks tidak formal, diikuti emoji ketawa.",Apa khabar kamu..😂,informal,"['awak', 'anda']",False
respect,hormat,positive,0.8,noun/verb,"Rasa hormat, penghargaan, atau kagum terhadap seseorang atau sesuatu (bahasa Inggeris, sering digunakan dalam perbualan kasual Melayu).",Kita harus tunjukkan respect kepada orang tua.,general,"['hormat', 'penghargaan']",True
bila,bila,neutral,0,interrogative adverb/conjunction,Kata tanya untuk masa; juga kata hubung untuk masa.,Bila awak akan datang?,general,"['apabila', 'masa']",False
kalau,kalau,neutral,0,conjunction,Kata hubung yang menyatakan syarat atau keadaan.,"Kalau hujan, kita tidak jadi pergi.",general,"['jika', 'andai']",False
Nambraknya,tabrak,negative,-0.6,verb (kolokial),"Bentuk tidak formal, pengaruh bahasa Indonesia, merujuk kepada cara melanggar atau menabrak.",Nambraknya kuat sampai hancur.,general,"['langgar', 'menabrak']",True
kes,kes,neutral,0,noun,"Perkara, peristiwa, atau masalah yang sedang dibicarakan atau disiasat.",PDRM sedang menyiasat kes jenayah itu.,law,"['perkara', 'isu', 'masalah']",False
rupanya😂baca,"rupa, baca",neutral,0,"adverb, verb","Gabungan 'rupanya' (apparently) dan 'baca' (read), dengan emoji ketawa. Menunjukkan kejutan atau penemuan baru yang disampaikan dengan nada santai.",Rupanya dia dah kahwin😂baca berita tadi.,informal,"['ternyata', 'baca']",True
"parang,",parang,neutral,-0.2,noun,Sejenis pisau besar atau golok yang digunakan untuk memotong atau sebagai senjata.,Petani itu menggunakan parang untuk membersihkan semak.,general,"['golok', 'pisau']",False
je,sahaja,neutral,0,particle (kolokial),"Bentuk singkatan tidak formal untuk 'saja' atau 'sahaja', bermaksud 'hanya' atau 'cuma'.",Saya nak satu je.,informal,"['sahaja', 'cuma', 'hanya']",False
malaysia...,Malaysia,neutral,0,proper noun,"Nama negara Malaysia, dengan elipsis menunjukkan kelangsungan atau pemikiran.",Ekonomi malaysia... sedang berkembang.,politics,[],False
jenayah,jenayah,negative,-0.8,noun,Perbuatan atau tingkah laku yang melanggar undang-undang dan boleh dihukum.,Kadar jenayah di bandar itu meningkat.,crime,"['kejahatan', 'rompakan']",False
terus,terus,neutral,0,adverb/verb,Berterusan tanpa henti; lurus; segera.,Dia terus berjalan tanpa menoleh.,general,"['segera', 'lurus', 'berterusan']",True
kes2,kes,neutral,0,noun (kolokial plural),"Bentuk tidak formal untuk jamak 'kes', bermaksud pelbagai kes atau isu. Penggandaan angka '2' digunakan untuk menunjukkan plural.",Banyak kes2 jenayah berlaku.,informal,"['kes-kes', 'isu-isu']",False
camni,macam ini,neutral,0,adverb (kolokial),"Bentuk singkatan tidak formal untuk 'macam ini', bermaksud 'seperti ini' atau 'begini'.",Buat camni baru betul.,informal,"['begini', 'seperti ini']",False
tnggu,tunggu,neutral,0,verb (kolokial),"Bentuk singkatan tidak formal untuk 'tunggu', bermaksud menanti atau bersabar.",Tnggu kejap.,informal,"['menanti', 'bersabar']",True
ilmu,ilmu,positive,0.7,noun,"Pengetahuan, kemahiran, atau kepakaran yang diperoleh melalui pembelajaran atau pengalaman.",Ilmu adalah cahaya yang membimbing kehidupan kita.,"education, general","['pengetahuan', 'maklumat', 'kepakaran']",False
youtube,YouTube,neutral,0.1,noun,Platform perkongsian video dalam talian.,Saya sering menonton video di YouTube pada waktu lapang.,"technology, entertainment","['TikTok', 'Facebook', 'Instagram']",False
samun,samun,negative,-0.8,verb,Merompak atau mencuri dengan kekerasan atau ancaman.,Mereka cuba samun bank itu semalam.,"crime, law","['rompak', 'curi', 'ragut']",True
dengan,dengan,neutral,0,preposition,"Bersama-sama, menggunakan, atau cara melakukan sesuatu.",Dia datang dengan kawan-kawannya.,general,"['bersama', 'menggunakan']",False
melanggar,langgar,negative,-0.6,verb,"Melakukan sesuatu yang bertentangan dengan peraturan, atau merempuh sesuatu.",Pemandu itu melanggar lampu isyarat merah.,"law, traffic, general","['merempuh', 'mengingkari']",True
harian,hari,neutral,0,adjective,Berkaitan dengan setiap hari; setiap hari.,Surat khabar harian itu sampai setiap pagi.,general,"['setiap hari', 'rutin', 'lazim']",False
trbunuh,bunuh,negative,-0.9,verb (passive),Mati akibat dibunuh; terbunuh.,Mangsa trbunuh dalam kemalangan ngeri itu.,"crime, news","['mati', 'meninggal', 'dibunuh']",True
Kenapa,kenapa,neutral,0,interrogative pronoun/adverb,Mengapa; untuk sebab apa.,Kenapa kamu lewat hari ini?,general,"['mengapa', 'apa sebab']",False
Undang²,undang-undang,neutral,0.2,noun,Peraturan yang ditetapkan oleh pihak berkuasa dan perlu dipatuhi.,Setiap rakyat mesti mematuhi Undang² negara.,"law, politics","['peraturan', 'akta', 'perundangan']",False
Taubat,taubat,positive,0.7,noun/verb,Kembali kepada Tuhan atau menyesali dosa dan berjanji tidak akan mengulanginya.,Dia telah bertaubat setelah menyedari kesilapannya.,"religion, spirituality","['insaf', 'menyesal', 'bertaubat']",True
Dihampiri,hampir,neutral,0,verb (passive),Didatangi atau didekati.,Dia dihampiri oleh seorang pengemis.,general,"['didekati', 'didatangi', 'disapa']",True
"trotle,mesti","trotle (throttle), mesti",neutral,0,"noun, adverb/modal verb","(Informal) Pendikit kenderaan, dan kata yang menunjukkan keperluan atau keharusan.","Pastikan trotle ditekan, mesti pecut.","automotive, general","['pendikit', 'wajib', 'harus']",False
senjata,senjata,neutral,0.1,noun,"Alat atau instrumen yang digunakan untuk menyerang, mempertahankan diri, atau memburu.",Polis merampas beberapa pucuk senjata api dari penjenayah itu.,"military, crime, law enforcement","['alat', 'perkakas', 'pistol', 'pedang']",False
parang😂,parang,neutral,0.1,noun,Sejenis pedang panjang dan berat yang digunakan untuk menebas atau sebagai alat pertahanan. Emojinya menunjukkan konteks lucu atau tidak serius.,Dia menggunakan parang untuk membersihkan semak samun.😂,"agriculture, tools, general","['pisau', 'pedang', 'golok']",False
keseksaan.Jenayah,"seksa, jenayah",negative,-0.8,"noun, noun",Penderitaan fizikal atau mental yang teruk; dan perbuatan yang melanggar undang-undang.,Keseksaan dalam jenayah itu sungguh dahsyat.,"law, crime","['azab', 'penderitaan', 'kejahatan', 'kesalahan']",False
ji,jiwa,neutral,0,noun (informal),"(Informal) Bentuk ringkas untuk 'jiwa' (roh, semangat, hati), atau sekadar partikel perbualan yang tidak spesifik.","Tenanglah ji, jangan risau.","informal, general","['jiwa', 'hati', 'semangat']",False
sini,sini,neutral,0,adverb (of place),Tempat ini; di tempat yang dekat dengan pembicara.,Mari duduk di sini.,general,"['sini', 'situ', 'sana']",False
merampas,rampas,negative,-0.7,verb,Mengambil sesuatu dengan paksa atau secara tidak sah.,Polis merampas dadah bernilai jutaan ringgit.,"crime, law enforcement","['merompak', 'mencuri', 'menyita', 'merebut']",True
mcmni,macam ini,neutral,0,adverb/demonstrative (informal),(Informal) Seperti ini; begini.,Kenapa jadi mcmni?,"informal, general","['begini', 'macam itu']",False
demikian..😔,demikian,negative,-0.4,adverb/demonstrative,Begitu; seperti itu; demikianlah (emosi sedih akibat keadaan tersebut ditunjukkan oleh emoji).,Demikianlah nasib yang menimpa dirinya.😔,"general, emotion","['begitu', 'sedemikian']",False
ujian,uji,neutral,0.1,noun,Proses mengukur pengetahuan atau kemampuan; percubaan atau cabaran.,Pelajar sedang menduduki ujian akhir tahun.,"education, general","['peperiksaan', 'percubaan', 'cabaran', 'duga']",False
Bgus,bagus,positive,0.8,adjective,Baik; elok; cemerlang.,Idea kamu sangat Bgus!,general,"['baik', 'elok', 'cemerlang', 'hebat']",True
PERISTIWA,peristiwa,neutral,0,noun,Kejadian atau sesuatu yang berlaku.,Peristiwa bersejarah itu kekal dalam ingatan rakyat.,"general, history, news","['kejadian', 'insiden']",False
melangar,langgar,negative,-0.6,verb,"Melakukan sesuatu yang bertentangan dengan peraturan, atau merempuh sesuatu (typo untuk 'melanggar').",Dia melangar peraturan jalan raya.,"law, traffic, general","['melanggar', 'mengingkari', 'merempuh']",True
ekor,ekor,neutral,0,noun / classifier,Bahagian belakang binatang; atau penjodoh bilangan untuk binatang.,Seekor kucing mempunyai ekor yang panjang.,"biology, general","['hujung', 'bahagian belakang']",False
tengah,tengah,neutral,0,noun / adverb,Bahagian pertengahan; atau sedang (melakukan sesuatu).,Dia sedang makan tengah hari.,general,"['pusat', 'pertengahan', 'sedang']",False
rampok,rampok,negative,-0.8,verb,Merompak; mengambil harta benda secara paksa.,Mereka cuba rampok kedai emas itu.,"crime, law","['rompak', 'samun', 'curi']",True
bodoh😂siannn,"bodoh, kasihan",negative,-0.5,"adjective, exclamation (informal)",Kurang akal; tidak cerdik; dan (informal) menunjukkan rasa kasihan atau simpati. Emojinya menunjukkan gabungan ejekan/kritikan dengan perasaan kasihan.,"Bodoh betul dia buat kerja tu, siannn.","general, emotion, informal","['dungu', 'bebal', 'kasihan', 'simpati']",False
kedua,dua,neutral,0,adjective / numeral,Yang nombor dua dalam urutan.,Dia mendapat tempat kedua dalam pertandingan itu.,general,"['nombor dua', 'dua']",False
spring,spring,neutral,0,noun,Logam berlingkar yang boleh memanjang atau memampat; atau musim bunga (loanword).,Ada masalah pada spring kusyen kereta saya.,"engineering, general","['gegelung', 'pegas']",False
bah.,bah,neutral,0,particle / interjection (informal),"(Informal, Sabah/Sarawak) Partikel penegas atau penamat ayat; juga boleh menunjukkan persetujuan atau seruan.","Mari kita pergi sekarang, bah.","informal, regional","['lah', 'pun', 'pula']",False
Pengecut,kecut,negative,-0.7,noun / adjective,Orang yang tidak berani; penakut.,Dia dituduh sebagai pengecut kerana lari dari pertarungan.,"general, psychology","['penakut', 'bacul']",True
✔<br>Sedih,sedih,negative,-0.7,adjective,"Merasakan atau menunjukkan perasaan duka, murung, atau kecewa. Tanda semak tidak mengubah makna perkataan 'sedih' itu sendiri.",Dia berasa sangat sedih selepas kehilangan kucing kesayangannya.,"emotion, general","['duka', 'murung', 'kecewa', 'pilu']",True
mereka,mereka,neutral,0,pronoun,Kata ganti nama diri ketiga jamak.,Mereka sedang bermain bola di padang.,general,"['dia', 'kamu', 'kami']",False
aneh<br>Coba,"aneh, cuba",neutral,0,"adjective, verb (imperative)",Luar biasa atau ganjil; dan (imperatif) lakukan usaha atau percubaan.,Cerita itu aneh. Coba kamu fikirkan.,general,"['ganjil', 'pelik', 'cuba', 'uji']",False
dakwa....🤣🤣🤣🤣..tp,"dakwa, tetapi",neutral,0.3,"verb, conjunction (informal)",Mengemukakan tuduhan atau tuntutan; dan (informal) tetapi. Emojinya menunjukkan reaksi geli hati atau ejekan terhadap dakwaan tersebut.,"Dia dakwa macam-macam, tapi tiada bukti.🤣🤣🤣🤣","law, general, informal","['tuduh', 'tuntut', 'tetapi', 'namun']",False
adalah,adalah,neutral,0,copula / verb,Merupakan; berfungsi sebagai kata penghubung antara subjek dan predikat.,Dia adalah seorang guru.,general,"['ialah', 'merupakan']",False
sebut,sebut,neutral,0,verb,Mengucapkan atau menyebut sesuatu dengan suara.,Dia sebut nama saya dengan jelas.,general,"['ucap', 'katakan', 'panggil']",True
kat,dekat / kata,neutral,0,preposition / verb (informal),(Informal) Di; pada; atau singkatan bagi 'kata' (mengatakan).,Dia ada kat rumah.,"informal, general","['di', 'pada', 'kata', 'cakap']",False
bertaruh,taruh,negative,-0.5,verb,Mempertaruhkan wang atau barang dalam permainan peluang; berjudi.,Jangan bertaruh wang anda dalam permainan haram.,"gambling, law, general","['berjudi', 'mempertaruhkan']",True
Lainla,"lain, lah",neutral,0,adjective / particle (informal),(Informal) Berbeza; atau partikel penegas. Selalunya digunakan untuk membandingkan atau menyatakan pengecualian.,Lainla kalau kamu memang pakar.,"informal, general","['lain', 'berbeza', 'kecuali']",False
tak,tidak,neutral,0,adverb (negation),(Informal) Tidak; bukan.,Dia tak datang hari ini.,general,"['tidak', 'bukan']",False
blkng,belakang,neutral,0,noun / adverb (informal),(Informal) Bahagian belakang; di sebalik.,Dia duduk di blkng saya.,"general, spatial","['belakang', 'di sebalik']",False
Ap,apa,neutral,0,interrogative pronoun (informal),(Informal) Kata tanya untuk benda atau perkara.,Ap yang kamu buat?,"informal, general",['apa'],False
kita.,kita,neutral,0,pronoun,Kata ganti nama diri pertama jamak (termasuk pembicara dan pendengar).,Kita perlu bekerjasama.,general,"['kami', 'saya', 'awak']",False
kuranglah,kurang,neutral,0,adjective / adverb (with particle),Tidak cukup; sedikit; atau partikel penegas untuk menyatakan pengurangan.,Kuranglah sikit garam dalam masakan itu.,general,"['sedikit', 'tidak cukup', 'berkurang']",True
pkai,pakai,neutral,0,verb (informal),(Informal) Menggunakan; mengenakan (pakaian).,Dia pkai baju baru.,"general, fashion","['guna', 'kenakan', 'memakai']",True
Ramai,ramai,neutral,0.1,adjective,Banyak bilangan orang atau benda; sibuk.,Ramai orang datang ke majlis itu.,general,"['banyak', 'sibuk', 'penuh']",True
bulih,boleh,neutral,0,modal verb (informal),(Informal) Dapat; diizinkan; berkemampuan.,Dia bulih buat kerja itu dengan baik.,general,"['boleh', 'dapat', 'mampu']",True
melukai,luka,negative,-0.7,verb,Menyebabkan luka atau cedera kepada seseorang atau sesuatu.,Dia tidak sengaja melukai tangannya.,"health, general","['mencederakan', 'menyakiti', 'melukakan']",True
langar,langgar,negative,-0.6,verb,Melanggar atau bertumbuk; tidak mematuhi. (Seringkali salah eja untuk 'langgar'),Penunggang motosikal itu langgar lampu isyarat merah.,"law, traffic","['melanggar', 'bertumbuk', 'memukul', 'melanggar undang-undang']",True
peluang,peluang,positive,0.7,noun,Kesempatan atau ruang yang sesuai untuk melakukan sesuatu.,Dia mengambil peluang keemasan itu untuk memulakan perniagaan.,general,"['kesempatan', 'ruang', 'rezeki']",True
hantar,hantar,neutral,0,verb,Mengirimkan atau menghantar sesuatu ke suatu tempat.,Tolong hantar surat ini ke pejabat pos.,general,"['kirim', 'pos', 'mengirim']",True
MENGALAMI,alami,neutral,0,verb,Merasai atau melalui sesuatu peristiwa atau keadaan.,Syarikat itu MENGALAMI kerugian besar tahun ini.,general,"['merasai', 'melalui', 'menghadapi']",True
berlebihan@,lebih,negative,-0.5,adjective,Melebihi had atau ukuran yang sepatutnya; terlalu banyak.,Pengambilan gula berlebihan boleh menyebabkan masalah kesihatan.,"general, health","['melampau', 'keterlaluan', 'terlalu', 'sedikit (antonym)']",True
terbaik,baik,positive,0.9,adjective,Paling baik; tiada tandingannya.,Ini adalah keputusan terbaik yang pernah dicapai oleh pasukan itu.,general,"['unggul', 'cemerlang', 'sempurna', 'terburuk (antonym)']",True
habis-habis,habis,neutral,0.1,adverb,Dengan sehabis-habisnya; sama sekali.,Dia berusaha habis-habis untuk memenangi pertandingan itu.,general,"['sepenuhnya', 'sehabis-habisnya', 'betul-betul']",True
5/5/2022,5/5/2022,neutral,0,numeral,Tarikh 5 Mei 2022.,Mesyuarat seterusnya akan diadakan pada 5/5/2022.,"general, calendar","['tarikh', 'waktu', 'hari']",False
tepat,tepat,positive,0.6,adjective,Betul atau jitu; mengikut masa yang ditetapkan.,Jawapan yang diberikannya sangat tepat.,general,"['betul', 'jitu', 'akurat', 'saksama', 'salah (antonym)']",True
Laa..,Laa,neutral,0.1,interjection,"Ungkapan menunjukkan sedikit kejutan, kesedaran, atau kekesalan yang ringan.",Laa.. rupanya dah habis.,informal,"['oh', 'alamak']",False
slalu,selalu,neutral,0,adverb,Sentiasa; pada setiap waktu atau kesempatan. (Bentuk ringkas/slanga bagi 'selalu'),Dia slalu datang lewat ke kelas.,informal,"['selalu', 'sentiasa', 'kerap']",True
ler,ler,neutral,0,particle,Partikel kolokial yang digunakan untuk melembutkan ayat atau memberi penekanan.,"Janganlah begitu, datanglah sini ler.",informal,"['lah', 'je', 'pun']",False
pembobol,bobol,negative,-0.7,noun,"Orang yang merosakkan atau membocorkan sesuatu (cth: sistem keselamatan, akaun).",Pembobol bank itu berjaya ditangkap polis.,"crime, technology","['perompak', 'penjenayah', 'penggodam']",True
kerata,kereta,neutral,0,noun,Kenderaan beroda empat; kereta. (Seringkali salah eja untuk 'kereta'),Dia memandu kerata baru itu dengan berhati-hati.,"general, transportation","['kereta', 'kenderaan', 'auto']",True
kejarkan,kejar,neutral,0,verb,Mengejar sesuatu.,Anjing itu kejarkan bola yang dilempar.,general,"['mengejar', 'buru']",True
SEPERTI,seperti,neutral,0,preposition,Menyerupai; sama dengan; umpama.,Cuaca hari ini SEPERTI hendak hujan.,general,"['umpama', 'bagai', 'macam']",False
mase,masa,neutral,0,noun,Waktu; ketika. (Bentuk ringkas/slanga bagi 'masa'),"Pada mase itu, semua orang terkejut.",informal,"['masa', 'waktu', 'ketika']",True
Crime,jenayah,negative,-0.8,noun,Perbuatan jenayah; kejahatan. (Perkataan Inggeris yang digunakan dalam konteks Melayu),Pihak polis sedang menyiasat kes Crime itu.,"law, crime","['jenayah', 'kejahatan', 'kesalahan']",True
anggota,anggota,neutral,0,noun,Bahagian daripada sesuatu badan atau kumpulan; ahli.,Anggota badan manusia terdiri daripada pelbagai organ.,"general, body, organization","['ahli', 'komponen', 'bahagian']",True
dengar,dengar,neutral,0,verb,Menerima bunyi melalui telinga.,Dia tidak dengar apa yang saya katakan.,general,"['mendengar', 'patuh', 'memahami']",True
langgar,langgar,negative,-0.6,verb,Bertumbuk atau merempuh; melanggar undang-undang atau peraturan.,Pemandu itu langgar tiang lampu.,"traffic, law","['melanggar', 'bertembung', 'merempuh', 'mematuhi (antonym)']",True
main,main,neutral,0,verb,Melakukan sesuatu aktiviti untuk hiburan atau tujuan tertentu.,Kanak-kanak itu main bola di padang.,general,"['bermain', 'bergurau', 'melakukan']",True
Kene,kena,neutral,0,verb,Terkena; patut; wajib; ditimpa sesuatu. (Bentuk ringkas/slanga bagi 'kena'),Dia Kene denda kerana melanggar peraturan.,informal,"['kena', 'patut', 'mesti', 'alami']",True
1.Gak,tidak,neutral,-0.1,adverb,Bentuk ringkas/slanga bagi 'tidak' atau 'tak'. (Asal dari 'tidak'),Saya 1.Gak tahu apa-apa.,informal,"['tidak', 'tak', 'bukan']",False
dipinjam,pinjam,neutral,0,verb,Diambil atau digunakan buat sementara waktu dan perlu dikembalikan.,Buku itu dipinjam oleh pelajar lain.,general,"['meminjam', 'diberi', 'dikembalikan']",True
kebanyakan,banyak,neutral,-0.1,adverb,Sebahagian besar; hampir semua.,Kebanyakan penduduk kampung terlibat dalam aktiviti itu.,general,"['sebahagian besar', 'majoriti', 'hampir semua', 'sedikit (antonym)']",True
sebenarnya....,benar,neutral,0,adverb,Pada hakikatnya; sesungguhnya; yang betulnya.,Sebenarnya.... dia tidak bersalah.,general,"['sesungguhnya', 'hakikatnya', 'memang']",False
Tahniah,tahniah,positive,0.8,interjection,Ungkapan penghargaan atau pujian atas kejayaan atau kebahagiaan orang lain.,Tahniah atas kejayaan anda dalam peperiksaan!,general,"['syabas', 'bangga', 'pujian']",False
habislah,habis,negative,-0.5,interjection,Ungkapan yang menunjukkan sesuatu sudah berakhir atau akan menghadapi masalah besar.,"Kalau tak belajar, habislah kamu nanti!","informal, general","['tamat', 'musnah', 'binasa']",False
mat,mat,neutral,0,noun,Nama panggilan ringkas bagi Muhammad atau orang Melayu lelaki secara umum; tikar. (Konteks boleh berbeza),"Hei, Mat, mari sini sebentar!","informal, general","['kawan', 'bro', 'tikar']",True
tarik,tarik,neutral,0,verb,Menggerakkan sesuatu ke arah diri; menarik.,Tolong tarik tali ini.,general,"['menarik', 'heret', 'tolak (antonym)']",True
alasan,alasan,neutral,-0.2,noun,Sebab atau hujah yang diberikan untuk menyokong sesuatu tindakan atau kenyataan.,Dia memberikan alasan yang munasabah untuk ketidakhadirannya.,general,"['sebab', 'hujah', 'dalih']",True
Haishhh.,Haish,negative,-0.4,interjection,"Ungkapan rasa kesal, jengkel, atau kecewa.",Haishhh. Kenapa boleh jadi begini?,informal,"['aduh', 'alahai']",False
"rasa,",rasa,neutral,0,"verb, noun",Mengalami melalui deria; perasaan atau pendapat.,"Saya rasa, kita patut pergi sekarang.",general,"['berpendapat', 'fikir', 'perasaan']",True
perhatian,hati,positive,0.5,noun,Fokus atau tumpuan minda terhadap sesuatu; penjagaan.,Sila berikan perhatian kepada pengumuman ini.,general,"['tumpuan', 'peduli', 'ambil berat']",True
sama2,sama,neutral,0,"adverb, adjective",Sama-sama; balasan kepada ucapan terima kasih; bersama-sama. (Bentuk ringkas/slanga bagi 'sama-sama'),"""Terima kasih!"" ""Sama2.""","informal, general","['sama-sama', 'bersama', 'saling']",False
MEMBANTU..,bantu,positive,0.7,verb,Memberikan pertolongan atau sokongan.,Kita perlu MEMBANTU.. golongan yang memerlukan.,general,"['menolong', 'menyokong', 'membantu']",True
pecah,pecah,negative,-0.6,"verb, adjective",Retak atau hancur berkeping-keping; bocor (rahsia).,Cermin tingkap itu pecah akibat balingan batu.,"general, crime","['hancur', 'retak', 'musnah', 'rosak']",True
penting,penting,positive,0.7,adjective,Mempunyai kepentingan atau nilai yang tinggi; utama.,Pendidikan adalah aspek yang sangat penting dalam kehidupan.,general,"['utama', 'mustahak', 'signifikan', 'remeh (antonym)']",True
kan...langgar,langgar,negative,-0.6,verb,Menanyakan pengesahan tindakan melanggar atau bertembung. (Gabungan partikel 'kan' dan 'langgar'),Awak kan...langgar kereta dia?,"informal, traffic","['melanggar', 'bukan']",True
yang,yang,neutral,0,"pronoun, conjunction",Kata ganti nama penghubung yang digunakan untuk menghubungkan dua klausa; penegas kata sifat.,Lelaki yang berbaju merah itu abang saya.,general,[],False
Begal,begal,negative,-0.8,noun,"Penyamun atau perompak jalanan, terutamanya yang merompak kenderaan.",Kes Begal semakin berleluasa di kawasan itu.,crime,"['perompak', 'penyamun', 'pencuri']",True
sejahtera,sejahtera,positive,0.8,adjective,Aman dan makmur; sihat dan sentosa.,Semoga kita semua hidup aman dan sejahtera.,"general, well-being","['aman', 'makmur', 'sentosa', 'sihat', 'sengsara (antonym)']",True
hasil,hasil,neutral,0.2,"noun, verb",Sesuatu yang diperoleh daripada usaha atau proses; produk; pendapatan.,Hasil kerja kerasnya membuahkan kejayaan.,"general, economics","['keputusan', 'produk', 'pendapatan', 'akibat']",True
Uii,Uii,neutral,0.1,interjection,Ungkapan terkejut atau menarik perhatian.,"Uii, besarnya ikan ni!",informal,"['wah', 'eh', 'wow']",False
kembali,kembali,neutral,0,"verb, adverb",Pulang ke tempat asal; berulang lagi; semula.,Dia akan kembali ke rumah esok.,general,"['pulang', 'semula', 'balik']",True
Walaupun,walaupun,neutral,0,conjunction,Kata hubung yang menyatakan pertentangan atau pengecualian.,"Walaupun hujan, dia tetap pergi bekerja.",general,"['biarpun', 'meskipun']",False
moto,motor,neutral,0,noun,Motosikal. (Bentuk ringkas/slanga bagi 'motosikal'),Dia menunggang moto barunya.,"informal, transportation","['motosikal', 'motor', 'kenderaan']",True
cepat,cepat,neutral,0.1,"adjective, adverb",Bergerak atau berlaku dengan pantas; tidak lambat.,Dia berlari dengan sangat cepat.,general,"['pantas', 'laju', 'segera', 'lambat (antonym)']",True
tu?,itu,neutral,0,"demonstrative pronoun, particle",Bentuk ringkas bagi 'itu'; partikel tanya di akhir ayat.,Apa yang awak pegang tu?,informal,"['itu', 'ini', 'apa']",False
penyamun,samun,negative,-0.8,noun,Orang yang merompak atau mencuri dengan kekerasan.,Penyamun itu berjaya ditangkap polis.,criminal,"['perompak', 'pencuri']",False
polis,polis,neutral,0,noun,Pasukan penguat kuasa undang-undang.,Anggota polis sedang membuat rondaan di kawasan kejiranan.,law enforcement,['penguat kuasa'],False
Pehal,apa,neutral,0,interrogative pronoun,Apa sebab? Kenapa? (Singkatan tidak formal daripada 'Apa hal?').,Pehal kau tak datang semalam?,informal,"['kenapa', 'mengapa']",False
perasan,perasan,negative,-0.6,adjective,"Berasa dirinya lebih daripada orang lain; bangga diri; sombong. (Juga: menyedari, menyedari sesuatu).",Dia selalu perasan bagus walhal tiada apa-apa kebolehan.,social,"['sombong', 'bongkak', 'riak']",True
mendapat,dapat,neutral,0,verb,Menerima atau memperoleh sesuatu.,Pelajar itu mendapat keputusan cemerlang dalam peperiksaan.,general,"['menerima', 'memperoleh']",True
pandai,pandai,positive,0.7,adjective,"Cekap, mahir, atau bijak dalam sesuatu. (Singkatan tidak formal 'pnda').",Dia memang pandai dalam mata pelajaran matematik.,education,"['cekap', 'bijak', 'mahir']",True
halal,halal,positive,0.8,adjective,Dibenarkan atau sah mengikut hukum syarak (terutamanya dalam Islam).,Makanan yang disajikan di restoran itu semuanya halal.,religion,"['sah', 'dibenarkan']",True
pasti,pasti,neutral,0.5,adjective,Tentu atau yakin.,Dia pasti akan datang ke majlis itu.,general,"['tentu', 'yakin', 'memang']",True
was,be,neutral,0,verb,Bentuk lampau bagi kata kerja 'be' dalam bahasa Inggeris.,The weather was good yesterday.,general,"['is', 'are']",True
kita,kita,neutral,0,pronoun,Ganti nama diri pertama dan kedua (kita semua termasuk yang bercakap dan yang diajak bercakap).,Kita perlu bekerjasama untuk menyiapkan tugasan ini.,general,"['kami', 'saya', 'anda']",False
melihat,lihat,neutral,0,verb,Menggunakan mata untuk memerhati atau menonton sesuatu.,Dia suka melihat pemandangan matahari terbenam.,general,"['menonton', 'memandang', 'memerhati']",True
dorang,mereka,neutral,0,pronoun,Ganti nama diri ketiga jamak; mereka. (Singkatan tidak formal 'drg'/'Dorang').,Dorang kata nak datang esok.,informal,"['mereka', 'dia orang']",False
saspek,saspek,negative,-0.5,noun,Orang yang disyaki melakukan sesuatu jenayah. (Ejaan tidak formal untuk 'suspek').,Polis sedang menyoal siasat saspek utama kes itu.,criminal,"['suspek', 'syak']",False
orang-orang,orang,neutral,0,noun,Sekumpulan orang; ramai orang.,Orang-orang kampung berkumpul untuk membincangkan masalah itu.,general,"['rakyat', 'komuniti', 'orang ramai']",False
mati,mati,negative,-0.7,verb,Tidak bernyawa lagi; meninggal dunia.,Kucing peliharaannya mati semalam.,general,"['meninggal', 'wafat', 'maut']",True
dan,dan,neutral,0,conjunction,"Kata hubung yang menggabungkan dua atau lebih perkataan, frasa, atau ayat.",Dia suka membaca dan menulis.,general,"['serta', 'dengan']",False
non,non,neutral,0,prefix,Awalan yang bermaksud 'tidak' atau 'bukan'.,Ini adalah produk non-halal.,general,"['tidak', 'bukan']",False
boleh,boleh,neutral,0,auxiliary verb,"Berupaya, mampu, atau diizinkan. (Singkatan tidak formal 'blh').",Awak boleh datang bila-bila masa.,general,"['dapat', 'mampu']",True
kalau,kalau,neutral,0,conjunction,Sekiranya; jikalau. (Singkatan tidak formal 'klu'/'kalu').,"Kalau hujan, kita tak jadi pergi.",general,"['jikalau', 'sekiranya']",False
siap,siap,neutral,0,adjective,"Selesai, sudah jadi, atau sudah bersedia.",Kerja itu sudah siap.,general,"['selesai', 'bersedia', 'tamat']",True
disaman,saman,negative,-0.6,verb,Dikenakan saman; didenda.,Pemandu itu disaman kerana memandu melebihi had laju.,law,"['didenda', 'dikenakan hukuman']",True
ketuk,ketuk,neutral,0,verb,"Memukul atau mengetuk sesuatu dengan benda keras, biasanya menghasilkan bunyi.",Dia ketuk pintu beberapa kali tetapi tiada jawapan.,general,"['pukul', 'palu', 'hentak']",True
orang,orang,neutral,0,noun,Manusia; individu.,Ada banyak orang di pasar hari ini.,general,"['manusia', 'individu']",False
menerapkan,terap,neutral,0,verb,Mempraktikkan atau mengaplikasikan sesuatu.,Syarikat itu menerapkan teknologi baharu dalam operasinya.,general,"['mengaplikasi', 'mempraktikkan']",True
mengamalkan,amal,positive,0.5,verb,"Melakukan atau mempraktikkan sesuatu (biasanya kebaikan, ajaran, dsb) secara berterusan.",Kita digalakkan mengamalkan gaya hidup sihat.,general,"['mempraktikkan', 'melakukan']",True
membunuh,bunuh,negative,-0.9,verb,Mengambil nyawa seseorang atau sesuatu; melakukan pembunuhan.,Lelaki itu didakwa kerana membunuh jirannya.,criminal,"['mematikan', 'membantai']",True
tersebut,sebut,neutral,0,adjective,Yang sudah disebutkan atau disebut tadi; itu.,Masalah tersebut telah diselesaikan.,general,"['itu', 'demikian']",False
ke,ke,neutral,0,preposition,"Kata sendi nama yang menunjukkan arah, tujuan, atau tempat. Atau partikel penegas.",Dia pergi ke pasar.,general,"['kepada', 'pada']",False
tabrak,tabrak,negative,-0.6,verb,Melanggar atau bertembung dengan sesuatu; perlanggaran.,Kereta itu tabrak pokok di tepi jalan.,transport,"['langgar', 'rempuh', 'perlanggaran']",True
alih,alih,neutral,0,verb,"Mengubah kedudukan, arah, atau tempat.",Dia mengalih pandangannya ke arah lain.,general,"['ubah', 'tukar', 'pindah']",True
perempuan,perempuan,neutral,0,noun,Manusia jantina wanita. (Ejaan tidak formal 'pompuan').,Ramai perempuan membeli-belah di pusat membeli-belah itu.,general,"['wanita', 'gadis']",False
benar,benar,positive,0.7,adjective,Tidak salah; betul; sahih. Atau sangat; sungguh.,Apa yang dikatakannya itu benar belaka.,general,"['betul', 'sahih', 'tepat']",True
di dalam,dalam,neutral,0,prepositional phrase,Di bahagian ruang sebelah dalam sesuatu.,Buku itu ada di dalam beg.,general,"['di', 'dalam']",False
kuat,kuat,positive,0.6,adjective,Mempunyai daya tahan atau kekuatan fizikal yang tinggi; tidak mudah rosak.,Dia seorang yang kuat bekerja.,general,"['teguh', 'kental', 'bertenaga']",True
cuba,cuba,neutral,0,verb,Melakukan sesuatu untuk melihat hasilnya; menguji. (Ejaan tidak formal 'Coba').,Cuba selesaikan masalah ini.,general,"['berusaha', 'menguji']",True
ini,ini,neutral,0,demonstrative pronoun,Kata penunjuk untuk sesuatu yang dekat. (Juga singkatan tidak formal 'ni').,Buku ini sangat menarik.,general,"['itu', 'sana']",False
hukum,hukum,neutral,0,noun,Peraturan atau undang-undang yang ditetapkan; memberi hukuman.,Setiap negara mempunyai sistem hukumnya sendiri.,law,"['undang-undang', 'peraturan', 'denda']",True
asal,asal,neutral,0,noun,Punca atau permulaan sesuatu; yang asli atau semula jadi.,Dia berasal dari kampung.,general,"['punca', 'mula', 'asli']",True
sibuk,sibuk,neutral,0,adjective,Banyak kerja yang perlu dilakukan; tidak ada masa lapang.,Dia sibuk menyiapkan laporan.,general,"['giat', 'padat']",True
sebelum,belum,neutral,0,preposition,Pada masa atau saat yang mendahului sesuatu.,Sila pastikan pintu berkunci sebelum tidur.,general,"['selepas', 'sebelum itu']",False
patah,patah,negative,-0.5,adjective,Tidak lagi utuh; putus atau pecah kerana tekanan.,Kakinya patah akibat kemalangan itu.,health,"['pecah', 'putus', 'retak']",True
dengan,dengan,neutral,0,preposition,Bersama-sama atau menggunakan sesuatu.,Dia menulis dengan pensil.,general,"['bersama', 'menggunakan']",False
really,real,neutral,0,adverb,Sungguh; sangat. (Kata keterangan bahasa Inggeris).,This is really good.,general,"['very', 'truly']",True
lagu,lagu,neutral,0,noun,Gubahan bunyi-bunyi yang teratur dan berirama; nyanyian.,Dia suka mendengar lagu-lagu pop.,music,"['nyanyian', 'melodi']",False
menonton,tonton,neutral,0,verb,"Melihat sesuatu (seperti persembahan, filem) untuk hiburan atau maklumat.",Kami menonton filem di pawagam.,entertainment,"['melihat', 'menyaksikan']",True
duduk,duduk,neutral,0,verb,Berada dalam posisi tegak tetapi dengan punggung di atas tempat duduk.,Sila duduk di kerusi yang disediakan.,general,"['bersemayam', 'berdiri']",True
calar,calar,negative,-0.4,noun,Kesan goresan pada permukaan sesuatu.,Telefon bimbitnya ada calar sedikit.,general,"['gores', 'luka', 'parut']",True
criminals,criminal,negative,-0.8,noun,Orang yang telah melakukan jenayah. (Kata nama jamak bahasa Inggeris).,The police caught the criminals.,criminal,"['offenders', 'lawbreakers']",False
masa,masa,neutral,0,noun,Tempoh waktu; jangka waktu.,Dia memerlukan sedikit masa untuk berfikir.,general,"['waktu', 'tempoh']",False
bising,bising,negative,-0.5,adjective,Banyak bunyi yang mengganggu; riuh.,Jangan buat bising di perpustakaan.,general,"['riuh', 'hingar', 'senyap']",True
bijak,bijak,positive,0.7,adjective,Pintar dan pandai berfikir; cerdik.,Pelajar itu sangat bijak dalam menyelesaikan masalah.,general,"['pandai', 'cerdik', 'pintar']",True
kepada,kepada,neutral,0,preposition,Kata sendi nama yang menunjukkan arah atau sasaran.,Sampaikan salam saya kepada keluarga awak.,general,"['untuk', 'bagi']",False
kt,kita,neutral,0,pronoun,Singkatan kolokial bagi 'kita' (we/us).,Esok kt pergi sana.,general,"['kita', 'kami']",False
dua,dua,neutral,0,numeral,Bilangan selepas satu.,Dia membeli dua batang pensel.,general,"['sepasang', 'kedua']",False
yaa.,ya,neutral,0,interjection,Ungkapan persetujuan atau panggilan; sebutan panjang untuk 'ya'.,"""Yaa, saya faham,"" jawabnya.",general,"['ya', 'betul', 'okey']",True
drove,memandu,neutral,0,verb,Perkataan Inggeris yang bermaksud 'memandu' atau 'membawa'.,Dia drove kereta itu dengan laju.,automotive,"['memandu', 'bawa']",True
kejar,kejar,neutral,0,verb,Mengikut atau memburu dengan pantas untuk menangkap.,Anak anjing itu kejar rama-rama di taman.,general,"['buru', 'sambar']",True
daerah,daerah,neutral,0,noun,Bahagian pentadbiran sesuatu negeri atau wilayah.,Kampung saya terletak di daerah Melaka Tengah.,geography,"['kawasan', 'wilayah']",False
just,hanya,neutral,0,adverb,Perkataan Inggeris yang bermaksud 'hanya' atau 'sekadar'.,Saya just nak tahu.,general,"['hanya', 'sekadar']",True
cik..,cik,neutral,0,noun,Panggilan hormat untuk perempuan yang belum berkahwin atau secara umum (dengan elipsis kolokial).,Cikgu datang lewat hari ini.,general,"['puan', 'encik']",False
KLu,kalau,neutral,0,conjunction,Singkatan kolokial bagi 'kalau' (if).,"KLu hujan, kita batalkan perjumpaan.",general,"['kalau', 'jika', 'andai']",False
mati,mati,negative,-0.8,verb,Tidak hidup lagi; meninggal dunia.,Pokok bunga itu sudah mati kerana tiada air.,general,"['meninggal', 'wafat', 'hidup (antonym)']",True
begal,begal,negative,-0.9,verb,"Merompak atau meragut di jalan, biasanya dengan kekerasan.",Penjenayah itu cuba begal motosikalnya.,crime,"['rompak', 'ragut', 'pencuri']",True
wahai,wahai,neutral,0,interjection,Kata seru untuk memanggil atau menarik perhatian.,"Wahai rakyat Malaysia, marilah bersatu padu.",general,"['hai', 'oh']",False
Dan,dan,neutral,0,conjunction,"Kata hubung yang menyambungkan dua atau lebih perkataan, frasa, atau klausa.",Dia suka makan nasi goreng dan mi sup.,general,"['serta', 'lalu']",False
menangkapnya,tangkap,neutral,0,verb,Berhasil memegang atau memberkas sesuatu atau seseorang ('nya' merujuk kepada objek).,Polis berjaya menangkapnya selepas buruan panjang.,law enforcement,"['memberkas', 'menahan', 'melepaskannya (antonym)']",True
la.,lah,neutral,0,particle,Partikel penegas atau pelembut ayat dalam percakapan; bentuk kolokial bagi 'lah'.,Pergi la cepat.,general,"['lah', 'kan']",False
smpai,sampai,neutral,0,verb,Mencapai sesuatu destinasi atau tahap; hingga; bentuk kolokial bagi 'sampai'.,Dia smpai rumah lewat malam.,general,"['tiba', 'hingga']",True
tdak,tidak,neutral,0,adverb,Kata nafian untuk menafikan atau menyangkal sesuatu; bentuk kolokial bagi 'tidak'.,Dia tdak suka makan sayur.,general,"['tidak', 'bukan', 'tak']",True
undang2.,undang-undang,neutral,0,noun,Peraturan atau ketetapan yang mesti dipatuhi oleh masyarakat; bentuk kolokial bagi 'undang-undang'.,Semua rakyat perlu patuh undang2.,law,"['akta', 'peraturan', 'hukum']",False
pergi,pergi,neutral,0,verb,Bergerak atau bertolak dari suatu tempat.,Mereka pergi ke sekolah setiap hari.,general,"['beredar', 'bertolak', 'datang (antonym)']",True
defense,pertahanan,neutral,0,noun,Tindakan atau sistem melindungi daripada serangan atau bahaya; perkataan Inggeris untuk 'pertahanan'.,Pasukan itu mempunyai defense yang kuat.,military,"['pertahanan', 'perlindungan']",False
Puas,puas,positive,0.7,adjective,Merasa senang dan kenyang atau berpuas hati.,Dia berasa puas hati dengan pencapaiannya.,general,"['gembira', 'kenyang', 'tidak puas (antonym)']",True
kena,kena,neutral,0,verb,Terkena; perlu; sesuai; mesti.,Dia kena denda kerana memandu laju.,general,"['wajib', 'perlu', 'patut']",True
betapa,betapa,neutral,0,adverb,Kata tanya atau kata seru untuk menunjukkan kadar atau darjah.,Betapa cantiknya pemandangan di sana!,general,"['bagaimana', 'sungguh']",False
pgar,pagar,neutral,0,noun,Struktur yang didirikan untuk membatasi atau melindungi sesuatu kawasan; bentuk kolokial bagi 'pagar'.,Rumah mereka ada pgar tinggi.,architecture,"['tembok', 'dinding']",False
astu,selepas itu,neutral,0,adverb,Singkatan atau sebutan tidak formal bagi 'selepas itu' atau 'pastu'.,"Makan dulu, astu baru tidur.",general,"['kemudian', 'selepas itu']",False
keseluruhan..,keseluruhan,neutral,0,noun,Seluruhnya; meliputi semua bahagian (dengan elipsis kolokial).,Dia bertanggungjawab untuk keseluruhan projek.,general,"['semua', 'total']",False
import,import,neutral,0,verb,Membawa masuk barang dari negara lain.,Malaysia import banyak barangan elektronik.,economics,"['eksport (antonym)', 'membawa masuk']",True
Mungkin,mungkin,neutral,0,adverb,Ada kemungkinan; barangkali.,Mungkin dia akan datang esok.,general,"['barangkali', 'agaknya']",True
Kalo,kalau,neutral,0,conjunction,Jika; andai; bentuk kolokial bagi 'kalau'.,"Kalo rajin, pasti berjaya.",general,"['jika', 'andai']",False
tu..cctv,"itu, CCTV",neutral,0,"pronoun, noun",Gabungan 'itu' (that) dan 'CCTV' (Closed-Circuit Television) dalam konteks kolokial.,Tengok tu..cctv ada rakam kejadian.,technology,"['itu', 'kamera']",False
masalah,masalah,negative,-0.7,noun,Sesuatu yang perlu diselesaikan atau difikirkan; kesulitan.,Kami menghadapi masalah kewangan yang serius.,general,"['kesulitan', 'halangan', 'penyelesaian (antonym)']",True
pimpinan,pimpin,neutral,0,noun,Orang yang memimpin atau proses memimpin; kepimpinan.,Pimpinan baharu itu membawa banyak perubahan.,politics,"['pemimpin', 'kepimpinan', 'ketua']",True
warga,warga,neutral,0,noun,Penduduk atau ahli dalam sesuatu kumpulan atau masyarakat.,Warga negara bertanggungjawab menjaga keamanan.,social,"['penduduk', 'rakyat', 'anggota']",True
musibat!,musibat,negative,-0.9,interjection,Bencana; malapetaka; juga digunakan sebagai kata makian.,"""Musibat! Kereta aku kemek!"" jeritnya.",general,"['celaka', 'malang', 'bala']",False
pompuan,perempuan,neutral,0,noun,Manusia jantina wanita; bentuk kolokial bagi 'perempuan'.,Pompuan itu memakai baju merah.,general,"['wanita', 'gadis', 'lelaki (antonym)']",True
betol,betul,positive,0.6,adjective,Tidak salah; benar; bentuk kolokial bagi 'betul'.,Kata-katanya memang betol.,general,"['benar', 'tepat', 'salah (antonym)']",True
menetak,tetak,negative,-0.8,verb,Memotong atau mengerat dengan alat tajam seperti parang.,Penjenayah itu cuba menetak mangsanya.,crime,"['memotong', 'mengerat', 'melibas']",True
kot,agaknya,neutral,0,particle,Mungkin; agaknya; partikel kolokial untuk menyatakan ketidakpastian.,Dia datang lewat kot.,general,"['mungkin', 'barangkali']",False
kalah,kalah,negative,-0.7,verb,Tidak menang dalam pertandingan atau peperangan.,Pasukan itu kalah dalam perlawanan semalam.,sports,"['tewas', 'menyerah', 'menang (antonym)']",True
keluar,keluar,neutral,0,verb,Bergerak dari dalam ke luar; meninggalkan.,Mereka keluar dari bangunan itu.,general,"['pergi', 'berangkat', 'masuk (antonym)']",True
mke,muka,neutral,0,noun,Bahagian hadapan kepala manusia; wajah; bentuk kolokial bagi 'muka'.,Mke dia nampak letih.,anatomy,"['wajah', 'rupa']",False
hon..,hon,neutral,0,noun,Bunyi isyarat yang dihasilkan oleh kenderaan (dari Inggeris 'horn'); dengan elipsis kolokial.,Pemandu itu tekan hon.. bila jalan sesak.,automotive,"['klakson', 'siren']",True
malaysia.,Malaysia,neutral,0,noun,Sebuah negara di Asia Tenggara.,Saya bangga menjadi rakyat Malaysia.,geography,"['negara', 'tanah air']",False
pjra,penjara,negative,-0.6,noun,Bangunan tempat menahan banduan; jel; bentuk kolokial/singkatan bagi 'penjara'.,Dia dijatuhi hukuman masuk pjra.,law,"['jel', 'lokap', 'kurungan']",False
didalem,di dalam,neutral,0,preposition,Di bahagian dalam sesuatu; bentuk kolokial bagi 'di dalam'.,Kucing itu bersembunyi didalem kotak.,general,"['dalam', 'di luar (antonym)']",False
akak..tu,"kakak, itu",neutral,0,"noun, pronoun","Gabungan kolokial 'kakak' (elder sister) dan 'itu' (that), sering digunakan sebagai rujukan.","Akak..tu, dia nak cakap dengan awak.",general,"['kakak', 'adik']",False
mangsa,mangsa,negative,-0.7,noun,Orang atau binatang yang menjadi korban atau sasaran.,Mangsa kemalangan itu segera dikejarkan ke hospital.,general,"['korban', 'sasaran', 'pelaku (antonym)']",True
lexus,Lexus,neutral,0,noun,Jenama kereta mewah dari Jepun.,Ayah saya baru membeli sebuah Lexus baharu.,automotive,"['kereta', 'jenama']",False
teryata,ternyata,neutral,0,adverb,Menjadi jelas atau terbukti; hakikatnya; bentuk kolokial/salah ejaan bagi 'ternyata'.,Teryata dia yang bersalah dalam hal itu.,general,"['terbukti', 'kelihatan', 'rupanya']",True
rasa..,rasa,neutral,0,noun/verb,Perasaan atau kemampuan merasa; juga dapat berarti mencoba atau mengalami.,Saya tidak rasa lapar.,general,"['perasaan', 'pengalaman', 'merasai']",True
beliau.,beliau,neutral,0.1,pronoun,Kata ganti nama diri ketiga untuk orang yang dihormati atau mempunyai kedudukan.,Beliau seorang tokoh yang dihormati.,general,"['dia', 'mereka']",False
"musnahkan,",musnah,negative,-0.8,verb,Menjadikan sesuatu hancur atau rosak sama sekali.,Gempa bumi itu musnahkan banyak bangunan.,disaster,"['hancurkan', 'binasakan', 'rosakkan']",True
pelaku.,laku,neutral,0,noun,"Orang yang melakukan sesuatu perbuatan, terutama perbuatan salah.",Pelaku jenayah itu telah ditangkap.,law,"['pengerja', 'pembuat', 'suspek']",True
mobil,mobil,neutral,0,noun,Kereta (kenderaan bermotor beroda empat).,Dia memandu mobil baru itu.,automotive,"['kereta', 'kenderaan']",True
gantung,gantung,neutral,0,verb,Mengaitkan sesuatu supaya tergantung.,Dia gantung baju itu di ampaian.,general,"['tergantung', 'kait']",True
lama2,lama,neutral,0,adverb,Menunjukkan tempoh masa yang semakin berpanjangan atau akhirnya.,Lama2 dia akan faham juga.,general,"['akhirnya', 'kemudian']",True
imagine,imagine,neutral,0,verb,Membayangkan atau mengkhayalkan sesuatu. (Pinjaman daripada bahasa Inggeris),Cuba imagine situasi itu.,general,"['bayangkan', 'khayalkan']",True
amatir,amatir,neutral,-0.2,adjective/noun,Orang yang melakukan sesuatu sebagai hobi dan bukan sebagai pekerjaan profesional; tidak mahir.,Kumpulan muzik itu masih amatir.,general,"['amatur', 'tidak profesional', 'baru']",True
bangang.,bangang,negative,-0.9,adjective,Sangat bodoh; tolol.,Jangan jadi orang bangang.,general,"['bodoh', 'dungu', 'tolol']",True
hentam..,hentam,negative,-0.7,verb,Memukul atau menumbuk dengan kuat; mengkritik dengan hebat.,Dia hentam meja itu kerana marah.,general,"['pukul', 'tumbuk', 'belasah', 'kritik']",True
kete,kereta,neutral,0,noun,Bentuk singkatan tidak formal bagi 'kereta'.,Dia naik kete baru.,automotive,"['kereta', 'mobil']",True
cedera..,cedera,negative,-0.6,adjective/verb,Mengalami luka atau kecederaan fizikal.,Dia cedera akibat kemalangan itu.,health,"['luka', 'tercedera']",True
a,a,neutral,0,interjection/filler,"Bunyi atau singkatan yang tidak formal, selalunya sebagai penanda tanya atau pengisi kata.","Dia dah makan, a?",general,"['eh', 'ha']",False
stay,stay,neutral,0,verb,Kekal atau tinggal di suatu tempat. (Pinjaman daripada bahasa Inggeris),Kita stay sini malam ni.,general,"['tinggal', 'kekal', 'duduk']",True
"hancurkan,",hancur,negative,-0.8,verb,Merosakkan atau memusnahkan sesuatu sama sekali.,Pihak berkuasa hancurkan sarang penjenayah.,general,"['musnahkan', 'binasakan', 'rosakkan']",True
Melayu,Melayu,neutral,0,noun/adjective,"Merujuk kepada kaum, bahasa, atau kebudayaan Melayu.",Dia fasih berbahasa Melayu.,culture/ethnicity,"['bangsa', 'bahasa']",True
movie,movie,neutral,0,noun,Filem (pinjaman daripada bahasa Inggeris).,Mari kita tonton movie baru.,entertainment,"['filem', 'wayang']",True
aammmiiiinnn,amin,positive,0.7,interjection,"Ungkapan doa atau persetujuan terhadap doa, berharap ia dimakbulkan.","Semoga kita semua sihat, aammmiiiinnn.",religion,"['amin', 'makbul']",False
lpstu,lepas itu,neutral,0,adverb,Singkatan tidak formal untuk 'selepas itu' atau 'kemudiannya'.,"Dia makan, lpstu tidur.",general,"['selepas itu', 'kemudian']",False
kali,kali,neutral,0,noun/adverb,Merujuk kepada kekerapan sesuatu berlaku atau sebagai gandaan.,Berapa kali awak pergi ke sana?,general,"['ganda', 'peristiwa']",True
hanya,hanya,neutral,0,adverb,Sekadar itu sahaja; tidak lebih daripada itu.,Dia hanya seorang pelajar.,general,"['cuma', 'sahaja', 'sekadar']",False
xtau,tahu,neutral,0,verb,Singkatan tidak formal bagi 'tidak tahu'.,Saya xtau nak buat apa.,general,"['tak tahu', 'tidak tahu']",False
😂😂😂🤣🤣🤣,(N/A - emoji cluster),positive,0.9,interjection/emoji,"Ungkapan gelak tawa yang sangat kuat, melambangkan sesuatu yang lucu atau menghiburkan.",Cerita awak memang kelakar 😂😂😂🤣🤣🤣.,informal communication,"['ketawa', 'lucu', 'geli hati']",False
"kereta,",kereta,neutral,0,noun,Kenderaan bermotor beroda empat.,Kereta itu sangat laju.,automotive,"['mobil', 'kenderaan']",True
mempertahan,tahan,positive,0.5,verb,Melakukan usaha untuk mempertahankan sesuatu atau diri.,Dia cuba mempertahan haknya.,general/law,"['mempertahankan', 'melindungi', 'membela']",True
",nk",hendak,neutral,0,verb,Singkatan tidak formal bagi 'hendak' atau 'nak'.,"Saya ,nk pergi sekarang.",general,"['hendak', 'mahu', 'nak']",True
ketuk,ketuk,neutral,0,verb,Memukul atau mengetuk dengan bunyi yang dihasilkan.,Dia ketuk pintu beberapa kali.,general,"['pukul', 'palu']",True
ptut,patut,neutral,0,auxiliary verb,"Singkatan tidak formal bagi 'patut', bermaksud seharusnya atau selayaknya.",Dia ptut datang awal.,general,"['patut', 'seharusnya', 'selayaknya']",True
tu🌹,itu,positive,0.3,demonstrative pronoun,"Singkatan tidak formal bagi 'itu', dengan penambahan emoji mawar yang boleh menunjukkan keindahan atau kasih sayang.",Cantik sungguh bunga tu🌹.,informal communication,"['itu', 'sana']",False
hasil,hasil,neutral,0.1,noun/verb,Barang atau perkara yang didapati atau dicipta daripada sesuatu usaha; akibat.,Hasil kerja kerasnya membuahkan kejayaan.,general,"['keluaran', 'produk', 'dapatan', 'akibat']",True
Cuma,cuma,neutral,0,adverb,Hanya; sekadar.,Cuma ini sahaja yang saya ada.,general,"['hanya', 'sahaja', 'sekadar']",False
lesen,lesen,neutral,0,noun,Dokumen rasmi yang memberi kebenaran untuk melakukan sesuatu.,Dia baru dapat lesen memandu.,law/administration,"['izin', 'kebenaran']",True
dorg,mereka,neutral,0,pronoun,Singkatan tidak formal bagi 'mereka'.,Dorg dah sampai ke?,informal communication,"['mereka', 'depa']",False
bodoh,bodoh,negative,-0.8,adjective,Tidak cerdik; dungu; tidak tahu apa-apa.,Jangan buat kerja bodoh.,general,"['dungu', 'tolol', 'bangang']",True
guna,guna,neutral,0,verb,Memakai atau memanfaatkan sesuatu.,Dia guna pisau untuk potong buah.,general,"['pakai', 'manfaat', 'gunakan']",True
lagi.,lagi,neutral,0,adverb,"Menunjukkan tambahan, ulangan, atau tempoh berterusan.",Dia makan lagi.,general,"['tambahan', 'semula']",True
pit,pit,neutral,0,noun,"Singkatan tidak formal untuk 'duit' (wang) atau 'lubang' (misalnya, 'pit stop' dalam perlumbaan).",Saya tak ada pit nak beli tu.,informal/finance,"['duit', 'wang', 'lubang']",True
dijauhknla,jauh,neutral,0,verb,"Singkatan tidak formal bagi 'dijauhkanlah', bermaksud biarlah sesuatu itu dijauhkan.",Semoga kita dijauhknla dari bencana.,general/prayer,"['dijauhkan', 'elakkan']",False
pn,pun,neutral,0,particle,"Singkatan tidak formal bagi 'pun', berfungsi sebagai penegas atau menunjukkan pelbagai makna seperti 'juga' atau 'walaupun'.",Dia pn nak ikut.,informal communication,"['juga', 'walau']",False
nye,nya,neutral,0,pronoun/suffix,"Singkatan tidak formal bagi 'nya', menunjukkan kepunyaan atau sebagai penegas.",Barang nye dah hilang.,informal communication,"['nya', 'dia']",False
keknya,agaknya,neutral,0,adverb/conjunction,"Singkatan tidak formal bagi 'agaknya' atau 'sepertinya', menunjukkan kemungkinan atau andaian.",Keknya dia tak datang hari ni.,informal communication,"['agaknya', 'sepertinya', 'rasanya']",True
akan,akan,neutral,0,auxiliary verb,Menunjukkan sesuatu yang akan berlaku pada masa hadapan.,Dia akan pergi esok.,general,"['bakal', 'nanti']",True
bunuh,bunuh,negative,-0.9,verb,Mengakhiri nyawa seseorang atau sesuatu.,Dia cuba bunuh diri.,crime,"['membunuh', 'maut', 'mati']",True
so,jadi,neutral,0,conjunction/adverb,Oleh itu; jadi (pinjaman daripada bahasa Inggeris).,"Dia sakit, so tak dapat datang.",general,"['jadi', 'oleh itu', 'maka']",False
cermin?😅🤣,cermin,positive,0.4,noun,Permukaan licin yang memantulkan imej; sering digunakan dengan emoji untuk menunjukkan kelucuan atau sindiran.,Awak nampak apa dalam cermin?😅🤣,general/informal communication,"['kaca', 'pantulan']",True
MalaysiaKu,Malaysia,positive,0.8,noun,"Malaysia, dengan imbuhan '-ku' yang menunjukkan rasa sayang atau kepunyaan.",Hidup MalaysiaKu!,politics/patriotism,"['tanah air', 'negara']",False
undang2,undang-undang,neutral,0,noun,Singkatan tidak formal bagi 'undang-undang'.,Undang2 negara kita ketat.,law,"['hukum', 'peraturan']",True
tindakan,tindak,neutral,0,noun,Perbuatan atau langkah yang diambil.,Pihak polis akan ambil tindakan.,general/law,"['perbuatan', 'aksi', 'langkah']",True
sedar,sedar,neutral,0.2,verb/adjective,Mengetahui atau menyedari sesuatu; tidak lena.,Dia sedar akan kesilapannya.,general,"['insaf', 'faham', 'tahu']",True
Penjenayah,jenayah,negative,-0.9,noun,Orang yang melakukan jenayah.,Penjenayah itu melarikan diri.,crime,"['penjahat', 'pesalah', 'banduan']",True
cedera,cedera,negative,-0.6,adjective/verb,Mengalami luka atau kecederaan fizikal.,Dia cedera akibat kemalangan itu.,health,"['luka', 'tercedera']",True
mangsa,mangsa,negative,-0.7,noun,"Orang atau benda yang menjadi sasaran, korban, atau menerima akibat buruk.",Dia adalah mangsa penipuan.,general/crime,"['korban', 'sasaran', 'penerima']",True
pencuri,curi,negative,-0.8,noun,Orang yang mencuri.,Pencuri itu ditangkap polis.,crime,"['maling', 'penyamun']",True
perompak,rompak,negative,-0.9,noun,Orang yang merompak.,Perompak bank itu bersenjata.,crime,"['penyamun', 'penjahat']",True
perogol,rogol,negative,-1,noun,Orang yang melakukan rogol.,Perogol itu dijatuhi hukuman berat.,crime,[],True
semualah,semua,neutral,0,pronoun/determiner,Segala-galanya; kesemua; sering digunakan dengan penegas '-lah'.,Ambil sajalah semualah.,general,"['kesemua', 'segala']",False
kecik2,kecil,neutral,0,adjective,"Bentuk tidak formal atau reduplikasi untuk 'kecil', bermaksud sangat kecil atau berulang kali kecil.",Jangan main api kecik2.,general,"['kecil', 'kanak-kanak']",True
bangang,bangang,negative,-0.8,adjective,Sangat bodoh; tidak cerdik.,"Jangan jadi bangang, fikirkan akibatnya.",general,"['bodoh', 'bebal', 'dungu']",True
berniat,niat,neutral,0,verb,Mempunyai tujuan atau keazaman untuk melakukan sesuatu.,Dia berniat untuk membantu mangsa banjir.,general,"['berhasrat', 'bertujuan', 'bercadang']",True
dibandaraya,bandaraya,neutral,0,adverb,Di dalam atau di kawasan bandaraya.,Kehidupan dibandaraya sangat sibuk.,general,"['di kota', 'di bandar']",False
kisah,kisah,neutral,0,noun,Cerita atau riwayat tentang sesuatu peristiwa.,Kisah pengembaraannya sangat menarik.,general,"['cerita', 'riwayat', 'dongeng']",True
atau,atau,neutral,0,conjunction,Kata hubung untuk menunjukkan pilihan.,Awak mahu kopi atau teh?,general,['mahupun'],False
rasuk,rasuk,negative,-0.3,verb / noun,(verb) Memasuki atau menguasai tubuh seseorang (oleh roh atau jin); (noun) Tiang mendatar yang menyokong struktur.,Gadis itu dikatakan dirasuk syaitan.,spiritual / construction,"['menguasai', 'merasuk', 'alang', 'galang']",True
Salam,Salam,positive,0.7,interjection / noun,Ucapan sejahtera atau damai; bentuk ucapan hormat.,Salam sejahtera kepada semua.,general,"['selamat', 'sejahtera']",False
ulng2...,ulang,neutral,0,verb,"Singkatan untuk ""ulang-ulang"" atau ""mengulang-ulang"", bermaksud melakukan sesuatu berkali-kali.",Dia asyik ulng2 soalan yang sama.,general,"['berulang kali', 'mengulang']",True
mak,mak,positive,0.5,noun,Ibu; panggilan hormat untuk ibu.,Mak saya sedang memasak di dapur.,family,"['ibu', 'bonda', 'umi']",False
hairan,hairan,neutral,0,adjective,Berasa pelik atau terkejut tentang sesuatu yang luar biasa.,Saya hairan melihat kelakuannya.,general,"['pelik', 'terkejut', 'takjub']",True
shit,shit,negative,-0.9,interjection / noun,"Kata makian yang menunjukkan kekecewaan, kemarahan, atau kejutan. (Berasal dari bahasa Inggeris).","Oh, shit! Saya tertinggal dompet.",slang / general,"['celaka', 'sial', 'bangsat']",False
Driver,Driver,neutral,0,noun,Orang yang memandu kenderaan; pemandu. (Berasal dari bahasa Inggeris).,Driver bas itu sangat berhati-hati.,transport,"['pemandu', 'pengemudi']",False
bagus,bagus,positive,0.8,adjective,Baik; elok; cemerlang.,Idea awak sangat bagus.,general,"['baik', 'elok', 'cemerlang', 'hebat']",True
parang,parang,neutral,0,noun,Sejenis alat tajam seperti pedang pendek yang digunakan untuk memotong atau membabat.,Petani itu menggunakan parang untuk membersihkan semak.,agriculture / tool,"['pisau', 'pedang', 'golok']",False
negara,negara,neutral,0,noun,Wilayah yang diduduki oleh sesuatu bangsa dan diperintah oleh kerajaan.,Kita harus cinta akan negara.,politics / geography,"['negeri', 'wilayah', 'bumi']",False
sekalian,sekali,neutral,0,adverb / pronoun,Semua sekali; seluruhnya.,"Hadirin sekalian, terima kasih atas kehadiran anda.",general,"['semua', 'seluruh', 'bersama']",False
ke..,ke,neutral,0,preposition / particle,(Preposisi) Menunjukkan arah; (Partikel) Awalan untuk nombor ordinal. (Diberikan sebagai singkatan/fragment),Dia pergi ke pasar.,general,"['kepada', 'pada']",False
semua,semua,neutral,0,quantifier / pronoun,Seluruhnya; setiap satu.,Semua pelajar hadir ke sekolah.,general,"['sekalian', 'seluruh', 'segala']",False
aneh,aneh,neutral,0,adjective,Pelik; ganjil; luar biasa.,Dia mempunyai tabiat yang aneh.,general,"['pelik', 'ganjil', 'luar biasa', 'gersang']",True
"mudah,carilah","mudah, cari",neutral,0,"adjective, verb",(mudah) Tidak sukar; senang; (carilah) Cuba dapatkan atau temui. (Gabungan dua perkataan),"Soalan ini mudah, carilah jawapannya sendiri.",general,"['senang', 'gampang', 'temui', 'dapatkan']",True
cubaan,cuba,neutral,0,noun,Perbuatan mencuba; ujian atau dugaan.,Hidup ini penuh dengan cubaan.,general,"['ujian', 'dugaan', 'percubaan']",False
tempat,tempat,neutral,0,noun,Ruang atau kawasan tertentu; lokasi.,Ini tempat kelahiran saya.,general / geography,"['lokasi', 'kawasan', 'ruang']",False
penyangak,sangak,negative,-0.7,noun,Penjahat; orang yang berkelakuan buruk atau melakukan kejahatan.,Polis berjaya menangkap penyangak itu.,crime,"['penjahat', 'perompak', 'samseng']",False
area,area,neutral,0,noun,Kawasan; ruang. (Berasal dari bahasa Inggeris).,Area ini sangat bersih.,general,"['kawasan', 'ruang', 'tempat']",False
BIAR,biar,neutral,0,verb / conjunction,Membiarkan; membenarkan sesuatu berlaku.,Biarlah dia pergi.,general,"['benarkan', 'izinkan', 'lepaskan']",True
tu.,itu,neutral,0,demonstrative pronoun,"Singkatan untuk ""itu"", menunjukkan sesuatu yang jauh.",Baju tu cantik.,general,['itu'],False
bethollll,betul,positive,0.6,adjective / adverb,"Ejaan tidak formal atau slanga untuk ""betul"", bermaksud benar, tepat, atau betul-betul.",Apa yang awak cakap tu bethollll.,slang / general,"['betul', 'benar', 'tepat', 'sahih']",True
belakang,belakang,neutral,0,noun / adverb,Bahagian di sebalik sesuatu; arah bertentangan dengan hadapan.,Rumah saya di belakang sekolah.,spatial,['belakang'],False
mna?diam,"mana, diam",neutral,0,"interrogative pronoun, verb","Singkatan untuk ""mana?"" (di mana) dan ""diam"" (senyap, tidak bersuara). (Gabungan dua perkataan/ungkapan)",Dia mna?diam je dari tadi.,general,"['di mana', 'senyap', 'membisu']",True
"tu,",itu,neutral,0,demonstrative pronoun,"Singkatan untuk ""itu"", menunjukkan sesuatu yang jauh. (Dengan koma, menunjukkan jeda atau penyambung ayat)","Orang tu, dia kawan saya.",general,['itu'],False
jadi,jadi,neutral,0,verb / conjunction,Berlaku; terbentuk; berfungsi sebagai; oleh itu.,Apa yang akan jadi seterusnya?,general,"['berlaku', 'terbentuk', 'maka', 'oleh itu']",True
car,car,neutral,0,noun,Kenderaan bermotor; kereta. (Berasal dari bahasa Inggeris).,Dia membeli car baru semalam.,transport,"['kereta', 'kenderaan']",False
"lagi,",lagi,neutral,0,adverb,"Tambahan; masih; belum habis. (Dengan koma, menunjukkan jeda atau penyambung ayat)","Ada lagi, tak?",general,"['tambahan', 'masih', 'pula']",False
melintas,lintas,neutral,0,verb,Bergerak dari satu sisi ke sisi lain; menyeberang.,Seorang kanak-kanak melintas jalan.,general,"['menyeberang', 'merentasi']",True
kalo,kalau,neutral,0,conjunction,"Singkatan atau slanga untuk ""kalau"", bermaksud jika atau sekiranya.","Kalo hujan, kita tak jadi pergi.",general,"['kalau', 'jika', 'sekiranya']",False
digubal.,gubal,neutral,0,verb,"Dibentuk atau dirangka (biasanya undang-undang, dasar, dsb.).",Undang-undang baharu itu telah digubal.,politics / law,"['dibentuk', 'dirangka', 'dicipta']",True
<br>~,N/A,neutral,0,punctuation / formatting,"Simbol atau tag format (HTML break tag dan tilde), tidak mempunyai makna leksikal sebagai perkataan.",N/A,computing / general,[],False
S#@!,Sial,negative,-0.9,interjection,"Kata makian yang menunjukkan kemarahan atau kekecewaan, sering digunakan untuk mengelakkan perkataan sebenar.","S#@!, saya terlepas bas!",slang / general,"['Sial', 'celaka', 'damn']",False
UMNO,UMNO,neutral,0,noun (acronym for political party),"Singkatan kepada United Malays National Organisation, sebuah parti politik di Malaysia.",UMNO adalah salah satu parti politik tertua di Malaysia.,politics,"['parti', 'politik', 'BN']",False
lalu,lalu,neutral,0,verb / adverb / conjunction,Melepasi; kemudian; telah berlalu.,Dia lalu di hadapan rumah saya.,general,"['kemudian', 'lepas', 'kemudian']",True
vdo,video,neutral,0,noun,"Singkatan atau slanga untuk ""video"".",Mari kita tonton vdo itu.,technology / media,"['video', 'klip', 'rakaman']",False
gapake,pakai,neutral,0,verb phrase (colloquial),"Slanga/bahasa pasar (biasanya Indonesia atau utara Semenanjung) untuk ""tidak memakai"" atau ""tidak menggunakan"".",Dia gapake topi hari ni.,colloquial,"['tak pakai', 'tidak guna']",False
bgi,bagi,neutral,0,verb / preposition,"Singkatan untuk ""bagi"", bermaksud memberi atau untuk.",Tolong bgi saya buku itu.,general,"['beri', 'untuk']",True
taik,taik,negative,-0.7,noun / interjection,Najis; kotoran; juga digunakan sebagai kata makian.,Jangan cakap taik.,general / vulgar,"['najis', 'kotoran', 'sampah']",True
otak,otak,neutral,0,noun,Organ dalam kepala yang mengawal fungsi tubuh dan pemikiran.,Otak manusia sangat kompleks.,anatomy / general,"['akal', 'fikiran', 'minda']",False
Orang,orang,neutral,0,noun,Manusia; individu.,Orang ramai berkumpul di dataran.,general,"['manusia', 'individu', 'hamba']",False
Aku,aku,neutral,0,pronoun,Kata ganti nama diri pertama (lebih tidak formal berbanding 'saya').,Aku akan pergi ke sana esok.,general,"['saya', 'beta', 'patik']",False
panik,panik,negative,-0.6,adjective / verb,Keadaan cemas atau takut yang melampau.,Jangan panik apabila berdepan dengan masalah.,emotion / psychology,"['cemas', 'gelisah', 'takut']",True
last,last,neutral,0,adjective / adverb,Yang terakhir; penghujung. (Berasal dari bahasa Inggeris).,Ini peluang last saya.,general,"['akhir', 'penghujung', 'terakhir']",False
faham,faham,neutral,0,verb / adjective,Mengerti; mengetahui; memahami.,Adakah awak faham apa yang saya katakan?,cognitive,"['mengerti', 'tahu', 'memahami']",True
Bijak.,bijak,positive,0.8,adjective,Cerdas; pandai; pintar.,Dia sangat bijak dalam menyelesaikan masalah itu.,general,"['cerdik', 'pandai', 'pintar', 'arif', 'bodoh']",True
sorg2,seorang-seorang,neutral,0,adverb,"Bentuk ringkas/slanga bagi 'seorang-seorang', yang bermaksud sendiri-sendiri atau satu persatu.",Dia datang sorg2 tanpa ditemani sesiapa.,colloquial,"['sendiri', 'bersendirian']",False
hands...,hands,neutral,0,noun,Kata pinjaman dari bahasa Inggeris 'hands' yang bermaksud tangan; anggota badan dari pergelangan tangan hingga hujung jari.,Dia menggunakan hands beliau untuk memegang buku itu.,general,"['tangan', 'jari']",False
tu..tak,itu / tidak,neutral,0,demonstrative pronoun / adverb,Gabungan bentuk slanga 'itu' ('tu') dan 'tidak' ('tak'). Digunakan untuk merujuk sesuatu dan menyatakan penafian.,Benda tu tak boleh guna lagi.,colloquial,"['itu', 'tidak', 'bukan']",False
bahasa,bahasa,neutral,0,noun,Sistem bunyi dan perkataan yang digunakan oleh manusia untuk berkomunikasi.,Bahasa Melayu ialah bahasa rasmi Malaysia.,linguistics,"['lisan', 'tutur', 'perkataan', 'komunikasi']",False
Ak,aku,neutral,0,pronoun,Bentuk ringkas/slanga bagi perkataan 'aku' (saya).,Ak nak pergi sekarang.,colloquial,"['aku', 'saya', 'beta']",False
11,sebelas,neutral,0,numeral,Nombor selepas sepuluh; bilangan sebelas.,Dia mempunyai 11 biji epal.,mathematics,"['nombor', 'sebelas']",False
nma,nama,neutral,0,noun,"Bentuk singkatan/slanga bagi 'nama', yang bermaksud panggilan atau identiti sesuatu.",Apa nma awak?,colloquial,"['nama', 'identiti']",False
minda,minda,neutral,0,noun,"Bahagian dalaman seseorang yang berkaitan dengan pemikiran, perasaan, dan kehendak.",Jaga minda anda agar sentiasa positif.,psychology,"['otak', 'fikiran', 'jiwa', 'akal']",False
"bantai,dan",bantai / dan,negative,-0.6,verb / conjunction,'Bantai' bermaksud memukul atau menyerang dengan kasar; 'dan' ialah kata hubung yang menggabungkan dua perkara.,Dia bantai musuhnya dan melarikan diri.,general,"['pukul', 'serang', 'belasah', 'serta', 'lalu']",True
Respek,respek,positive,0.7,noun / verb,"Kata pinjaman dari bahasa Inggeris 'respect', yang bermaksud perasaan hormat atau penghargaan terhadap seseorang atau sesuatu.",Kita harus respek orang tua.,social,"['hormat', 'penghargaan', 'kagum', 'sanjung']",True
fitnah,fitnah,negative,-0.8,noun / verb,Tuduhan palsu yang dibuat untuk menjatuhkan nama baik seseorang.,Jangan sebarkan fitnah tentang sesiapa.,"social, law","['tuduhan', 'tohmahan', 'bohong', 'caci']",True
xdapat,tidak dapat,neutral,0,verb phrase / adverbial,Bentuk ringkas/slanga bagi 'tidak dapat' (tidak berupaya atau tidak memperoleh).,Dia xdapat datang ke majlis itu.,colloquial,"['tidak boleh', 'gagal']",False
keluarkan,keluar,neutral,0,verb,Meminta atau menyebabkan sesuatu keluar dari sesuatu tempat.,Tolong keluarkan barang dari kotak itu.,general,"['asingkan', 'alihkan', 'usir', 'masukkan']",True
lanyak,lanyak,negative,-0.7,verb,Memijak-mijak atau menekan-nekan dengan kuat; membelasah atau mengkritik dengan teruk.,Dia dilanyak oleh kumpulan samseng itu.,"colloquial, slang","['pijak', 'gilis', 'belasah', 'kritik']",True
do,do,neutral,0,particle / slang,"Partikel penegas atau penyoal dalam ayat, biasanya digunakan dalam bahasa percakapan. Juga boleh merujuk kepada kata kerja bantu 'do' dari bahasa Inggeris.",Buat sajalah do.,colloquial,"['lah', 'kah']",False
brenti,berhenti,neutral,0,verb,Bentuk ringkas/slanga bagi 'berhenti' (tidak bergerak lagi; tamat).,Dia brenti kerja semalam.,colloquial,"['berhenti', 'henti', 'tamat']",True
bagus...,bagus,positive,0.9,adjective,Baik; elok; cemerlang.,Prestasi dia sangat bagus.,general,"['baik', 'cemerlang', 'hebat', 'buruk']",True
depa,mereka,neutral,0,pronoun,Ganti nama diri ketiga jamak (mereka). (Dialek utara Semenanjung Malaysia),Depa semua dah sampai.,dialectal,"['mereka', 'dia orang']",False
no,no,negative,-0.3,adverb / exclamation,Ungkapan penolakan atau larangan; kata pinjaman dari bahasa Inggeris 'no'. Boleh juga singkatan untuk 'nombor'.,"No, saya tak nak pergi.",colloquial / general,"['tidak', 'bukan', 'jangan']",False
kaki,kaki,neutral,0,noun,Anggota badan dari lutut hingga ke hujung jari kaki; bahagian bawah sesuatu. Juga boleh bermaksud orang yang gemar melakukan sesuatu.,Dia berlari menggunakan kakinya.,anatomy / general / colloquial,"['tapak', 'tungkai', 'peminat']",False
gini,begini,neutral,0,adverb,Bentuk ringkas/slanga bagi 'begini' (seperti ini).,Buatlah gini.,colloquial,"['begini', 'macam ni']",False
mengaku,aku,neutral,0,verb,Memberitahu yang benar tentang sesuatu; mengakui.,Dia mengaku kesalahannya.,"general, law","['mengakui', 'bersetuju', 'menafikan']",True
bro,bro,neutral,0,noun (form of address),Panggilan ringkas dari bahasa Inggeris 'brother' (abang atau rakan lelaki).,"Apa khabar, bro?",colloquial,"['abang', 'kawan', 'brader']",False
besar...,besar,neutral,0,adjective,Tidak kecil; luas; penting.,Rumah itu sangat besar.,general,"['luas', 'agung', 'penting', 'kecil']",True
Kalu,kalau,neutral,0,conjunction,"Bentuk ringkas/slanga bagi 'kalau', yang bermaksud kata hubung yang menyatakan syarat.","Kalu hujan, kita tak jadi pergi.",colloquial,"['kalau', 'jika', 'andai']",False
tengok,tengok,neutral,0,verb,Melihat; memerhati.,Mari kita tengok filem itu.,general,"['lihat', 'pandang', 'tatap', 'perhati']",True
auwwww,auwwww,neutral,0,interjection,"Ungkapan bunyi yang menunjukkan pelbagai emosi seperti terkejut, geli, atau tertarik.","Auwwww, comelnya kucing tu!",colloquial,"['oh', 'wow', 'ah']",False
:'(,(emoji),negative,-0.5,emoticon,Emotikon yang menggambarkan wajah sedang menangis atau bersedih.,Saya sedih sangat :'(,digital communication,"['sedih', 'menangis', 'kecewa']",False
takkan,tidak akan,neutral,0,adverb,Bentuk ringkas/slanga bagi 'tidak akan' (mustahil akan berlaku).,Dia takkan datang.,colloquial,"['mustahil', 'tidak mungkin']",False
"kaca,",kaca,neutral,0,noun,"Bahan lutsinar yang keras dan rapuh, biasanya digunakan untuk tingkap atau cermin.",Tingkap itu diperbuat daripada kaca.,materials,"['cermin', 'tingkap', 'gelas']",False
adakah,ada,neutral,0,interrogative particle,Partikel yang digunakan untuk membentuk soalan ya/tidak.,Adakah anda bersetuju?,general,"['apakah', 'benarkah']",False
meningkat,tingkat,neutral,0,verb,Bertambah tinggi; bertambah baik atau buruk.,Harga barang kian meningkat.,general,"['bertambah', 'naik', 'melonjak', 'menurun']",True
..bacul...kalau,bacul / kalau,negative,-0.7,adjective / conjunction,'Bacul' bermaksud penakut atau pengecut; 'kalau' ialah kata hubung bersyarat.,Dia terlalu bacul kalau berdepan masalah.,general,"['pengecut', 'penakut', 'berani', 'jika', 'andai']",True
Lpas,lepas,neutral,0,verb / adverb / preposition,Bentuk ringkas/slanga bagi 'lepas' (sudah berlalu; kemudian; sesudah).,Lpas ni nak buat apa?,colloquial,"['sesudah', 'setelah', 'selesai']",False
tk,tidak,negative,-0.3,adverb,Bentuk ringkas/slanga bagi 'tidak' (kata sangkal).,Dia tk tahu.,colloquial,"['tidak', 'tak', 'bukan']",False
canne..,macam mana,neutral,0,interrogative pronoun / adverb,Bentuk ringkas/slanga bagi 'macam mana' (bagaimana).,Canne nak buat ni?,colloquial,"['bagaimana', 'macam mana']",False
dlm,dalam,neutral,0,preposition,Bentuk ringkas/slanga bagi 'dalam' (berada di ruang).,Buku itu ada dlm beg.,colloquial,"['dalam', 'di dalam']",False
be,be,neutral,0,verb,"Kata kerja bantu (modal verb) atau bentuk kata kerja 'be' dari bahasa Inggeris, sering digunakan dalam kod-suis atau slanga.",You just be yourself.,"colloquial, code-switching","['jadi', 'menjadi']",True
ja...,sahaja,neutral,0,particle,Bentuk ringkas/slanga bagi 'sahaja' (hanya).,Buat sikit ja.,colloquial,"['sahaja', 'hanya']",False
upahan,upah,neutral,0,noun,Sesuatu yang diberi sebagai bayaran untuk kerja atau perkhidmatan; orang yang bekerja untuk upah.,Dia hanyalah seorang pembunuh upahan.,"economics, general","['bayaran', 'gaji', 'pekerja', 'suruhan']",False
dirombak,rombak,neutral,0,verb,"Diubahsuai atau disusun semula secara besar-besaran (biasanya untuk organisasi, struktur, dll).",Kabinet kerajaan akan dirombak tidak lama lagi.,"politics, general","['diubah', 'disusun', 'diperbaharui']",True
syaitan,syaitan,negative,-0.9,noun,Makhluk jahat yang menggoda manusia untuk melakukan dosa; iblis.,Jangan ikut hasutan syaitan.,religion,"['iblis', 'hantu', 'jin', 'malaikat']",False
Mke,muka,neutral,0,noun,Bentuk ringkas/slanga bagi 'muka' (bahagian hadapan kepala).,Mke dia pucat.,colloquial,"['muka', 'wajah']",False
mencoba,cuba,neutral,0,verb,"Berusaha melakukan sesuatu; menguji. (Lebih biasa dalam Bahasa Indonesia, di Malaysia lebih kerap 'mencuba')",Dia sedang mencoba untuk menyelesaikan masalah itu.,general,"['mencuba', 'berusaha', 'menguji']",True
syurga😇,syurga,positive,0.9,noun,Tempat yang dijanjikan sebagai ganjaran baik di akhirat; tempat kebahagiaan abadi.,Setiap Muslim bercita-cita masuk syurga.,religion,"['firdaus', 'jannah', 'nirwana', 'neraka']",False
Phillipines..boleh,Filipina / boleh,neutral,0,proper noun / modal verb,'Phillipines' merujuk kepada negara Filipina; 'boleh' bermaksud dibenarkan atau mampu.,Saya pernah melawat Phillipines dan mereka boleh berbahasa Inggeris.,geography / general,"['Filipina', 'dapat', 'diizinkan']",True
balun,balun,negative,-0.6,verb,Memukul atau membelasah dengan kuat; mengkritik dengan hebat; makan dengan lahap.,Dia dibalun habis-habisan oleh pihak lawan.,colloquial,"['pukul', 'belasah', 'bantai', 'kritik', 'makan']",True
dadah.....,dadah,negative,-0.9,noun,Bahan terlarang yang menyebabkan ketagihan dan merosakkan kesihatan.,Penyalahgunaan dadah adalah jenayah serius.,"health, crime","['narkotik', 'ubat terlarang', 'candu']",False
"mampus,",mampus,negative,-0.8,verb / interjection,Mati (kata kasar); celaka.,Dia mampus dalam kemalangan itu.,"colloquial, grim","['mati', 'meninggal', 'celaka']",True
tahu...,tahu,neutral,0,kata kerja,Mempunyai pengetahuan tentang sesuatu; menyedari atau mengenali sesuatu.,Saya tahu dia tidak akan datang.,umum,"['faham', 'sedar', 'maklum']",True
ngam,ngam,positive,0.3,kata sifat,Sesuai sekali; tepat atau kena (bahasa pasar).,Baju ini ngam-ngam dengan saya.,"umum, informal","['sesuai', 'tepat', 'padan']",False
mmg,memang,neutral,0,kata keterangan,"Singkatan tidak rasmi kepada 'memang', bermaksud benar-benar; sungguh.",Dia mmg pandai. (Dia memang pandai.),"umum, informal","['sungguh', 'benar', 'betul']",False
Masalah,masalah,negative,-0.6,kata nama,Perkara atau keadaan yang menimbulkan kesukaran atau kekusutan; persoalan.,Kami menghadapi masalah kewangan.,umum,"['kesulitan', 'halangan', 'isu']",True
malangnya,malang,negative,-0.7,kata keterangan,Dengan keadaan yang tidak bernasib baik; sayangnya.,"Malangnya, dia gagal dalam peperiksaan itu.",umum,"['ruginya', 'sayangnya', 'celakanya']",False
agaknya,agak,neutral,0,kata keterangan,Barangkali; mungkin; kiranya.,Agaknya dia tidak akan datang.,umum,"['mungkin', 'barangkali', 'kiranya']",False
undang2,undang-undang,neutral,0,kata nama,"Singkatan tidak rasmi kepada 'undang-undang', bermaksud peraturan yang ditetapkan oleh pihak berkuasa.",Semua rakyat perlu mematuhi undang2. (Semua rakyat perlu mematuhi undang-undang.),"undang-undang, politik","['peraturan', 'akta', 'hukum']",True
sepatutnya,patut,neutral,0.1,kata keterangan,Seharusnya; sewajarnya; selayaknya.,Kita sepatutnya bekerjasama.,umum,"['seharusnya', 'sewajarnya', 'selayaknya']",False
Bahasa,bahasa,neutral,0,kata nama,Sistem komunikasi yang digunakan oleh manusia untuk menyatakan buah fikiran.,Bahasa Melayu ialah bahasa rasmi negara kita.,"linguistik, pendidikan","['lisan', 'tutur kata', 'dialek']",True
keras,keras,neutral,0,kata sifat,"Tidak mudah pecah, bengkok, atau berubah bentuk; gigih; kuat; tegas.",Batu itu sangat keras.,umum,"['liat', 'padu', 'kuat']",True
penyamun...,samun,negative,-0.9,kata nama,Orang yang melakukan perbuatan menyamun (merompak).,Penyamun itu berjaya diberkas polis.,jenayah,"['perompak', 'pencuri', 'lanun']",True
Syukur,syukur,positive,0.8,kata nama,Perasaan berterima kasih atau gembira atas nikmat atau kebaikan yang diterima.,"Syukur alhamdulillah, kami selamat sampai.","agama, umum","['terima kasih', 'berterima kasih', 'gembira']",True
KORUT😎,Korea Utara,neutral,0,kata nama,Singkatan tidak rasmi kepada 'Korea Utara'.,Situasi di KORUT sentiasa tegang.,"politik, geografi","['Pyongyang', 'Korea']",True
ko..,engkau,neutral,0,kata ganti nama diri kedua,"Singkatan tidak rasmi kepada 'engkau' atau 'awak', merujuk kepada orang kedua.",Ko nak pergi mana? (Engkau/Awak nak pergi mana?),"umum, informal","['engkau', 'awak', 'anda']",True
enak,enak,positive,0.7,kata sifat,Sedap; nyaman; selesa.,Makanan ini sangat enak.,umum,"['sedap', 'lazat', 'nyaman']",True
kaki.,kaki,neutral,0,kata nama,Anggota badan di bahagian bawah yang digunakan untuk berjalan atau berdiri.,Dia terpijak duri dan kakinya sakit.,"anatomi, umum","['tapak', 'anggota', 'tungkai']",True
dri,dari,neutral,0,kata sendi nama,"Singkatan tidak rasmi kepada 'dari', menunjukkan asal, tempat permulaan, atau masa.",Dia datang dri rumah. (Dia datang dari rumah.),"umum, informal","['dari', 'daripada']",False
mampus.,mampus,negative,-0.9,kata kerja,Mati (digunakan secara kasar atau untuk binatang); mati sepenuhnya; binasa.,Orang yang tidak bersalah itu hampir mampus dilanggar.,"umum, kasar","['mati', 'meninggal', 'binasa']",False
<br>Baru,baru,neutral,0,kata sifat,Belum lama ada; belum dipakai; sebentar tadi.,Dia baru pulang dari kerja.,umum,"['segar', 'moden', 'kontemporari']",True
classnya,kelas,positive,0.5,kata nama,"Ejaan tidak rasmi bagi 'kelasnya', merujuk kepada mutu atau peringkat sesuatu yang tinggi.",Kualiti produk ini memang classnya. (Kualiti produk ini memang kelasnya.),"umum, informal","['mutu', 'kualiti', 'peringkat']",True
tpi,tetapi,neutral,0,kata hubung,"Singkatan tidak rasmi kepada 'tetapi', menunjukkan pertentangan.",Dia pandai tpi malas. (Dia pandai tetapi malas.),"umum, informal","['tetapi', 'namun', 'akan tetapi']",False
cacat,cacat,negative,-0.7,kata sifat,Tidak sempurna sifat jasmani atau rohani; rosak.,Telefon baru itu sudah cacat.,"umum, kesihatan","['kurang upaya', 'rosak', 'cela']",True
dibolehkan,boleh,positive,0.3,kata kerja,Diberi izin atau kebenaran; diizinkan.,Merokok tidak dibolehkan di sini.,umum,"['diizinkan', 'dibenarkan', 'disetujui']",True
terbabit,babit,neutral,0,kata kerja,Turut serta dalam sesuatu perkara; terlibat.,Dia terbabit dalam kemalangan itu.,umum,"['terlibat', 'bersangkut paut', 'termasuk']",True
lempar,lempar,neutral,0,kata kerja,Melontar; membaling.,Dia lempar bola itu kepada saya.,umum,"['baling', 'lontar', 'campak']",True
sial,sial,negative,-0.8,kata sifat,Tidak bernasib baik; celaka; kutukan (juga sebagai kata seru yang kasar).,“Sial!” jeritnya apabila terjatuh.,"umum, kasar","['celaka', 'malang', 'jahanam']",True
Bangla,Bangladesh,neutral,0,kata nama,Panggilan tidak rasmi untuk individu atau sesuatu yang berkaitan dengan Bangladesh.,Ramai pekerja Bangla bekerja di kilang itu.,"geografi, sosial","['Bangladesh', 'pekerja asing']",True
kereta,kereta,neutral,0,kata nama,"Kenderaan beroda empat yang bergerak dengan enjin, biasanya untuk mengangkut penumpang.",Dia memandu kereta baharunya.,pengangkutan,"['kenderaan', 'automobil', 'motor']",True
buat,buat,neutral,0,kata kerja,Menjalankan; melakukan; menghasilkan.,Dia buat kerja rumahnya.,umum,"['lakukan', 'hasilkan', 'bina']",True
belum,belum,neutral,0,kata keterangan,Tidak lagi; tidak lagi terjadi.,Saya belum makan lagi.,umum,['sudah'],False
samun..,samun,negative,-0.9,kata kerja,Merompak dan merampas harta benda.,Mereka cuba samun kedai itu.,jenayah,"['rompak', 'curi', 'rampas']",True
pengajaran,ajar,positive,0.5,kata nama,Proses atau perbuatan mengajar; nasihat atau teladan yang diperoleh.,Kisah itu memberi kita banyak pengajaran.,"pendidikan, umum","['didikan', 'teladan', 'pelajaran']",True
smua,semua,neutral,0,kata bilangan,"Singkatan tidak rasmi kepada 'semua', bermaksud seluruhnya; segala-galanya.",Smua orang setuju. (Semua orang setuju.),"umum, informal","['seluruh', 'segala']",False
bola,bola,neutral,0,kata nama,"Objek berbentuk sfera, biasanya digunakan dalam sukan atau permainan.",Mereka bermain bola di padang.,"sukan, umum","['sfera', 'glob']",True
aku,aku,neutral,0,kata ganti nama diri pertama,Kata ganti nama diri pertama (tidak formal atau sangat akrab).,Aku akan pergi ke sana.,umum,"['saya', 'beta', 'patik']",True
menyamun?,samun,negative,-0.9,kata kerja,Melakukan perbuatan merompak dan merampas harta benda.,Adakah dia menyamun kedai itu?,jenayah,"['merompak', 'mencuri', 'merampas']",True
Tapi,tetapi,neutral,0,kata hubung,"Singkatan tidak rasmi bagi 'tetapi', menunjukkan pertentangan atau pengecualian.",Dia cerdik tapi malas.,"umum, informal","['tetapi', 'namun', 'akan tetapi']",False
Dodol,dodol,positive,0.4,kata nama,"Sejenis kuih manis yang pekat dan liat, diperbuat daripada tepung pulut, santan, dan gula.",Dodol durian sangat popular di sana.,"makanan, budaya","['kuih', 'manisan', 'wajik']",True
jee,sahaja,neutral,0,partikel,"Singkatan tidak rasmi bagi 'sahaja', bermaksud hanya; cuma.",Saya nak sikit jee. (Saya nak sikit sahaja.),"umum, informal","['sahaja', 'saja', 'cuma']",False
xjadi,jadi,negative,-0.3,kata kerja,"Singkatan tidak rasmi bagi 'tidak jadi', bermaksud tidak berhasil; tidak terlaksana.",Projek itu xjadi dilaksanakan. (Projek itu tidak jadi dilaksanakan.),"umum, informal","['batal', 'gagal', 'musnah']",False
diam,diam,neutral,0,kata kerja,Tidak bersuara; tidak bergerak; tinggal atau menetap.,Sila diam sebentar.,umum,"['senyap', 'hening', 'tinggal']",True
leher,leher,neutral,0,kata nama,Bahagian badan yang menghubungkan kepala dengan batang tubuh.,Dia memakai rantai di lehernya.,anatomi,"['tengkuk', 'halkum']",True
diimpikan,impi,positive,0.6,kata kerja,Sesuatu yang diidamkan atau dicita-citakan; sesuatu yang menjadi impian.,Rumah banglo itu adalah yang selalu diimpikan.,umum,"['diidamkan', 'dicita-citakan', 'diharapkan']",True
perbuatan,buat,neutral,0,kata nama,Sesuatu yang dilakukan; tindakan.,Perbuatan baiknya dipuji ramai.,umum,"['tindakan', 'kelakuan', 'tingkah laku']",True
dpan,depan,neutral,0,noun,Bahagian hadapan; muka.,Dia berdiri di dpan rumah.,general,"['hadapan', 'muka', 'belakang']",False
memberi,beri,neutral,0,verb,Menghulurkan sesuatu kepada seseorang; menyerahkan; menghadiahkan.,Ibu memberi adik hadiah hari lahir.,general,"['menerima', 'menyerahkan', 'menghadiahkan']",True
Salah,salah,negative,-0.7,adjective,Tidak betul; tidak benar; keliru; silap.,Jawapan yang diberikannya salah.,general,"['betul', 'benar', 'silap', 'khilaf']",True
pandai,pandai,positive,0.8,adjective,Cepat mengerti dan menangkap sesuatu; cerdik; pintar.,Dia seorang pelajar yang sangat pandai.,education,"['pintar', 'cerdik', 'bodoh', 'bebal']",True
pernah,pernah,neutral,0,adverb,Mengalami atau melakukan sesuatu pada masa lalu.,Saya tidak pernah ke sana.,general,[],True
keta,kereta,neutral,0,noun,"Kenderaan beroda empat yang digerakkan oleh enjin, biasanya untuk pengangkutan manusia atau barang.",Keta dia rosak di tepi jalan.,transport,"['kereta', 'kenderaan', 'motor']",True
kerana,kerana,neutral,0,conjunction,Sebab; oleh sebab.,Dia tidak datang kerana hujan lebat.,general,"['akibat', 'disebabkan']",False
seberat,berat,neutral,0,adjective,Sama berat dengan; mempunyai berat yang sama dengan.,Cincin itu seberat lima gram.,general,"['sama berat', 'ringan']",True
lama,lama,neutral,0,adjective,Sudah berlanjutan tempohnya; tidak baru; usang.,Bangunan lama itu akan dirobohkan.,general,"['baru', 'usang', 'kuno']",True
rusia,rahsia,neutral,0,noun,Sesuatu yang tersembunyi atau tidak boleh diberitahu kepada orang lain.,Dia menyimpan rusia itu dengan baik.,general,"['rahsia', 'misteri', 'sulit', 'terbuka']",True
kebiasaan,biasa,neutral,0,noun,Sesuatu yang sudah lazim atau lumrah dilakukan; adat.,Merokok sudah menjadi kebiasaan baginya.,general,"['adat', 'rutin', 'kelaziman', 'luar biasa']",True
OKU,Orang Kurang Upaya,neutral,0,noun,Singkatan bagi Orang Kurang Upaya; individu yang mempunyai kekurangan fizikal atau mental.,Kemudahan awam perlu mesra OKU.,social,"['cacat', 'kurang upaya']",True
undur,undur,neutral,0,verb,Bergerak ke belakang; berundur.,Tentera itu diarahkan undur dari medan perang.,military,"['berundur', 'maju', 'bergerak']",True
teruskan,terus,neutral,0,verb,Melanjutkan sesuatu; meneruskan.,"""Teruskan perjalanan!"" kata pemandu bas.",general,"['lanjutkan', 'hentikan', 'berhenti']",True
baitu,begitu,neutral,0,adverb,Seperti itu; sedemikian.,Janganlah baitu sombong.,general,"['begitu', 'demikian', 'begitu rupa']",True
manjo,manja,neutral,0,adjective,Suka dibelai dan dimanjakan; bersifat keanak-anakan.,Dia sangat manjo dengan ibunya.,family,"['manja', 'merengek', 'berdikari']",True
belakang.,belakang,neutral,0,noun,Bahagian di sebaliknya atau bertentangan dengan hadapan; bahagian di sebelah belakang.,Dia duduk di belakang saya.,general,"['hadapan', 'depan', 'muka']",True
dilanggar,langgar,negative,-0.6,verb,Terkena atau ditabrak (oleh kenderaan); tidak mematuhi atau melanggar (peraturan).,Kereta itu dilanggar lori.,"transport, law","['ditabrak', 'dipatuhi', 'mematuhi']",True
Ahhh,Ah,neutral,0,interjection,"Kata seru untuk menyatakan perasaan terkejut, lega, sakit, atau tidak puas hati.","Ahhh, akhirnya sampai juga!",general,"['oh', 'aduh', 'cis']",False
nampak,nampak,neutral,0,verb,Dapat dilihat; terlihat.,Dia nampak sangat letih.,general,"['terlihat', 'kelihatan', 'tidak nampak']",True
berusaha,usaha,positive,0.7,verb,Melakukan ikhtiar; berikhtiar; bekerja keras.,Kita perlu berusaha untuk mencapai kejayaan.,general,"['berikhtiar', 'berjuang', 'menyerah']",True
Kekadang,kadang-kadang,neutral,0,adverb,Dari masa ke semasa; ada kalanya.,Kekadang dia datang melawat.,general,"['kadang-kadang', 'selalu', 'jarang']",False
Kwsan,Kawasan,neutral,0,noun,Lingkungan atau daerah yang tertentu; ruang.,Kwsan itu bahaya untuk dilalui.,general,"['daerah', 'wilayah', 'ruang']",True
😂,ketawa,positive,0.9,emoji,Melambangkan ketawa terbahak-bahak dengan air mata keluar; ekspresi lucu atau gembira.,"Jenaka itu sangat lucu, sampai saya 😂.","emotion, social media","['gembira', 'lucu', 'sedih']",False
semoga,semoga,positive,0.5,adverb,Kata untuk menyatakan harapan atau doa; mudah-mudahan.,Semoga kita berjaya.,general,"['mudah-mudahan', 'moga']",False
food,food,neutral,0,noun,Makanan (kata pinjaman dari bahasa Inggeris).,Restoran itu menyajikan food yang sedap.,culinary,"['makanan', 'hidangan', 'santapan']",True
..menyamun,samun,negative,-0.9,verb,Merampas harta benda orang lain dengan kekerasan atau ancaman.,Penjenayah itu ..menyamun bank semalam.,crime,"['merompak', 'mencuri', 'merampas']",True
kuala,kuala,neutral,0,noun,Pertemuan dua sungai atau sungai dengan laut.,Mereka memancing di kuala sungai.,geography,"['muara', 'sungai']",True
skit?,sedikit,neutral,0,adverb,Jumlah atau kuantiti yang kecil; tidak banyak (bentuk tidak formal).,Boleh bagi saya air skit?,general,"['sedikit', 'banyak', 'sikit']",True
tambah,tambah,neutral,0,verb,Menjadikan lebih banyak; membubuh atau melekatkan lagi.,Dia minta tambah nasi.,general,"['kurang', 'darab', 'bahagi']",True
Creat,create,neutral,0,verb,Mencipta atau menghasilkan sesuatu (kata pinjaman dari bahasa Inggeris).,Kita perlu Creat idea baharu.,general,"['mencipta', 'menghasilkan', 'membina']",True
ajar,ajar,neutral,0,verb,Memberikan pelajaran atau tunjuk ajar; mendidik.,Dia suka ajar budak-budak.,education,"['didik', 'mengajar', 'belajar']",True
ini,ini,neutral,0,pronoun,Menunjukkan atau menunjuk sesuatu yang dekat (dengan penutur).,Ini buku saya.,general,"['itu', 'sana', 'sini']",True
bt,buat,neutral,0,verb,Melakukan atau mengerjakan sesuatu (bentuk tidak formal).,Saya nak bt kerja sekarang.,general,"['buat', 'laksanakan', 'kerja']",True
terima,terima,neutral,0,verb,Mengambil atau mendapat sesuatu yang diberi; menyambut.,Dia terima hadiah itu dengan gembira.,general,"['memberi', 'mengambil', 'menerima']",True
keretanya,kereta,neutral,0,noun,Kereta miliknya atau miliknya (milik pihak ketiga).,Keretanya baru sahaja dibaiki.,transport,"['kereta', 'kenderaan']",True
segala,segala,neutral,0,determiner,Semua; seluruh; segala-gala.,Dia menguruskan segala persiapan majlis.,general,"['semua', 'seluruh', 'setiap']",False
bawak,bawa,neutral,0,verb,Mengangkut atau memindahkan sesuatu dari satu tempat ke tempat lain (bentuk tidak formal).,Dia bawak beg besar.,general,"['bawa', 'angkut', 'pindah']",True
melayu,Melayu,neutral,0,noun,Nama bagi suatu bangsa dan bahasa di Nusantara.,Dia fasih berbahasa Melayu.,"ethnicity, language","['bangsa', 'bahasa', 'Malaysia']",True
uang,wang,neutral,0,noun,Alat tukar atau medium pembayaran yang sah (bentuk tidak formal/dialek).,Dia tidak ada uang.,finance,"['wang', 'duit', 'harta']",True
Cuman,Cuma,neutral,0,adverb,Hanya; sekadar; tidak lebih dari itu (bentuk tidak formal).,Cuman itu yang dia tahu.,general,"['cuma', 'hanya', 'sekadar']",False
suruh,suruh,neutral,0,verb,Memberi perintah atau arahan kepada seseorang.,Ibu suruh saya belajar.,general,"['perintah', 'arah', 'paksa']",True
betul,betul,positive,0.6,adjective,Tidak salah; benar; sah.,Jawapan awak betul.,general,"['benar', 'sah', 'salah', 'silap']",True
mangsa,mangsa,negative,-0.7,noun,"Orang atau binatang yang menderita atau mati akibat perbuatan orang lain, bencana, dsb.",Dia menjadi mangsa penipuan.,"crime, disaster","['korban', 'sasaran', 'pelaku']",True
selagi,lagi,neutral,0,conjunction,Sepanjang; selama.,"Selagi ada hayat, teruskan berjuang.",general,"['selama', 'sepanjang']",False
"perasaan,",rasa,neutral,0,noun,Keadaan jiwa atau hati; emosi; gerak hati.,Dia tidak dapat menyembunyikan perasaannya.,emotion,"['emosi', 'jiwa', 'hati', 'sentimen']",True
and,and,neutral,0,conjunction,Dan (kata pinjaman dari bahasa Inggeris).,Saya and awak pergi bersama.,general,"['dan', 'serta']",False
Tali,tali,neutral,0,noun,"Bahan panjang dan nipis yang terbuat daripada serat yang dipintal, digunakan untuk mengikat, menarik, dsb.",Dia mengikat tali kasutnya.,general,"['benang', 'dawai', 'rantai']",True
zaman,zaman,neutral,0,noun,Tempoh waktu atau era tertentu.,Ini adalah zaman moden.,"history, general","['era', 'waktu', 'tempoh', 'abad']",True
low,low,neutral,0,adjective,Rendah; sedikit atau kurang (kata pinjaman dari bahasa Inggeris).,Bateri telefon saya dah low.,"general, technology","['rendah', 'tinggi', 'kurang', 'banyak']",True
tu,itu,neutral,0,pronoun,Menunjuk atau menunjuk sesuatu yang jauh (dari penutur) atau telah disebut (bentuk tidak formal).,Buku tu mahal sangat.,general,"['itu', 'ini', 'sana', 'sini']",True
😡,marah,negative,-0.8,emoji,"Melambangkan kemarahan yang melampau, kebencian, atau kekecewaan.",Dia berasa 😡 apabila mendengar berita buruk itu.,"emotion, social media","['marah', 'geram', 'kecewa', 'gembira']",False
😥,sedih,negative,-0.6,emoji,"Melambangkan kesedihan, kekecewaan, atau kesusahan.",Hatinya 😥 apabila terpaksa berpisah.,"emotion, social media","['sedih', 'kecewa', 'menangis', 'gembira']",False
Ya,ya,neutral,0,interjection,Kata persetujuan atau pengesahan; juga digunakan untuk menarik perhatian atau menegaskan.,"Ya, saya setuju.",general,"['setuju', 'tidak', 'bukan']",False
kenderaan,kendera,neutral,0,noun,"Alat yang digunakan untuk bergerak atau mengangkut, seperti kereta, bas, atau motosikal.",Kereta adalah sejenis kenderaan darat.,transportation,"['kereta', 'bas', 'motosikal', 'pengangkutan']",False
Mmg,memang,neutral,0,adverb,"Singkatan untuk 'memang', bermaksud betul-betul atau sungguh-sungguh.",Mmg dia cakap macam tu.,colloquial,"['memang', 'sungguh', 'betul']",False
menyerang,serang,negative,-0.7,verb,Melakukan serangan atau tindakan agresi terhadap sesuatu atau seseorang.,Tentera itu bersedia untuk menyerang kubu musuh.,"military, conflict","['menyerbu', 'menyerang balas', 'membela']",True
Law,lawa,positive,0.6,adjective,"Cantik, menarik, bagus (slanga dari 'lawa').",Baju baru dia law.,"colloquial, appearance","['cantik', 'menarik', 'hodoh']",True
silahkan,sila,neutral,0,verb,"Jemputlah, dipersilakan; digunakan untuk mempersilakan seseorang melakukan sesuatu.",Silahkan duduk.,general,"['jemput', 'persila']",False
menyamun..kesian,samun,negative,-0.9,verb,Melakukan perbuatan merompak atau mencuri dengan kekerasan; (kesian: perasaan kasihan).,Penyamun itu didakwa kerana menyamun kedai emas.,"crime, law","['merompak', 'mencuri', 'membegal']",True
<br>Adakah,ada,neutral,0,interrogative particle,Kata tanya yang digunakan untuk memulakan soalan ya/tidak atau untuk menanyakan keberadaan sesuatu.,Adakah anda faham?,general,"['apakah', 'bukan']",False
cm,macam,neutral,0,conjunction,"Singkatan untuk 'macam', bermaksud serupa dengan atau seperti.",Dia cakap cm tu.,colloquial,"['macam', 'seperti', 'umpama']",False
mudur,mundur,negative,-0.4,verb,Bergerak ke belakang; mengalami kemerosotan atau kemunduran (kemungkinan salah eja untuk 'mundur').,Ekonomi negara itu dilihat mudur (mundur) sejak beberapa tahun lalu.,"general, economics","['berundur', 'merosot', 'maju', 'progres']",True
Mntp,mantap,positive,0.7,adjective,"Singkatan untuk 'mantap', bermaksud kukuh, hebat, atau bagus.",Persembahan kumpulan itu mntp sekali!,"colloquial, general","['mantap', 'hebat', 'bagus', 'buruk']",True
sampah..,sampah,negative,-0.6,noun,Bahan buangan yang tidak diperlukan lagi; kotoran; (kiasan) sesuatu yang tidak berguna atau bernilai rendah.,Jangan buang sampah merata-rata.,"environment, general","['buangan', 'sisa', 'kotoran', 'berharga']",False
jauh,jauh,neutral,0,adjective,Berjarak besar dari suatu titik; tidak dekat.,Rumahnya jauh dari bandar.,general,"['dekat', 'rapat']",True
Baabi,babi,negative,-0.9,noun,"Ejaan alternatif untuk 'babi', sering digunakan sebagai kata kesat atau makian.","Hati-hati menggunakan kata Baabi, ia sangat kesat.","slang, offensive","['bodoh', 'sial']",False
😡😡😡😡😡😡😡😡😡😡😡😡😡😡😡😡😡😡😡😡😡😡,marah,negative,-0.9,emoji,Melambangkan kemarahan yang sangat kuat.,Dia hanya hantar emoji ini sebagai balasan.,digital communication,"['kecewa', 'geram', 'gembira']",False
berat,berat,neutral,0,adjective,"Mempunyai jisim yang besar; susah untuk diangkat; (kiasan) sukar, penting.",Kotak itu sangat berat.,general,"['ringan', 'sukar', 'mudah']",True
Kalaau,kalau,neutral,0,conjunction,"Ejaan alternatif untuk 'kalau', bermaksud sekiranya atau jika.","Kalaau awak setuju, kita boleh teruskan.",general,"['jika', 'sekiranya']",False
Baguih,bagus,positive,0.6,adjective,"Ejaan dialek untuk 'bagus', bermaksud baik, elok, atau cemerlang.",Kerja awak baguih sekali!,"colloquial, general","['bagus', 'baik', 'elok', 'teruk']",True
terus.,terus,neutral,0,adverb,Tanpa henti; segera; (sebagai verb) meneruskan.,Dia terus berjalan tanpa menoleh.,general,"['segera', 'tanpa henti', 'berhenti']",True
gantung...terbaik,gantung,neutral,0,verb,Mengikat dan membiarkan sesuatu tergantung; (kiasan) menangguh; (hukuman) menggantung orang. (terbaik: paling baik).,Dia gantung gambar di dinding.,"general, law","['sangkut', 'pasang', 'tanggal']",True
ni.....puas,ini,neutral,0,demonstrative pronoun,"Singkatan untuk 'ini', merujuk kepada sesuatu yang dekat dengan penutur atau yang sedang dibicarakan. (puas: berasa puas hati).",Buku ni kepunyaan saya.,"colloquial, general","['ini', 'itu', 'sini']",False
"vios,",Vios,neutral,0,noun,Nama model kereta keluaran Toyota.,Dia memandu kereta Toyota Vios.,automotive,"['kereta', 'Honda', 'Perodua']",False
Dh,dah,neutral,0,auxiliary verb,"Singkatan untuk 'dah' (sudah), menunjukkan sesuatu telah berlaku atau selesai.",Dia dh makan.,colloquial,"['sudah', 'belum']",False
lgs,langsung,neutral,0,adverb,"Singkatan untuk 'langsung', bermaksud terus-menerus, sama sekali, atau tanpa perantara.",Dia lgs tak datang.,colloquial,"['langsung', 'terus', 'sama sekali']",False
memihak,pihak,neutral,0,verb,Berpihak kepada seseorang atau sesuatu; menyokong satu pihak.,Hakim itu tidak boleh memihak kepada mana-mana pihak.,"politics, law, general","['menyokong', 'menyebelahi', 'berkecuali']",True
Akan,akan,neutral,0,auxiliary verb,Menunjukkan sesuatu yang akan berlaku pada masa hadapan.,Dia akan pergi esok.,general,"['sudah', 'belum']",False
memasal,pasal,negative,-0.3,verb,Menimbulkan masalah; membuat hal; (slanga) menyebabkan sesuatu terjadi yang tidak diingini.,Jangan memasal nanti kita lambat.,colloquial,"['menyusahkan', 'mencetuskan', 'menyelesaikan']",True
pemandu,pandu,neutral,0,noun,Orang yang mengendalikan atau memandu kenderaan.,Pemandu bas itu sangat cekap.,transportation,"['pemandu teksi', 'penumpang', 'penunggang']",False
"negara,",negara,neutral,0,noun,Kawasan atau wilayah yang berdaulat dengan pemerintahan sendiri; sebuah negara.,Kita harus cinta akan negara.,"politics, geography","['negeri', 'wilayah', 'rakyat']",False
penjahatnya,jahat,negative,-0.8,noun,Orang yang melakukan kejahatan; penjenayah. 'nya' merujuk kepada miliknya atau yang dibicarakan.,Penjahatnya telah ditangkap polis.,"crime, law","['penjenayah', 'penyamun', 'wira', 'mangsa']",False
sist.....,sister,neutral,0,noun,"Panggilan ringkas atau mesra untuk 'sister' (kakak atau wanita), sering digunakan dalam media sosial.","Hai sist, apa khabar?","social media, colloquial","['sis', 'bro', 'abang', 'kakak']",False
menabrak,tabrak,negative,-0.6,verb,Melanggar atau terlanggar dengan kuat; menyebabkan pertembungan.,Kereta itu menabrak tiang lampu.,"transportation, accidents","['melanggar', 'merempuh', 'mengelak']",True
peropak,rompak,negative,-0.9,noun,"Kemungkinan salah eja untuk 'perompak', bermaksud orang yang melakukan rompakan atau penyamunan.",Polis sedang memburu peropak (perompak) itu.,"crime, law","['perompak', 'penyamun', 'pencuri', 'mangsa']",False
xpayah,tak payah,neutral,0,auxiliary verb,"Singkatan untuk 'tak payah', bermaksud tidak perlu atau tidak usah.",Xpayah tunggu saya.,colloquial,"['tak perlu', 'tidak usah', 'perlu', 'usah']",True
😎👌,bagus/setuju,positive,0.8,emoji,"Melambangkan persetujuan, rasa kagum, atau sikap yang 'cool'.",Dia balas dengan emoji 😎👌.,digital communication,"['setuju', 'bagus', 'hebat', 'tidak setuju']",False
pepper,pepper,neutral,0,noun,Lada; sejenis rempah.,Saya suka makanan yang ada banyak pepper.,food,"['lada', 'rempah', 'garam']",False
I,I,neutral,0,pronoun,Saya; kata ganti nama diri pertama tunggal dalam bahasa Inggeris.,I tak faham.,colloquial (mixed language),"['saya', 'aku']",False
takut,takut,negative,-0.6,adjective,Berasa gentar atau bimbang; gerun.,Dia takut akan kegelapan.,emotion,"['berani', 'gentar', 'bimbang']",True
jugak,juga,neutral,0,adverb,"Ejaan dialek/slanga untuk 'juga', bermaksud pula, demikian, atau pun.",Saya pun nak ikut jugak.,colloquial,"['juga', 'pun', 'demikian']",False
hdup.,hidup,neutral,0,verb,"Singkatan untuk 'hidup', bermaksud bernyawa; menjalani kehidupan.",Kita perlu terus hdup.,general,"['hidup', 'mati']",True
Penyamun,samun,negative,-0.9,noun,Orang yang melakukan perbuatan merompak atau mencuri dengan kekerasan.,Penyamun itu melarikan diri dengan wang curian.,"crime, law","['perompak', 'pencuri', 'penjenayah', 'mangsa']",False
taknak,tak hendak,neutral,0,auxiliary verb,"Singkatan untuk 'tidak hendak' atau 'tidak mahu', bermaksud tidak ingin.",Dia taknak makan nasi.,colloquial,"['tidak mahu', 'mahu', 'ingin']",True
mall,mall,neutral,0,noun,Pusat beli-belah besar.,Mereka pergi ke mall untuk membeli-belah.,"retail, commerce","['pusat beli-belah', 'kedai', 'pasaraya']",False
dana,dana,neutral,0,noun,Kumpulan wang yang dikumpul atau disediakan untuk tujuan tertentu.,Projek itu memerlukan dana yang besar.,"finance, non-profit","['wang', 'sumbangan', 'modal']",False
Dewan,dewan,neutral,0,noun,Ruang besar untuk perhimpunan atau mesyuarat; (khusus) badan perundangan seperti Dewan Rakyat.,Mesyuarat diadakan di dewan serbaguna.,"architecture, politics","['bilik', 'auditorium', 'parlimen']",False
aje,sahaja,neutral,0,adverb,"Singkatan untuk 'saja' atau 'sahaja', bermaksud hanya atau cuma.",Dia datang sekejap aje.,colloquial,"['saja', 'sahaja', 'hanya', 'cuma']",False
apa,apa,neutral,0,interrogative pronoun,"Kata tanya untuk menanyakan benda, hal, atau jenis.",Apa yang sedang kamu buat?,general,"['siapa', 'mana', 'bila']",False
ingin,ingin,neutral,0,verb,Mahu atau berhasrat akan sesuatu.,Dia ingin belajar bahasa baru.,"emotion, general","['mahu', 'berhasrat', 'enggan']",True
elok,elok,positive,0.6,adjective,"Baik, cantik, sempurna; sesuai.",Bunga itu sangat elok.,"general, appearance","['baik', 'bagus', 'cantik', 'buruk']",True
Kena,kena,neutral,0,auxiliary verb,Memesti; mesti; dijangkiti atau terbabit dengan sesuatu; sesuai.,Dia kena pergi sekolah esok.,general,"['mesti', 'perlu', 'terpaksa']",True
aku..ini,aku,neutral,0,pronoun,Kata ganti nama diri pertama tunggal (informal). (ini: merujuk kepada sesuatu).,Aku pergi dulu.,"colloquial, general","['saya', 'patik']",False
Baik,baik,positive,0.8,adjective,Sifat positif; elok; berkualiti.,Dia seorang yang sangat baik hati.,general,"['elok', 'bagus', 'mulia']",True
always,always,neutral,0,adverb,Sentiasa; selalu (kata pinjaman Bahasa Inggeris).,Dia always datang lewat.,general,"['sentiasa', 'selalu']",True
kereta.,kereta,neutral,0,noun,Kenderaan beroda empat yang bergerak menggunakan enjin.,Kereta itu rosak di tepi jalan.,transportation,"['auto', 'kenderaan']",False
gitu??,begitu,neutral,0,adverb,Begitu; seperti itu (bentuk tidak formal).,"Jadi, gitu??",informal communication,"['begitu', 'macam itu']",True
"penjenayah,,tp",jenayah,negative,-0.9,noun,Orang yang melakukan jenayah; pesalah.,Pihak polis sedang memburu penjenayah itu.,law enforcement,"['pesalah', 'kriminal']",False
action,action,neutral,0,noun,Tindakan; perbuatan (kata pinjaman Bahasa Inggeris).,Kita perlu mengambil action segera.,general,"['tindakan', 'perbuatan']",False
xbarai2,barai,neutral,0.2,adjective,Tidak berpecah; tidak rosak; tidak berselerak (bentuk tidak formal bagi 'tidak barai-barai').,"Walaupun jatuh, telefon itu xbarai2.",general,"['kukuh', 'elok', 'tidak rosak']",True
Tanjung,tanjung,neutral,0,noun,Sebidang tanah yang menganjur ke laut atau tasik; sering digunakan dalam nama tempat.,Mereka tinggal di Tanjung Malim.,geography,"['semenanjung', 'teluk']",False
krta,kereta,neutral,0,noun,Kenderaan beroda empat yang bergerak menggunakan enjin (bentuk tidak formal bagi 'kereta').,Dia bawa krta baru.,transportation,"['kereta', 'auto']",False
dy..,dia,neutral,0,pronoun,Kata ganti nama diri ketiga tunggal (bentuk tidak formal bagi 'dia').,Dy dah sampai.,informal communication,"['dia', 'beliau']",False
pistol..,pistol,neutral,0,noun,Sejenis senjata api genggam yang kecil.,Polis merampas sepucuk pistol dari suspek.,law enforcement,"['senjata', 'senapang']",False
weh,weh,neutral,0,interjection,Kata seru yang digunakan untuk menarik perhatian atau menyatakan kejutan (tidak formal).,"Weh, tengoklah tu!",informal communication,"['oi', 'eh']",False
dorang,mereka,neutral,0,pronoun,Kata ganti nama diri ketiga jamak (bentuk tidak formal bagi 'mereka').,Dorang dah balik.,informal communication,"['mereka', 'semua']",False
for,for,neutral,0,preposition,Untuk; bagi (kata pinjaman Bahasa Inggeris).,Ini for you.,general,"['untuk', 'bagi']",False
pusing,pusing,neutral,0,verb,Bergerak dalam bulatan; berputar.,Kepala saya pusing selepas naik buaian itu.,general,"['putar', 'keliling', 'berpusing']",True
laa..,lah,neutral,0,particle,Partikel penegas atau penamat ayat (bentuk tidak formal bagi 'lah').,Biarlah dia buat laa..,informal communication,['lah'],False
"tu,habuk",habuk,neutral,0,noun,Zarah-zarah halus yang terapung di udara atau melekat pada permukaan (gabungan 'itu' dan 'habuk').,"Bersihkan tu,habuk di atas meja.",general,"['debu', 'kotoran']",False
"nyawanya,,",nyawa,neutral,0,noun,Roh atau hayat yang menghidupkan sesuatu makhluk; 'nya' merujuk kepada kepunyaan.,Nyawanya diselamatkan oleh doktor.,"general, health","['hayat', 'hidup']",False
gelek,gelek,neutral,0,verb,Menggilis atau menekan dengan gilingan; menari dengan gerakan pinggul.,Lori itu gelek batu-batu kecil di jalan.,general,"['gilis', 'lenyek', 'pusing']",True
membanteras,banteras,positive,0.7,verb,Berusaha menghapuskan atau membasmi sesuatu yang buruk.,Kerajaan berusaha membanteras rasuah.,"politics, law enforcement","['basmi', 'hapus', 'tumpas']",True
kedalam,dalam,neutral,0,preposition,Ke bahagian dalam sesuatu.,Dia masuk kedalam bilik.,general,"['ke dalam', 'masuk']",False
barang,barang,neutral,0,noun,Benda; sesuatu yang mempunyai bentuk dan boleh dipegang.,Dia membeli beberapa barang di kedai itu.,"general, commerce","['benda', 'objek']",False
Pelawa,pelawa,positive,0.5,verb,Mengajak atau menjemput seseorang untuk melakukan sesuatu.,Dia pelawa saya datang ke rumahnya.,general,"['jemput', 'ajak', 'undang']",True
mampos,mampos,negative,-0.9,verb,Mati; meninggal dunia (digunakan secara kasar atau marah).,Mamposlah kau!,"informal, strong expression","['mati', 'meninggal']",False
Indonesia,Indonesia,neutral,0,proper noun,Nama sebuah negara di Asia Tenggara.,Dia berasal dari Indonesia.,"geography, politics","['Asia Tenggara', 'negara']",False
mending,mending,positive,0.4,adverb,Lebih baik; lebih elok (kata pinjaman dari Bahasa Indonesia).,Mending kita pulang sekarang.,informal communication,"['lebih baik', 'lebih elok']",True
tgh,tengah,neutral,0,adverb,Sedang; di antara dua hujung (bentuk tidak formal bagi 'tengah').,Dia tgh makan.,informal communication,"['sedang', 'tengah']",False
langat,langat,neutral,0,noun,Nama tempat atau sejenis pokok/buah (misalnya di Selangor).,Hulu Langat ialah sebuah daerah.,"geography, botany",[],False
empunya,punya,neutral,0,noun,Yang memiliki; pemilik.,Dia empunya rumah ini.,general,"['pemilik', 'tuan']",False
remuk..anda,remuk,negative,-0.7,adjective,Hancur; pecah berkecai; rosak teruk (gabungan 'remuk' dan 'anda').,Hatinya remuk..anda perlu berhati-hati.,general,"['hancur', 'rosak', 'pecah']",True
itu..,itu,neutral,0,demonstrative pronoun,Kata penunjuk jarak jauh; yang dimaksudkan.,Buku itu.. sangat tebal.,general,"['ini', 'tersebut']",False
penat,penat,negative,-0.4,adjective,Berasa letih; lesu.,Dia sangat penat selepas bekerja.,"general, health","['letih', 'lesu', 'lelah']",True
tetakan,tetak,negative,-0.6,noun,Hasil atau kesan daripada perbuatan menetak; potongan.,Terdapat kesan tetakan pada kayu itu.,"general, crime","['potongan', 'luka', 'torehan']",False
Seeloknya,elok,positive,0.6,adverb,Lebih baik; sepatutnya.,Seeloknya kita pulang awal.,general,"['sebaiknya', 'sepatutnya', 'lebih baik']",True
terpaksa,paksa,negative,-0.5,verb,Dalam keadaan tidak dapat mengelak; dilakukan kerana desakan.,Dia terpaksa menerima tawaran itu.,general,"['dipaksa', 'terdesak']",True
terkejut...,kejut,neutral,0.1,adjective,Berasa sangat hairan atau cemas secara tiba-tiba akibat sesuatu yang tidak diduga.,Dia terkejut... apabila mendengar berita itu.,general,"['terperanjat', 'hairan', 'cemas']",True
dpt,dapat,neutral,0,verb,Memperoleh; menerima; boleh (bentuk tidak formal bagi 'dapat').,Dia dpt hadiah.,informal communication,"['dapat', 'terima', 'boleh']",True
why,why,neutral,0,interrogative adverb,Mengapa; kenapa (kata pinjaman Bahasa Inggeris).,Why are you late?,general,"['mengapa', 'kenapa']",False
pasai,pasal,neutral,0,preposition,Mengenai; tentang; hal (bentuk tidak formal/dialek bagi 'pasal').,Dia bercerita pasai kejadian itu.,informal communication,"['pasal', 'tentang', 'mengenai']",False
betetak,tetak,negative,-0.7,verb,Saling menetak; bergaduh dengan senjata tajam.,Mereka betetak menggunakan parang.,"crime, conflict","['berbunuhan', 'bergaduh', 'berlawan']",True
Malaysia..Kite,Malaysia,neutral,0,proper noun,Nama sebuah negara di Asia Tenggara (gabungan 'Malaysia' dan 'kita').,Malaysia..Kite perlu bersatu.,"geography, politics","['negara', 'Asia Tenggara']",False
pisau,pisau,neutral,0,noun,Alat bermata tajam yang digunakan untuk memotong.,Dia menggunakan pisau untuk memotong buah.,"general, kitchen","['parang', 'gunting']",False
Klau,kalau,neutral,0,conjunction,Apabila; jika (bentuk tidak formal bagi 'kalau').,"Klau dia datang, beritahu saya.",informal communication,"['kalau', 'jika', 'andai']",False
gara2,gara-gara,negative,-0.3,preposition,Akibat sesuatu; disebabkan oleh (bentuk tidak formal bagi 'gara-gara').,Dia dimarahi gara2 lambat.,general,"['disebabkan', 'akibat']",False
"aja,full",saja,neutral,0,particle,Cuma; hanya; penuh (gabungan 'aja' dan 'full').,"Biar dia aja,full.",informal communication,"['saja', 'hanya', 'penuh']",False
Patut,patut,positive,0.5,adjective,Sesuai; wajar; elok.,Patutlah dia berjaya.,general,"['wajar', 'sesuai', 'layak']",True
mobilya,mobilya,neutral,0,noun,Perabot; kelengkapan rumah (kata pinjaman yang kurang umum atau dialek).,Kami membeli mobilya baru untuk ruang tamu.,"home, commerce","['perabot', 'kelengkapan']",False
knapa,kenapa,neutral,0,interrogative adverb,Mengapa; sebab apa (bentuk tidak formal bagi 'kenapa').,Knapa dia tak datang?,informal communication,"['kenapa', 'mengapa']",False
Tak,tidak,neutral,0,adverb,Tidak (bentuk tidak formal).,Dia Tak suka makan sayur.,general,"['tidak', 'bukan']",False
hola,hola,positive,0.3,interjection,"Hai; salam (kata sapaan, pinjaman dari Bahasa Sepanyol).",Hola! Apa khabar?,informal communication,"['hai', 'salam']",False
dadah,dadah,negative,-0.8,noun,Bahan terlarang yang boleh menyebabkan ketagihan dan kemudaratan kepada kesihatan.,Penyalahgunaan dadah adalah masalah sosial yang serius.,"health, crime, law","['narkotik', 'ubat-ubatan terlarang', 'candu']",False
🤣🤣🤣🤣🤣,😂,positive,0.9,emoji/interjection,Ekspresi tawa yang sangat kuat atau geli hati.,Lawak itu memang kelakar 🤣🤣🤣🤣🤣,"general, social media","['haha', 'lol', 'ketawa']",False
Jumpa,jumpa,neutral,0,verb,Berjumpa atau menemui seseorang atau sesuatu.,Mari kita jumpa esok.,general,"['bertemu', 'menemui', 'bersua']",True
korg,korang,neutral,0,pronoun (slang),"Singkatan dari 'korang', merujuk kepada 'kamu semua' atau 'kalian' (digunakan dalam perbualan tidak rasmi).",Korg dah makan ke?,"general, social media","['kalian', 'kamu semua', 'awak semua']",False
bosskur,bos,positive,0.6,interjection/title (slang),"Ungkapan sapaan atau pujian yang popular di Malaysia, sering digunakan untuk menunjukkan rasa hormat atau kagum, atau sekadar sapaan mesra.",Terbaiklah bosskur!,"general, social media","['tuan', 'bro', 'sifu', 'padu']",False
lama2...biar,"lama, biar",neutral,0,adverb/verb phrase,"Gabungan 'lama-lama' (akhirnya, seiring waktu) dan 'biar' (membiarkan, membenarkan). Mengisyaratkan sesuatu yang akan terjadi jika dibiarkan berlarutan.",Kalau lama2...biar je dia buat apa dia nak.,general,"['akhirnya', 'lambat laun', 'kemudian']",False
Best,best,positive,0.8,adjective,"Sangat baik, paling bagus, paling unggul. (Dipengaruhi dari perkataan Inggeris 'best').",Makanan kat sini memang best!,general,"['terbaik', 'bagus', 'cemerlang', 'hebat']",True
cik,cik,neutral,0,noun/title,"Singkatan bagi 'encik' atau 'cikpuan', digunakan sebagai gelaran hormat untuk wanita atau guru.",Cikgu Siti sedang mengajar.,"general, education","['puan', 'encik', 'tuan']",False
teruskan,terus,neutral,0,verb,Menyuruh atau meminta sesuatu diteruskan; melanjutkan.,Teruskan usaha anda.,general,"['lanjutkan', 'sambung', 'kekalkan']",True
mahu,mahu,neutral,0,verb,Keinginan untuk melakukan atau memiliki sesuatu; hendak.,Saya mahu membeli buku itu.,general,"['hendak', 'ingin', 'nak']",True
rpur,perompak/rompak,negative,-0.5,unknown/slang,"(Tidak diketahui secara rasmi, kemungkinan salah eja atau singkatan. Jika merujuk kepada 'perompak', ia bermaksud seseorang yang merompak.)",Konteks diperlukan untuk memahami 'rpur'.,unknown (potentially crime),"['perompak', 'penyamun', 'rampok']",False
m,m,neutral,0,unknown/abbreviation,"(Tidak diketahui, mungkin singkatan atau ralat taip. Bergantung kepada konteks penggunaan.)",Sila berikan konteks untuk 'm'.,general,[],False
aku..,aku,neutral,0,pronoun,"Kata ganti nama diri pertama, merujuk kepada diri sendiri (lebih kasual berbanding 'saya'). Tiga titik menunjukkan jeda atau pemikiran.",Aku.. tak tahu nak cakap apa.,general,"['saya', 'beta', 'patik']",False
maaf,maaf,neutral,0,noun/interjection,Permintaan kemaafan atau pengampunan.,Maafkan saya atas kesilapan ini.,"general, social","['ampun', 'kemaafan', 'bermaafan']",False
Bodoh,bodoh,negative,-0.7,adjective,Kurang akal; tidak cerdik; dungu.,Jangan buat keputusan bodoh.,general,"['dungu', 'bebal', 'pandai']",True
Respect,respect,positive,0.7,noun/interjection,"Rasa hormat, penghargaan, atau kagum. (Dipengaruhi dari perkataan Inggeris 'respect').",Saya sangat respect dengan usahanya.,"general, social","['hormat', 'penghargaan', 'kagum']",False
emas,emas,positive,0.4,noun,"Logam berharga yang berwarna kuning keemasan, digunakan sebagai perhiasan atau simpanan nilai.",Cincin itu diperbuat daripada emas tulen.,"finance, jewelry, materials","['perak', 'permata', 'berlian']",False
saman,saman,negative,-0.6,noun/verb,Notis denda atau perintah hadir ke mahkamah atas kesalahan yang dilakukan.,Dia dikenakan saman kerana memandu laju.,"law, public services","['denda', 'hukuman', 'notis']",True
kuattttt,kuat,positive,0.5,adjective/adverb,Sangat kuat; menekankan tahap kekuatan atau intensiti yang tinggi.,Suara dia kuattttt sangat.,general,"['sangat kuat', 'perkasa', 'gagah']",True
tahniah,tahniah,positive,0.8,interjection,Ungkapan kegembiraan atau penghargaan atas kejayaan seseorang.,Tahniah atas kejayaan anda!,"general, social","['syabas', 'selamat', 'pujian']",False
laaaa,lah,neutral,0,particle/interjection,"Penegas atau partikel seruan yang memanjangkan 'lah', menunjukkan penekanan, kebosanan, rayuan, atau keluhan.",Cepatlah laaaa!,"general, informal","['lah', 'pula', 'sahaja']",False
kalini,kali ini,neutral,0,adverbial phrase (contraction),"Singkatan dari 'kali ini', merujuk kepada tempoh atau kejadian pada masa sekarang.","Kalini, saya pasti berjaya.",general,"['kali ini', 'pada masa ini', 'sekarang']",False
nombor,nombor,neutral,0,noun,"Angka atau digit yang digunakan untuk mengira, mengukur, atau mengenal pasti.",Berikan saya nombor telefon anda.,"general, mathematics","['angka', 'digit', 'bilangan']",False
enakan,enak,positive,0.6,verb,Menjadikan sesuatu terasa enak; menikmati sesuatu.,Mereka enakan suasana malam itu.,general,"['menyenangkan', 'menikmati', 'menyedapkan']",True
mnyamun,samun,negative,-0.8,verb (misspelling of 'menyamun'),Melakukan kegiatan samun; merampas harta orang lain dengan kekerasan atau ancaman.,Penjenayah itu mnyamun bank.,"crime, law","['merompak', 'merampas', 'mencuri']",True
perompak,rompak,negative,-0.9,noun,Orang yang merompak; penyamun.,Polis berjaya menangkap perompak itu.,"crime, law","['penyamun', 'pencuri', 'penjenayah']",False
want,want,neutral,0,"verb (English, used in Malay informal contexts)",Keinginan untuk melakukan atau memiliki sesuatu. (Perkataan Inggeris yang digunakan dalam percakapan kasual Melayu).,I want to eat that.,"general, informal","['mahu', 'hendak', 'ingin']",True
hati?,hati,neutral,0,noun (interrogative use),"Organ dalaman; juga merujuk kepada perasaan, emosi, atau tumpuan. Tanda soal menunjukkan pertanyaan atau keraguan.",Jaga hati-hati ya? / Apa dalam hati dia?,"general, anatomy, emotion","['jantung', 'perasaan', 'emosi']",False
komentar,komentar,neutral,0,noun,"Ulasan, pandangan, atau pendapat terhadap sesuatu.",Sila berikan komentar anda.,"general, media, social","['ulasan', 'pendapat', 'pandangan']",False
utk,untuk,neutral,0,preposition (contraction),Singkatan dari 'untuk'; bagi tujuan atau faedah.,Ini hadiah utk awak.,general,"['untuk', 'bagi']",False
betul,betul,positive,0.6,adjective/adverb,Benar; tidak salah; tepat; sahih.,Jawapan anda betul.,general,"['benar', 'tepat', 'salah']",True
besar,besar,neutral,0,adjective,Tidak kecil; mempunyai saiz yang luas atau tinggi.,Rumah itu sangat besar.,general,"['luas', 'tinggi', 'kecil']",True
"tengok,",tengok,neutral,0,verb,Melihat dengan mata; memerhatikan. Koma menunjukkan jeda.,"Tolong tengok, ada apa di sana.",general,"['lihat', 'pandang', 'perhati']",True
penyamunnya,samun,negative,-0.9,noun,"Orang yang melakukan samun (rampok), dengan penegas '-nya' merujuk kepada penyamun tertentu.",Penyamunnya berjaya ditangkap.,"crime, law","['perompak', 'pencuri', 'penjenayah']",False
dulu,dulu,neutral,0,adverb,Pada masa yang telah lalu; sebelum ini.,Dia tinggal di sini dulu.,general,"['dahulu', 'sebelum', 'kemudian']",False
slow,slow,neutral,-0.2,adjective/adverb,Perlahan; tidak cepat. (Dipengaruhi dari perkataan Inggeris 'slow').,Kerja dia memang slow.,general,"['perlahan', 'lambat', 'cepat']",True
😌,😌,positive,0.7,emoji/interjection,"Ekspresi kelegaan, kepuasan, atau kedamaian.",Akhirnya selesai juga kerja ni 😌,"general, social media","['lega', 'tenang', 'puas']",False
Wekkkk,wek,negative,-0.4,interjection,"Bunyi atau ungkapan yang menunjukkan rasa jijik, tidak setuju, atau ejekan.","Wekkkk, busuknya!","general, informal","['eww', 'jijik', 'geli']",False
kah,kah,neutral,0,interrogative particle,Partikel penegas atau penanya yang diletakkan di hujung kata untuk membentuk soalan (lebih formal/lama berbanding 'ke').,Siapakah gerangan dia?,"general, linguistics","['ke', 'bukan']",False
komen,komen,neutral,0,noun/verb,Ulasan atau pendapat yang diberikan. (Dipengaruhi dari perkataan Inggeris 'comment').,Sila komen di bawah.,"general, social media","['komentar', 'ulasan', 'pendapat']",True
Yg,yang,neutral,0,conjunction/relative pronoun (contraction),Singkatan dari 'yang'; digunakan untuk menghubungkan klausa atau sebagai kata ganti nama relatif.,Buku yg saya baca.,general,['yang'],False
tu..terkejut,"itu, kejut",negative,-0.3,pronoun/verb phrase,Gabungan 'itu' (dengan elipsis) dan 'terkejut' (merasa terperanjat secara tiba-tiba).,Dia nampak hantu tu..terkejut betul dia.,"general, emotion","['terperanjat', 'tergempar', 'kejutan']",True
sikit,sedikit,neutral,0,adjective/adverb (colloquial),Sedikit; tidak banyak.,Ambil sikit saja.,general,"['sedikit', 'kurang', 'banyak']",True
segere,segera,neutral,0,adverb (misspelling of 'segera'),Dengan segera; tanpa berlengah-lengah.,Lakukan segere!,general,"['segera', 'cepat', 'lekas']",True
…,ellipsis,neutral,0,punctuation,"Tanda elipsis; menunjukkan jeda, pemotongan ayat, atau sesuatu yang tidak diucapkan.",Dia hanya diam…,"general, linguistics",[],False
libat,libat,neutral,0,verb,Memasukkan atau mengikut sertakan; melibatkan.,Jangan libatkan saya dalam hal ini.,general,"['masukkan', 'sertakan', 'babit']",True
Bagus,bagus,positive,0.8,adjective,Baik; elok; sempurna.,Kerja awak bagus sekali.,general,"['baik', 'elok', 'cemerlang', 'buruk']",True
lnggar,langgar,negative,-0.6,verb (misspelling of 'langgar'),Melanggar; terlanggar sesuatu atau melakukan pelanggaran (peraturan).,Kereta itu lnggar tiang.,"crime, law, transport","['melanggar', 'bertembung', 'langgaran']",True
cmni,macam ini,neutral,0,adverbial phrase (contraction),Singkatan dari 'macam ini' atau 'macam ni'; seperti ini.,Kenapa jadi cmni?,"general, informal","['macam ini', 'begini']",False
btl,betul,positive,0.6,adjective/adverb (contraction of 'betul'),"Singkatan dari 'betul'; benar, tepat, atau sungguh.","Ya, btl tu.","general, informal","['betul', 'benar', 'sungguh']",True
train,kereta api,neutral,0,noun,"Kenderaan darat yang bergerak di atas rel, terdiri daripada gerabak-gerabak yang ditarik oleh lokomotif.",Saya menaiki train untuk pulang ke kampung.,transportation,"['lokomotif', 'gerabak']",False
mostly,kebanyakannya,neutral,0,adverb,Sebahagian besar; hampir semua.,Makanan di restoran ini mostly sedap.,general,"['biasanya', 'umumnya']",False
lgi....,lagi,neutral,0,adverb,Menunjukkan penambahan atau pengulangan; masih.,Dia mahu makan lgi.,general,"['pula', 'lagi-lagi']",False
kreta...,kereta,neutral,0,noun,"Kenderaan beroda empat yang digerakkan oleh enjin, biasanya digunakan untuk pengangkutan.",Kreta baharu itu sangat laju.,transportation,"['kenderaan', 'auto']",False
Comel,comel,positive,0.7,adjective,Sangat menarik atau cantik dalam cara yang kecil atau manis.,Kucing itu sangat comel.,general,"['cantik', 'molek', 'kiut']",True
lecet,lecet,negative,-0.4,adjective,Terkikis sedikit; luka kecil pada permukaan kulit atau objek.,Lututnya lecet selepas jatuh.,"health, general","['calar', 'luka', 'terkikis']",True
dari,dari,neutral,0,preposition,"Kata sendi yang menunjukkan punca, asal, tempat, atau waktu.",Dia datang dari rumah.,general,"['daripada', 'oleh']",False
Menyebabkan,sebab,neutral,0,verb,Menjadikan sesuatu berlaku; menimbulkan.,Hujan lebat menyebabkan banjir.,general,"['mengakibatkan', 'menimbulkan']",True
tlangar,terlanggar,negative,-0.5,verb,Terkena sesuatu secara tidak sengaja; melanggar sesuatu.,Kereta itu tlangar pokok.,"accident, transportation","['melanggar', 'bertembung']",True
kuku4,kuku,neutral,0,noun,Bahagian keras yang tumbuh di hujung jari tangan dan kaki manusia atau haiwan.,Dia memotong kuku4nya setiap minggu.,"body parts, health","['jari', 'cakar']",False
Mesti,mesti,neutral,0,modal verb,Harus; wajib; tentu akan.,Awak mesti datang esok.,general,"['harus', 'wajib', 'perlu']",False
rasanya,rasa,neutral,0,adverb,Merujuk kepada perasaan atau sangkaan; agaknya.,Rasanya dia tidak akan datang.,general,"['mungkin', 'agaknya']",False
geram,geram,negative,-0.6,adjective,Berasa sangat marah atau jengkel.,Saya geram dengan tingkah lakunya.,emotion,"['marah', 'jengkel', 'benci']",True
24,dua puluh empat,neutral,0,numeral,Nombor selepas 23 dan sebelum 25.,Bilangan pelajar dalam kelas itu ialah 24.,"mathematics, general","['nombor', 'angka']",False
la,lah,neutral,0,particle,Partikel penegas atau penamat ayat (bentuk tidak formal).,Pergi la cepat!,general,"['lah', 'kah']",False
dia,dia,neutral,0,pronoun,Kata ganti nama diri ketiga tunggal.,Dia sedang membaca buku.,general,"['beliau', 'mereka']",False
kan,bukan,neutral,0,particle,Bentuk ringkas bagi 'bukan' (kata tanya penegas) atau 'akan' (kata bantu masa hadapan).,Cantik kan bunga ni?,general,"['bukan', 'akan']",False
semua...,semua,neutral,0,quantifier,Seluruhnya; setiap satu daripadanya.,Semua pelajar telah hadir.,general,"['seluruh', 'setiap']",True
Tulah,itu,neutral,0,demonstrative pronoun,"Gabungan 'itu' dan partikel penegas 'lah', menunjukkan penekanan atau persetujuan.",Tulah yang saya cakap.,general,"['itulah', 'memang']",False
nanti,nanti,neutral,0,adverb,Pada masa hadapan; tidak lama lagi; sebentar lagi.,Dia akan datang nanti.,"time, general","['kelak', 'kemudian']",False
punya,punya,neutral,0,"verb, auxiliary, possessive marker",Memiliki; kepunyaan. Juga digunakan sebagai penegas atau penanda kepunyaan.,Ini buku saya punya.,general,"['milik', 'ada']",True
mmpoih,mampus,negative,-0.8,verb,Mati (digunakan secara tidak formal atau kasar); binasa.,Biarlah dia mmpoih!,"informal, negative emotion","['mati', 'binasa']",False
Terbunuh,bunuh,negative,-0.9,verb,Mati akibat dibunuh; telah dibunuh.,Dia terbunuh dalam kemalangan itu.,"crime, accident","['mati', 'terkorban']",True
ye,ya,neutral,0,interjection,Kata seru untuk menyatakan persetujuan atau meminta perhatian; bentuk tidak formal bagi 'ya'.,"Ye, betul tu!",general,"['ya', 'betul']",False
Sekian,sekian,neutral,0,"adverb, interjection",Berakhir; sehingga di sini sahaja (digunakan untuk mengakhiri ucapan atau penulisan).,"Sekian, terima kasih.","formal, communication","['tamat', 'selesai']",False
Undang2,undang-undang,neutral,0,noun,Aturan atau peraturan yang ditetapkan oleh pihak berkuasa untuk mengawal tingkah laku masyarakat.,Undang2 negara ini sangat ketat.,"law, politics","['peraturan', 'akta', 'hukum']",False
penuh,penuh,neutral,0,adjective,Berisi sehingga tiada ruang lagi; lengkap.,Botol itu penuh dengan air.,general,"['berisi', 'lengkap', 'sarat']",True
polisi,polisi,neutral,0,noun,(1) Strategi atau rancangan tindakan rasmi; (2) Pihak berkuasa yang menjaga keamanan dan ketenteraman awam.,Kerajaan telah mengeluarkan polisi baharu.,"politics, law enforcement","['dasar', 'strategi', 'polis']",False
satu,satu,neutral,0,numeral,Nombor pertama; tunggal; seluruh.,Dia membeli satu buku.,"general, mathematics","['tunggal', 'sendiri']",False
bangga,bangga,positive,0.7,adjective,Berasa gembira dan berpuas hati dengan pencapaian diri atau orang lain.,Saya bangga menjadi rakyat Malaysia.,emotion,"['megah', 'berpuas hati', 'sombong']",True
ini,ini,neutral,0,demonstrative pronoun,Kata tunjuk untuk menunjukkan sesuatu yang dekat.,Buku ini milik saya.,general,['itu'],False
jangan,jangan,neutral,0,prohibitive particle,Kata larangan; tidak boleh.,Jangan sentuh meja itu.,general,"['tidak boleh', 'usah']",False
prompak,perompak,negative,-0.8,noun,Orang yang melakukan rompakan; penyamun.,Prompak itu telah ditangkap.,crime,"['penyamun', 'pencuri', 'penyangak']",False
halal,halal,positive,0.6,adjective,Dibenarkan oleh syarak (hukum Islam); sah di sisi undang-undang.,Makanan ini halal untuk dimakan.,"religion, food","['sah', 'dibenarkan', 'haram']",True
aktiviti,aktiviti,neutral,0,noun,Kegiatan; sesuatu yang dilakukan.,Mereka melakukan pelbagai aktiviti riadah.,"general, recreation","['kegiatan', 'acara', 'program']",False
tu,itu,neutral,0,demonstrative pronoun,"Bentuk tidak formal bagi 'itu', menunjukkan sesuatu yang jauh.",Barang tu dah lama.,general,"['itu', 'ini']",False
menyusahkan,susah,negative,-0.6,verb,Menjadikan seseorang berasa susah atau terbeban; menimbulkan masalah.,Perkara itu menyusahkan semua pihak.,general,"['membebankan', 'merumitkan', 'memudahkan']",True
😅,(emoji),neutral,0,emoji,"Emoji yang menunjukkan senyuman dengan titisan peluh, melambangkan kelegaan, rasa malu yang ringan, atau situasi yang janggal.",Saya hampir jatuh tadi 😅.,informal communication,"['🙂', '😥', '😌']",False
Hamidi,Hamidi,neutral,0,proper noun,Nama diri seorang lelaki.,Hamidi sedang bekerja.,personal,[],False
tetak,tetak,negative,-0.8,verb,Memotong atau memancung dengan pukulan kuat menggunakan senjata tajam.,Dia cuba tetak batang pokok itu.,"action, violence","['pancung', 'potong', 'kerat']",True
malu.,malu,negative,-0.5,adjective,Berasa segan atau aib; berasa tidak selesa atau canggung.,Dia berasa malu apabila ditegur.,emotion,"['segan', 'aib', 'bangga']",True
perompak.,rompak,negative,-0.8,noun,Orang yang melakukan rompakan; penyamun.,Perompak itu telah ditangkap.,crime,"['penyamun', 'pencuri', 'penyangak']",False
padah,padah,negative,-0.6,noun,Akibat buruk; balasan buruk (daripada perbuatan yang salah).,Perbuatan jahatnya mendapat padah.,"general, morality","['akibat', 'balasan', 'kesan']",False
❤,(emoji),positive,0.9,emoji,"Emoji berbentuk hati, melambangkan cinta, kasih sayang, atau persetujuan.",Saya sayang awak ❤.,"informal communication, emotion","['😍', '🥰', 'sukakan']",False
🤣🤣🤣..,(emoji),positive,0.8,emoji,Emoji yang menunjukkan gelak tawa yang sangat kuat sehingga menitiskan air mata.,Lawak gila 🤣🤣🤣.,"informal communication, emotion","['😂', '😆', 'ketawa']",False
macam,macam,neutral,0,"preposition, adverb",Menyerupai; seperti; jenis.,Dia pandai macam ayah dia.,general,"['seperti', 'jenis', 'serupa']",True
dibilang,bilang,neutral,0,verb,Dikatakan; diceritakan; dihitung.,Dia dibilang sakit.,"general, communication","['dikatakan', 'disebut', 'dihitung']",True
tepi,tepi,neutral,0,"noun, adverb",Bahagian sisi; pinggir.,Dia duduk di tepi sungai.,"general, spatial","['sisi', 'pinggir', 'tengah']",False
masti,mesti,neutral,0,"modal verb, adverb",Harus; wajib; tentu akan (kemungkinan salah ejaan untuk 'mesti').,Awak masti datang esok.,general,"['harus', 'wajib', 'perlu']",False
jahat,jahat,negative,-0.7,adjective,Tidak baik; keji; tidak bermoral.,Penjahat itu sangat jahat.,"morality, crime","['keji', 'zalim', 'baik']",True
bunyikn,bunyi,neutral,0,verb,Membuat sesuatu mengeluarkan bunyi; membunyikan.,Tolong bunyikn loceng itu.,"general, sound","['mengeluarkan bunyi', 'melaungkan']",True
ja,saja,neutral,0,"particle, adverb",Hanya; semata-mata; sekadar (bentuk tidak formal bagi 'saja').,Ambil ja satu.,general,"['saja', 'sahaja']",False
bank,bank,neutral,0,noun,Institusi kewangan yang menerima simpanan dan memberi pinjaman.,Saya pergi ke bank untuk mengeluarkan wang.,finance,"['institusi kewangan', 'tabung']",False
kenderaannya,kenderaan,neutral,0,noun,"Sesuatu yang digunakan untuk bergerak atau mengangkut, cth. kereta, basikal, motosikal (dengan imbuhan kepunyaan -nya).",Dia memandu kenderaannya perlahan.,transportation,"['pengangkutan', 'alat gerak']",False
untuk,untuk,neutral,0,preposition,Demi; bagi; bertujuan.,Hadiah ini untuk awak.,general,"['bagi', 'demi']",False
Shld,should,neutral,0,modal verb,Singkatan untuk 'should' (sepatutnya; harus).,You shld come. (Anda sepatutnya datang.),general,"['must', 'ought to']",True
trhegeh2,terhegeh-hegeh,negative,-0.4,"adjective, adverb",Bergerak atau bertindak dengan perlahan dan lambat; leka atau tidak cekap.,"Janganlah trhegeh2, cepat sikit!","general, behavior","['lambat', 'teragak-agak', 'malas', 'cepat']",True
kongsi,kongsi,neutral,0,verb,Berkongsi; menggunakan bersama.,Mari kita kongsi makanan ini.,"social, general","['berkongsi', 'bahagi', 'bekerjasama']",True
akak,kakak,neutral,0,noun,Panggilan tidak formal untuk kakak atau wanita yang lebih tua.,Akak saya pandai memasak lauk kegemaran keluarga.,general,"['kakak', 'abang', 'adik']",False
bende,benda,neutral,0,noun,Kata tidak formal untuk 'benda' (sesuatu).,Bende tu mahal sangat sampai tak mampu beli.,general,"['benda', 'barang', 'sesuatu']",False
duit..main,"duit, main",neutral,0,"noun, verb",Gabungan kata 'duit' (wang) dan 'main' (bermain). Boleh merujuk kepada wang untuk bermain atau sesuatu yang dipermainkan dengan wang.,Dia hanya ada duit..main untuk berjudi.,general,"['wang', 'bermain', 'judi']",False
klau,kalau,neutral,0,conjunction,Kata tidak formal untuk 'kalau' (jika).,"Klau awak setuju, kita boleh teruskan perancangan ini.",general,"['kalau', 'jika', 'sekiranya']",False
pakai,pakai,neutral,0,verb,Menggunakan sesuatu; mengenakan pakaian.,Dia suka pakai baju baru setiap kali keluar rumah.,general,"['guna', 'kenakan', 'sarung']",True
sekor2,seekor-seekor,neutral,0,adverb,"Kata tidak formal untuk 'seekor-seekor' (satu per satu, biasanya untuk haiwan).",Kucing-kucing itu datang sekor2 untuk makan makanan.,general,"['satu-satu', 'seekor-seekor', 'berasingan']",False
"ajaa,,cuba","saja, cuba",neutral,0,"adverb, verb",Gabungan kata tidak formal 'saja' (hanya) dan 'cuba' (mencuba).,"Ajaa,,cuba buat yang terbaik, jangan putus asa.",general,"['hanya', 'cuba', 'usaha']",True
tmpt,tempat,neutral,0,noun,Kata tidak formal untuk 'tempat' (lokasi).,"Tmpt ni cantik sangat, sesuai untuk bergambar.",general,"['tempat', 'lokasi', 'kawasan']",False
AGAK,agak,neutral,0,adverb,Sedikit; lumayan; lebih kurang.,Makanan ini AGAK pedas untuk selera saya.,general,"['sedikit', 'cukup', 'kira-kira']",False
SDH,sudah,neutral,0,adverb,Singkatan untuk 'sudah' (telah berlaku/selesai).,"Kerja rumah SDH siap, saya boleh berehat sekarang.",general,"['sudah', 'telah', 'usai']",False
Mohon,mohon,neutral,0,verb,Meminta dengan hormat; memohon.,Saya Mohon maaf atas segala kesilapan yang telah berlaku.,general,"['minta', 'pinta', 'rayu']",True
penyerang,serang,negative,-0.6,noun,Individu atau pihak yang menyerang.,Polis sedang memburu penyerang yang menceroboh rumah itu.,crime,"['penceroboh', 'aggressor', 'pemukul']",False
Saspek,suspek,negative,-0.5,noun,Kata tidak formal untuk 'suspek' (seseorang yang disyaki melakukan jenayah).,Polis menahan Saspek utama dalam kes rompakan bank.,crime,"['suspek', 'tertuduh', 'pesalah']",False
semangat,semangat,positive,0.7,noun,Daya hidup; kekuatan jiwa; keghairahan.,Dia mempunyai semangat yang kuat untuk mencapai kejayaan.,general,"['motivasi', 'keazaman', 'jiwa']",False
rakaman.,rakam,neutral,0,noun,Sesuatu yang telah dirakam (audio/video).,Rakaman. CCTV menunjukkan kejadian itu dengan jelas.,"general, technology","['rekod', 'catatan', 'klip']",False
bangsa,bangsa,neutral,0,noun,"Kumpulan manusia berdasarkan keturunan, budaya, atau negara.",Kita semua adalah satu bangsa Malaysia yang bersatu padu.,"sociology, politics","['kaum', 'etnik', 'negara']",False
pulak..,pula,neutral,0,adverb,Kata tidak formal untuk 'pula' (lagi; kemudian; dalam giliran).,Dia pulak.. yang kena selesaikan masalah ini.,general,"['lagi', 'kemudian', 'bergilir']",False
"syarat,",syarat,neutral,0,noun,Ketentuan atau peraturan yang mesti dipatuhi.,"Pembelian ini ada banyak syarat, yang perlu dipatuhi.","general, legal","['ketentuan', 'peraturan', 'terma']",False
dikirim,kirim,neutral,0,verb,Telah dihantar atau diposkan (kata kerja pasif).,Surat itu dikirim semalam dan dijangka tiba hari ini.,general,"['dihantar', 'diposkan', 'disampaikan']",True
KECUALI,kecuali,neutral,0,conjunction,Melainkan; selain daripada.,Semua pelajar hadir KECUALI dia yang sakit.,general,"['melainkan', 'selain', 'tanpa']",False
kaga,tidak,neutral,0,adverb,Kata tidak formal untuk 'tidak' atau 'bukan'.,Dia kaga datang ke majlis semalam.,"general, informal","['tidak', 'bukan', 'tak']",False
punn...klau,"pun, kalau",neutral,0,"particle, conjunction",Gabungan kata tidak formal 'pun' (juga/malah) dan 'kalau' (jika).,"Punn...klau hujan, kita tetap akan pergi juga.",general,"['juga', 'kalau', 'jika']",False
.tapi,tapi,neutral,0,conjunction,Kata hubung yang menunjukkan pertentangan; tetapi.,Dia cerdik .tapi malas sedikit.,general,"['tetapi', 'namun', 'kecuali']",False
secara,cara,neutral,0,adverb,Mengikut cara; dengan cara.,Dia bekerja secara sukarela tanpa mengharapkan balasan.,general,"['dengan', 'mengikut', 'melalui']",False
anak,anak,neutral,0,noun,Zuriat; keturunan; budak.,Anak itu sedang bermain di taman dengan riang.,"family, general","['zuriat', 'budak', 'kanak-kanak']",False
Potong,potong,neutral,0,verb,Memisahkan dengan alat tajam; mengurangkan.,Tukang gunting itu Potong rambut saya dengan kemas.,general,"['kerat', 'penggal', 'kurangkan']",True
Memang,memang,neutral,0,adverb,Sungguh; benar-benar; sudah sedia demikian.,"Memang dia yang melakukannya, tiada keraguan lagi.",general,"['sungguh', 'benar', 'sesungguhnya']",False
spray,spray,neutral,0,verb,Menyembur cecair dengan alat penyembur (pinjaman bahasa Inggeris).,Dia spray cat pada dinding lama itu.,general,"['sembur', 'menyembur']",True
langgar...,langgar,negative,-0.5,verb,Melanggar peraturan; melanggar (bertembung/memukul).,Kereta itu langgar... lampu isyarat merah.,"law, transport","['melanggar', 'bertembung', 'merempuh']",True
jaya,jaya,positive,0.8,noun,Kejayaan; kemenangan.,Semoga anda sentiasa jaya dalam semua usaha anda.,general,"['berjaya', 'sukses', 'menang']",False
Kakak..,kakak,neutral,0,noun,Panggilan untuk saudara perempuan yang lebih tua.,Kakak.. saya bekerja sebagai seorang jurutera.,"family, general","['akak', 'abang', 'adik']",False
Kunci,kunci,neutral,0,"noun, verb",Alat untuk membuka atau mengunci; perbuatan mengunci.,Dia mencari Kunci keretanya yang hilang.,general,"['manggar', 'gembok', 'buka']",True
tau,tahu,neutral,0,verb,Kata tidak formal untuk 'tahu' (memiliki pengetahuan).,Awak tau tak macam mana nak selesaikan masalah ni?,general,"['tahu', 'faham', 'sedar']",True
...,,neutral,0,punctuation,Tanda elipsis; menunjukkan jeda atau pemotongan teks.,Dia terdiam ... sebelum memberikan jawapan.,general,[],False
dlu,dulu,neutral,0,adverb,Kata tidak formal untuk 'dulu' (pada masa lalu).,Dia tinggal di kampung ini dlu sebelum berpindah ke bandar.,general,"['dulu', 'dahulu', 'awal']",False
(respect).,hormat,positive,0.7,noun,Perasaan atau sikap menghargai dan menghormati.,Kita harus ada (respect). terhadap orang tua dan guru.,"general, social","['hormat', 'penghargaan', 'sanjungan']",False
dekat,dekat,neutral,0,"adjective, preposition",Tidak jauh; hampir; juga boleh merujuk kepada 'di' atau 'kepada' dalam konteks tidak formal.,Rumahnya dekat dengan sekolah.,general,"['hampir', 'rapat', 'jauh']",True
kasus,kasus,neutral,0,noun,Perkara; kejadian; kes (sering digunakan dalam konteks perundangan).,Kasus jenayah itu masih dalam siasatan polis.,"legal, general","['kes', 'perkara', 'kejadian']",False
brader..,"abang, saudara",neutral,0,noun,Kata tidak formal untuk 'abang' atau 'saudara lelaki'.,"Apa khabar, brader.. dah lama tak jumpa.","general, informal","['abang', 'bro', 'kawan']",False
Maling,maling,negative,-0.8,noun,Pencuri; seseorang yang mencuri (sering digunakan dalam konteks informal atau dari pengaruh Indonesia).,Maling itu telah ditangkap polis selepas rompakan.,crime,"['pencuri', 'perompak', 'penyamun']",False
diri,diri,neutral,0,"noun, pronoun",Peribadi seseorang; tubuh sendiri.,Dia harus menjaga diri dan kesihatan dengan baik.,"general, psychology","['sendiri', 'peribadi', 'tubuh']",False
pichang,pincang,negative,-0.4,adjective,Kata tidak formal/slang yang mungkin merujuk kepada 'pincang' (tempang; tidak seimbang; cacat).,Kaki kucing itu pichang setelah dilanggar motosikal.,"general, health","['tempang', 'cacat', 'senget']",True
to,to,neutral,0,preposition,"Kata sendi nama dari bahasa Inggeris, menunjukkan arah, tujuan, atau hubungan.",Dia ingin pergi to pasar untuk membeli barang.,general,"['ke', 'kepada']",False
kefai,,neutral,0,unidentified,"Kata tidak dikenal pasti atau sangat tidak formal, kemungkinan salah eja atau istilah slang yang sangat khusus.",Dia cakap pasal 'kefai' tapi saya tak faham maksudnya.,general,[],False
Cis,Cis,negative,-0.6,interjection,"Ungkapan rasa marah, benci, atau tidak puas hati.",Cis! Berani betul dia menipu orang ramai.,general,"['aduh', 'sial', 'bodoh']",False
menteri,menteri,neutral,0,noun,Anggota kabinet kerajaan yang mengepalai sesuatu kementerian.,Menteri Kewangan akan membentangkan bajet di Parlimen.,politics,"['perdana menteri', 'anggota kabinet', 'ahli politik']",False
pastikan,pasti,neutral,0,verb,Membuat sesuatu menjadi pasti; memastikan.,Sila pastikan pintu terkunci sebelum anda keluar.,general,"['memastikan', 'menjamin', 'menentukan']",True
vios,vios,neutral,0,noun,Merujuk kepada model kereta Toyota Vios.,Dia baru sahaja membeli kereta model vios baharu.,automotive,"['kereta', 'Toyota', 'kenderaan']",False
xrespect,hormat,negative,-0.8,verb,Kata tidak formal/slang untuk 'tidak menghormati' atau 'tiada rasa hormat'.,"Dia xrespect langsung orang tua, sungguh biadap.","general, social","['tidak hormat', 'kurang ajar', 'biadap']",False
HON,hon,neutral,0,verb,Membunyikan hon kenderaan; bunyi hon yang dihasilkan.,Pemandu itu HON kuat-kuat apabila terperangkap dalam kesesakan.,transport,"['bunyi', 'klakson', 'siren']",True
lelaki,lelaki,neutral,0,noun,Manusia yang berjenis kelamin jantan; pria.,Lelaki itu sedang membaca buku di taman.,general,"['pria', 'jantan', 'wanita (antonym)']",False
Nk,nak,neutral,0,verb (colloquial),"Bentuk singkatan tidak formal bagi 'hendak', menyatakan keinginan atau hasrat.",Saya Nk pergi ke kedai sekarang.,colloquial,"['hendak', 'ingin', 'mahu']",True
broken,broken,negative,-0.7,adjective,"(Inggeris) Rosak, pecah, tidak berfungsi. Sering digunakan dalam konteks perbualan tidak formal di Malaysia.",Telefon saya sudah broken dan tidak boleh digunakan.,general,"['rosak', 'pecah', 'hancur']",True
puas,puas,positive,0.6,adjective,"Merasa senang, gembira atau cukup dengan sesuatu yang diterima atau dilakukan; berasa kenyang (untuk makanan).",Dia berasa puas hati dengan hasil kerjanya yang cemerlang.,general,"['gembira', 'kenyang', 'kecewa (antonym)']",True
termasuk,masuk,neutral,0,verb,Telah dimasukkan; terkandung di dalamnya; meliputi.,Harga pakej itu termasuk tiket penerbangan dan penginapan.,general,"['meliputi', 'merangkumi', 'terkecuali (antonym)']",False
lumrah...,lumrah,neutral,0,noun/adjective,"Sesuatu yang biasa, sudah menjadi kebiasaan, adat atau ketentuan alam.",Kematian adalah lumrah kehidupan yang tidak dapat dielakkan.,philosophy,"['biasa', 'lazim', 'normal']",True
salam,salam,positive,0.5,noun/interjection,Ucapan selamat sejahtera atau doa kebaikan; ucapan sapaan.,Berikan salam kepada semua orang yang awak temui.,social,"['sapaan', 'tabik', 'doa']",False
peduli,peduli,neutral,0,verb/adjective,"Mengambil berat, memberikan perhatian atau prihatin terhadap sesuatu.",Dia tidak peduli dengan apa yang orang lain katakan tentangnya.,general,"['prihatin', 'ambil berat', 'abai (antonym)']",True
attention,attention,neutral,0,noun,"(Inggeris) Perhatian, tumpuan, atau fokus terhadap sesuatu.",Dia cuba menarik attention semua orang di dalam bilik.,general,"['perhatian', 'tumpuan', 'fokus']",False
Mark,mark,neutral,0,noun/verb (English),"(Inggeris) Tanda, skor, atau nilai. Boleh juga bermaksud menanda atau mencatat.",Pelajar itu mendapat Mark yang tinggi dalam peperiksaan.,education,"['tanda', 'skor', 'nilai']",True
repeat,repeat,neutral,0,verb,"(Inggeris) Ulang, melakukan atau menyebut semula sesuatu.",Sila repeat arahan itu supaya semua orang faham.,general,"['ulang', 'mengulang']",True
banyak,banyak,neutral,0,adjective/quantifier,Berjumlah besar; melebihi daripada satu atau sedikit.,Ada banyak buku di perpustakaan awam.,general,"['ramai', 'sedikit (antonym)']",True
bgtu,begitu,neutral,0,adverb (colloquial),"Bentuk singkatan tidak formal bagi 'begitu', bermaksud seperti itu atau sebegitu rupa.",Jangan buat bgtu lagi lain kali.,colloquial,"['begitu', 'macam itu']",True
ulang2,ulang,neutral,0,verb (reduplication),Melakukan atau menyebut sesuatu berulang kali; berkali-kali.,Dia suka ulang2 lagu yang sama setiap hari.,general,"['berulang kali', 'kerap kali']",True
mamat,mamat,neutral,0,noun (slang),(Slanga) Panggilan tidak formal untuk seorang lelaki; budak lelaki.,Mamat itu kawan saya dari zaman sekolah.,colloquial,"['lelaki', 'budak', 'brader']",False
perketatkan,ketat,neutral,0,verb,Menjadikan sesuatu lebih ketat atau lebih tegas; menguatkuasakan dengan lebih ketat.,Pihak berkuasa akan perketatkan undang-undang sedia ada.,"general, politics","['menguatkuasakan', 'mengetatkan', 'melonggarkan (antonym)']",True
Cermin,cermin,neutral,0,noun,Permukaan licin yang memantulkan imej; kaca muka.,Dia memandang dirinya di Cermin sebelum keluar.,general,"['kaca', 'pantulan', 'jendela']",False
kebekakang,belakang,neutral,0,adverb,(Kesalahan ejaan untuk 'kebelakang') Arah atau posisi di bahagian belakang.,Dia berjalan kebekakang perlahan-lahan untuk mengelak.,general,"['belakang', 'hadapan (antonym)']",False
pasir,pasir,neutral,0,noun,Bahan butiran halus yang terbentuk daripada batuan dan mineral; biasanya terdapat di pantai atau sungai.,Kanak-kanak itu bermain pasir di tepi pantai.,geography,"['tanah', 'batu', 'kerikil']",False
Jadi,jadi,neutral,0,verb/conjunction,"Berhasil atau menjadi kenyataan; oleh sebab itu, maka.",Akhirnya impiannya Jadi kenyataan selepas lama berusaha.,general,"['berlaku', 'terjadi', 'maka']",True
recommended,recommended,positive,0.7,adjective,"(Inggeris) Disyorkan, dicadangkan, atau sangat digalakkan.",Restoran itu sangat recommended untuk hidangan makan malam.,"general, commerce","['disyorkan', 'dicadangkan', 'digalakkan']",True
dirompak,rompak,negative,-0.8,verb (passive),Telah dikenakan perbuatan rompak; dicuri atau diserang untuk mengambil harta.,Kedai barang kemas itu dirompak malam tadi oleh sekumpulan penjenayah.,crime,"['dicuri', 'diserang', 'dijarah']",True
Rumah,rumah,neutral,0,noun,Bangunan tempat tinggal manusia; kediaman.,Mereka baru berpindah ke Rumah baru di pinggir bandar.,general,"['kediaman', 'tempat tinggal', 'banglo']",False
disaat2,saat,neutral,0,noun (reduplication with prefix),"Bentuk tidak formal bagi 'di saat-saat', merujuk kepada beberapa waktu atau detik.",Dia tiba disaat2 akhir mesyuarat bermula.,general,"['saat', 'ketika', 'detik']",False
bersenjata,senjata,negative,-0.5,adjective/verb,Mempunyai atau dilengkapi dengan senjata.,Perompak itu bersenjata pistol ketika melakukan rompakan.,"crime, military","['berpeluru', 'bersenapang', 'tidak bersenjata (antonym)']",True
tingkp,tingkap,neutral,0,noun,(Kesalahan ejaan untuk 'tingkap') Bukaan pada dinding untuk cahaya dan udara; jendela.,Dia menutup tingkp biliknya kerana hujan lebat.,general,"['jendela', 'lubang']",False
terutama,utama,neutral,0,adverb/adjective,Paling penting atau paling utama; khususnya.,"Dia suka semua jenis buah, terutama rambutan.",general,"['khususnya', 'paling', 'utama']",False
Sgt,sangat,neutral,0,adverb (colloquial),"Bentuk singkatan tidak formal bagi 'sangat', bermaksud amat atau terlalu.",Dia Sgt pandai dalam mata pelajaran matematik.,colloquial,"['sangat', 'amat', 'terlalu']",False
Macam,macam,neutral,0,adverb/noun,"Seperti, seolah-olah; jenis atau rupa.",Dia kelihatan Macam ibunya sewaktu muda dahulu.,general,"['seperti', 'ibarat', 'jenis']",True
mesti,mesti,neutral,0,adverb/modal verb,"Hendaklah, wajib; tentu, pasti.",Awak mesti datang ke majlis itu esok pagi.,general,"['wajib', 'harus', 'pasti']",True
hormat,hormat,positive,0.7,noun/verb,Perasaan atau sikap menghargai dan menghargai seseorang atau sesuatu; menghargai.,Kita mesti hormat orang tua dan guru-guru kita.,social,"['takzim', 'menghargai', 'benci (antonym)']",True
mencerminkan,cermin,neutral,0,verb,Memantulkan imej; menunjukkan atau melambangkan sesuatu.,Sikapnya yang baik mencerminkan didikan ibu bapanya.,general,"['memantulkan', 'menunjukkan', 'melambangkan']",True
cepat..,cepat,neutral,0,adjective/adverb,Dalam waktu yang singkat; pantas atau laju.,Dia berlari dengan cepat untuk mengejar bas.,general,"['pantas', 'laju', 'lambat (antonym)']",True
kok,kok,neutral,0,particle/interjection (colloquial),"(Slanga/kolokial) Digunakan untuk menyatakan kehairanan, pertanyaan, atau penekanan (sering dari bahasa Jawa/Indonesia).","Kok tak datang lagi, dah lama tunggu ni?",colloquial,"['kenapa', 'mengapa']",False
kejam.,kejam,negative,-0.9,adjective,Tidak mempunyai belas kasihan; bengis dan ganas.,Perbuatan itu sungguh kejam dan tidak berperikemanusiaan.,general,"['bengis', 'ganas', 'zalim', 'baik hati (antonym)']",True
huaaaa,huaaaa,negative,-0.5,interjection/onomatopoeia,"Bunyi tangisan atau ratapan yang kuat, menunjukkan kesedihan atau penderitaan.","Bayi itu menangis, 'Huaaaa!' apabila ibunya pergi.",emotion,"['menangis', 'meratap', 'sedih']",False
.mansa,mangsa,negative,-0.7,noun,"(Dianggap sebagai kesalahan ejaan untuk 'mangsa') Orang atau haiwan yang teraniaya, menderita, atau dibunuh; korban.",Dia menjadi .mansa penipuan internet itu.,"crime, general","['korban', 'kederat', 'sasaran']",False
lh,lah,neutral,0,particle (colloquial),"Bentuk singkatan tidak formal bagi partikel penegas 'lah', digunakan untuk menekankan atau melembutkan ayat.","Cepatlh datang, kami dah lama tunggu!",colloquial,"['lah', 'kan']",False
byk,banyak,neutral,0,adjective/quantifier (colloquial),"Bentuk singkatan tidak formal bagi 'banyak', bermaksud sejumlah besar.",Dia ada byk duit dalam akaun banknya.,colloquial,"['banyak', 'sedikit (antonym)']",True
"selamat,carilah",selamat,positive,0.8,adjective,Bebas daripada bahaya atau musibah; aman dan sejahtera. (Frasa 'carilah' bermaksud mencari),"Semoga anda selamat,carilah tempat berlindung segera.",general,"['aman', 'sejahtera', 'bahaya (antonym)']",True
terlepas,lepas,negative,-0.4,verb,Sudah luput atau tidak dapat dicapai; terluput daripada genggaman.,Dia terlepas bas ke sekolah pagi tadi.,general,"['terluput', 'tercicir', 'tertangkap (antonym)']",False
duit,duit,neutral,0,noun,Mata wang atau wang; alat tukaran untuk membeli barang dan perkhidmatan.,Dia memerlukan lebih banyak duit untuk membeli rumah.,finance,"['wang', 'mata wang', 'harta']",False
Sampai,sampai,neutral,0,verb/preposition,"Tiba di destinasi; hingga ke, hingga batas tertentu.",Dia sudah Sampai di rumah ibunya.,general,"['tiba', 'datang', 'hingga']",True
kenapa,mengapa,neutral,0,interrogative pronoun,Untuk menanyakan sebab atau alasan; mengapa.,Kenapa awak lambat datang ke majlis?,general,"['mengapa', 'sebab']",False
mmbunyikn,bunyi,neutral,0,verb (colloquial/typo),(Bentuk tidak formal/kesalahan ejaan untuk 'membunyikan') Mengeluarkan bunyi; menyebabkan sesuatu berbunyi.,Dia mmbunyikn loceng pintu rumah.,general,"['membunyikan', 'mengeluarkan bunyi']",True
nya,nya,neutral,0,pronoun/suffix,Kata ganti diri ketiga tunggal (ia); juga digunakan sebagai akhiran yang menjadikan kata dasar menjadi kata nama.,Ini bukunya yang tertinggal di atas meja.,grammar,"['dia', 'beliau', '-nya']",False
didakwa?,dakwa,negative,-0.6,verb (passive),Telah dikenakan tuduhan di mahkamah; dituduh.,Dia didakwa? atas kesalahan rasuah.,law,"['dituduh', 'dibicarakan', 'dibebaskan (antonym)']",True
Ka,kah / ke,neutral,0,particle/preposition (colloquial),(Kolokial) Bentuk singkatan bagi partikel penyoal 'kah' atau kata sendi 'ke'.,Betul Ka apa yang dia cakap semalam?,colloquial,"['kah', 'ke']",False
peluru,peluru,neutral,0,noun,Proyektil kecil yang ditembakkan dari senjata api; isi senapang.,Polis menemui beberapa butir peluru di tempat kejadian.,"military, crime","['mesiu', 'anak panah', 'kartrij']",False
sodok,sodok,neutral,0,verb,"Memasukkan atau menolak sesuatu dengan paksa atau tiba-tiba, biasanya menggunakan hujung sesuatu alat.",Dia menyodok sampah ke dalam tong.,general,"['tolak', 'cucuk', 'jolok']",True
ni,ini,neutral,0,demonstrative_pronoun,"Singkatan bagi 'ini', menunjukkan sesuatu yang dekat atau yang sedang dibicarakan.",Buku ni saya punya.,informal,['ini'],False
kalau,kalau,neutral,0,conjunction,Menunjukkan syarat atau kemungkinan; sekiranya.,"Kalau hujan, kita tak jadi keluar.",general,"['sekiranya', 'andai', 'jika']",False
jangan,jangan,neutral,0,prohibitory_particle,Kata larangan untuk melakukan sesuatu.,Jangan bising di sini.,general,['usah'],False
Bodohmy,bodoh,negative,-0.8,adjective,Tidak cerdik; tidak pintar; dungu.,Janganlah berkelakuan bodoh.,general,"['dungu', 'bebal', 'pandai (antonym)']",True
bg,bagi,neutral,0,verb,Memberikan sesuatu kepada seseorang.,Tolong bg saya buku itu.,informal,"['beri', 'serah']",True
protes,protes,negative,-0.6,noun,Bantahan atau pernyataan tidak setuju secara terbuka.,Mereka mengadakan protes terhadap kenaikan harga barang.,"politics, social","['bantahan', 'demonstrasi', 'bangkang']",True
respek😂,hormat,positive,0.7,noun,Perasaan atau perbuatan menghargai seseorang atau sesuatu; hormat.,Kami ada respek yang tinggi kepada guru itu.,informal,"['hormat', 'penghargaan']",True
pd,pada,neutral,0,preposition,"Menunjukkan tempat, waktu, atau perbandingan; di.",Buku itu ada pd saya.,general,"['di', 'ke']",False
gerak,gerak,neutral,0,verb,Mengubah kedudukan; bergerak.,Dia gerak perlahan-lahan.,general,"['bergerak', 'alih', 'ubah']",True
lain2..,lain,neutral,0,adjective,Berbagai-bagai; tidak sama; yang lain.,Ada banyak hal lain-lain yang perlu diselesaikan.,general,"['pelbagai', 'lain']",True
Sering,sering,neutral,0,adverb,Kerap kali; selalu.,Dia sering datang melawat kami.,general,"['kerap', 'selalu', 'jarang (antonym)']",True
Bagi,bagi,neutral,0,verb,Memberikan sesuatu kepada seseorang.,Dia bagi hadiah kepada adiknya.,general,"['beri', 'serah']",True
habiskan,habis,neutral,0,verb,Menggunakan sesuatu sehingga tidak ada lagi; menyelesaikan.,Dia habiskan semua makanan itu.,general,"['selesaikan', 'gunakan']",True
untuk,untuk,neutral,0,preposition,Kata sendi nama yang menunjukkan tujuan atau kegunaan.,Buku ini untuk kamu.,general,"['bagi', 'demi']",False
membunuh,bunuh,negative,-0.9,verb,Menyebabkan kematian; menghilangkan nyawa.,Dia dituduh membunuh jirannya.,"crime, law","['bunuh', 'maut', 'hidupkan (antonym)']",True
handal,handal,positive,0.8,adjective,Cekap; mahir; dapat diharap.,Dia seorang pemain bola sepak yang handal.,general,"['cekap', 'mahir', 'hebat', 'lemah (antonym)']",True
"melawan,",lawan,neutral,0,verb,Menentang; bertarung; menahan.,Dia cuba melawan musuhnya.,general,"['menentang', 'berjuang', 'menyerah (antonym)']",True
Kali,kali,neutral,0,noun,Menunjukkan bilangan gandaan atau peristiwa.,Saya datang dua kali seminggu.,general,"['ganda', 'peristiwa']",False
lenggang,lenggang,neutral,0,verb,Mengayunkan tangan atau badan ketika berjalan.,Dia berjalan dengan lenggang kangkung.,general,"['ayun', 'goyang']",True
died,mati,negative,-0.7,verb,Meninggal dunia; tidak bernyawa lagi. (English: Passed away; no longer alive.),Kucing itu died semalam. (Kucing itu mati semalam.),general,"['mati', 'meninggal', 'hidup (antonym)']",True
Harap,harap,positive,0.6,verb,Menginginkan sesuatu berlaku; memohon; mengharapkan.,Saya harap awak berjaya.,general,"['ingin', 'mohon', 'doa']",True
Msuk,masuk,neutral,0,verb,Bergerak atau berada di dalam sesuatu tempat.,Dia msuk ke dalam rumah.,informal,"['pergi', 'keluar (antonym)']",True
ea.kasi,beri,neutral,0,verb,Memberikan sesuatu; beri.,Tolong kasi saya duit.,informal,"['beri', 'bagi']",True
tuuu,itu,neutral,0,demonstrative_pronoun,Kata ganti nama tunjuk untuk sesuatu yang jauh atau yang telah disebutkan.,Rumah tuu cantik.,informal,['ini (antonym)'],False
mobilnya?,mobil,neutral,0,noun,Kenderaan beroda empat yang bergerak dengan enjin; kereta.,Mobilnya rosak di tengah jalan.,general,"['kereta', 'kenderaan']",False
nk,hendak,neutral,0,auxiliary_verb,Singkatan bagi 'hendak'; ingin; mahu.,Saya nk makan.,informal,"['hendak', 'ingin', 'mahu']",True
rasa,rasa,neutral,0,verb,Mengalami melalui deria; beranggapan; merasakan.,Saya rasa makanan ini sedap.,general,"['alami', 'anggap', 'duga']",True
biar,biar,neutral,0,verb,Membiarkan; membenarkan; supaya.,Biar saya tolong dia.,general,"['biarkan', 'benarkan']",True
salleh,Salleh,neutral,0,proper_noun,Nama diri Melayu.,Salleh sedang membaca buku.,personal,[],False
...pemalas..,malas,negative,-0.7,adjective,Sifat enggan bekerja atau bergerak; tidak rajin.,"Dia memang pemalas, kerja rumah tak pernah buat.",general,"['malas', 'lesu', 'rajin (antonym)']",True
cina,Cina,neutral,0,noun,"Merujuk kepada etnik, bahasa, atau kebudayaan dari China.",Dia belajar bahasa Cina.,"demographics, culture","['Melayu', 'India']",False
dicampak,campak,neutral,0,verb,Dilemparkan; dibuang.,Sampah itu dicampak ke dalam tong.,general,"['dibuang', 'dilempar']",True
korang,kalian,neutral,0,pronoun,Singkatan bagi 'kau orang' atau 'kalian'; merujuk kepada kamu semua.,Korang dah makan ke?,informal,"['kalian', 'kamu semua']",False
jelaskan??,jelas,neutral,0,verb,Membuat sesuatu menjadi terang atau nyata; menerangkan.,Tolong jelaskan maksud perkataan ini.,general,"['terangkan', 'huraikan']",True
tubuh,tubuh,neutral,0,noun,Seluruh badan manusia atau haiwan.,Dia menjaga tubuhnya dengan baik.,"health, anatomy","['badan', 'jasad']",False
seharian..rasanya,hari,neutral,0,adverb,Sepanjang hari; dari pagi hingga petang.,Dia bekerja seharian tanpa henti.,time,['sepanjang hari'],False
rasanya,rasa,neutral,0,adverb,Nampaknya; pada pendapat saya. (Often used to express a feeling or opinion),Rasanya dia takkan datang.,general,"['nampaknya', 'agaknya']",False
reflect,renung,neutral,0,verb,Memikirkan dengan mendalam; merenung; memantulkan (cahaya/bunyi). (English: To think deeply; to bounce back light/sound.),Kita perlu reflect atas kesilapan yang lalu.,"general, psychology","['merenung', 'memikir', 'memantul']",True
"dulu,",dulu,neutral,0,adverb,Pada masa yang telah lalu; sebelum ini.,Dia tinggal di sini dulu.,time,"['dahulu', 'sebelum ini', 'kini (antonym)']",False
cuba,cuba,neutral,0,verb,Melakukan sesuatu untuk mengetahui hasilnya; menguji.,Cuba angkat kotak ini.,general,"['usahakan', 'uji', 'berusaha']",True
"tgk,",tengok,neutral,0,verb,Melihat; memerhatikan.,Mari kita tgk filem itu.,informal,"['lihat', 'pandang']",True
begerak??,gerak,neutral,0,verb,Mengubah posisi atau kedudukan.,Kereta itu mula begerak.,general,"['bergerak', 'berpindah', 'diam (antonym)']",True
alaa,alahai,neutral,0,exclamation,"Ungkapan perasaan terkejut, simpati, atau keluhan.","Alaa, kenapa jadi macam ni?",informal,"['aduh', 'oh']",False
datang,datang,neutral,0,verb,Tiba di sesuatu tempat; mengunjungi.,Dia akan datang esok.,general,"['tiba', 'hadir', 'pergi (antonym)']",True
berdepan,depan,neutral,0,verb,Menghadap atau bertemu secara langsung; bersemuka.,Mereka berdepan dengan masalah besar.,general,"['bersemuka', 'menghadapi']",True
begitu,gitu,neutral,0,adverb,Seperti itu; sedemikian rupa.,Jangan buat kerja begitu.,general,"['demikian', 'begini (antonym)']",False
telinga,telinga,neutral,0,noun,Organ pendengaran pada manusia atau haiwan.,Dia mendengar dengan telinganya.,anatomy,"['organ', 'pendengaran']",False
retak,retak,negative,-0.5,adjective,Pecah sedikit; ada celah atau garisan pecah.,Cawan itu retak selepas jatuh.,general,"['pecah', 'renggang']",True
lpas,lepas,neutral,0,verb,Melepaskan; sudah melalui; selesai.,Dia lpas tangan dari masalah itu.,informal,"['melepaskan', 'selesai', 'lalu']",True
perempuan,perempuan,neutral,0,noun,Manusia jantina wanita.,Dia seorang perempuan yang kuat.,common,"['wanita', 'gadis', 'lelaki']",False
selamat,selamat,positive,0.7,adjective,Dalam keadaan yang baik; tidak terancam.,Semoga anda selamat tiba di destinasi.,common,"['aman', 'sejahtera', 'bahaya']",True
semua,semua,neutral,0,quantifier,Keseluruhan; tidak ada yang terkecuali.,Semua pelajar perlu hadir.,common,"['seluruh', 'setiap', 'tiada']",True
Motor,motor,neutral,0,noun,Kenderaan beroda dua yang digerakkan oleh enjin.,Dia pergi kerja menunggang motor.,transport,"['motosikal', 'kereta']",False
diri,diri,neutral,0,pronoun,Merujuk kepada individu sendiri.,Jaga diri baik-baik.,common,"['sendiri', 'badan']",False
org,orang,neutral,0,noun,Manusia.,Ramai org berkumpul di dataran.,common,"['manusia', 'individu']",False
tuu,itu,neutral,0,demonstrative pronoun,Menunjukkan sesuatu yang jauh dari penutur (ragam percakapan).,Buku tuu mahal sangat.,colloquial,"['itu', 'ini']",False
Tekan,tekan,neutral,0,verb,Memberikan daya atau tekanan pada sesuatu.,Tekan butang ini untuk mula.,common,"['injak', 'dorong', 'picit']",True
Kecil²,kecil,neutral,0,adjective,Bersaiz tidak besar. (Kecil-kecil juga boleh bermaksud sangat kecil atau perkara/orang kecil),Barang kecil-kecil itu mudah hilang.,common,"['mini', 'halus', 'besar']",True
siang,siang,neutral,0,noun,"Waktu dari pagi hingga petang, apabila ada cahaya matahari.",Mereka bekerja dari siang hingga malam.,time,"['pagi', 'petang', 'malam']",False
more,more,neutral,0,adverb,Lebih banyak. (Kata pinjaman dari Bahasa Inggeris),Saya perlukan more waktu.,common,"['lebih', 'banyak']",False
kasi,beri,neutral,0,verb,Memberi; menyerahkan (ragam percakapan).,Kasi saya peluang sekali lagi.,colloquial,"['beri', 'bagi']",True
raya,raya,neutral,0,adjective,Besar; agung; umum (contoh: jalan raya).,Mereka akan menyambut Hari Raya Aidilfitri.,common,"['besar', 'agung', 'kecil']",True
Di,di,neutral,0,preposition,Menunjukkan tempat atau arah.,Buku itu di atas meja.,common,"['pada', 'ke']",False
Terbaik,baik,positive,0.8,adjective,Paling baik; cemerlang.,Persembahan mereka adalah yang terbaik.,common,"['cemerlang', 'unggul', 'teruk']",True
lepas,lepas,neutral,0,verb,Bebas dari ikatan; sudah berlalu.,Dia sudah lepas dari penjara.,common,"['bebas', 'lalu', 'tangkap']",True
SELAMAT,selamat,positive,0.7,adjective,Dalam keadaan yang baik; tidak terancam.,Semoga anda SELAMAT tiba di destinasi.,common,"['aman', 'sejahtera', 'bahaya']",True
rohingnya,Rohingya,neutral,0,noun,"Merujuk kepada etnik Rohingya, sebuah komuniti Muslim dari Myanmar.",Isu kemanusiaan etnik rohingnya mendapat perhatian global.,social,"['etnik', 'pelarian']",False
sebab,sebab,neutral,0,conjunction,Punca; alasan; kerana.,Dia tidak datang sebab sakit.,common,"['kerana', 'punca', 'alasan']",False
Udah,sudah,neutral,0,adverb,Telah; telah selesai (ragam percakapan).,Dia udah makan.,colloquial,"['sudah', 'telah', 'belum']",True
dapat,dapat,neutral,0,verb,Memperoleh; boleh; mampu.,Dia dapat hadiah itu. / Saya dapat hadir esok.,common,"['peroleh', 'boleh', 'terima', 'hilang']",True
Rohingnya,Rohingya,neutral,0,noun,"Merujuk kepada etnik Rohingya, sebuah komuniti Muslim dari Myanmar.",Komuniti Rohingnya menghadapi cabaran besar.,social,"['etnik', 'pelarian']",False
marah,marah,negative,-0.6,adjective,Perasaan tidak puas hati atau tidak senang.,Dia sangat marah dengan tindakan itu.,emotion,"['geram', 'berang', 'gembira']",True
fikir,fikir,neutral,0,verb,Menggunakan akal untuk mencari penyelesaian atau membuat keputusan.,Dia sedang fikirkan cara untuk menyelesaikan masalah itu.,common,"['berfikir', 'pertimbangkan', 'renung']",True
kanak,kanak,neutral,0,noun,Anak kecil (biasa digunakan dalam 'kanak-kanak').,Kanak-kanak itu sedang bermain.,common,"['budak', 'anak', 'dewasa']",False
lain,lain,neutral,0,adjective,Berbeza; tidak sama.,Saya mahukan warna yang lain.,common,"['berbeza', 'sama', 'lain-lain']",True
cukop2,cukup,neutral,0,adverb,Memadai; mencukupi (ragam percakapan 'cukup-cukup').,Bekalan makanan itu cukop2 untuk seminggu.,colloquial,"['cukup', 'memadai', 'berlebihan']",True
tapi,tetapi,neutral,0,conjunction,Walau bagaimanapun; namun (ragam percakapan).,"Dia cuba, tapi gagal.",colloquial,"['tetapi', 'namun', 'akan tetapi']",False
mercun,mercun,neutral,0,noun,Bahan letupan kecil yang menghasilkan bunyi kuat dan cahaya.,Kanak-kanak itu bermain mercun pada Hari Raya.,leisure,"['bunga api', 'letupan']",False
nyawa,nyawa,neutral,0,noun,Kehidupan; semangat yang menghidupkan sesuatu.,Dia berjuang untuk menyelamatkan nyawanya.,common,"['hidup', 'hayat', 'mati']",False
ek,ek,neutral,0,particle,Partikel yang digunakan untuk penekanan atau pertanyaan dalam bahasa percakapan.,Betul ke ek?,colloquial,"['lah', 'kah']",False
klauu,kalau,neutral,0,conjunction,Sekiranya; andai kata (ragam percakapan).,"Klauu hujan, kami batalkan perkelahan.",colloquial,"['kalau', 'jika', 'sekiranya']",False
kemek,kemek,negative,-0.3,adjective,Keadaan permukaan yang lekuk atau penyek ke dalam.,Bumper kereta itu kemek akibat kemalangan.,common,"['lekuk', 'penyek', 'penyet']",True
saje,saja,neutral,0,adverb,Hanya; semata-mata (ragam percakapan).,Dia datang saje nak tengok-tengok.,colloquial,"['saja', 'sahaja', 'cuma']",True
parah..,parah,negative,-0.7,adjective,Teruk; serius; kritikal.,Keadaannya sangat parah selepas kemalangan itu.,health,"['teruk', 'serius', 'kritikal', 'baik']",True
pasti,pasti,neutral,0,adverb,Tentu; tidak syak lagi.,Saya pasti dia akan datang.,common,"['tentu', 'yakin', 'mustahil']",True
biarkan,biar,neutral,0,verb,Membenarkan sesuatu berlaku tanpa campur tangan.,Biarkan dia pergi.,common,"['benarkan', 'izinkan', 'halang']",True
cara,cara,neutral,0,noun,Kaedah; teknik; bagaimana sesuatu dilakukan.,Ada banyak cara untuk belajar.,common,"['kaedah', 'teknik', 'gaya']",False
sesuatu,suatu,neutral,0,pronoun,Perkara atau benda yang tidak spesifik.,Dia ingin memberitahu sesuatu.,common,"['perkara', 'benda']",False
besr,besar,neutral,0,adjective,Berukuran lebih daripada biasa (kesalahan ejaan 'besar').,Rumahnya sangat besr.,common,"['agung', 'raya', 'kecil']",True
anjing2,anjing,neutral,0,noun,Haiwan peliharaan berkaki empat dari keluarga Canidae (reduplikasi 'anjing-anjing' bermaksud anjing dalam jumlah banyak).,Ada anjing2 di taman.,animal,"['haiwan', 'kucing']",False
nyamun,samun,negative,-0.7,noun,Orang yang merompak atau melakukan keganasan (kesalahan ejaan 'penyamun').,Para nyamun itu ditangkap polis.,crime,"['perompak', 'penjenayah', 'pencuri']",False
intimidasi,intimidasi,negative,-0.6,noun,Perbuatan menakut-nakutkan atau mengugut seseorang.,Dia menjadi mangsa intimidasi di tempat kerja.,social,"['ugutan', 'ancaman', 'buli']",False
rasuah,rasuah,negative,-0.8,noun,Perbuatan memberi atau menerima suapan untuk tujuan tidak sah.,Jenayah rasuah perlu dibanteras.,politics,"['suapan', 'sogokan', 'korupsi']",False
itu,itu,neutral,0,demonstrative pronoun,Menunjukkan sesuatu yang jauh dari penutur.,Rumah itu sangat besar.,common,"['ini', 'tersebut']",False
membunuh..,bunuh,negative,-0.9,verb,Menghilangkan nyawa seseorang.,Perbuatan membunuh adalah jenayah berat.,crime,"['mati', 'bunuh', 'maut']",True
ckup,cukup,neutral,0,adverb,Memadai; mencukupi (ragam percakapan).,Duit saya ckup untuk beli ini.,colloquial,"['cukup', 'memadai', 'banyak']",True
bkn,bukan,neutral,0,negation particle,Digunakan untuk menafikan kata nama atau frasa nama (singkatan 'bukan').,Itu bkn masalah saya.,colloquial,"['bukan', 'tidak']",False
NGpa,mengapa,neutral,0,adverb,Kata tanya untuk sebab atau alasan (ragam percakapan 'mengapa' atau 'kenapa').,NGpa dia tidak datang?,colloquial,"['mengapa', 'kenapa']",False
harta,harta,neutral,0,noun,Kekayaan; milik; aset.,Dia mewarisi banyak harta.,finance,"['aset', 'kekayaan', 'milik']",False
supaya,supaya,neutral,0,conjunction,Agar; demi; untuk tujuan.,Belajar rajin supaya berjaya.,common,"['agar', 'demi', 'untuk']",False
wagu,wagu,negative,-0.4,adjective,"Tidak sesuai, ganjil, janggal, atau pelik.",Pakaiannya kelihatan agak wagu untuk majlis rasmi itu.,general,"['janggal', 'pelik', 'aneh', 'ganjil']",True
kerajaan,raja,neutral,0,noun,Pemerintahan sesebuah negara; sistem pentadbiran negara.,Kerajaan telah mengumumkan pakej rangsangan ekonomi baharu.,politics,"['pemerintah', 'kabinet', 'negara']",False
jiran2,jiran,neutral,0,noun,Orang yang tinggal berdekatan; jiran-jiran (bentuk jamak tidak formal).,Jiran2 saya sangat ramah dan suka membantu.,social,"['tetangga', 'penduduk']",False
malu,malu,negative,-0.5,adjective,"Perasaan tidak selesa atau canggung akibat kesalahan, kekurangan, atau perhatian orang lain; segan.",Dia berasa sangat malu apabila terjatuh di hadapan ramai orang.,emotion,"['segan', 'aib', 'berani (antonym)']",True
lawn,lawn,neutral,0,noun,"Kawasan rumput yang dipangkas rapi, biasanya di hadapan rumah atau di taman (pinjaman Bahasa Inggeris).",Kami duduk di atas lawn sambil menikmati pemandangan.,general,"['rumput', 'halaman']",False
peluang.,peluang,positive,0.6,noun,Kesempatan atau ruang yang sesuai untuk melakukan sesuatu.,Dia tidak akan mensia-siakan peluang keemasan ini.,general,"['kesempatan', 'ruang', 'kerugian (antonym)']",False
bersihkn,bersih,positive,0.7,verb,Membersihkan; menjadikan sesuatu bersih (bentuk singkatan/tak formal dari 'bersihkan').,Tolong bersihkn meja itu selepas makan.,household,"['membersihkan', 'mencuci', 'mengotorkan (antonym)']",True
sikit-sikit,sikit,neutral,0,adverb,Sedikit demi sedikit; beransur-ansur.,Dia belajar sikit-sikit sehingga berjaya menguasai bahasa itu.,general,"['sedikit-sedikit', 'beransur-ansur']",True
sendiri,sendiri,neutral,0,adjective,Tidak bergantung pada orang lain; bersendirian.,Dia melakukan kerja itu sendiri tanpa bantuan sesiapa.,general,"['bersendirian', 'persendirian', 'bersama (antonym)']",True
muka...😂,muka,neutral,0,noun,Bahagian hadapan kepala manusia; wajah. (Emoji menunjukkan ekspresi lucu atau kegembiraan).,Dia buat muka lucu untuk menghiburkan kami.,anatomy,"['wajah', 'roman', 'paras']",False
toh...,toh,neutral,0,particle,"Digunakan untuk menekankan sesuatu, selalunya dalam perbualan tidak formal; kan, pula.","Dia kan dah beritahu, toh awak tak percaya.",informal,"['kan', 'pula']",False
like,like,neutral,0,interjection,Kata pengisi dalam perbualan; juga boleh bermaksud 'seperti' atau 'suka' (dari Bahasa Inggeris).,"Dia macam, like, tak faham apa yang saya cakap.",informal,"['macam', 'seperti']",False
APA,apa,neutral,0,interrogative pronoun,Kata tanya untuk menanyakan benda atau hal.,Apa yang sedang kamu lakukan?,general,"['siapa', 'mana', 'bila']",False
kedai,kedai,neutral,0,noun,Bangunan atau tempat perniagaan di mana barang-barang dijual.,Ibu pergi ke kedai runcit untuk membeli barang dapur.,commerce,"['premis', 'pasar', 'butik']",False
lebih,lebih,neutral,0,adverb,Melebihi jumlah atau kuantiti yang biasa; tambahan.,Dia makan lebih banyak daripada biasa.,general,"['tambahan', 'banyak', 'kurang (antonym)']",True
polis...silap2,polis,negative,-0.3,noun,"Pihak berkuasa yang menjaga undang-undang dan ketenteraman awam. 'Silap2' bermaksud 'silap-silap', jika tersilap atau melakukan kesalahan.","Hati-hati bawa kereta, nanti polis...silap2 kena saman.",law_enforcement,"['pihak berkuasa', 'penguatkuasa']",False
siat2,siat,negative,-0.5,verb,Menyiak-nyiakkan; mengoyak-ngoyakkan sesuatu menjadi kepingan kecil (bentuk tidak formal dari 'siat-siat').,Dia siat2 surat itu kerana terlalu marah.,action,"['koyak', 'carik', 'cabik']",True
over,over,negative,-0.4,adjective,Terlalu banyak; melampau; berlebihan (pinjaman Bahasa Inggeris yang digunakan dalam konteks tidak formal).,"Janganlah over sangat bila bercakap, bertenang.",informal,"['melampau', 'berlebihan', 'keterlaluan', 'terkawal (antonym)']",True
Nasib,nasib,neutral,0,noun,Keadaan atau takdir yang menimpa seseorang atau sesuatu; untung rugi.,Nasib baik dia sempat menyelamatkan diri daripada kemalangan itu.,general,"['takdir', 'untung', 'ketentuan']",False
menyanggak,sanggak,negative,-0.3,verb,Menentang; membantah; tidak mematuhi.,Dia menyanggak arahan yang diberikan oleh ketuanya.,social,"['menentang', 'membantah', 'membangkang', 'mematuhi (antonym)']",True
Selfish,Selfish,negative,-0.8,adjective,Hanya memikirkan diri sendiri; mementingkan diri sendiri; tamak (pinjaman Bahasa Inggeris).,Sikapnya yang selfish itu menyebabkan dia dipulaukan rakan-rakan.,personality,"['mementingkan diri', 'tamak', 'dermawan (antonym)']",True
Penjahat,jahat,negative,-0.9,noun,Orang yang melakukan perbuatan jahat atau jenayah; orang durjana.,Polis berjaya menahan penjahat yang dikehendaki itu.,crime,"['durjana', 'penjenayah', 'perompak', 'hero (antonym)']",False
babi...,babi,negative,-0.7,expletive,Sejenis haiwan. Sering digunakan sebagai kata makian atau umpatan yang sangat kasar.,'Babi!' dia menjerit apabila keretanya dilanggar.,derogatory,"['binatang', 'haiwan', 'sial (as expletive)']",False
saya,saya,neutral,0,pronoun,Kata ganti nama diri pertama tunggal.,Saya akan pergi ke sana esok.,general,"['aku', 'beta', 'hamba']",False
kangkung😌itulah,kangkung,neutral,0,noun,"Sejenis sayur-sayuran berdaun hijau. (Emoji menunjukkan rasa lega atau kelegaan, sering berkaitan sindiran 'isu kangkung').",Ibu masak kangkung belacan untuk makan malam.,food,"['sayur', 'bayam']",False
baik,baik,positive,0.8,adjective,Tidak ada cacat cela; elok; sempurna; berakhlak mulia.,Dia seorang yang sangat baik hati dan suka menolong.,general,"['elok', 'sempurna', 'mulia', 'jahat (antonym)']",True
org.,orang,neutral,0,noun,Manusia; individu (singkatan tidak formal dari 'orang').,Berapa ramai org. yang datang ke majlis itu?,general,"['manusia', 'individu', 'person']",False
Kak,kakak,neutral,0,noun,"Panggilan hormat kepada perempuan yang lebih tua, atau singkatan dari 'kakak'.",Kakak saya bekerja sebagai seorang guru.,family,"['kakak', 'abang', 'adik']",False
sekarang,sekarang,neutral,0,adverb,Pada masa ini; kini.,Dia sedang makan sekarang.,time,"['kini', 'saat ini', 'dahulu (antonym)']",False
badan,badan,neutral,0,noun,Seluruh tubuh manusia atau haiwan.,Dia menjaga badan agar sentiasa sihat.,anatomy,"['tubuh', 'tubuh badan', 'fizikal']",False
🤣,,positive,0.8,emoji,Menunjukkan ketawa terbahak-bahak atau sesuatu yang sangat lucu.,Ceritanya memang lucu 🤣,emotion,[],False
sederhana..harta,sederhana,neutral,0.3,adjective,Tidak terlalu mewah atau tidak terlalu kurang; biasa-biasa. 'Harta' merujuk kepada kekayaan atau aset.,"Kehidupannya sederhana, walaupun hartanya tidak banyak.",economics,"['biasa', 'bersahaja', 'mewah (antonym)']",True
nnti..,nanti,neutral,0,adverb,Kemudian; akan datang (singkatan tidak formal dari 'nanti').,Kita jumpa nnti.. di sana.,time,"['kemudian', 'kelak']",False
Bukan,bukan,neutral,0,negation particle,Kata nafi yang digunakan untuk menafikan kata nama atau frasa nama.,Ini bukan buku saya.,general,"['tidak', 'tiada']",False
mintk,minta,neutral,0,verb,Memohon atau meminta sesuatu (singkatan tidak formal dari 'minta').,Dia mintk tolong daripada rakannya.,general,"['meminta', 'memohon']",True
bengkel,bengkel,neutral,0,noun,Tempat untuk membaiki kenderaan atau mesin; juga tempat kursus praktikal.,Kereta saya rosak dan perlu dihantar ke bengkel.,automotive,"['garaj', 'pusat servis']",False
is,is,neutral,0,verb,"Bentuk kata kerja 'to be' dalam Bahasa Inggeris, bermaksud 'adalah' atau 'ialah' (digunakan dalam kod-campuran).",Kereta tu is rosak.,general,"['adalah', 'ialah']",False
mencedera,cedera,negative,-0.7,verb,Melukakan; menyebabkan kecederaan pada tubuh.,Penyerang itu mencedera mangsanya dengan pisau.,health_crime,"['melukakan', 'menyakiti', 'mengubati (antonym)']",True
Parang,parang,neutral,0,noun,Sejenis pisau besar yang digunakan untuk memotong atau menebas.,Dia menggunakan parang untuk membersihkan semak-samun.,tools,"['pedang', 'pisau', 'sabit']",False
kejadian..baru,kejadian,neutral,0,noun,Peristiwa atau insiden yang berlaku; 'baru' bermaksud baru sahaja berlaku.,Kejadian itu baru berlaku pagi tadi.,general,"['peristiwa', 'insiden', 'hal', 'lama (antonym for baru)']",True
Knock,Knock,neutral,0,verb,Mengetuk; memukul (pinjaman Bahasa Inggeris).,Dia dengar bunyi orang knock pintu.,general,"['ketuk', 'pukul']",True
"miskin,",miskin,negative,-0.6,adjective,Tidak mempunyai harta atau wang yang cukup; kekurangan.,Ramai keluarga miskin menerima bantuan dari kerajaan.,economics,"['daif', 'papa', 'kaya (antonym)']",True
penjajah,jajah,negative,-0.7,noun,Orang atau kuasa yang menjajah atau menduduki negara lain.,Malaysia pernah dijajah oleh kuasa asing selama bertahun-tahun.,politics_history,"['kolonial', 'penjajahan', 'pembebas (antonym)']",False
ak,aku,neutral,0,pronoun,"Singkatan tidak formal dari 'aku', kata ganti nama diri pertama tunggal.",Ak tak tahu nak cakap apa.,informal,"['aku', 'saya']",False
klas,kelas,neutral,0,noun,"Singkatan tidak formal dari 'kelas', bilik darjah atau kumpulan pelajar.",Dia ada klas tambahan petang ni.,education,"['kelas', 'bilik darjah', 'kumpulan']",False
Scene,Scene,neutral,0,noun,Babak dalam drama atau filem; juga adegan atau situasi tertentu (pinjaman Bahasa Inggeris).,Scene itu sangat menyentuh hati penonton.,entertainment,"['babak', 'adegan', 'peristiwa']",False
terjadi,jadi,neutral,0,verb,Berlaku; berlaku; menjadi.,Kemalangan itu terjadi secara tiba-tiba.,general,"['berlaku', 'berlaku', 'menjelma']",True
tgknya😡,tengok,negative,-0.5,verb,"Melihat; memerhati (singkatan tidak formal dari 'tengoknya', dengan emoji menunjukkan kemarahan atau ketidakpuasan).",Dia tak suka tgknya😡 perangai sebegitu.,emotion_action,"['melihat', 'memerhati', 'pandang']",True
ngan,dengan,neutral,0,preposition,Singkatan tidak formal dari 'dengan'.,Dia pergi ngan kawan-kawan.,informal,['dengan'],False
banyak2,banyak,neutral,0,adverb,Banyak-banyak; dalam kuantiti yang besar.,Dia ucapkan terima kasih banyak2 atas bantuan itu.,general,"['banyak-banyak', 'melimpah ruah', 'sikit (antonym)']",True
sorang,seorang,neutral,0,numeral/determiner,Satu orang; seseorang (bentuk kolokial).,Dia sorang saja yang datang.,general,"['seorang', 'seseorang']",False
bergantung,gantung,neutral,0,verb,Bersandar atau bersambung di atas sesuatu; terpulang kepada.,Keputusan itu bergantung kepada undian majoriti.,general,"['bersandar', 'terpulang', 'bersambung']",True
jarak,jarak,neutral,0,noun,Ruang atau sela antara dua benda atau tempat.,Jarak dari sini ke sana sangat jauh.,general,"['sela', 'ruang', 'kejauhan']",False
keja,kerja,neutral,0,verb,Melakukan pekerjaan; bekerja (bentuk kolokial).,Dia tak keja hari ni.,employment,"['kerja', 'bekerja', 'tugas']",True
merompak,rompak,negative,-0.8,verb,Melakukan rompakan; mencuri dengan kekerasan.,Penjenayah itu cuba merompak bank.,crime,"['mencuri', 'menyamun', 'meragut']",True
doh,doh,neutral,0,noun,"Adunan tepung dan bahan lain yang lembik dan belum dibakar (untuk membuat roti, kuih, dll).",Ibu sedang menguli doh roti.,cooking,"['adunan', 'tepung']",False
cedera,cedera,negative,-0.7,adjective,Luka atau terjejas anggota badan akibat kemalangan atau serangan.,Mangsa kemalangan itu cedera parah.,"health, accident","['luka', 'sakit', 'parah']",True
meninggal,tinggal,negative,-0.9,verb,Mati; mangkat.,Dia meninggal dunia semalam.,"general, life/death","['mati', 'wafat', 'mangkat']",True
supirnya,supir,neutral,0,noun,Pemandu kereta (miliknya/mereka).,Supirnya membawa kereta itu dengan laju.,transport,"['pemandu', 'driver']",False
hidup,hidup,positive,0.6,verb/adjective,Keadaan bernyawa; tidak mati.,Dia masih hidup walaupun cedera parah.,"general, life/death","['bernyawa', 'wujud', 'berfungsi']",True
Standby,Standby,neutral,0,verb/adjective,Bersedia; dalam keadaan siap sedia (pinjaman bahasa Inggeris).,Pasukan penyelamat sentiasa standby untuk kecemasan.,"general, emergency","['bersedia', 'siap sedia']",True
KO,KO,negative,-0.5,adjective,Kalah atau tidak sedarkan diri dalam sukan tinju; (kiasan) tewas sepenuhnya (pinjaman bahasa Inggeris).,Peninju itu KO pada pusingan pertama.,"sports, combat","['tewas', 'kalah', 'rebah']",False
dia,dia,neutral,0,pronoun,Kata ganti nama diri ketiga tunggal.,Dia sedang membaca buku.,general,"['beliau', 'mereka']",False
panas,panas,neutral,0,adjective,Mempunyai suhu yang tinggi; tidak sejuk.,Cuaca hari ini sangat panas.,"general, weather","['hangat', 'terik', 'bahang']",True
dengernya,dengar,neutral,0,adverb,Diketahui atau didengar orang; khabarnya (bentuk kolokial).,Dengernya dia akan berpindah tahun depan.,general,"['dengarnya', 'khabarnya']",False
hon,hon,neutral,0,noun,Alat bunyi pada kenderaan untuk memberi isyarat.,Dia membunyikan hon keretanya.,transport,"['klakson', 'siren']",False
Sedap,sedap,positive,0.8,adjective,"Menyenangkan rasa (lidah, telinga, dll); lazat.",Makanan ini sangat sedap.,"general, food","['lazat', 'enak', 'nyaman']",True
Dalam,dalam,neutral,0,adjective,Tidak cetek; menembus jauh ke bawah atau ke dalam.,Telaga itu sangat dalam.,general,"['jauh', 'cetek (antonym)']",True
nie,ini,neutral,0,determiner/pronoun,Merujuk kepada sesuatu yang dekat dengan pembicara; ini (bentuk kolokial).,Buku nie saya punya.,general,['ini'],False
Adakah,ada,neutral,0,interrogative particle,Kata tanya untuk memulakan soalan yang memerlukan jawapan 'ya' atau 'tidak'.,Adakah dia sudah sampai?,general,"['apakah', 'sama ada']",False
apa2,apa-apa,neutral,0,pronoun/determiner,Sesuatu yang tidak spesifik; apa sahaja (bentuk kolokial).,Tidak ada apa2 yang berlaku.,general,"['apa-apa', 'sesuatu']",False
taw,tahu,neutral,0,verb,Mempunyai pengetahuan tentang sesuatu; kenal (bentuk kolokial).,Saya tak taw dia datang ke tak.,general,"['tahu', 'kenal', 'mengerti']",True
sri,seri,neutral,0,noun,Gelaran kebesaran atau kehormatan; kemuliaan.,Baginda bergelar Sri Sultan.,"formal, culture","['seri', 'kemuliaan', 'kebesaran']",False
Sakit,sakit,negative,-0.7,adjective,Tidak sihat; berasa tidak selesa pada badan atau minda.,Badannya sakit selepas jatuh.,health,"['pening', 'demam', 'sihat (antonym)']",True
balik,balik,neutral,0,verb/adverb,Kembali ke tempat asal; semula.,Dia akan balik ke kampung esok.,general,"['pulang', 'kembali']",True
penjahat,jahat,negative,-0.9,noun,Orang yang melakukan kejahatan; penjenayah.,Polis sedang memburu penjahat itu.,crime,"['penjenayah', 'perompak', 'samseng']",False
cari,cari,neutral,0,verb,Berusaha mendapatkan atau menemukan sesuatu.,Dia sedang cari kunci yang hilang.,general,"['mencari', 'menemukan']",True
Kerja,kerja,neutral,0,verb,Melakukan pekerjaan; berusaha.,Dia kerja setiap hari.,employment,"['bekerja', 'tugas', 'pekerjaan']",True
ngasih,kasih,neutral,0,verb,Memberi; menyerahkan (bentuk kolokial dari 'mengasih').,Dia ngasih hadiah pada adiknya.,general,"['memberi', 'menyerah']",True
apply,apply,neutral,0,verb,Memohon; mengajukan permohonan (pinjaman bahasa Inggeris).,Dia akan apply kerja baru.,"employment, education","['memohon', 'mengajukan']",True
gun,gun,neutral,0,noun,Senjata api; pistol (pinjaman bahasa Inggeris).,Polis merampas gun dari penjenayah.,"crime, military","['senjata api', 'pistol', 'senapang']",False
sikit,sedikit,neutral,0,adverb/adjective,Dalam jumlah atau kuantiti yang kecil; sedikit (bentuk kolokial).,Dia makan sikit saja.,general,"['sedikit', 'kurang']",True
pns,panas,neutral,0,adjective,Panas; geram (singkatan/kolokial).,Situasi jadi pns bila dia datang.,"general, emotion","['panas', 'tegang', 'geram']",True
polis,polis,neutral,0,noun,Pasukan penguat kuasa undang-undang; anggota polis.,Polis sedang menyiasat kes itu.,"law enforcement, crime","['penguat kuasa', 'anggota keselamatan']",False
maling,maling,negative,-0.8,noun,Pencuri; perompak (bahasa Indonesia/digunakan juga dalam kolokial Melayu).,Maling itu berjaya ditangkap.,crime,"['pencuri', 'perompak', 'penyamun']",False
gila,gila,negative,-0.6,adjective,"Hilang akal; tidak siuman. (Slanga: sangat, luar biasa)",Dia berkelakuan seperti orang gila.,"health, general","['tidak siuman', 'waras (antonym)', 'hebat (slang)']",True
sekor,seekor,neutral,0,numeral/classifier,Penjodoh bilangan untuk haiwan; satu ekor (bentuk kolokial).,Saya nampak sekor kucing.,general,"['seekor', 'satu']",False
BOLEH,boleh,neutral,0,modal verb,Dapat; mampu; diizinkan.,Awak boleh pergi sekarang.,general,"['dapat', 'mampu', 'izin']",True
syariat,syariat,neutral,0,noun,Hukum atau undang-undang Islam.,Dia mempelajari ilmu syariat.,"religion (Islam), law","['hukum', 'undang-undang', 'Islam']",False
spark,spark,neutral,0,noun,Percikan api; (kiasan) cetusan idea (pinjaman bahasa Inggeris).,Palam pencucuh menghasilkan spark.,"technology, general","['percikan', 'api', 'cetusan']",False
berlebihan,lebih,negative,-0.3,adjective,Terlalu banyak atau melampaui batas; eksesif.,Jangan mengambil makanan berlebihan.,general,"['melampau', 'eksesif', 'keterlaluan']",True
kebodohan,bodoh,negative,-0.8,noun,Perihal bodoh; kejahilan; ketidaktahuan.,Kebodohan itu menyebabkan banyak masalah.,"general, social","['kejahilan', 'ketidaktahuan', 'kepintaran (antonym)']",False
kejahatan,jahat,negative,-0.9,noun,Perbuatan jahat; kemaksiatan.,Dia terlibat dalam pelbagai kejahatan.,"crime, ethics","['jenayah', 'kemungkaran', 'kebaikan (antonym)']",False
skrg,sekarang,neutral,0,adverb,Pada masa ini; kini (singkatan/kolokial).,Dia sibuk skrg.,general,"['sekarang', 'kini']",False
MCM,macam,neutral,0,preposition/adverb,Seperti; seolah-olah (singkatan/kolokial).,MCM mana ni?,general,"['macam', 'seperti', 'umpama']",False
Itu,itu,neutral,0,determiner/pronoun,Merujuk kepada sesuatu yang jauh dari pembicara; yang tertentu.,Buku itu mahal.,general,"['ini (antonym)', 'tersebut']",False
Xkire,kira,neutral,0,verb phrase,Tidak mengambil kira; tanpa mengira (singkatan/kolokial dari 'tidak kira').,"Xkire siapa dia, semua sama.",general,"['tidak kira', 'tanpa mengira']",False
pnjara,penjara,negative,-0.5,noun,Bangunan tempat tahanan dan orang yang dihukum (singkatan/kolokial).,Dia dihantar ke pnjara.,"law enforcement, crime","['bui', 'lokap', 'kurungan']",False
kereta=mobil.,kereta,neutral,0,noun,"Kenderaan beroda empat yang digerakkan oleh enjin, biasanya digunakan untuk pengangkutan. 'Mobil' adalah istilah yang digunakan di Indonesia.",Kereta itu berwarna merah dan baru sahaja dibeli.,transportation,"['mobil', 'kenderaan', 'auto']",False
adoiii,adoi,negative,-0.6,interjection,"Ungkapan rasa sakit, kecewa, bosan, atau simpati yang kuat.","Adoiii, sakitnya kaki aku terpijak duri.",emotion,"['aduh', 'alamak', 'cis']",False
barusan,baru,neutral,0,adverb,Baru sahaja; sebentar tadi; belum lama ini.,Dia barusan tiba dari pejabat selepas mesyuarat.,time,"['sebentar tadi', 'baru sahaja', 'tadi']",False
mahal,mahal,negative,-0.5,adjective,Mempunyai harga yang tinggi; memerlukan bayaran yang besar.,Harga barang-barang keperluan harian semakin mahal sekarang.,economy,"['murah (antonym)', 'bernilai', 'tinggi']",True
susah,susah,negative,-0.7,adjective,Sukar; sulit; tidak mudah untuk dilakukan atau diselesaikan.,Soalan peperiksaan matematik itu sangat susah bagi pelajar-pelajar.,general,"['sukar', 'sulit', 'senang (antonym)', 'mudah (antonym)']",True
dia,dia,neutral,0,pronoun,"Kata ganti nama diri ketiga tunggal, merujuk kepada seseorang atau sesuatu (he/she/it).",Dia sedang membaca buku di perpustakaan.,general,"['beliau', 'mereka (plural)', 'ia']",False
Dah,sudah,neutral,0,adverb,Singkatan bagi 'sudah'; menyatakan sesuatu telah selesai atau berlaku.,Dia dah makan tengah hari bersama kawan-kawannya.,general,"['sudah', 'telah', 'siap']",True
Langgar,langgar,negative,-0.7,verb,Melanggar sesuatu atau peraturan; menabrak; terlanggar.,Pemandu itu langgar lampu isyarat merah dan menyebabkan kemalangan.,transportation,"['melanggar', 'menabrak', 'mematuhi (antonym)']",True
dia🤣,dia,neutral,0,pronoun,Kata ganti nama diri ketiga tunggal (he/she/it). Emoji '🤣' menunjukkan konteks lucu atau jenaka.,Dia memang kelakar orangnya🤣.,informal communication,"['beliau', 'mereka (plural)']",False
aqq,aku,neutral,0,pronoun,Bentuk tidak formal atau singkatan bagi 'aku'; kata ganti nama diri pertama tunggal (I).,Aqq nak pergi ke bandar esok pagi.,informal communication,"['aku', 'saya']",False
Lps,lepas,neutral,0,adverb,Singkatan bagi 'lepas' atau 'selepas'; bermaksud sesudah atau setelah.,"Lps kerja, kita boleh jumpa untuk makan malam.",time,"['selepas', 'sesudah', 'kemudian']",False
tangkap,tangkap,neutral,0,verb,"Memegang atau menahan sesuatu; menangkap (contoh: ikan, penjenayah).",Polis berjaya tangkap pencuri yang dikehendaki itu.,general,"['menangkap', 'memegang', 'menahan', 'melepaskan (antonym)']",True
perrmpuan,perempuan,neutral,0,noun,Manusia jantina wanita; wanita.,Perempuan itu memakai baju kurung yang cantik.,general,"['wanita', 'gadis', 'lelaki (antonym)', 'jantina']",False
that,that,neutral,0,demonstrative pronoun,(Bahasa Inggeris) itu; bahawa. Sering digunakan dalam percakapan informal Melayu.,I like that idea very much.,informal communication,"['itu', 'yang', 'ini (antonym)']",False
ltk,letak,neutral,0,verb,Singkatan bagi 'letak'; bermaksud meletakkan sesuatu di suatu tempat.,Tolong ltk buku itu di atas meja.,general,"['letak', 'meletakkan', 'simpan']",True
will,will,neutral,0,auxiliary verb,(Bahasa Inggeris) akan. Digunakan dalam percakapan informal Melayu untuk menyatakan masa depan atau keazaman.,I will come to your house tomorrow.,informal communication,"['akan', 'bakal']",True
sorg,seorang,neutral,0,numeral classifier,Singkatan bagi 'seorang'; kata bilangan untuk manusia.,Ada sorg lelaki berdiri di hadapan pintu.,general,"['seorang', 'satu orang']",False
Trus,terus,neutral,0,adverb,Singkatan bagi 'terus'; bermaksud tanpa henti atau segera.,Dia trus pergi selepas tamat kelas.,general,"['terus', 'segera', 'lantas']",True
pas,pas,neutral,0,adjective,Sesuai; muat; ukuran yang tepat.,Baju baru itu pas betul dengan badannya.,general,"['sesuai', 'muat', 'ketat (antonym)', 'longgar (antonym)']",True
harus,harus,neutral,0,auxiliary verb,Mesti; wajib; sepatutnya dilakukan.,Kita harus menghormati ibu bapa dan guru-guru.,general,"['mesti', 'wajib', 'patut']",True
betul..,betul,positive,0.6,adjective,Benar; tidak salah; tepat.,Apa yang awak katakan itu betul..,general,"['benar', 'tepat', 'salah (antonym)', 'silap (antonym)']",True
"aku,",aku,neutral,0,pronoun,"Kata ganti nama diri pertama tunggal, digunakan dalam situasi tidak formal atau akrab (I).","Aku, suka makan nasi lemak setiap pagi.",general,"['saya', 'beta (royal)', 'patik (humble)']",False
mcine,macam mana,neutral,0,interrogative adverb,Singkatan kolokial bagi 'macam mana'; bagaimana.,Mcine dia boleh buat kerja secepat itu?,informal communication,"['macam mana', 'bagaimana', 'camna']",False
logat,logat,neutral,0,noun,Dialek; cara pertuturan sesuatu daerah atau kumpulan.,Dia bercakap dengan logat Kedah yang pekat.,linguistics,"['dialek', 'aksen', 'bahasa']",False
plug,plug,neutral,0,noun,Palam elektrik; alat untuk menyambungkan peralatan elektrik ke sumber kuasa.,Pastikan plug dipasang dengan betul ke soket.,technology,"['palam', 'soket', 'elektrik']",False
🙏,🙏,positive,0.7,emoji,"Emoji yang melambangkan doa, terima kasih, rasa hormat, atau memohon maaf.",Terima kasih atas bantuan anda 🙏.,emotion,"['doa', 'terima kasih', 'maaf', 'hormat']",False
bodoh..,bodoh,negative,-0.8,adjective,Tidak cerdik; dungu; tidak masuk akal.,Jangan buat kerja bodoh.. Fikirlah dulu sebelum bertindak.,general,"['dungu', 'bebal', 'cerdik (antonym)', 'pandai (antonym)']",True
"bebas,",bebas,positive,0.7,adjective,Tidak terikat; merdeka; tidak dikenakan sekatan atau batasan.,Burung itu dilepaskan dan kini terbang bebas di langit.,politics,"['merdeka', 'meruntun (antonym)', 'terikat (antonym)']",True
pnya,punya,neutral,0,possessive particle,Singkatan bagi 'punya'; menunjukkan pemilikan atau kepunyaan.,Buku ini pnya adik saya.,informal communication,"['punya', 'milik', 'kepunyaan']",False
laki,lelaki,neutral,0,noun,"Singkatan bagi 'lelaki' (male) atau 'suami' (husband), digunakan dalam percakapan tidak formal.",Laki dia bekerja sebagai jurutera di Kuala Lumpur.,family,"['lelaki', 'suami', 'isteri (antonym)', 'perempuan (antonym)']",False
law,lawa,positive,0.6,adjective,(Kolokial) Cantik; elok; menarik.,Baju yang awak pakai tu nampak law sangat.,fashion,"['cantik', 'elok', 'menarik', 'hodoh (antonym)']",True
api..,api,neutral,0,noun,Bahan yang menyala dan mengeluarkan cahaya serta haba.,Jangan bermain api.. Ia sangat bahaya.,general,"['bara', 'kebakaran', 'nyala']",False
"slow2,kuku",slow,neutral,0,adverb,(Kolokial) Perlahan-lahan; dengan cermat. (Mengabaikan 'kuku' yang terpisah maknanya).,Kita kena buat kerja ni slow2 supaya tak ada kesilapan.,general,"['perlahan-lahan', 'berhati-hati', 'cepat (antonym)']",True
pemilik,milik,neutral,0,noun,Orang yang mempunyai hak milik ke atas sesuatu; tuan punya.,Pemilik restoran itu adalah seorang yang sangat dermawan.,commerce,"['tuan', 'empunya', 'pemunya']",False
dibahagian,bahagian,neutral,0,prepositional phrase,Pada atau di dalam sesuatu bahagian; di tempat tertentu.,Buku rujukan itu disimpan dibahagian atas rak buku.,location,"['di', 'pada', 'tempat']",False
berhenti,henti,neutral,0,verb,Tidak bergerak lagi; tamat; tidak meneruskan sesuatu tindakan.,Kereta itu berhenti di persimpangan jalan.,general,"['henti', 'tamat', 'mulakan (antonym)', 'teruskan (antonym)']",True
Hidup,hidup,positive,0.8,verb,Berkeadaan bernyawa; tidak mati; menjalani kehidupan.,Hidup ini adalah anugerah yang perlu dihargai.,general,"['nyawa', 'kehidupan', 'mati (antonym)']",True
wajah,wajah,neutral,0,noun,Bahagian depan kepala manusia; muka.,Wajahnya kelihatan berseri-seri selepas mendapat berita baik itu.,body parts,"['muka', 'rupa', 'paras']",False
"astaga,",astaga,negative,-0.5,interjection,"Ungkapan rasa terkejut, hairan, atau tidak percaya, kadang-kadang dengan nada kekecewaan atau marah.","Astaga, saya terlupa untuk menghantar tugasan semalam!",emotion,"['alamak', 'ya ampun', 'masya-Allah']",False
Mujur,mujur,positive,0.7,adjective,Bernasib baik; untung.,"Mujur dia sempat mengelak, kalau tidak pasti cedera parah.",general,"['beruntung', 'nasib baik', 'malang (antonym)', 'celaka (antonym)']",True
lah..aku,lah,neutral,0,particle,"Partikel penegas atau pelembut ayat, tiada makna leksikal sendiri. (Mengabaikan 'aku' yang terpisah maknanya).",Pergilah.. aku dah tak tahan.,linguistics,[],False
Respect👍🏻,respect,positive,0.8,noun,(Bahasa Inggeris) Hormat; kagum. Digunakan sebagai ungkapan pujian atau penghormatan.,Kerja awak memang terbaik! Respect👍🏻,emotion,"['hormat', 'kagum', 'pujian']",True
menyedarkan,sedar,positive,0.6,verb,Membawa kepada kesedaran; mengingatkan seseorang akan sesuatu.,Pengalaman pahit itu menyedarkan saya tentang pentingnya persiapan.,psychology,"['menyedari', 'mengingatkan', 'insaf']",True
hon,hon,neutral,0,noun,Bunyi isyarat yang dihasilkan oleh hon kenderaan.,Pemandu bas itu membunyikan hon dengan kuat.,transportation,"['klakson', 'bunyi', 'isyarat']",False
iaitu,iaitu,neutral,0,conjunction,Yakni; adalah; digunakan untuk menjelaskan atau memperkenalkan sesuatu.,"Ada dua jenis buah-buahan di atas meja, iaitu epal dan oren.",general,"['yakni', 'adalah', 'contohnya']",False
kut,agaknya,neutral,0,adverb,(Kolokial) Mungkin; barangkali; agaknya.,"Dia datang esok kut, kalau tak sibuk.",informal communication,"['mungkin', 'barangkali', 'agaknya']",False
jamin,jamin,neutral,0,verb,Memberi jaminan; memastikan; bertanggungjawab atas sesuatu.,Saya jamin dia akan menyelesaikan tugasan ini dengan baik.,general,"['menjamin', 'memastikan', 'bertanggungjawab']",True
Malaysia.,Malaysia,neutral,0,proper noun,Nama sebuah negara di Asia Tenggara.,Malaysia. ialah sebuah negara yang berbilang kaum dan budaya.,geography,"['negara', 'Asia Tenggara', 'negara-negara']",False
profile,profile,neutral,0,noun,"(Bahasa Inggeris) Profil; gambaran ringkas tentang seseorang atau sesuatu, sering digunakan dalam konteks media sosial atau pekerjaan.",Sila kemas kini profile anda di laman web syarikat.,technology,"['profil', 'gambaran', 'biodata']",False
ga,tidak,neutral,0,negative particle,"(Kolokial, pengaruh Indonesia) Tidak; bukan. Digunakan sebagai partikel negatif.",Dia ga datang ke majlis semalam.,informal communication,"['tidak', 'tak', 'bukan']",False
tadah,tadah,neutral,0,verb,Menampung sesuatu yang jatuh atau dicurahkan.,Dia tadah air hujan dalam baldi.,general,"['menampung', 'menadah']",True
sambil,sambil,neutral,0,conjunction,Pada masa yang sama; serentak.,Dia menyanyi sambil menari.,general,"['serentak', 'sementara']",False
penjenayah,jenayah,negative,-0.8,noun,Orang yang melakukan jenayah; pesalah.,Polis berjaya menangkap penjenayah itu.,"crime, law","['pesalah', 'kriminal', 'perompak']",True
jalur,jalur,neutral,0,noun,Garis panjang; coret.,Bendera Malaysia mempunyai jalur merah putih.,general,"['garis', 'coret', 'lurah']",True
leka,leka,negative,-0.5,adjective,Terlalu asyik sehingga lupa akan hal lain; lalai.,Dia leka bermain telefon sehingga lupa makan.,general,"['lalai', 'alpa', 'asyik']",True
mau,mau,neutral,0,verb (modal),Hendak; ingin.,Dia mau pergi ke sana.,general,"['ingin', 'hendak', 'mahu']",True
belaka,belaka,neutral,0,adverb,Semua; seluruhnya; semata-mata.,Mereka semua datang belaka.,general,"['semua', 'seluruhnya', 'semata-mata']",False
geram,geram,negative,-0.7,adjective,Perasaan marah atau benci yang terpendam.,Dia geram dengan tingkah laku adiknya.,emotion,"['marah', 'benci', 'jengkel']",True
lah,lah,neutral,0,particle,Penegas perkataan; penanda seru.,Cepatlah datang!,linguistics,[],False
situasi,situasi,neutral,0,noun,Keadaan atau kedudukan sesuatu.,Situasi ekonomi negara semakin stabil.,general,"['keadaan', 'kedudukan', 'hal']",True
Menyamun,samun,negative,-0.9,verb,Melakukan perbuatan merompak atau merampas harta dengan kekerasan.,Mereka ditahan kerana menyamun kedai emas.,"crime, law","['merompak', 'merampas', 'memcuri']",True
laju,laju,neutral,0,adjective,Cepat; deras.,Kereta itu bergerak dengan sangat laju.,general,"['cepat', 'pantas', 'deras']",True
kuku,kuku,neutral,0,noun,Bahagian keras yang tumbuh di hujung jari tangan atau kaki.,Dia memotong kukunya.,anatomy,"['jari', 'tangan', 'kaki']",True
tu,itu,neutral,0,pronoun (colloquial),Itu; penunjuk sesuatu yang jauh.,Buku tu sangat menarik.,general,"['ini', 'sana']",False
undur,undur,neutral,0,verb,Bergerak ke belakang; berundur.,Dia undur ke belakang sedikit.,general,"['berundur', 'surut', 'mundur']",True
bawah,bawah,neutral,0,preposition,Kedudukan yang lebih rendah.,Bola itu berada di bawah meja.,spatial,"['atas', 'bawah']",True
anjing,anjing,neutral,0,noun,Sejenis haiwan mamalia berkaki empat.,Anjing itu sedang menyalak.,animal,"['binatang', 'peliharaan', 'kucing']",True
abang,abang,neutral,0,noun,Kakak lelaki; panggilan untuk lelaki yang lebih tua.,Abang saya bekerja di Kuala Lumpur.,"family, social","['kakak', 'adik', 'saudara']",True
defense,defense,neutral,0,noun,Pertahanan; tindakan mempertahankan diri.,Pasukan itu mempunyai defense yang kuat.,"sports, military","['pertahanan', 'perlindungan', 'serangan (antonym)']",True
drg,mereka,neutral,0,pronoun (colloquial),Mereka; kata ganti nama diri ketiga jamak (tidak formal).,Drg dah balik.,general,"['mereka', 'diorang']",False
hit,hit,neutral,0,verb/noun,Pukul; memukul (verb). Kejayaan; populariti (noun).,Dia cuba hit bola itu.,"general, sports, music","['pukul', 'hentam', 'popular']",True
bukak,buka,neutral,0,verb (colloquial),Membuka; tidak tertutup.,Tolong bukak pintu itu.,general,"['tutup (antonym)', 'buka']",True
orang,orang,neutral,0,noun,Manusia; individu.,Banyak orang datang ke majlis itu.,general,"['manusia', 'individu', 'rakyat']",True
knock,knock,neutral,0,verb,Mengetuk; memukul.,Dia knock pintu sebelum masuk.,general,"['ketuk', 'pukul', 'hentam']",True
pecah,pecah,negative,-0.6,verb/adjective,Terbelah-belah atau hancur; rosak.,Cermin itu pecah.,general,"['hancur', 'retak', 'rosak']",True
praktis,praktis,neutral,0,verb/noun,Berlatih; melakukan sesuatu berulang kali untuk mahir.,Dia praktis bermain gitar setiap hari.,"general, education, sports","['berlatih', 'latihan', 'latih']",True
kita,kita,neutral,0,pronoun,Kami; penunjuk diri pertama jamak (termasuk yang diajak bicara).,Kita pergi bersama-sama.,general,"['kami', 'saya', 'mereka']",False
hebat,hebat,positive,0.8,adjective,Luar biasa; sangat baik atau mengagumkan.,Persembahan mereka sangat hebat.,general,"['cemerlang', 'mengagumkan', 'dahsyat']",True
berani,berani,positive,0.7,adjective,Tidak takut; gagah.,Dia seorang yang berani.,personality,"['gagah', 'perkasa', 'takut (antonym)']",True
Lain,lain,neutral,0,adjective,Berbeza; tidak sama.,Itu cerita lain.,general,"['beza', 'berlainan', 'sama (antonym)']",True
tu,itu,neutral,0,pronoun (colloquial),Itu; penunjuk sesuatu yang jauh.,Buku tu sangat menarik.,general,"['ini', 'sana']",False
aku,aku,neutral,0,pronoun,Saya; kata ganti nama diri pertama tunggal (tidak formal).,Aku suka makan nasi lemak.,general,"['saya', 'beta']",False
sebagainya,bagai,neutral,0,adverb,Dan lain-lain; dan yang seumpamanya.,"Mereka menjual buku, pensel dan sebagainya.",general,"['dan lain-lain', 'dll']",False
dulu,dulu,neutral,0,adverb,Pada masa yang lampau; dahulu.,Dulu saya tinggal di kampung.,time,"['dahulu', 'kini (antonym)', 'sekarang (antonym)']",False
Palestina,Palestina,neutral,0,noun (proper noun),Sebuah negara atau wilayah di Asia Barat.,Konflik di Palestina masih berterusan.,"geography, politics","['Timur Tengah', 'Israel']",False
Indonesia,Indonesia,neutral,0,noun (proper noun),Sebuah negara di Asia Tenggara.,Indonesia mempunyai banyak pulau.,"geography, politics","['Asia Tenggara', 'Malaysia']",False
Nanti,nanti,neutral,0,adverb,Kemudian; tidak lama lagi.,Dia akan datang nanti.,time,"['kemudian', 'sebentar lagi', 'sekarang (antonym)']",False
Selain,selain,neutral,0,conjunction,Di samping; di luar daripada.,"Selain itu, dia juga pandai melukis.",general,"['di samping', 'kecuali', 'tambahan']",False
17,17,neutral,0,numeral,Angka selepas 16.,Dia berumur 17 tahun.,"mathematics, general","['nombor', 'angka']",False
ehh,eh,neutral,0,interjection,Ungkapan terkejut atau ragu-ragu.,"Ehh, kenapa tak cakap awal-awal?",general,"['oh', 'wah', 'aduh']",False
klu,kalau,neutral,0,conjunction (colloquial),Apabila; andai kata.,"Klu hujan, kita tak jadi pergi.",general,"['kalau', 'jika', 'apabila']",False
tabik,tabik,positive,0.6,verb/noun,Memberi hormat; memberi salam.,Askar itu memberi tabik hormat.,"military, social","['hormat', 'salut', 'salam']",True
Apa,apa,neutral,0,pronoun (interrogative),Kata tanya untuk benda atau perkara.,Apa yang berlaku?,general,"['siapa', 'mana', 'bila']",False
tlong,tolong,positive,0.5,verb (colloquial),Membantu; memberikan bantuan.,Tolong angkat barang ini.,general,"['bantu', 'sokong', 'meminta']",True
haritu,hari itu,neutral,0,adverb (colloquial),Pada hari yang disebutkan; hari tersebut.,Haritu saya ada nampak dia.,time,"['semalam', 'kelmarin', 'dahulu']",False
polisi,polisi,neutral,0,noun,Dasar; aturan; atau badan berkuasa polis (tidak formal).,Polisi syarikat itu sangat ketat.,"administration, law","['dasar', 'peraturan', 'undang-undang']",True
gate,gate,neutral,0,noun,Pintu pagar; pintu masuk.,Dia menunggu di gate lapangan terbang.,"travel, architecture","['pintu', 'pagar', 'laluan']",True
cedera,cedera,negative,-0.7,adjective,Mengalami luka atau kecederaan.,Dia cedera dalam kemalangan itu.,"health, medical","['luka', 'tercedera', 'parah']",True
barakah,barakah,positive,0.9,noun,Keberkatan; limpahan kebaikan dari Tuhan.,Semoga hidup kita sentiasa mendapat barakah.,"religion, spirituality","['berkat', 'rahmat', 'rezeki']",True
ni,ini,neutral,0,pronoun (colloquial),Ini; penunjuk sesuatu yang dekat.,Buku ni sangat bagus.,general,"['itu', 'sana']",False
kakap,kakap,neutral,0,noun,Sejenis ikan laut; atau orang penting/besar dalam sesuatu bidang (kiasan).,Kami makan ikan kakap bakar.,"food, general","['ikan', 'penting (kiasan)', 'besar (kiasan)']",True
bodoh,bodoh,negative,-0.8,adjective,Tidak cerdik; dungu.,Jangan jadi orang bodoh.,personality,"['dungu', 'bebal', 'pandai (antonym)']",True
guy,guy,neutral,0,noun,Lelaki; orang lelaki (pinjaman Inggeris).,Dia adalah seorang guy yang baik.,general,"['lelaki', 'orang', 'pemuda']",True
kedudukan,duduk,neutral,0,noun,Posisi; status; tempat.,Dia mempunyai kedudukan yang tinggi dalam syarikat.,"general, social, professional","['posisi', 'status', 'tempat']",True
ini,ini,neutral,0,pronoun,Penunjuk sesuatu yang dekat.,Buku ini sangat bagus.,general,"['itu', 'sana']",False
kita,kita,neutral,0,pronoun,Kami; penunjuk diri pertama jamak (termasuk yang diajak bicara).,Kita pergi bersama-sama.,general,"['kami', 'saya', 'mereka']",False
bawa,bawa,neutral,0,verb,Mengangkat atau membawa sesuatu dari satu tempat ke tempat lain.,Tolong bawa buku itu ke sini.,general,"['membawa', 'angkat', 'memikul']",True
tuan,tuan,neutral,0,noun/pronoun,Panggilan hormat kepada lelaki; pemilik.,"Selamat datang, Tuan.","social, general","['puan', 'encik', 'pemilik']",True
bertindak,tindak,neutral,0,verb,Melakukan sesuatu; mengambil tindakan.,Polis perlu bertindak segera.,"general, law","['berbuat', 'beraksi', 'mengambil tindakan']",True
"Cak,",Cak,neutral,0,interjection,"Bunyi atau perkataan yang digunakan untuk menarik perhatian, biasanya kanak-kanak, atau sebagai ungkapan terkejut/gembira ringkas.","""Cak!"" kata ibu sambil mencuit pipi anaknya.",general,"['hei', 'eh', 'ooh']",False
Mcm,Macam,neutral,0,adverb,"Kependekan bagi 'macam'; serupa dengan, seperti.",Baju dia mcm baju saya.,general,"['seperti', 'serupa', 'bagai']",False
aja,sahaja,neutral,0,adverb,Kependekan bagi 'sahaja'; hanya.,"Makan nasi aja, tak ada lauk lain.",general,"['hanya', 'cuma', 'saja']",False
pistol,pistol,neutral,0,noun,Senjata api genggam kecil.,Polis merampas sepucuk pistol daripada suspek.,"law enforcement, crime","['revolver', 'senapang', 'senjata']",False
d,di,neutral,0,preposition,Kependekan bagi 'di'; menunjukkan lokasi atau tempat.,Dia ada d rumah.,general,"['di', 'pada']",False
somethings,sesuatu,neutral,0,pronoun,Ungkapan bahasa Inggeris yang bermaksud 'sesuatu'. Digunakan secara tidak formal dalam perbualan campur kod.,Ada somethings tak kena dengan kereta ni.,general,"['sesuatu', 'benda']",False
"cedera,dh","cedera, sudah",negative,-0.7,"adjective, adverb",Gabungan 'cedera' (mengalami luka atau kecederaan) dan kependekan 'dh' bagi 'sudah' (telah).,"Mangsa cedera,dh dihantar ke hospital.","health, crime","['luka', 'teruk', 'telah', 'sudah']",True
tahun,tahun,neutral,0,noun,Jangka masa dua belas bulan.,Saya akan melancong tahun depan.,time,"['bulan', 'hari', 'abad']",False
bapak,bapak,neutral,0,noun,Ayah atau orang lelaki yang dihormati.,Bapak saya seorang petani.,family,"['ayah', 'papa', 'abah']",False
ketakutan...kasihan,"takut, kasihan",negative,-0.8,"noun, adjective",Gabungan 'ketakutan' (keadaan takut/gerun) dan 'kasihan' (rasa simpati terhadap kesusahan orang lain).,Wajah kanak-kanak itu menunjukkan ketakutan...kasihan sungguh melihatnya.,"emotion, general","['kegerunan', 'kebimbangan', 'simpati', 'belas']",True
world.....,dunia,neutral,0,noun,Ungkapan bahasa Inggeris yang bermaksud 'dunia'; merujuk kepada bumi dan semua kehidupan di dalamnya.,Ini adalah masalah world yang perlu diselesaikan.,general,"['dunia', 'bumi']",False
rmpak,rompak,negative,-0.9,verb,"Kependekan bagi 'rompak'; merompak, mencuri dengan kekerasan.",Penjahat cuba rmpak bank itu.,crime,"['samun', 'curi', 'rampas']",True
haa,ha,neutral,0,interjection,"Ungkapan yang menunjukkan persetujuan, kejutan, atau untuk menarik perhatian.","""Haa, baru kau tahu!""",general,"['ya', 'oh', 'eh']",False
Untuk,untuk,neutral,0,preposition,"Sebagai tujuan, bagi, kepada.",Hadiah ini untuk kamu.,general,"['bagi', 'kepada']",False
da..ada,ada,neutral,0,verb,"Kependekan bagi 'ada'; wujud, mempunyai. Pengulangan 'ada' mungkin untuk penekanan atau kesan bunyi.",Barang itu da..ada di sana.,general,"['wujud', 'memiliki', 'mempunyai']",True
sebagai,sebagai,neutral,0,preposition,Berfungsi atau berperanan sebagai.,Dia bekerja sebagai guru.,general,"['selaku', 'menjadi', 'berperanan']",False
Kelau,Kalau,neutral,0,conjunction,"Kependekan bagi 'kalau'; jika, sekiranya.","Kelau hujan, kita batalkan perkelahan.",general,"['jika', 'sekiranya', 'andai']",False
kira,kira,neutral,0,verb,Membuat pengiraan; menganggap; menjangka.,Dia sedang kira jumlah wang.,"mathematics, general","['hitung', 'sangka', 'anggapan']",True
Hamidi.,Hamidi,neutral,0,proper noun,Nama diri bagi seorang lelaki.,Hamidi belajar di universiti.,personal,[],False
gaya,gaya,neutral,0,noun,"Cara, bentuk, fesyen atau ragam.",Dia mempunyai gaya berjalan yang unik.,"fashion, general","['cara', 'fesyen', 'ragam']",False
Malaysiaku..😥,Malaysia,negative,-0.5,proper noun,"Merujuk kepada negara Malaysia, dengan imbuhan posesif '-ku' (milik saya), dan emoji sedih yang menunjukkan kekecewaan atau kesedihan.",Saya sedih melihat keadaan Malaysiaku..😥,"geography, patriotism, emotion","['negara', 'tanah air']",False
keluarga,keluarga,neutral,0,noun,"Sekumpulan individu yang mempunyai hubungan darah, perkahwinan, atau angkat.",Kami akan bercuti bersama keluarga.,family,"['sanak saudara', 'kerabat', 'famili']",False
Terlalu,lalu,neutral,0,adverb,Melebihi batas; sangat.,Makanan ini terlalu manis.,general,"['sangat', 'amat', 'sungguh']",False
lg,lagi,neutral,0,adverb,"Kependekan bagi 'lagi'; tambahan, sekali lagi, masih.",Mahu makan lg?,general,"['lagi', 'tambahan', 'masih']",False
maju,maju,positive,0.8,verb,Bergerak ke hadapan; berkembang pesat; moden.,Negara kita sedang maju dengan pesat.,"development, economy","['berkembang', 'progresif', 'moden', 'mundur']",True
jabatan,jabat,neutral,0,noun,Bahagian sesebuah organisasi atau institusi.,Dia bekerja di jabatan kerajaan.,"administration, government","['bahagian', 'agensi', 'pejabat']",False
last2,akhirnya,neutral,0,adverb,Kependekan tidak formal bagi 'last-last' atau 'akhirnya'; pada penghujungnya.,"Dia cuba lari, last2 kena tangkap juga.",general,"['akhirnya', 'pada akhirnya', 'kesudahannya']",False
pencuri,curi,negative,-0.9,noun,Orang yang melakukan perbuatan mencuri.,Pencuri itu berjaya ditangkap oleh polis.,crime,"['perompak', 'penyamun', 'maling']",False
pnjng,panjang,neutral,0,adjective,Kependekan bagi 'panjang'; mempunyai jarak yang besar dari satu hujung ke hujung yang lain.,Rambut dia pnjng sangat.,general,"['lebar', 'tinggi', 'pendek']",True
akuni,"aku, ini",neutral,0,pronoun,Gabungan tidak formal 'aku' (saya) dan 'ini' (ini). Biasanya digunakan untuk menekankan 'aku' dalam konteks tertentu.,Akuni dah cakap jangan buat macam tu.,general,"['saya', 'ini']",False
pesalah,salah,negative,-0.7,noun,Orang yang melakukan kesalahan atau jenayah.,Pesalah itu dijatuhi hukuman penjara.,"law, crime","['penjenayah', 'tertuduh', 'banduan']",False
dipakai,pakai,neutral,0,verb,"Digunakan; dikenakan (pakaian, barang).",Baju itu jarang dipakai.,general,"['digunakan', 'dikenakan', 'digayakan']",True
nye...kena,"nya, kena",neutral,0,"particle, verb","Gabungan kependekan 'nya' (partikel penegas/penunjuk) dan 'kena' (mesti, harus; atau terkena sesuatu).",Dia nye...kena datang esok.,general,"['nya', 'mesti', 'harus', 'terkena']",True
Kamus,kamus,neutral,0,noun,Buku rujukan yang mengandungi senarai perkataan dengan definisi dan maklumat lain.,Saya mencari maksud perkataan di dalam kamus.,"education, linguistics","['leksikon', 'tesaurus', 'glosari']",False
laknat,laknat,negative,-0.9,adjective,Kutukan atau celaan; seseorang atau sesuatu yang terkutuk.,Perbuatan laknat itu harus dihentikan.,"religion, ethics","['terkutuk', 'celaka', 'jahat']",True
kaw2,kaw-kaw,neutral,0,adverb,"Slanga untuk 'teruk', 'habis-habisan', 'sangat'.",Dia kena marah kaw2.,informal,"['sangat', 'teruk', 'bersungguh-sungguh']",False
bodoh.,bodoh,negative,-0.8,adjective,Tidak pandai; bebal; dungu.,Jangan jadi orang yang bodoh.,general,"['dungu', 'bebal', 'pandai']",True
basmi,basmi,positive,0.7,verb,Menghapuskan sama sekali; membanteras.,Kerajaan berazam untuk basmi kemiskinan.,"social, government","['hapus', 'banteras', 'musnahkan']",True
Metro.,Metro,neutral,0,proper noun,Nama akhbar (Harian Metro) atau sistem pengangkutan.,Saya membaca berita di Harian Metro.,"media, transport",[],False
jer,sahaja,neutral,0,adverb,Slanga untuk 'sahaja' atau 'saja'; hanya.,Ambil sikit jer.,informal,"['saja', 'sahaja', 'hanya']",False
langit,langit,neutral,0,noun,Ruang angkasa yang membentang di atas bumi.,Burung terbang tinggi di langit.,nature,"['angkasa', 'awan', 'bumi']",False
alang2,alang-alang,neutral,0,adverb,Kependekan bagi 'alang-alang'; kalau sudah terlanjur; tidak ada pilihan.,"Alang2 dah sampai, biar terus habiskan kerja ni.",general,"['kalau sudah terlanjur', 'memandangkan']",False
tu..eee,"itu, eee",negative,-0.4,"demonstrative pronoun, interjection","Gabungan 'tu' (kependekan 'itu'; menunjukkan sesuatu) dan 'eee' (ungkapan jijik, meluat atau tidak suka).","Baju tu..eee, kotornya!","general, emotion","['itu', 'jijik', 'geli']",False
aman,aman,positive,0.8,adjective,"Bebas dari kekacauan, huru-hara, atau bahaya; tenteram, damai.",Keadaan negara sangat aman dan damai.,"social, politics","['damai', 'tenteram', 'sejahtera', 'huru-hara']",True
.ramai,ramai,neutral,0,adjective,Banyak orang atau benda berkumpul; riuh rendah.,Orang ramai berkumpul di dataran.,general,"['banyak', 'sibuk', 'sedikit']",True
"penyangak,tapi","sangak, tetapi",negative,-0.7,"noun, conjunction","Gabungan 'penyangak' (penjahat, orang jahat) dan kependekan 'tapi' bagi 'tetapi' (namun, sungguhpun begitu).","Dia seorang penyangak,tapi kini sudah bertaubat.","crime, general","['penjahat', 'penipu', 'namun', 'walau bagaimanapun']",False
Izinkan,izin,neutral,0,verb,Memberi kebenaran; membenarkan.,Izinkan saya masuk.,general,"['benarkan', 'persetujukan', 'larang']",True
kejadian,jadi,neutral,0,noun,Peristiwa atau insiden yang berlaku.,Kejadian rompakan itu mengejutkan penduduk.,"general, news","['peristiwa', 'insiden', 'hal']",False
kurang,kurang,neutral,0,adverb,Tidak cukup; tidak seberapa; belum sempurna.,Makanan ini kurang masin.,general,"['tidak cukup', 'defisit', 'lebih']",True
Fulamak,Fulamak,positive,0.6,interjection,"Ungkapan rasa terkejut, kagum, atau tidak percaya. Bentuk slanga dari ""Subhanallah"" atau ""Ya Allah"".","""Fulamak! Cantiknya kereta awak!""","informal, emotion","['wah', 'wow', 'subhanallah']",False
kerja,kerja,neutral,0,noun/verb,Aktiviti melakukan sesuatu untuk mendapatkan wang atau mencapai tujuan; pekerjaan.,Dia sangat fokus pada kerjanya.,"umum, ekonomi","['pekerjaan', 'tugasan', 'tugas', 'buruh']",True
Mau,mau,neutral,0,verb (auxiliary),Ingin atau berhasrat untuk melakukan sesuatu.,Saya mau makan nasi goreng.,umum,"['ingin', 'mahu', 'hendak']",True
bad,bad,negative,-0.7,adjective,Tidak baik; buruk (istilah pinjaman dari bahasa Inggeris yang biasa digunakan secara tidak formal).,Kualiti produk itu sangat bad.,umum,"['buruk', 'teruk', 'jelek']",True
wkwk,wkwk,positive,0.6,interjection,Ungkapan ketawa atau geli hati (singkatan internet).,"Dia bercerita tentang insiden lucu itu, wkwk.","internet, komunikasi","['haha', 'lol', 'hihi']",False
jalan,jalan,neutral,0,noun/verb,Permukaan yang dibina untuk laluan kenderaan atau pejalan kaki; bergerak dengan kaki.,Kami jalan kaki ke kedai.,"umum, geografi","['laluan', 'denai', 'bergerak', 'berjalan']",True
seseorang,seorang,neutral,0,pronoun,Mana-mana orang yang tidak dikenal pasti.,Ada seseorang mengetuk pintu.,umum,"['sesiapa', 'individu']",False
xpe,tak apa,neutral,0.2,interjection/phrase,Singkatan dari 'tak apa'; tidak mengapa; tidak mengapa.,"Jangan risau, xpe.",komunikasi informal,"['tak mengapa', 'tidak apa-apa']",False
hahah,hahah,positive,0.7,interjection,Ungkapan bunyi ketawa.,"Dia ketawa terbahak-bahak, hahah.",komunikasi,"['wkwk', 'lol', 'hihi']",False
kita,kita,neutral,0,pronoun,Kata ganti nama diri pertama majmuk (termasuk orang yang diajak bercakap).,Kita akan pergi bersama-sama.,umum,"['kami', 'saya', 'anda']",False
kelantan,Kelantan,neutral,0,noun (proper noun),Salah sebuah negeri di Malaysia.,Dia berasal dari Kelantan.,"geografi, politik","['Malaysia', 'negeri']",False
pasar,pasar,neutral,0,noun,Tempat di mana barangan dibeli dan dijual.,Ibu pergi ke pasar untuk membeli sayur.,"ekonomi, perdagangan","['kedai', 'jualan', 'pasar raya']",True
sgt,sangat,neutral,0,adverb,Singkatan dari 'sangat'; amat; terlalu.,Makanan itu sgt sedap.,umum,"['sangat', 'amat', 'terlalu']",False
ampun,ampun,neutral,0.4,noun/verb,Maaf; kemaafan; meminta kemaafan.,Hamba mohon ampun tuanku.,"umum, agama","['maaf', 'kemaafan', 'berkat']",True
perlu,perlu,neutral,0,verb/adjective,Mesti ada; dikehendaki; harus.,Kita perlu berusaha lebih gigih.,umum,"['mesti', 'harus', 'wajib']",True
juga,juga,neutral,0,adverb,Pula; pun; juga.,Dia juga datang ke majlis itu.,umum,"['pun', 'pula', 'selain itu']",False
Kan,bukan,neutral,0,particle/interjection,Singkatan bagi 'bukan' (untuk bertanya atau mengesahkan); atau partikel penegas.,"Awak dah makan, kan?",komunikasi,"['bukan', 'ya']",False
lepas,lepas,neutral,0,verb/adjective/preposition,Bebas dari ikatan; setelah sesuatu berlaku; melepaskan.,Dia lepas dari penjara.,umum,"['bebas', 'selesai', 'setelah', 'usai']",True
kesampatan,sempat,neutral,0,noun,Keadaan berpeluang atau mempunyai masa yang cukup untuk melakukan sesuatu.,Dia tidak ada kesampatan untuk datang.,umum,"['peluang', 'masa', 'kelapangan']",True
dadah,dadah,negative,-0.9,noun,Bahan terlarang yang boleh menyebabkan ketagihan dan kemudaratan.,Penyalahgunaan dadah adalah jenayah serius.,"kesihatan, jenayah","['narkotik', 'ubat-ubatan terlarang']",True
hitam,hitam,neutral,0,adjective,"Warna paling gelap, hasil daripada ketiadaan atau penyerapan penuh cahaya.",Kereta itu berwarna hitam.,umum,"['gelap', 'kelam', 'putih']",True
ingat,ingat,neutral,0,verb,Menyimpan dalam ingatan; tidak lupa.,Ingat pesan ibu.,umum,"['kenang', 'teringat', 'lupa']",True
salah,salah,negative,-0.6,adjective/noun,Tidak betul; khilaf; kesalahan.,Jawapan kamu salah.,umum,"['silap', 'keliru', 'betul', 'benar']",True
ato,atau,neutral,0,conjunction,Singkatan dari 'atau'; pilihan antara dua atau lebih.,Nak makan nasi ato mi?,komunikasi informal,"['atau', 'mahupun']",False
mundur,mundur,negative,-0.5,verb/adjective,Bergerak ke belakang; tidak maju; kemerosotan.,Negara itu mundur dalam teknologi.,"umum, ekonomi, politik","['undur', 'surut', 'merosot', 'maju']",True
menumpah,tumpah,neutral,-0.3,verb,Menyebabkan sesuatu cecair jatuh keluar dari bekasnya; mencurahkan.,Dia menumpahkan air di atas meja.,umum,"['mencurahkan', 'melimpahkan']",True
sis,sister,neutral,0.2,noun (informal address),Singkatan bagi 'sister' (kakak atau panggilan mesra untuk wanita).,"Hai sis, nak order apa?",komunikasi informal,"['kakak', 'saudari', 'bro']",False
alang2,alang-alang,neutral,0,adverb/conjunction,Oleh kerana sudah bermula; sekali gus; sekadar untuk mengisi masa.,"Alang-alang dah sampai sini, baik kita makan.",umum,"['sekali gus', 'sambil menyelam minum air']",False
sure,sure,positive,0.6,adjective/adverb,Pasti; tentu (istilah pinjaman dari bahasa Inggeris yang biasa digunakan secara tidak formal).,Awak sure ke boleh buat?,"umum, komunikasi informal","['pasti', 'tentu', 'yakin']",True
teraniaya,aniaya,negative,-0.8,adjective/verb,"Mengalami kezaliman, penderitaan, atau ketidakadilan; ditindas.",Dia berasa teraniaya dengan layanan itu.,"keadilan, sosial","['tertindas', 'dizalimi', 'menderita']",True
then,then,neutral,0,adverb/conjunction,Kemudian; selepas itu (istilah pinjaman dari bahasa Inggeris yang biasa digunakan secara tidak formal).,"Mula-mula buat ni, then buat tu.",komunikasi informal,"['kemudian', 'selepas itu', 'lalu']",False
Pindah,pindah,neutral,0,verb,Bergerak dari satu tempat ke tempat lain; bertukar tempat.,Keluarga itu akan pindah ke rumah baru.,umum,"['beralih', 'berpindah', 'berhijrah']",True
dada,dada,neutral,0,noun,Bahagian atas badan antara leher dan perut.,Dia memegang dadanya kerana sakit.,"anatomi, kesihatan","['jantung', 'paru-paru']",False
wak,wak,neutral,0.2,noun (informal address),"Panggilan ringkas untuk 'awak' atau 'Pak Wak' (panggilan kehormat bagi lelaki tua, terutamanya di sesetengah komuniti).",Wak nak ke mana?,komunikasi informal,"['awak', 'pak cik', 'encik']",False
menguji,uji,neutral,0,verb,"Melakukan ujian untuk menilai keupayaan, kualiti, atau kebenaran sesuatu.",Mereka menguji kekuatan jambatan itu.,"pendidikan, sains, umum","['mencuba', 'menilai', 'memeriksa']",True
tunggu,tunggu,neutral,0,verb,Berhenti dan tidak melakukan apa-apa sehingga sesuatu berlaku atau seseorang tiba.,Sila tunggu sebentar.,umum,"['nanti', 'sabar']",True
mencederakan,cedera,negative,-0.8,verb,Menyebabkan kecederaan fizikal atau mental kepada seseorang atau sesuatu.,Kemalangan itu mencederakan ramai orang.,"kesihatan, jenayah","['melukai', 'menyakiti', 'memudaratkan']",True
panjang,panjang,neutral,0,adjective,Mempunyai ukuran yang besar dari satu hujung ke hujung yang lain; tidak pendek.,Sungai itu sangat panjang.,umum,"['lama', 'lebar', 'pendek']",True
pdhal,padahal,neutral,0,conjunction/adverb,Singkatan dari 'padahal'; sedangkan; walhal.,"Dia kata penat, pdhal baru je duduk.",komunikasi informal,"['padahal', 'sedangkan', 'walhal']",False
Hati2,hati-hati,neutral,0.3,interjection/adverb,Berhati-hati; cermat; awas.,Hati2 di jalan raya.,"umum, keselamatan","['berwaspada', 'cermat', 'awas']",False
tembak,tembak,neutral,-0.4,verb,Menembak dengan senjata; melepaskan peluru.,Polis terpaksa menembak suspek.,"ketenteraan, jenayah","['menembak', 'melepaskan']",True
cuma,cuma,neutral,0,adverb,Hanya; sahaja.,Dia cuma ada dua ringgit.,umum,"['hanya', 'sahaja']",False
tu,itu,neutral,0,demonstrative pronoun/adjective,Singkatan dari 'itu'; penunjuk untuk sesuatu yang jauh atau telah disebut.,Buku tu mahal.,komunikasi informal,"['itu', 'ini']",False
dorg,mereka,neutral,0,pronoun,Singkatan dari 'dia orang' atau 'mereka'.,Dorg dah balik.,komunikasi informal,"['mereka', 'dia orang']",False
ngeriiii,ngeri,negative,-0.8,adjective,Sangat menakutkan atau mengerikan; seram.,Kejadian itu sangat ngeriiii.,"umum, emosi","['seram', 'dahsyat', 'menakutkan', 'gerun']",True
ni,ini,neutral,0,demonstrative pronoun/adjective,Singkatan dari 'ini'; penunjuk untuk sesuatu yang dekat.,Buku ni cantik.,komunikasi informal,"['ini', 'itu']",False
k,okay,neutral,0.1,interjection,Singkatan dari 'okay'; baik; setuju.,Boleh buat sekarang? K.,komunikasi informal,"['okay', 'baik', 'setuju']",False
dengarkan,dengar,neutral,0,verb (imperative),Arahkan telinga untuk menerima bunyi; beri perhatian.,Sila dengarkan arahan saya.,"umum, komunikasi","['mendengar', 'tumpukan']",True
Masih,masih,neutral,0,adverb,Belum berhenti; berterusan.,Dia masih bekerja di sana.,umum,"['belum', 'sentiasa']",False
Perhatian,hati,neutral,0.3,noun,Tumpuan fikiran atau deria; keprihatinan.,Sila berikan perhatian kepada pengumuman ini.,"umum, komunikasi","['tumpuan', 'keprihatinan', 'fokus']",True
pdi,PDI,neutral,0,noun (acronym),Akronim yang mungkin merujuk kepada sebuah parti politik (contoh: Parti Demokrasi Indonesia) atau singkatan lain mengikut konteks.,PDI sering mengadakan ceramah umum.,politik,"['parti', 'politik']",False
lori,lori,neutral,0,noun,Kenderaan berat beroda empat atau lebih yang digunakan untuk mengangkut barang.,Lori itu membawa muatan pasir.,"transportasi, logistik","['trak', 'kenderaan', 'bas']",True
Takyah,tak payah,neutral,0,verb/adverb (informal negative imperative),Singkatan dari 'tak payah'; tidak perlu; jangan.,Takyah datang kalau sibuk.,komunikasi informal,"['tak perlu', 'jangan', 'usah']",False
kulit,kulit,neutral,0,noun,Lapisan luar badan manusia atau haiwan; lapisan luar buah-buahan atau sayur-sayuran.,Kulit pisang itu berwarna kuning.,anatomy,"['daging', 'isi']",True
masuk,masuk,neutral,0,verb,Pergi atau datang ke dalam; menyertai sesuatu.,Dia baru sahaja masuk ke dalam bilik.,general,"['keluar', 'datang', 'pergi']",True
diorg,mereka,neutral,0,pronoun,Bentuk tidak formal bagi 'mereka' (orang ketiga jamak).,Diorg dah sampai ke?,colloquial,"['mereka', 'dia']",True
thief,pencuri,negative,-0.8,noun,Perkataan Inggeris yang bermaksud 'pencuri' (seseorang yang mencuri).,Seorang thief telah ditangkap malam tadi.,crime,"['pencuri', 'perompak', 'penjenayah']",True
ialah,ialah,neutral,0,copula,Kata sendi nama yang menunjukkan persamaan atau identiti antara subjek dan predikat.,Buku ini ialah hadiah dari ibu saya.,grammar,['adalah'],True
sangat,sangat,neutral,0,adverb,Menunjukkan tahap atau darjah yang tinggi; terlalu.,Makanan itu sangat sedap.,general,"['amat', 'terlalu', 'begitu']",False
ALHAMDULLILLAH,Alhamdulillah,positive,0.9,interjection,Ungkapan Arab yang bermaksud 'Segala puji bagi Allah'; melahirkan rasa syukur atau lega.,"Alhamdulillah, kami selamat sampai ke destinasi.",religion,"['syukur', 'terima kasih']",False
rendah,rendah,neutral,0,adjective,Tidak tinggi; bawah paras biasa; kurang mutunya.,Rumah itu mempunyai pagar yang rendah.,general,"['tinggi', 'bawah', 'kecil']",True
rakyat,rakyat,neutral,0,noun,Penduduk sesebuah negara; warga negara.,Rakyat Malaysia hidup dalam harmoni.,politics,"['warga', 'penduduk', 'bangsa']",True
dgn,dengan,neutral,0,preposition,"Singkatan bagi 'dengan'; menunjukkan bersama, menggunakan, atau cara.",Dia pergi ke sekolah dgn kawan-kawannya.,colloquial,"['dengan', 'bersama']",False
Terus,terus,neutral,0,adverb,Melakukan sesuatu tanpa berhenti; serta-merta; lurus.,Dia terus berjalan tanpa menoleh.,general,"['serta-merta', 'langsung', 'berterusan']",True
"rumahnya,",rumah,neutral,0,noun,Kediaman miliknya; tempat tinggal (dengan imbuhan kepunyaan).,"Rumahnya, yang besar itu, terletak di hujung jalan.",housing,"['kediaman', 'kedai']",True
kuat2,kuat,neutral,0,adverb,Dilakukan dengan sepenuh tenaga atau kekuatan; sangat kuat (pengulangan kata).,Dia menjerit kuat2 agar didengari.,general,"['dengan kuat', 'sekuat-kuat']",True
diorang,mereka,neutral,0,pronoun,Bentuk tidak formal bagi 'mereka' (orang ketiga jamak).,Diorang semua setuju dengan cadangan itu.,colloquial,"['mereka', 'kita']",True
haha,haha,positive,0.6,interjection,Bunyi ketawa; menyatakan kelucuan atau geli hati.,"Haha, lawak sungguh cerita kamu!",emotion,"['hehe', 'lol']",False
Takda,ada,neutral,0,adverb,Bentuk tidak formal bagi 'tidak ada'; tidak wujud atau tidak dimiliki.,Takda siapa di rumah sekarang.,colloquial,"['tiada', 'tidak ada']",False
jadinya.,jadi,neutral,0,conjunction,Oleh sebab itu; maka; kesudahannya (dengan imbuhan 'nya').,"Hujan lebat, jadinya, kami terpaksa batalkan rancangan.",general,"['maka', 'oleh itu']",False
pemalas,malas,negative,-0.7,adjective,Sifat tidak suka bekerja atau bergerak; orang yang malas.,"Jangan jadi pemalas, rajinlah berusaha.",personality,"['rajin', 'lestari', 'lemah']",True
mudah,mudah,positive,0.6,adjective,Tidak sukar; senang; gampang.,Soalan ujian itu sangat mudah.,general,"['senang', 'gampang', 'sukar', 'susah']",True
suspek,suspek,neutral,-0.2,noun,Orang yang disyaki terlibat dalam sesuatu kesalahan atau jenayah.,Polis telah menahan beberapa suspek.,crime,"['pesalah', 'tertuduh', 'saksi']",True
Semoga,semoga,positive,0.7,particle,Menyatakan harapan atau doa agar sesuatu berlaku.,Semoga berjaya dalam peperiksaan anda.,emotion,"['mudah-mudahan', 'harapan']",False
pintu,pintu,neutral,0,noun,Bahagian yang boleh dibuka dan ditutup untuk masuk atau keluar dari bangunan atau bilik.,Dia mengetuk pintu sebelum masuk.,architecture,"['tingkap', 'dinding']",True
crmin,cermin,neutral,0,noun,Ejaan tidak standard bagi 'cermin'; kepingan kaca yang memantulkan imej.,Dia memandang wajahnya di crmin.,household,"['cermin', 'kaca']",True
dislike,tidak suka,negative,-0.6,verb,Perkataan Inggeris yang bermaksud 'tidak suka' atau 'benci'.,Ramai orang dislike komen negatif itu.,social media,"['benci', 'tidak gemar', 'suka']",False
Padan,padan,positive,0.3,adjective,Sesuai atau serasi; sepadan; layak.,Warna baju itu sangat padan dengan kulitnya.,general,"['sesuai', 'serasi', 'tidak padan']",True
nyanyi,nyanyi,neutral,0,verb,Mengeluarkan suara berlagu; menyanyikan.,Dia suka nyanyi lagu Melayu.,music,"['menyanyi', 'berlagu']",True
mendadak,dadak,neutral,0,adverb,Berlaku secara tiba-tiba atau tidak dijangka.,Harga barang naik mendadak.,general,"['tiba-tiba', 'serta-merta', 'perlahan']",True
cermin...,cermin,neutral,0,noun,Kepingan kaca yang memantulkan imej.,Dia melihat dirinya di cermin.,household,"['kaca', 'refleksi']",True
Tk,tidak,neutral,0,adverb,Singkatan bagi 'tidak'; menunjukkan penafian atau ketiadaan.,"Tk mengapa, saya faham.",colloquial,"['tidak', 'bukan']",False
terdesak,desak,negative,-0.6,adjective,Dalam keadaan yang sangat memerlukan atau mendesak; terpaksa.,Dia terdesak untuk mencari pekerjaan.,general,"['terpaksa', 'memerlukan', 'senang']",True
kehidupan,hidup,neutral,0,noun,Proses hidup; cara hidup; keadaan hidup.,Kehidupan di kota besar sangat sibuk.,general,"['hidup', 'mati', 'riwayat']",True
satu,satu,neutral,0,numeral,Angka yang menunjukkan kuantiti tunggal; pertama.,Dia mengambil satu buku dari rak.,mathematics,"['dua', 'tunggal', 'sendiri']",True
suka,suka,positive,0.7,verb,Mempunyai perasaan gemar atau senang terhadap sesuatu.,Saya suka makan nasi lemak.,emotion,"['gemar', 'cinta', 'benci', 'tidak suka']",True
Fpi,FPI,neutral,0,noun,"Singkatan bagi 'Front Pembela Islam', sebuah organisasi massa di Indonesia (sebagai contoh).",Berita melaporkan aktiviti Fpi di kawasan itu.,politics,"['organisasi', 'kelompok']",False
sokong,sokong,positive,0.7,verb,Memberi bantuan atau persetujuan; menyokong.,Kami sokong cadangan itu sepenuhnya.,politics,"['bantu', 'setuju', 'tentang', 'tolak']",True
tips,tip,neutral,0,noun,Nasihat atau panduan berguna; cadangan kecil.,Dia berkongsi tips untuk belajar dengan berkesan.,education,"['nasihat', 'panduan', 'petua']",True
sampi,sampai,neutral,0,preposition,Ejaan tidak standard bagi 'sampai'; hingga; tiba di destinasi.,Dia berlari sampi ke garisan penamat.,general,"['sampai', 'hingga', 'tiba']",True
jaa,saja,neutral,0,particle,Bentuk tidak formal atau ejaan tidak standard bagi 'saja'; hanya.,Buat apa jaa yang dia suruh.,colloquial,"['saja', 'sahaja', 'hanya']",False
sja...xpayah,saja,negative,-0.3,phrase,Gabungan bentuk tidak formal 'saja' (hanya) dan 'xpayah' (tak payah / tidak perlu); bermaksud 'tidak perlu/tidak usah lagi'.,"Sudah siap, sja...xpayah buat lagi.",colloquial,"['saja', 'tidak perlu', 'usah']",False
membantu.malah,bantu,positive,0.7,verb,Kata 'membantu' (memberi pertolongan) diikuti oleh 'malah' (bahkan/sebaliknya).,Dia datang untuk membantu. Malah dia membawa makanan sekali.,general,"['tolong', 'sokong', 'halang']",True
ni.klu,ini,neutral,0,demonstrative,"Gabungan bentuk tidak formal 'ni' (ini) dan 'klu' (kalau); bermaksud 'ini, kalau...'","Ambil ni. Klu tak nak, pulangkan.",colloquial,"['ini', 'kalau', 'jika']",True
rumah,rumah,neutral,0,noun,Bangunan atau tempat tinggal manusia atau haiwan.,Mereka membina rumah baru.,housing,"['kediaman', 'bangunan', 'bumbung']",True
kaye-raye.,kaya-raya,positive,0.7,adjective,Ejaan tidak standard bagi 'kaya-raya'; sangat kaya; mewah.,Dia hidup kaye-raye di bandar.,economics,"['kaya', 'mewah', 'miskin', 'papa']",True
kanun,kanun,neutral,0,noun,Peraturan atau undang-undang; hukum.,Kanun jenayah negara itu sangat ketat.,law,"['undang-undang', 'hukum', 'akta']",True
langgak,langgar,negative,-0.5,verb,Ejaan tidak standard bagi 'langgar'; melanggar peraturan atau berlanggar dengan sesuatu.,Dia didenda kerana langgak lampu isyarat.,transportation,"['langgar', 'patuh', 'akibat']",True
Wah,wah,positive,0.5,interjection,"Ungkapan rasa terkejut, kagum, atau hairan.","Wah, cantiknya pemandangan ini!",emotion,"['wow', 'oh']",False
ketika,ketika,neutral,0,conjunction,Masa; pada waktu; apabila.,Dia sedang tidur ketika saya pulang.,time,"['masa', 'apabila', 'kala']",False
"kecemasan,",cemas,negative,-0.7,noun,Keadaan terdesak atau panik; keadaan darurat.,Dia menghubungi talian kecemasan.,health,"['panik', 'darurat', 'tenang']",True
kekerasn,keras,negative,-0.8,noun,Ejaan tidak standard bagi 'kekerasan'; tindakan yang menggunakan kekuatan fizikal untuk mencederakan atau mengawal.,Pihak berkuasa mengecam kekerasn yang berlaku.,crime,"['keganasan', 'kezaliman', 'kelembutan']",True
Sbb,sebab,neutral,0,conjunction,Singkatan bagi 'sebab'; kerana; alasan.,Dia datang lambat sbb kesesakan jalan.,colloquial,"['sebab', 'kerana', 'akibat']",False
bukannye,bukan,neutral,0,partikel,Bentuk tidak formal bagi 'bukannya'; bermaksud 'bukan itu' atau penegasan bagi sesuatu yang tidak benar.,"Dia bukannye tak suka, cuma segan.",Umum,"['bukan', 'tidak']",False
bodoh,bodoh,negative,-0.8,kata sifat,Tidak cerdik; dungu; bebal.,Janganlah buat kerja bodoh macam tu.,Umum,"['dungu', 'bebal', 'pandai']",True
Pati,pati,neutral,0,kata nama,Bahan yang pekat atau inti sesuatu; saripati; ekstrak.,Santan kelapa ini sangat pekat patinya.,Umum/Makanan,"['inti', 'saripati', 'ekstrak']",False
selamat.sejata,"selamat, senjata",neutral,0,gabungan kata sifat dan kata nama,Gabungan 'selamat' (bebas daripada bahaya) dan 'senjata' (alat untuk menyerang atau mempertahankan diri).,Kita perlu memastikan keselamatan diri daripada ancaman senjata.,Keselamatan/Ketenteraan,"['aman', 'bahaya', 'alat', 'pistol']",True
Hone,Hone,neutral,0,kata kerja (English),Kata kerja Bahasa Inggeris bermaksud mengasah atau menyempurnakan kemahiran.,Dia perlu hone kemahiran bertuturnya.,Umum/Pendidikan,"['asah', 'tingkatkan']",True
"lelaki,",lelaki,neutral,0,kata nama,Manusia jantan dewasa; pria.,Lelaki itu sedang membaca buku.,Umum,"['pria', 'jantan', 'wanita']",False
Takkan,tidak akan,neutral,0,partikel/penegas,Singkatan bagi 'tidak akan'; mustahil akan berlaku.,Dia takkan datang hari ini.,Umum,"['tidak akan', 'mustahil']",False
bodo..,bodoh,negative,-0.8,kata sifat,Bentuk tidak formal bagi 'bodoh'; tidak cerdik.,Awak jangan jadi bodo sangatlah.,Umum,"['bodoh', 'dungu']",True
Tu..bahayalah..,"itu, bahaya",negative,-0.7,gabungan kata ganti nama penunjuk dan kata sifat,'Tu' adalah singkatan 'itu'. 'Bahayalah' adalah 'bahaya' dengan penegas 'lah'. Secara keseluruhan bermaksud 'Itu berbahaya' atau 'ada bahaya'.,"Jangan sentuh benda tu, bahayalah.",Umum/Keselamatan,"['berbahaya', 'merbahaya', 'selamat']",True
diaorg,mereka,neutral,0,kata ganti nama diri ketiga,Singkatan tidak formal bagi 'mereka' atau 'mereka orang'.,Diaorg dah balik ke rumah.,Umum,"['mereka', 'depa']",False
rogol,rogol,negative,-0.9,kata kerja,Melakukan persetubuhan secara paksa; merogol.,Kes rogol semakin berleluasa.,Jenayah/Sosial,"['perkosa', 'cabul']",True
ujia,"uji, ujian",neutral,0,kata kerja/kata nama (kemungkinan typo untuk 'ujian' atau 'uji'),Merujuk kepada percubaan untuk mengetahui kebenaran atau kebolehan sesuatu; peperiksaan.,Ini adalah ujia (sepatutnya 'ujian') terakhir.,Umum/Pendidikan,"['uji', 'ujian', 'cuba', 'periksa']",True
segi,segi,neutral,0,kata nama,Aspek; sudut pandangan; sisi.,"Dari segi ekonomi, negara itu semakin maju.",Umum,"['aspek', 'sudut', 'pihak']",False
hal,hal,neutral,0,kata nama,Perkara; urusan; keadaan.,Kita perlu bincang hal ini dengan lebih mendalam.,Umum,"['perkara', 'urusan', 'isu']",False
rompakan,rompak,negative,-0.8,kata nama,Perbuatan merompak; kejadian merompak.,Kes rompakan bank itu masih disiasat.,Jenayah,"['ragut', 'samun', 'curi']",True
shopping,shopping,neutral,0,kata kerja/kata nama (English),Aktiviti membeli-belah (dari Bahasa Inggeris).,Mari kita pergi shopping hujung minggu ini.,Perdagangan/Umum,"['membeli-belah', 'beli']",True
pulk,pula,neutral,0,partikel,Bentuk tidak formal bagi 'pula'; tambahan pula; seterusnya.,Dia pulk yang datang lambat.,Umum,"['pula', 'lagi', 'tambahan']",False
hadapi,hadap,neutral,0,kata kerja,Menghadap; menghadapi; mengatasi.,Kita perlu hadapi cabaran ini dengan berani.,Umum,"['menghadapi', 'tangani', 'atasi']",True
tido,tidur,neutral,0,kata kerja,Bentuk tidak formal bagi 'tidur'; berehat dengan memejamkan mata.,Dia dah tido awal malam ni.,Umum,"['tidur', 'lena']",True
the,the,neutral,0,penentu (English),Kata sandang takrifan dalam bahasa Inggeris.,The book is on the table.,Bahasa,[],False
ckp,cakap,neutral,0,kata kerja,Bentuk tidak formal bagi 'cakap'; berkata-kata; berbual.,Dia ckp dia tak datang.,Umum,"['cakap', 'kata', 'ujar']",True
ny,nya,neutral,0,kata ganti nama diri ketiga/partikel,Bentuk tidak formal bagi 'nya'; akhiran yang merujuk kepada sesuatu atau menunjukkan penegasan.,Kereta ny rosak.,Umum,['nya'],False
Pembunuh,bunuh,negative,-0.9,kata nama,Orang yang melakukan perbuatan membunuh.,Pembunuh bersiri itu akhirnya ditangkap.,Jenayah,"['pembunuhan', 'membunuh', 'mangsa']",False
gini..patut,"begini, patut",neutral,0,gabungan kata keterangan dan kata kerja/sifat,'Gini' adalah singkatan 'begini' (seperti ini). 'Patut' bermaksud wajar atau sesuai.,"Kalau dah gini, patutlah dia marah.",Umum,"['begini', 'macam ini', 'wajar', 'sesuai']",True
Tu,itu,neutral,0,kata ganti nama penunjuk,Singkatan tidak formal bagi 'itu'.,Buku tu atas meja.,Umum,"['itu', 'ini']",False
"duit,",duit,neutral,0,kata nama,Wang; harta benda.,Dia banyak duit hasil bekerja keras.,Ekonomi/Kewangan,"['wang', 'harta', 'pendapatan']",False
tercongok,congok,neutral,0,kata kerja,Duduk atau berdiri tegak-tegak (selalunya tanpa berbuat apa-apa); terpacak.,Dia hanya tercongok di situ menunggu arahan.,Umum,"['terpacak', 'duduk', 'berdiri']",True
on,on,neutral,0,kata sendi nama/kata keterangan/kata kerja (English),"Dalam bahasa Inggeris bermaksud 'di atas', 'hidup', atau 'sedang berlaku'.",Lampu dah on ke?,Umum/Teknologi,"['hidup', 'aktif', 'mati']",True
laporan,lapor,neutral,0,kata nama,Keterangan atau berita yang disampaikan (secara lisan atau bertulis).,Polis telah menerima laporan tentang kejadian itu.,Umum/Pemerintahan,"['berita', 'maklumat', 'catatan']",False
mungkin,mungkin,neutral,0,kata keterangan,Barangkali; boleh jadi.,Dia mungkin datang esok.,Umum,"['barangkali', 'boleh jadi', 'pasti']",False
koje,kerja,neutral,0,kata nama/kata kerja,Bentuk tidak formal bagi 'kerja'; tugas; perbuatan.,Banyak koje nak kena settle hari ni.,Umum/Pekerjaan,"['kerja', 'tugas', 'aktiviti']",True
tme,masa,neutral,0,kata nama,Singkatan tidak formal bagi 'masa' (waktu) atau 'time' (Bahasa Inggeris).,Apa tme kita nak jumpa?,Umum,"['masa', 'waktu']",False
awam,awam,neutral,0,kata sifat,Umum; orang ramai; bukan khusus.,Perkhidmatan awam harus dipertingkatkan.,Umum/Pemerintahan,"['umum', 'rakyat', 'persendirian']",True
yg,yang,neutral,0,kata penghubung/kata ganti nama relatif,Singkatan tidak formal bagi 'yang'.,Orang yg pakai baju merah itu abang saya.,Umum,['yang'],False
TDK,tidak,neutral,0,kata nafi,Singkatan tidak formal bagi 'tidak'.,Dia TDK datang hari ini.,Umum,"['tidak', 'bukan']",False
jam..yg,"jam, yang",neutral,0,gabungan kata nama dan kata penghubung,'Jam' merujuk kepada waktu atau alat penunjuk waktu. 'Yg' adalah singkatan 'yang'.,Jam yg rosak itu perlu dibaiki.,Umum,"['waktu', 'pukul', 'yang']",False
seragam,seragam,neutral,0,kata sifat/kata nama,Sama rupa atau bentuk; uniform; pakaian yang sama.,Pelajar-pelajar memakai pakaian seragam ke sekolah.,Umum/Pendidikan,"['sama', 'sebentuk', 'berbeza']",True
Hampir,hampir,neutral,0,kata keterangan/kata sifat,Nyaris; dekat; tidak lama lagi.,Dia hampir jatuh tadi.,Umum,"['nyaris', 'dekat', 'sikit lagi']",True
Takde,tidak ada/tiada,neutral,0,kata nafi/kata kerja,Singkatan tidak formal bagi 'tidak ada' atau 'tiada'; tidak wujud.,Takde siapa di rumah.,Umum,"['tiada', 'tidak ada', 'ada']",False
lihat,lihat,neutral,0,kata kerja,Menggunakan mata untuk memerhati; pandang.,Dia suka lihat pemandangan gunung.,Umum,"['pandang', 'tengok', 'saksikan']",True
<b>Kalau,kalau,neutral,0,kata hubung,Sekiranya; andai kata.,"Kalau hujan, saya tak pergi.",Umum,"['sekiranya', 'jika', 'andai']",False
salah..,salah,negative,-0.6,kata sifat/kata nama,Tidak betul; khilaf; kesilapan.,Jawapan dia salah.,Umum,"['silap', 'keliru', 'betul']",True
cuman,cuma/hanya,neutral,0,kata keterangan/partikel,Bentuk tidak formal bagi 'cuma' atau 'hanya'; sahaja.,Dia cuman nak tahu berita tu.,Umum,"['cuma', 'hanya', 'sahaja']",False
sungguh,sungguh,neutral,0,kata keterangan/kata sifat,Betul-betul; sangat; benar.,Dia sungguh baik hati.,Umum,"['benar', 'sangat', 'amat']",True
dtg,datang,neutral,0,kata kerja,Singkatan tidak formal bagi 'datang'; tiba; sampai.,Dia dtg lewat ke majlis.,Umum,"['datang', 'tiba', 'sampai']",True
kuar,keluar,neutral,0,kata kerja,Singkatan tidak formal bagi 'keluar'; bergerak dari dalam ke luar.,Dia kuar rumah awal pagi.,Umum,"['keluar', 'pergi', 'masuk']",True
hti,hati,neutral,0,kata nama,Singkatan tidak formal bagi 'hati'; organ dalam badan; perasaan.,Jaga hti-hti bila memandu.,Umum/Anatomi/Emosi,"['hati', 'perasaan', 'jantung']",False
Yang,yang,neutral,0,kata penghubung/kata ganti nama relatif,Kata yang menghubungkan klausa atau frasa; berfungsi sebagai pengganti nama.,Dia membeli kereta yang berwarna merah.,Umum,['yg'],False
Sudah,Sudah,neutral,0,adverb,Telah selesai atau terjadi.,Kerja rumahnya sudah siap.,general,"['telah', 'selesai', 'usai']",False
goblok,goblok,negative,-0.8,adjective,"Bodoh atau tolol (bahasa kasar, Indonesia).",Tindakan bodoh itu hanya menunjukkan dia goblok.,general,"['bodoh', 'tolol', 'bebal']",True
Sampai,Sampai,neutral,0,verb,Tiba di sesuatu tempat atau keadaan.,Dia akan sampai ke destinasi sebentar lagi.,general,"['tiba', 'datang', 'ketibaan']",False
penyangak,sangak,negative,-0.7,noun,Penjahat; samseng; orang jahat.,Kumpulan penyangak itu telah ditangkap polis.,crime,"['penjahat', 'samseng', 'pencuri']",False
kemudian,kemudian,neutral,0,adverb,Selepas itu; selepasnya.,"Dia makan, kemudian membaca buku.",general,"['selepas', 'lantas', 'selanjutnya']",False
backup,backup,neutral,0,noun,Sokongan atau bantuan tambahan (kata pinjaman dari Inggeris).,Dia memerlukan backup untuk menyiapkan projek itu.,technology,"['sokongan', 'bantuan', 'sandaran']",False
minyak,minyak,neutral,0,noun,Cecair berminyak yang tidak bercampur dengan air.,Harga minyak mentah telah meningkat.,economy,"['petrol', 'diesel', 'pelincir']",False
sedikit,sedikit,neutral,0,adjective,Dalam jumlah yang kecil; tidak banyak.,Tolong beri saya sedikit air.,general,"['kurang', 'sekelumit']",True
kereta,kereta,neutral,0,noun,Kenderaan beroda empat yang bergerak menggunakan enjin.,Dia memandu kereta baru ke tempat kerja.,transport,"['automobil', 'kenderaan', 'motor']",False
senang,senang,positive,0.7,adjective,Mudah; selesa; gembira.,Kehidupan mereka kini lebih senang.,general,"['mudah', 'selesa', 'bahagia', 'gembira']",True
daripada,daripada,neutral,0,preposition,"Menunjukkan punca, asal, atau perbandingan.",Hadiah itu daripada ibu saya.,general,"['dari', 'dibanding']",False
ayah,ayah,neutral,0,noun,Bapa; orang tua lelaki.,Ayah saya seorang yang sangat rajin.,family,"['bapa', 'papa', 'abah']",False
jahanam,jahanam,negative,-0.9,adjective,Rosak sama sekali; binasa; teruk; neraka.,Bangunan lama itu sudah jahanam.,general,"['rosak', 'binasa', 'musnah', 'neraka']",True
perasaan,rasa,neutral,0,noun,Sesuatu yang dirasai oleh hati; emosi.,Dia cuba menyembunyikan perasaannya.,psychology,"['emosi', 'jiwa', 'hati']",False
itu,itu,neutral,0,demonstrative pronoun,Kata ganti nama tunjuk (digunakan untuk menunjukkan sesuatu yang jauh).,Buku itu ada di atas meja.,general,"['ini', 'tersebut']",False
suspek,suspek,negative,-0.5,noun,Orang yang disyaki melakukan sesuatu jenayah (kata pinjaman dari Inggeris).,Polis sedang menyoal siasat suspek.,crime,"['tersangka', 'tertuduh']",False
Neraka,Neraka,negative,-0.9,noun,Tempat penyeksaan bagi orang jahat selepas mati.,Dia berharap tidak akan ke neraka.,religion,"['jahanam', 'api', 'azab']",False
penyamun,samun,negative,-0.8,noun,Orang yang menyamun; perompak.,Kumpulan penyamun itu telah melarikan diri.,crime,"['perompak', 'pencuri', 'penyangak']",False
feel,feel,neutral,0,noun,Perasaan atau rasa (kata pinjaman dari Inggeris).,Dia mendapat feel yang baik tentang projek ini.,general,"['rasa', 'perasaan', 'emosi']",False
Kenapa,Kenapa,neutral,0,interrogative adverb,Mengapa; untuk sebab apa.,Kenapa dia tidak datang hari ini?,general,"['mengapa', 'apa']",False
dan,dan,neutral,0,conjunction,Kata penghubung untuk menyambungkan dua atau lebih perkataan atau ayat.,Ayah dan ibu pergi ke pasar.,general,"['serta', 'dengan']",False
datang,datang,neutral,0,verb,Bergerak menuju ke arah seseorang atau sesuatu; tiba.,Dia akan datang ke rumah saya esok.,general,"['tiba', 'hadir', 'sampai']",True
Kes,Kes,neutral,0,noun,Perkara; kejadian; masalah yang memerlukan penyelesaian atau siasatan.,Kes jenayah itu masih dalam siasatan.,law,"['perkara', 'isu', 'insiden']",False
Edisi,Edisi,neutral,0,noun,"Versi atau cetakan tertentu dari buku, majalah, atau program.",Buku ini adalah edisi terhad.,publishing,"['versi', 'terbitan', 'cetakan']",False
awan,awan,neutral,0,noun,Kumpulan titisan air atau kristal ais yang terapung di atmosfera.,Langit dilitupi awan gelap.,meteorology,"['mega', 'mendung']",False
Takut,Takut,negative,-0.8,adjective,Merasa gentar atau bimbang.,Dia berasa takut untuk berjalan sendirian di malam hari.,emotions,"['gentar', 'cemas', 'bimbang', 'gerun']",True
banggang,banggang,negative,-0.7,adjective,Bodoh; dungu (bahasa kasar).,Jangan jadi orang yang banggang.,general,"['bodoh', 'dungu', 'bebal']",True
menyamun,samun,negative,-0.8,verb,Melakukan perompakan atau pencurian dengan kekerasan.,Kumpulan penjenayah itu menyamun bank semalam.,crime,"['merompak', 'mencuri', 'meragut']",False
path,path,neutral,0,noun,Laluan atau jalan (kata pinjaman dari Inggeris).,Dia mencari path yang betul untuk masa depannya.,general,"['laluan', 'jalan', 'trek']",False
menabrakkan,tabrak,negative,-0.6,verb,Melanggar atau menyebabkan sesuatu melanggar.,Pemandu itu menabrakkan keretanya ke pokok.,transport,"['melanggar', 'merempuh', 'menghentam']",False
hari,hari,neutral,0,noun,Tempoh masa 24 jam; siang dan malam.,Hari ini cuaca sangat baik.,time,"['siang', 'malam', 'waktu']",False
kalian,kalian,neutral,0,pronoun,Kamu semua (bentuk jamak bagi 'kamu').,Kalian boleh mula sekarang.,general,"['kamu', 'anda']",False
Aduhai,Aduhai,neutral,0,interjection,"Ungkapan rasa sedih, kesal, atau simpati.","Aduhai, malangnya nasib dia.",emotions,"['aduh', 'alangkah']",False
bermaksud,maksud,neutral,0,verb,Mempunyai tujuan atau erti.,Ayat itu bermaksud untuk menjelaskan sesuatu.,general,"['bererti', 'bertujuan', 'mengandungi']",False
self,self,neutral,0,noun,Diri sendiri (kata pinjaman dari Inggeris).,Dia belajar untuk menjaga self (diri)nya.,psychology,"['diri', 'kendiri']",False
jiran,jiran,neutral,0,noun,Orang yang tinggal berhampiran dengan rumah kita.,Kami selalu membantu jiran kami.,community,"['tetangga', 'komuniti']",False
lain,lain,neutral,0,adjective,Berbeza; tidak sama.,Dia memilih baju yang lain.,general,"['berbeza', 'berlainan', 'selain']",True
legs,leg,neutral,0,noun,Kaki (kata pinjaman dari Inggeris).,Dia berlari menggunakan legs (kakinya) dengan pantas.,anatomy,"['kaki', 'anggota']",False
mati,mati,negative,-0.7,verb,Tidak hidup lagi; meninggal dunia.,Bunga itu sudah mati.,biology,"['meninggal', 'wafat', 'maut']",False
real,real,neutral,0,adjective,Nyata; sejati; bukan palsu (kata pinjaman dari Inggeris).,"Ini adalah wang real (sebenar), bukan palsu.",general,"['nyata', 'sebenar', 'tulen']",True
windshield,windshield,neutral,0,noun,Cermin hadapan kenderaan (kata pinjaman dari Inggeris).,Windshield kereta saya retak.,transport,"['cermin depan', 'kaca depan']",False
muka,muka,neutral,0,noun,Bahagian hadapan kepala; wajah.,Dia mempunyai muka yang cantik.,anatomy,"['wajah', 'paras', 'rupa']",False
Harus,Harus,neutral,0,auxiliary verb,Patut; mesti; wajar.,Kita harus menghormati orang tua.,general,"['mesti', 'patut', 'wajib']",True
itu,itu,neutral,0,demonstrative pronoun,Kata ganti nama tunjuk (digunakan untuk menunjukkan sesuatu yang jauh).,Buku itu ada di atas meja.,general,"['ini', 'tersebut']",False
cedera,cedera,negative,-0.6,adjective,Mengalami luka atau kecederaan fizikal.,Dia cedera parah dalam kemalangan itu.,health,"['luka', 'parah', 'sakit']",True
kilometer,kilometer,neutral,0,noun,"Unit ukuran jarak yang sama dengan 1,000 meter.",Jaraknya kira-kira 1-2 kilometer dari sini.,measurement,"['meter', 'jarak']",False
kilang,kilang,neutral,0,noun,Bangunan tempat membuat atau memproses barang-barang secara besar-besaran.,Dia bekerja di kilang pembuatan kereta.,industry,"['pabrik', 'industri']",False
berfungsi,fungsi,neutral,0,verb,Melakukan tugas atau peranan yang ditetapkan.,Mesin itu tidak berfungsi dengan baik.,general,"['beroperasi', 'bertindak', 'berperanan']",True
diri,diri,neutral,0,pronoun,Diri sendiri; badan.,Dia perlu menjaga diri sendiri.,general,"['badan', 'peribadi']",False
robbers,robber,negative,-0.8,noun,Perompak; pencuri (kata pinjaman dari Inggeris).,The robbers (perompak) telah ditangkap.,crime,"['perompak', 'pencuri', 'penyamun']",False
keluar,keluar,neutral,0,verb,Pergi dari sesuatu tempat; muncul; terbit.,Dia perlu keluar dari bangunan itu sekarang.,general,"['masuk', 'pergi', 'muncul']",True
dh,sudah,neutral,0,adverb,"Singkatan tidak formal untuk 'sudah', menunjukkan sesuatu telah berlaku atau selesai.",Kerja sekolah saya dh siap.,general,"['sudah', 'telah']",False
-,-,neutral,0,punctuation,"Tanda baca yang digunakan untuk menghubungkan perkataan, menunjukkan jeda, atau sebagai tanda sengkang.",Ini adalah gabungan kata 'merah-jambu'.,linguistics,"[',', '.', ';']",False
stop,stop,neutral,0,verb,Berhenti; menghentikan sesuatu.,Sila stop kereta anda di tepi jalan.,general,"['berhenti', 'henti']",True
menolong,tolong,positive,0.7,verb,Memberi bantuan; membantu.,Kita patut menolong orang yang dalam kesusahan.,general,"['membantu', 'menyokong']",True
dari,dari,neutral,0,preposition,"Kata sendi nama yang menunjukkan arah, asal, sumber, waktu, atau perbandingan.",Dia datang dari Kuala Lumpur.,general,['daripada'],False
alarm,alarm,neutral,0,noun,Alat atau bunyi yang memberi isyarat bahaya atau peringatan.,Bunyi alarm kebakaran sangat kuat.,safety,"['penggera', 'amaran']",False
membahayakan,bahaya,negative,-0.8,verb,Menyebabkan bahaya atau risiko; mendatangkan mudarat.,Perbuatan itu boleh membahayakan nyawa orang lain.,general,"['merosakkan', 'mengancam']",True
Aduhh,Aduh,negative,-0.3,interjection,"Kata seru yang menyatakan rasa sakit, kecewa, atau terkejut.","Aduhh, sakitnya kepala saya!",general,"['aduh', 'alamak']",False
nak,hendak,neutral,0,auxiliary verb,"Singkatan tidak formal untuk 'hendak' atau 'ingin', menunjukkan niat atau keinginan.",Saya nak makan nasi lemak.,general,"['hendak', 'ingin']",True
biasa,biasa,neutral,0,adjective,Lumrah; umum; tidak luar biasa.,Ini adalah aktiviti biasa pada hujung minggu.,general,"['normal', 'umum']",True
tiada,tiada,neutral,0,adverb,Tidak ada; tidak wujud.,Di dalam hutan itu tiada bekalan air.,general,"['tidak', 'tanpa']",False
tu,itu,neutral,0,demonstrative pronoun,"Singkatan tidak formal untuk 'itu', menunjukkan sesuatu yang jauh.",Rumah tu sangat cantik.,general,"['itu', 'ini']",False
confirm,sah,neutral,0,verb,Mengesahkan sesuatu; memastikan; pasti.,Dia dah confirm kehadiran untuk mesyuarat.,general,"['pasti', 'tentu']",True
lenyek,lenyek,negative,-0.5,verb,Menjadi hancur lumat akibat tekanan atau ditindih.,Buah pisang itu lenyek di dalam beg.,general,"['hancur', 'penyek']",True
ko,engkau,neutral,0,pronoun,"Singkatan tidak formal untuk 'engkau' atau 'awak', merujuk kepada orang kedua.",Ko nak pergi mana hari ini?,general,"['engkau', 'awak']",False
mati,mati,negative,-0.9,verb,Berhenti hidup; meninggal dunia.,Tumbuhan itu mati kerana kekurangan air.,general,"['meninggal', 'wafat']",False
bumi,bumi,neutral,0,noun,Planet tempat tinggal manusia; tanah; dunia.,Kita semua hidup di atas bumi ini.,geography,"['dunia', 'tanah']",False
Sentiasa,sentiasa,neutral,0,adverb,Pada setiap masa; selalu.,Dia sentiasa berusaha untuk menjadi yang terbaik.,general,"['selalu', 'kerap']",True
hncur,hancur,negative,-0.7,adjective,Rosak teruk; pecah berkecai; musnah.,Bangunan lama itu sudah hncur sepenuhnya.,general,"['musnah', 'rosak']",True
curi,curi,negative,-0.8,verb,Mengambil sesuatu milik orang lain secara haram.,Dia ditangkap kerana curi dompet.,crime,"['mencuri', 'merompak']",True
merompak,rompak,negative,-0.9,verb,Mengambil harta benda orang lain dengan kekerasan atau ancaman.,Sekumpulan lelaki merompak kedai emas semalam.,crime,"['meragut', 'menyamun']",True
sama,sama,neutral,0,adjective,Tidak berbeza; serupa; setara.,Baju mereka berwarna sama.,general,"['serupa', 'setara']",True
kawan,kawan,positive,0.6,noun,Orang yang dikenal baik dan akrab; sahabat.,Dia seorang kawan yang sangat baik.,social,"['sahabat', 'teman']",False
setoran,setor,neutral,0,noun,Wang atau barang yang diserahkan untuk disimpan; deposit.,Setoran wang telah dibuat ke dalam akaun bank.,finance,"['deposit', 'simpanan']",False
orang,orang,neutral,0,noun,Manusia; individu.,Ramai orang berkumpul di dataran.,general,"['manusia', 'individu']",False
Hanya,hanya,neutral,0,adverb,Cuma; semata-mata; melainkan.,Dia hanya ingin berehat di rumah.,general,"['cuma', 'semata-mata']",True
coba,cuba,neutral,0,verb,Melakukan sesuatu untuk mengetahui hasilnya; berusaha. (bentuk tidak formal/Indonesia),Mari kita coba resepi baru ini.,general,"['cuba', 'usaha']",True
undur,undur,neutral,0,verb,Berundur; bergerak ke belakang; menunda.,Kereta itu undur sedikit ke belakang.,general,"['berundur', 'surut']",True
da,sudah,neutral,0,adverb,Singkatan tidak formal untuk 'sudah' (telah berlaku) atau 'ada' (wujud).,Dia da sampai di sana.,general,"['sudah', 'ada']",False
Kerata,kereta,neutral,0,noun,Kenderaan beroda empat; mobil. (kesilapan ejaan),Kerata baharu itu diparkir di hadapan rumah.,transport,"['kereta', 'mobil']",False
membawa,bawa,neutral,0,verb,Mengangkat atau mengiringi sesuatu/seseorang dari satu tempat ke tempat lain.,Dia membawa buku-buku ke perpustakaan.,general,"['mengangkut', 'menghantar']",True
lgsg,langsung,neutral,0,adverb,"Singkatan tidak formal untuk 'langsung', bermaksud terus atau sama sekali.",Dia lgsg pulang ke rumah selepas kerja.,general,"['langsung', 'terus']",True
melakukan,laku,neutral,0,verb,Menjalankan; mengerjakan; melaksanakan.,Mereka sedang melakukan persiapan untuk majlis itu.,general,"['membuat', 'mengerjakan']",True
",",",",neutral,0,punctuation,Tanda baca yang digunakan untuk menunjukkan jeda singkat atau memisahkan elemen dalam senarai.,"Dia membeli epal, oren, dan pisang.",linguistics,"['.', ';']",False
aku,aku,neutral,0,pronoun,Kata ganti nama diri pertama tunggal (informal).,Aku akan pergi ke sana nanti.,general,"['saya', 'beta']",False
wajib,wajib,positive,0.1,adjective,Mesti dilakukan; tidak dapat dielakkan; keharusan.,Memakai tali pinggang keledar adalah wajib.,general,"['mesti', 'harus']",True
sekarang,sekarang,neutral,0,adverb,Pada masa ini; saat ini.,Dia perlu bertindak sekarang.,time,"['kini', 'hari ini']",True
banyak,banyak,neutral,0,adjective,Tidak sedikit; jumlah yang besar.,Ada banyak buku di rak itu.,general,"['ramai', 'sedikit']",True
sikap,sikap,neutral,0,noun,Perilaku; pendirian; perlakuan.,Sikapnya yang positif disenangi ramai.,psychology,"['perangai', 'tabiat']",False
faedah,faedah,positive,0.7,noun,Keuntungan; manfaat; guna.,Penyertaan dalam program ini mendatangkan banyak faedah.,general,"['manfaat', 'untung']",False
todongkan,todong,negative,-0.7,verb,Menghalakan sesuatu yang tajam atau berbahaya (seperti pisau atau pistol) kepada seseorang.,Penjahat itu todongkan pisau ke arah mangsa.,crime,"['acukan', 'halakan']",True
laa,lah,neutral,0,particle,Partikel penegas atau penamat ayat yang digunakan dalam percakapan tidak formal.,Cepatlah sikit laa.,linguistics,"['lah', 'pula']",False
patutnya,patut,neutral,0,adverb,Seharusnya; sepantasnya; sesuai dengan keadaan.,Patutnya dia sudah sampai sekarang.,general,"['seharusnya', 'sepantasnya']",True
mobilnya,mobil,neutral,0,noun,Kereta atau kenderaan beroda empat (Indonesian); ditambah dengan imbuhan '-nya' yang menunjukkan kepunyaan.,Dia sedang membaiki mobilnya yang rosak.,transport,"['keretanya', 'kenderaannya']",False
bukannya,bukan,neutral,0,adverb,Bukan; tetapi; menunjukkan penolakan atau perbezaan.,"Dia bukannya sedih, cuma penat.",general,"['bukan', 'melainkan']",False
ditantak,tabrak,negative,-0.8,verb,Dilanggar atau dipukul oleh sesuatu (biasanya kenderaan). (bentuk tidak formal/Indonesia),Basikalnya ditantak oleh sebuah lori.,accident,"['dilanggar', 'dipukul']",True
smpi,sampai,neutral,0,verb,"Singkatan tidak formal untuk 'sampai', menunjukkan tiba atau hingga.",Mereka berjalan smpi ke hujung kampung.,general,"['sampai', 'tiba']",True
di,di,neutral,0,preposition,Kata sendi nama yang menunjukkan tempat.,Buku itu ada di atas meja.,general,"['pada', 'ke']",False
lindungi,lindung,positive,0.8,verb,Memberi perlindungan; menjaga keselamatan.,Kita perlu lindungi hutan daripada musnah.,general,"['melindungi', 'menjaga']",True
babi,babi,negative,-0.6,noun,Haiwan mamalia berkaki empat; juga boleh digunakan sebagai kata umpatan atau dalam konteks negatif.,Jangan bercakap seperti babi.,general/offensive,"['khinzir', 'celaka']",False
bhaye,bahaya,negative,-0.8,adjective,Keadaan yang boleh mendatangkan kemudaratan atau risiko. (kesilapan ejaan),Jalan raya itu sangat bhaye pada waktu malam.,safety,"['bahaya', 'risiko']",True
rmai,ramai,neutral,0,adjective,Tidak sunyi; sibuk dengan banyak orang. (kesilapan ejaan),Pasar itu selalu rmai dengan pengunjung.,general,"['banyak', 'sesak']",True
Keh,Keh,neutral,0,interjection,Ungkapan bunyi ketawa atau ejekan yang tidak formal.,"Dia asyik ""keh keh keh"" bila dengar cerita lawak tu.",informal,"['haha', 'hehe']",False
tu...biar,"itu, biar",neutral,0,"pronoun, verb","Gabungan 'itu' (menunjukkan sesuatu) dan 'biar' (membiarkan sesuatu berlaku atau tidak diganggu), dengan elipsis menunjukkan keraguan atau ayat tidak lengkap.",Tu...biar sajalah dia buat keputusan sendiri.,general,"['itu', 'biar', 'membiarkan']",False
masing2.,masing-masing,neutral,0,pronoun,Setiap seorang; tiap-tiap satu (bentuk singkatan tidak formal).,Mereka mengambil bahagian masing2 dalam pertandingan itu.,informal,"['setiap', 'tiap-tiap']",False
hantam,hantam,negative,-0.7,verb,Memukul atau melanda dengan kuat; menyerang (juga boleh bermaksud mengkritik hebat atau mengambil tanpa izin).,Jangan hantam orang tanpa sebab.,"general, conflict","['pukul', 'belasah', 'serang']",True
MAMPUS,mampus,negative,-1,verb,Mati (digunakan secara kasar atau sebagai sumpah seranah).,"Dia berteriak, ""Mampuslah kau!"" dalam kemarahannya.","informal, expletive","['mati', 'meninggal']",False
Knp,kenapa,neutral,0,interrogative adverb,Singkatan bagi 'kenapa'; kata tanya untuk mengetahui sebab atau alasan.,Knp awak tak datang semalam?,informal,['mengapa'],False
This,This,neutral,0,demonstrative pronoun,Ini (dalam bahasa Inggeris); menunjukkan sesuatu yang dekat atau baru disebut (biasa digunakan dalam perbualan campur kod).,This lah yang saya nak cakap.,"informal, code-switching",['ini'],False
<br><br>Jd,jadi,neutral,0,"conjunction, adverb","Singkatan bagi 'jadi'; menunjukkan akibat, kesimpulan, atau permulaan suatu tindakan (`<br><br>` menunjukkan pemisah baris).","Dia tak datang, jd saya pergi seorang.",informal,"['maka', 'oleh itu']",False
kene,kena,neutral,0,"verb, auxiliary verb","Singkatan atau ejaan tidak formal bagi 'kena'; perlu melakukan sesuatu, atau terkena sesuatu.",Awak kene pergi sekarang.,informal,"['perlu', 'mesti', 'terkena']",True
power,power,positive,0.6,"noun, adjective",Kuasa; keupayaan atau kekuatan yang hebat (kata pinjaman bahasa Inggeris yang sering digunakan dalam bahasa Melayu tidak formal).,Kereta baru dia memang power!,informal,"['kuat', 'hebat', 'berkuasa']",True
tahan,tahan,neutral,0,verb,Menanggung; menahan diri; memberhentikan.,Dia tahan sakit itu dengan sabar.,general,"['menanggung', 'menghentikan', 'sabar']",True
berita,berita,neutral,0,noun,Laporan tentang sesuatu kejadian atau peristiwa yang baru berlaku.,Berita terkini disiarkan di televisyen.,"media, general","['khabar', 'informasi', 'maklumat']",False
ambil,ambil,neutral,0,verb,Mendapatkan atau memegang sesuatu.,Tolong ambilkan buku di atas meja itu.,general,"['dapat', 'pungut', 'bawa']",True
jee,saja,neutral,0,adverb,Singkatan atau ejaan tidak formal bagi 'saja'; hanya; sekadar.,Saya datang melawat jee.,informal,"['saja', 'hanya', 'sekadar']",False
Be,biar,neutral,0,verb,Ejaan atau sebutan tidak formal bagi 'biar'; membiarkan atau membenarkan.,Be lah dia buat apa dia nak.,informal,"['biar', 'membiarkan']",False
dpn,depan,neutral,0,"noun, preposition",Singkatan bagi 'depan'; bahagian hadapan.,Rumah saya ada di dpn sekolah.,informal,"['hadapan', 'muka']",False
hancur,hancur,negative,-0.8,"adjective, verb",Rosak teruk; musnah; pecah berkecai.,Kereta itu hancur setelah terlibat dalam kemalangan.,"general, disaster","['musnah', 'rosak', 'pecah']",True
ngga,tidak,neutral,0,adverb,Bentuk tidak formal bagi 'tidak'; kata nafi (sering dipengaruhi loghat Indonesia).,Dia ngga datang semalam.,informal,"['tidak', 'tak', 'bukan']",False
Aduhai...,Aduhai,negative,-0.5,interjection,"Ungkapan perasaan sedih, sesal, simpati atau terkejut.","Aduhai, malangnya nasibnya!","general, emotion","['aduh', 'alangkah']",False
"tutup,",tutup,neutral,0,verb,Mengatup; menutupi; mengakhiri (koma adalah tanda baca).,Sila tutup pintu itu.,general,"['buka', 'menutupi']",True
tidak,tidak,neutral,0,adverb,Kata nafi; bukan; tidak begitu.,Dia tidak datang ke majlis itu.,general,"['bukan', 'tak', 'ngga']",False
kerat,kerat,neutral,0,verb,Memotong sesuatu menjadi beberapa bahagian.,Dia kerat roti itu kepada empat bahagian.,general,"['potong', 'cincang', 'hiris']",True
Ada,ada,neutral,0,"verb, auxiliary verb",Wujud; mempunyai; terdapat.,Ada banyak buku di perpustakaan itu.,general,"['tiada', 'wujud', 'mempunyai']",True
lunyai,lunyai,negative,-0.6,adjective,Rosak dan lembik; hancur; lumat.,Buku itu menjadi lunyai kerana terkena hujan.,general,"['lembik', 'hancur', 'lumat']",True
x,tidak,neutral,0,adverb,Singkatan tidak formal bagi 'tidak' atau 'tak'; kata nafi.,Saya x pergi sekolah hari ni.,informal,"['tidak', 'tak', 'bukan']",False
"lanjak,",lanjak,neutral,-0.2,verb,Menolak atau menggerakkan sesuatu ke hadapan; melanjutkan; melengah-lengahkan (koma adalah tanda baca).,"Jangan lanjak kerja itu, siapkan segera.",general,"['tunda', 'lanjut', 'tolak']",True
tingkap...kenapa,"tingkap, kenapa",neutral,0,"noun, interrogative adverb","Gabungan 'tingkap' (bukaan pada dinding) dan 'kenapa' (kata tanya untuk sebab), dengan elipsis menunjukkan keraguan atau ayat tidak lengkap.",Tingkap...kenapa tak ditutup rapat?,general,"['jendela', 'mengapa']",False
rosak..hahahha,"rosak, hahaha",neutral,0,"adjective, interjection","Gabungan 'rosak' (tidak berfungsi) dan 'hahahha' (bunyi ketawa), menunjukkan sesuatu yang rosak secara lucu atau ironis.",Fon saya dah rosak..hahahha.,informal,"['hancur', 'pecah', 'kelakar']",True
menutup,tutup,neutral,0,verb,Melakukan perbuatan menutup atau mengatup sesuatu.,Dia sedang menutup pintu biliknya.,general,"['mengatup', 'membalut', 'membuka']",True
Langar,langgar,negative,-0.7,verb,Melanggar; merempuh; tidak mematuhi.,Bas itu langgar tiang lampu.,"general, law","['merempuh', 'melanggar', 'mematuhi']",True
keberanian,berani,positive,0.8,noun,Sifat berani; tidak takut.,Dia menunjukkan keberanian yang luar biasa.,"general, psychology","['kegagahan', 'ketakutan']",False
situ,situ,neutral,0,"adverb, pronoun",Di sana; tempat itu (bentuk tidak formal).,Letak buku itu di situ.,informal,"['sana', 'sini']",False
sbbkan,sebabkan,neutral,0,verb,Singkatan tidak formal bagi 'sebabkan'; menyebabkan sesuatu berlaku.,Banjir itu sbbkan banyak kerosakan.,informal,"['menyebabkan', 'punca']",True
makin,makin,neutral,0,adverb,Semakin; bertambah-tambah.,Cuaca makin panas.,general,"['semakin', 'bertambah']",False
hak,hak,neutral,0,noun,Milik; kebenaran atau kuasa yang sah.,Setiap warga negara mempunyai hak untuk bersuara.,"law, politics, general","['kebenaran', 'kuasa', 'kewajipan']",False
pa,apa,neutral,0,interrogative pronoun,Singkatan tidak formal bagi 'apa'; kata tanya untuk menanyakan sesuatu.,Awak buat pa tu?,informal,['apa'],False
rase,rasa,neutral,0,"verb, noun",Ejaan tidak formal bagi 'rasa'; perasaan; mengecap.,Saya rase tak sedap badan.,informal,"['rasa', 'perasaan', 'sentuh']",True
aq,aku,neutral,0,pronoun,Singkatan tidak formal bagi 'aku'; kata ganti diri pertama.,Aq nak makan sekarang.,informal,"['aku', 'saya']",False
lagi,lagi,neutral,0,adverb,Tambahan; masih; sekali lagi.,Dia makan lagi.,general,"['tambahan', 'masih', 'semula']",False
preman,preman,negative,-0.8,noun,Lelaki jahat; samseng; penjahat (sering digunakan dalam bahasa Melayu kolokial atau Indonesia).,Kumpulan preman itu sering mengganggu penduduk.,"crime, informal","['samseng', 'penjahat', 'gengster']",True
PASTIKAN,pasti,positive,0.3,verb,Menentukan atau memastikan sesuatu berlaku atau benar.,PASTIKAN semua pintu berkunci sebelum tidur.,general,"['memastikan', 'menentukan', 'meyakinkan']",True
disabit,sabit,negative,-0.7,verb,Dikenakan kesalahan; dihukum atau diputuskan bersalah (bentuk pasif dari 'sabit').,Dia disabit bersalah atas tuduhan rasuah.,"law, crime","['dihukum', 'didapati bersalah', 'dibebaskan']",False
malam..penat,"malam, penat",negative,-0.5,"noun, adjective",Gabungan 'malam' (waktu gelap) dan 'penat' (letih); menunjukkan keletihan pada waktu malam.,"Balik dari kerja, malam..penat sangat.","general, daily life","['letih', 'lesu', 'siang']",True
takde,tiada,neutral,0,adverb,Singkatan tidak formal bagi 'tiada' atau 'tak ada'; tidak ada.,Saya takde duit sekarang.,informal,"['tiada', 'tak ada', 'tidak ada']",False
selfe,selfie,neutral,0,noun,Ejaan tidak formal bagi 'selfie'; gambar diri sendiri yang diambil dengan telefon pintar atau kamera.,Dia suka ambil selfe di tempat menarik.,"social media, photography","['swafoto', 'gambar']",True
Tuan,tuan,neutral,0,"noun, title",Panggilan hormat bagi lelaki; pemilik; orang yang berkuasa.,Tuan rumah menyambut tetamu dengan mesra.,"formal, general","['encik', 'puan', 'pemilik']",False
nunjukin,tunjuk,neutral,0,verb,Bentuk tidak formal bagi 'menunjukkan'; mempamerkan atau menyatakan (sering dipengaruhi loghat Indonesia).,Dia nunjukin gambar-gambar percutiannya.,informal,"['menunjukkan', 'mempamerkan', 'pamer']",True
Ini,ini,neutral,0,demonstrative pronoun,Kata tunjuk untuk sesuatu yang dekat.,Ini buku saya.,general,['itu'],False
langsung,langsung,neutral,0,adverb,Secara terus; serta-merta; sama sekali (apabila diikuti dengan kata nafi).,Dia datang langsung ke rumah saya. (Secara terus) / Dia tidak langsung peduli. (Sama sekali tidak),general,"['terus', 'serta-merta', 'sama sekali']",False
"die,hiris","dia, hiris",neutral,0,"pronoun, verb",Gabungan 'dia' (kata ganti nama ketiga) dan 'hiris' (memotong nipis); merujuk kepada tindakan seseorang memotong sesuatu secara nipis.,Dia hiris bawang itu nipis-nipis.,"general, cooking","['potong', 'cincang']",True
sikit2,sedikit-sedikit,neutral,0,adverb,Perlahan-lahan; secara beransur-ansur.,Dia belajar sikit2 untuk memahami topik itu.,general,"['perlahan-lahan', 'beransur-ansur']",False
😭😂😂,emosi,neutral,0,interjection,"Ungkapan emosi yang bercampur aduk antara sedih/menangis dan gembira/lucu, sering digunakan untuk menunjukkan reaksi yang melampau atau sarkastik.",Berita itu buat saya 😭😂😂,"social media, informal communication","['ketawa', 'menangis', 'reaksi']",False
teknologi,teknologi,neutral,0,noun,Aplikasi sains untuk tujuan praktikal; kaedah atau proses untuk mencapai sesuatu tujuan praktikal.,Teknologi moden telah mengubah cara kita bekerja.,"general, science, IT","['sains', 'inovasi', 'kejuruteraan']",True
"Assalamualaikum,",Assalamualaikum,positive,0.8,interjection,Salam sejahtera ke atas kamu (ucapan salam dalam Islam).,"Assalamualaikum, selamat pagi semua!","religion, general","['selamat pagi', 'salam sejahtera']",False
planning,rancangan,neutral,0,noun,Perancangan; proses merancang sesuatu.,Kami sedang buat planning untuk projek baharu.,"general, business","['perancangan', 'rancangan', 'strategi']",True
Tada,Tada,positive,0.5,interjection,Ungkapan kegembiraan atau kejutan apabila sesuatu yang dijangka atau ditunggu-tunggu muncul atau selesai.,Tada! Ini hadiah untuk awak!,"general, informal","['kejutan', 'wah', 'akhirnya']",False
saya...<br><br>😁,saya,neutral,0,pronoun,Kata ganti nama diri pertama tunggal (merujuk kepada pembicara).,Saya suka makan nasi lemak.,general,"['aku', 'beta']",False
orang..menunjukkan,menunjukkan,neutral,0,verb,Memperlihatkan; membuktikan; memberi isyarat.,Dia menunjukkan arah ke perpustakaan.,general,"['memperlihatkan', 'membuktikan', 'menyatakan']",True
dn,dan,neutral,0,conjunction,"Kata hubung yang menggabungkan dua perkataan, frasa, atau klausa.",Saya dn awak pergi ke pasar.,"general, informal communication","['dan', 'serta']",False
diri..,diri,neutral,0,noun,Merujuk kepada subjek itu sendiri; peribadi seseorang.,Dia perlu percaya pada diri sendiri.,general,"['sendiri', 'peribadi', 'identiti']",False
Rizki,rezeki,positive,0.7,noun,Pemberian Tuhan; rezeki.,Semoga kita semua mendapat Rizki yang berkat.,"general, religion","['rezeki', 'anugerah', 'kurniaan']",False
salah...,salah,negative,-0.7,adjective,Tidak betul; khilaf; tidak tepat.,Jawapan yang diberi itu salah.,general,"['betul (antonym)', 'khilaf', 'silap']",True
jiran²,jiran-jiran,neutral,0,noun,Orang yang tinggal berdekatan; tetangga.,Jiran² saya sangat peramah.,"general, community","['tetangga', 'penduduk']",True
pingin,ingin,neutral,0,verb,Mahu; berhasrat; ingin (bentuk tidak rasmi/dialek Indonesia).,Saya pingin makan aiskrim sekarang.,"general, informal","['ingin', 'mahu', 'berhasrat']",True
la,lah,neutral,0,particle,Penegas atau partikel penekanan (bentuk ringkas dari 'lah').,Pergilah la kalau nak.,informal communication,"['lah', 'pulak']",False
kne,kena,neutral,0,auxiliary verb,Perlu; mesti; atau ditimpa sesuatu (bentuk tidak rasmi dari 'kena').,Awak kne ikut arahan ini.,"general, informal","['perlu', 'mesti', 'wajib']",True
dah,sudah,neutral,0,adverb,Telah; sudah selesai (bentuk tidak rasmi dari 'sudah').,Dia dah makan tengah hari.,"general, informal","['sudah', 'telah']",False
penjara,penjara,negative,-0.8,noun,Bangunan tempat orang yang bersalah ditahan; jel.,Penjenayah itu dihukum masuk penjara.,"law, crime","['jel', 'lokap', 'tahanan']",True
Hahhaha,ketawa,positive,0.6,interjection,Ungkapan bunyi ketawa.,"Cerita itu sangat lucu, Hahhaha.",informal communication,"['hehehe', 'lol', 'tertawa']",False
plat,plat,neutral,0,noun,Kepingan rata (biasanya logam) seperti plat nombor kereta atau plat besi.,Plat nombor kereta saya hilang.,"automotive, general","['kepingan', 'papan', 'lempengan']",True
"penyamun,",penyamun,negative,-0.9,noun,Orang yang melakukan samun; perompak.,Penyamun itu berjaya diberkas polis.,"crime, law","['perompak', 'perampok', 'pencuri']",True
senang,senang,positive,0.7,adjective,Mudah; gembira; selesa.,Soalan peperiksaan itu sangat senang.,general,"['mudah', 'gembira', 'sukar (antonym)']",True
plak,pula,neutral,0,particle,"Kata penegas yang menyatakan perbezaan, tambahan, atau giliran (bentuk ringkas dari 'pula').",Dia plak yang perlu buat kerja itu.,informal communication,"['pula', 'pulak']",False
kesalahan😂inilah,kesalahan,negative,-0.7,noun,Perbuatan yang tidak betul; kekhilafan; kekejaman.,Kesalahan itu harus diperbaiki segera.,"general, law","['kekhilafan', 'kesilapan', 'dosa']",True
bagi,bagi,neutral,0,verb,Memberi; untuk; kepada.,Dia bagi saya sebiji epal.,general,"['beri', 'serah', 'berikan']",True
pada,pada,neutral,0,preposition,"Digunakan untuk menunjukkan waktu, tempat, atau sasaran.",Buku itu ada pada saya.,general,"['di', 'kepada', 'terhadap']",False
perampuk,perampuk,negative,-0.9,noun,Orang yang merampas harta orang lain; penyamun.,Perampuk itu ditangkap ketika cuba melarikan diri.,"crime, law","['penyamun', 'pencuri', 'penceroboh']",True
ALHAMDULILLAH,Alhamdulillah,positive,0.9,interjection,Segala puji bagi Allah (ungkapan syukur dalam Islam).,"ALHAMDULILLAH, projek kami berjalan lancar.","religion, general","['syukur', 'terima kasih']",False
lah....,lah,neutral,0,particle,Partikel penegas yang memberi penekanan atau melembutkan intonasi.,Pergi sajalah.... saya dah penat.,informal communication,"['la', 'nya']",False
jgn,jangan,neutral,0,auxiliary verb,Kata larangan atau nasihat (bentuk ringkas dari 'jangan').,Jgn lupa kunci pintu sebelum keluar.,"general, informal","['jangan', 'usah']",False
bunuh,bunuh,negative,-1,verb,Menghilangkan nyawa seseorang atau haiwan dengan sengaja.,Membunuh adalah satu jenayah yang kejam.,"crime, law, ethics","['mematikan', 'mencederakan', 'hidup (antonym)']",True
islam..,Islam,neutral,0,noun,Agama yang dianuti oleh umat Islam; merujuk kepada ajaran dan tamadun Islam.,Agama islam mengajar tentang keamanan dan toleransi.,religion,"['muslim', 'agama', 'syariah']",True
Wauu,Wah,positive,0.6,interjection,Ungkapan terkejut atau kagum; wow.,"Wauu, cantiknya pemandangan ini!","general, informal","['Wah', 'wow', 'hebat']",False
sempai,sampai,neutral,0,verb,Tiba; hingga ke; mencapai (bentuk tidak rasmi dari 'sampai').,Kami dah sempai ke destinasi.,"general, informal","['sampai', 'tiba', 'capai']",True
teri,teriak,neutral,0,verb,Menjerit; berteriak (bentuk tidak rasmi dari 'teriak' atau 'menjerit').,Dia teri nama saya dari jauh.,"general, informal","['jerit', 'teriak', 'laung']",True
berlaku,laku,neutral,0,verb,Terjadi; berlangsung; sah.,Kejadian itu berlaku pada waktu malam.,general,"['terjadi', 'berlangsung', 'terbit']",True
pcahkan,pecahkan,negative,-0.5,verb,Menjadikan berpecah-pecah; memecahkan (bentuk tidak rasmi dari 'pecahkan').,Dia tidak sengaja pcahkan pasu bunga itu.,general,"['memecahkan', 'merosakkan', 'menghancurkan']",True
mautt,maut,negative,-0.9,noun,Kematian; ajal.,Dia terlibat dalam kemalangan mautt.,"health, crime, general","['mati', 'kematian', 'ajal']",False
Pttnye,patutnya,neutral,0,adverb,Seharusnya; sepatutnya (bentuk ringkas dari 'patutnya').,Pttnye dia dah sampai sekarang.,"general, informal","['sepatutnya', 'seharusnya', 'patut']",False
Priok,Priok,neutral,0,proper noun,"Merujuk kepada Tanjung Priok, sebuah daerah di Jakarta Utara, Indonesia.",Pelabuhan Tanjung Priok merupakan pelabuhan tersibuk di Indonesia.,"geography, transportation","['Jakarta', 'pelabuhan']",False
kudung,kudung,negative,-0.7,adjective,Terputus anggota badan; cacat (akibat anggota badan hilang atau tidak sempurna).,Tangannya kudung akibat kemalangan itu.,"health, general","['cacat', 'putus', 'cacat']",True
"aja,",sahaja,neutral,0,adverb,"Hanya; sahaja (dialek Indonesia, sering digunakan dalam percakapan informal Malaysia).",Dia datang aja untuk melawat.,informal communication,"['sahaja', 'saja', 'hanya']",False
ahli,ahli,neutral,0,noun,Individu yang menjadi sebahagian daripada kumpulan atau organisasi; pakar dalam sesuatu bidang.,Dia adalah ahli kelab drama sekolah.,"general, organisation","['anggota', 'pakar', 'pakar']",True
kejadiannya,kejadian,neutral,0,noun,Peristiwa yang telah berlaku; sesuatu yang terjadi (dengan imbuhan kepunyaan '-nya').,Kami masih menyiasat kejadiannya.,general,"['peristiwa', 'insiden', 'fenomena']",True
ramai,ramai,neutral,0,adjective,Banyak orang; tidak sunyi.,Ramai orang datang ke majlis perkahwinan itu.,general,"['banyak', 'sesak', 'sedikit (antonym)']",True
jela,sahajalah,neutral,0,particle,"Bentuk ringkas untuk 'sajalah' atau 'sahajalah', memberikan penekanan atau nada redha.",Buat jela apa yang awak rasa betul.,informal communication,"['sajalah', 'saja', 'sahaja']",False
lokap,lokap,negative,-0.8,noun,Bilik tahanan sementara di balai polis.,Suspek kes itu ditahan di lokap.,"law, crime","['penjara', 'tahanan', 'sel']",True
pelik,pelik,neutral,0,adjective,Aneh; ganjil; luar biasa.,Dia mempunyai tabiat yang agak pelik.,general,"['aneh', 'ganjil', 'biasa (antonym)']",True
sikit..Tolonglah,tolong,positive,0.6,verb,Meminta bantuan; merayu.,Tolonglah saya angkat kotak berat ini.,general,"['bantu', 'mohon', 'minta']",True
😵,pening,negative,-0.5,interjection,"Ungkapan pening, keliru, terkejut, atau mabuk.",Terlalu banyak kerja buat saya 😵,"social media, informal communication","['pening', 'keliru', 'terkejut']",False
mampos,mampos,negative,-0.8,verb,Mati (digunakan dalam bahasa kasar untuk menyatakan kemarahan atau kebencian).,Biarkan dia mampos kalau tak nak dengar cakap!,informal,"['mati', 'mampus']",False
babi,babi,negative,-0.7,noun,"1. Binatang berkaki empat, omnivor, haram bagi orang Islam. 2. Kata makian/cacian yang sangat kasar.",Dia memanggil saya 'babi' kerana marah.,informal / zoology,"['khinzir', 'jembalang']",False
berani,berani,positive,0.8,adjective,Tidak takut; gagah menghadapi bahaya atau cabaran.,Askar itu sangat berani berdepan dengan musuh.,general,"['gagah', 'perkasa', 'takut', 'pengecut']",True
takut,takut,negative,-0.7,adjective,Merasa gentar atau gerun; risau atau bimbang.,Dia takut pada hantu dan kegelapan.,emotion,"['gentar', 'gerun', 'bimbang', 'berani']",True
berada,ada,neutral,0,verb / adjective,1. Wujud; sedia atau terletak pada suatu tempat. 2. Kaya atau hidup senang (berada-ada).,Saya sedang berada di rumah.,general,"['wujud', 'hadir', 'kaya', 'miskin']",True
JAHANAM,jahanam,negative,-0.9,noun / adjective,1. Neraka. 2. Musnah; rosak teruk; binasa. (Sering digunakan sebagai makian atau penegas kemarahan).,Kereta itu jahanam teruk akibat kemalangan.,religion / informal,"['neraka', 'binasa', 'musnah', 'rosak']",False
letak,letak,neutral,0,verb,Meletakkan sesuatu pada suatu tempat; menaruh.,Tolong letak buku itu di atas meja.,general,"['taruh', 'tempatkan', 'posisikan']",True
human,human,neutral,0,noun,Manusia (perkataan bahasa Inggeris).,Human beings have complex emotions.,English,"['man', 'person', 'individual']",True
tu,itu,neutral,0,demonstrative pronoun,Bentuk singkatan bagi 'itu'; merujuk kepada sesuatu yang jauh atau perkara yang telah disebut.,Rumah tu cantik sangat.,informal,"['ini', 'itu']",False
dsyat,dahsyat,neutral,0,adjective,"Hebat, menakjubkan, luar biasa (positif); atau teruk, mengerikan (negatif). (Singkatan tidak formal bagi 'dahsyat').",Persembahan mereka dsyat sungguh!,informal,"['hebat', 'menakjubkan', 'mengerikan', 'teruk']",True
kebal,kebal,positive,0.7,adjective,"Tidak lut senjata (disebabkan oleh ilmu sihir, kuasa ghaib, atau anugerah); tahan.",Pahlawan itu dikatakan kebal daripada sebarang serangan.,folklore / supernatural,"['tahan', 'kuat', 'rentan']",True
cabut,cabut,neutral,0,verb,"1. Menarik keluar sesuatu (misalnya gigi, rumput). 2. Melarikan diri (bahasa basahan).",Dia cabut rumput di halaman rumah.,general / informal,"['tarik', 'loncat', 'lari']",True
terus,terus,neutral,0,adverb,1. Tidak berhenti; berlanjutan. 2. Lurus; tidak bengkok.,Dia terus berjalan tanpa menoleh.,general,"['berterusan', 'berlanjutan', 'berhenti']",True
every,every,neutral,0,determiner,Setiap; semua (perkataan bahasa Inggeris).,Every student must submit their assignment.,English,"['each', 'all']",False
roblox,Roblox,neutral,0,proper noun,Sebuah platform permainan video dalam talian (nama khas bahasa Inggeris).,Kanak-kanak itu suka bermain Roblox.,gaming / English,"['Minecraft', 'Fortnite']",False
pon,pun,neutral,0,particle,Juga; bahkan (bentuk tidak formal bagi 'pun').,Saya pon tidak tahu menahu.,informal,"['juga', 'bahkan']",False
perlukkan,perlu,neutral,0,verb,Memerlukan sesuatu; berhajat kepada (salah ejaan dari 'perlukan').,Kami perlukkan bantuan segera untuk menyiapkan tugasan ini.,general,"['memerlukan', 'berhajat']",True
eh,eh,neutral,0,interjection,"Kata seru untuk menyatakan kejutan, pertanyaan, atau ketidaksetujuan.","Eh, awak dah sampai ke?",informal,"['oh', 'aduh']",False
penyamun2,samun,negative,-0.8,noun,Orang-orang yang melakukan perbuatan merompak atau menyamun; perompak (angka '2' menunjukkan bentuk jamak tidak formal).,Beberapa penyamun2 telah ditangkap polis semalam.,crime,"['perompak', 'pencuri', 'perompak-perompak']",False
name,name,neutral,0,noun,Nama (perkataan bahasa Inggeris).,What is your name?,English,"['title', 'appellation']",True
masih,masih,neutral,0,adverb,Belum berhenti; belum selesai; terus-menerus.,Dia masih belajar di universiti.,general,"['belum', 'sedang', 'senantiasa']",False
mati,mati,negative,-0.8,verb / adjective,Tidak bernyawa lagi; meninggal dunia.,Kucingnya mati selepas dilanggar kereta.,general / life-cycle,"['meninggal', 'wafat', 'hidup']",True
buntuti,buntut,neutral,0,verb,Mengekori atau mengikut dari belakang secara rahsia; membuntuti.,Pihak polis buntuti suspek selama beberapa hari.,investigation / general,"['ekor', 'ikut', 'intip']",True
tingkap,tingkap,neutral,0,noun,Bukaan pada dinding bangunan untuk cahaya dan udara; jendela.,Dia membuka tingkap untuk membiarkan angin masuk.,architecture / household,"['jendela', 'lubang']",False
pertahankan,tahan,positive,0.8,verb,Mempertahankan diri atau sesuatu daripada serangan; membela atau melindungi.,Kita mesti pertahankan kedaulatan negara.,defense / politics,"['bela', 'lindung', 'serang']",True
ianya,ia,neutral,0,pronoun,Kata ganti diri ketiga tunggal (gabungan 'ia' dan '-nya'); merujuk kepada benda atau hal.,"Buku itu menarik, ianya patut dibaca oleh semua.",general,"['ia', 'nya', 'itu']",False
gua,gua,neutral,0,noun / pronoun,1. Ruang besar dalam tanah atau gunung. 2. Kata ganti diri pertama tunggal (bahasa basahan bagi 'saya').,Kami melawat gua batu kapur yang indah. / Gua tak nak pergi lah.,geography / informal,"['liang', 'ceruk', 'saya', 'aku']",False
pukul,pukul,neutral,0,verb / noun,1. Menghentam atau memukul. 2. Menunjukkan waktu (misalnya pukul berapa).,Dia pukul bola itu dengan kuat. / Sekarang pukul berapa?,general / time,"['hentam', 'tibai', 'waktu']",True
bodo,bodoh,negative,-0.7,adjective,Tidak cerdik; dungu; jahil (bentuk tidak formal bagi 'bodoh').,Janganlah buat kerja bodo macam tu.,informal,"['bodoh', 'dungu', 'cerdik', 'pintar']",True
Bgi,bagi,neutral,0,preposition / verb,1. Untuk; kepada. 2. Memberi (bentuk tidak formal bagi 'Bagi').,Bgi saya air sejuk.,informal,"['untuk', 'kepada', 'beri']",True
sya,saya,neutral,0,pronoun,Kata ganti diri pertama tunggal (bentuk tidak formal bagi 'saya').,Sya rasa benda tu tak betul.,informal,"['saya', 'aku', 'beta']",False
bunyinya,bunyi,neutral,0,noun,Suara atau kesan suara yang dihasilkan oleh sesuatu; bunyiannya.,Bunyinya sangat kuat dan mengganggu.,general,"['suara', 'deringan', 'gema']",False
dong,dong,neutral,0,particle,Partikel penegas atau penegas ajakan (biasanya dalam bahasa Indonesia atau slang Melayu).,Cepatlah sikit dong!,informal / Indonesian slang,"['lah', 'kan', 'ni']",False
rugi,rugi,negative,-0.7,adjective / verb,Mengalami kerugian; tidak mendapat keuntungan atau manfaat.,Pelaburan itu mengalami kerugian besar.,economics / general,"['kerugian', 'defisit', 'untung', 'laba']",True
geramnya,geram,negative,-0.6,adjective,Perasaan marah atau benci yang terpendam; kekecewaan yang mendalam (bentuk penegas 'geram').,Geramnya saya dengan perangai dia yang tak berubah!,emotion,"['marah', 'benci', 'jengkel', 'puas']",True
telefon,telefon,neutral,0,noun / verb,Alat komunikasi yang digunakan untuk bercakap jarak jauh; atau menghubungi melalui alat tersebut.,Dia sedang bercakap di telefon.,technology / communication,"['handset', 'dail', 'panggilan']",True
cewek,cewek,neutral,0,noun,"Gadis atau wanita muda (bahasa basahan, sering digunakan di Indonesia atau slang Melayu).",Dia keluar dengan cewek barunya malam tadi.,informal / Indonesian slang,"['gadis', 'perempuan', 'wanita']",False
Nak,hendak,neutral,0,auxiliary verb,Bentuk singkatan bagi 'hendak' atau 'ingin'; bermaksud mahu.,Saya Nak makan nasi lemak.,general / informal,"['hendak', 'ingin', 'mahu']",True
sebentar,bentar,neutral,0,adverb,Sekejap; dalam masa yang singkat.,"Tunggu sebentar, saya datang.",time,"['sekejap', 'seketika', 'sementara']",False
diorng,mereka,neutral,0,pronoun,Bentuk tidak formal bagi 'mereka' atau 'dia orang'; merujuk kepada kumpulan orang ketiga.,Diorng semua dah balik rumah.,informal,"['mereka', 'dia orang', 'orang-orang itu']",False
Wanita,wanita,neutral,0,noun,Orang perempuan dewasa.,Wanita itu bekerja sebagai seorang jurutera.,gender / sociology,"['perempuan', 'gadis', 'lelaki']",False
bersalah,salah,negative,-0.6,adjective,Melakukan kesalahan; tidak benar atau tidak betul.,Dia didapati bersalah atas tuduhan mencuri.,law / ethics,"['silap', 'khilaf', 'betul', 'benar']",True
Ape,apa,neutral,0,interrogative pronoun,Kata tanya untuk benda atau perkara (bentuk tidak formal bagi 'apa').,Ape yang awak nak buat ni?,informal,"['apa', 'siapa', 'mengapa']",False
dari,dari,neutral,0,preposition,"Menunjukkan asal, punca, arah, atau permulaan sesuatu.",Dia datang dari Kuala Lumpur.,general,"['daripada', 'ke', 'kepada']",False
DARI,dari,neutral,0,preposition,"Menunjukkan asal, punca, arah, atau permulaan sesuatu (huruf besar untuk penekanan).",Surat itu DARI kawan lamanya.,general,"['daripada', 'ke', 'kepada']",False
bising,bising,negative,-0.5,adjective,Mengeluarkan bunyi yang kuat dan mengganggu.,Suara jiran itu sangat bising.,general,"['hingar', 'riuh', 'senyap', 'sunyi']",True
prempuan,perempuan,neutral,0,noun,Manusia jantina betina (salah ejaan dari 'perempuan').,Dia seorang prempuan yang gigih.,gender / informal,"['perempuan', 'wanita', 'lelaki']",False
plastik,plastik,neutral,0,noun / adjective,Bahan sintetik yang boleh dibentuk; atau diperbuat daripada bahan tersebut.,Beg plastik itu mudah koyak.,materials,"['polimer', 'sintetik', 'getah']",False
macam2,macam,neutral,0,adjective / adverb,Pelbagai jenis; pelbagai ragam (bentuk tidak formal bagi 'macam-macam').,Ada macam2 barang di kedai itu.,informal,"['pelbagai', 'aneka', 'berjenis-jenis']",False
bertopeng,topeng,neutral,0,verb / adjective,Memakai topeng; atau menyembunyikan identiti/niat sebenar (metafora).,Penjenayah itu bertopeng ketika merompak bank.,general / crime,"['menyamar', 'berselindung', 'menyembunyikan']",True
pulak,pula,neutral,0,particle,Juga; kemudian; pula (bentuk tidak formal bagi 'pula').,Kenapa dia pulak yang kena?,informal,"['pula', 'juga', 'lagi']",False
Makcik,makcik,neutral,0,noun,Panggilan hormat untuk wanita yang sebaya ibu bapa atau adik-beradik ibu/bapa.,Makcik Kiah menjual kuih di pasar.,family / social,"['ibu saudara', 'bibi', 'pakcik']",False
taubat,taubat,positive,0.7,noun / verb,Berjanji untuk tidak mengulangi dosa atau kesalahan; penyesalan atas dosa.,Dia telah taubat dari perbuatan buruknya dan memohon ampun.,religion / ethics,"['insaf', 'sesal', 'bertaubat']",True
seperti,seperti,neutral,0,preposisi,Sama dengan; menyerupai; misalnya.,Dia kelihatan seperti ayahnya.,Umum,"['bagai', 'ibarat', 'macam']",False
korban,korban,negative,-0.7,noun,Orang atau benda yang menderita akibat kejadian buruk; sesuatu yang diserahkan sebagai persembahan.,Ada banyak korban dalam kemalangan itu.,"Sosial, Bencana","['mangsa', 'penderita', 'pengorbanan']",False
kau,engkau,neutral,0,kata ganti nama diri kedua,Bentuk singkat dari 'engkau'; kamu.,Apa yang kau lakukan?,Umum,"['kamu', 'anda', 'awak']",False
pariya,paria,negative,-0.8,noun,Golongan masyarakat yang paling rendah kedudukannya; orang yang dikucilkan atau dihina.,Dia diperlakukan seperti paria oleh masyarakat itu.,Sosial,"['orang buangan', 'tersisih', 'hina']",False
melihat,lihat,neutral,0,verb,Menggunakan mata untuk mengetahui atau mengenal sesuatu; menyaksikan.,Dia suka melihat bintang pada waktu malam.,Umum,"['memandang', 'menyaksikan', 'menonton']",True
helter-skelter,helter-skelter,negative,-0.6,adverb,Secara terburu-buru dan tidak teratur; kucar-kacir.,Mereka berlari helter-skelter setelah mendengar letupan.,Umum,"['kucar-kacir', 'huru-hara', 'kelam-kabut']",True
driver,driver,neutral,0,noun,Orang yang memandu kenderaan; pemandu.,Driver bas itu sangat berhati-hati.,Pengangkutan,"['pemandu', 'supir']",False
Tabrak,tabrak,negative,-0.8,verb,Berlanggar dengan sesuatu; melanggar; melanda.,Kereta itu tabrak dinding.,"Kemalangan, Pengangkutan","['langgar', 'rempuh', 'hantam']",True
tlg,tolong,neutral,0,interjection,Minta bantuan; harap; sila.,Tlg tutup pintu itu.,Umum,"['bantu', 'sokong']",False
berkuasa,kuasa,neutral,0,verb,Mempunyai kuasa atau pengaruh; memerintah.,Raja itu berkuasa penuh atas negaranya.,"Politik, Pemerintahan","['berwenang', 'memerintah', 'berdaulat']",True
lawan,lawan,neutral,0,noun,Pihak yang bertentangan atau bersaing; menentang.,Pasukan itu mengalahkan lawan mereka.,"Sukan, Konflik, Perundangan","['musuh', 'saingan', 'penentang']",True
hbis,habis,neutral,0,adjective,Selesai; tamat; tidak ada lagi.,Makanan itu sudah hbis.,Umum,"['selesai', 'tamat', 'punah']",True
Menurut,turut,neutral,0,preposisi,Berdasarkan; bersetuju dengan; mematuhi.,"Menurut laporan, hujan akan turun esok.","Umum, Laporan","['berdasarkan', 'mengikut', 'mematuhi']",True
have,have,neutral,0,verb,Mempunyai; memiliki (sering digunakan dalam bahasa gaul atau cakap).,Saya have kerja banyak.,Umum,"['ada', 'memiliki', 'mempunyai']",True
blajar,belajar,neutral,0,verb,Memperoleh ilmu pengetahuan atau kemahiran; mengkaji.,Dia sedang blajar untuk peperiksaan.,Pendidikan,"['menuntut', 'mengkaji']",True
pecahkan,pecah,negative,-0.7,verb,Menyebabkan sesuatu menjadi berpecah-belah atau hancur; memecahkan.,Dia pecahkan cermin tingkap itu.,"Umum, Kerosakan","['hancurkan', 'musnahkan', 'retakkan']",True
sape,siapa,neutral,0,kata ganti nama tanya,Kata untuk menanyakan orang.,Sape nama kamu?,Umum,['siapa'],False
sbb,sebab,neutral,0,konjungsi,Kerana; punca; alasan.,Dia tak datang sbb sakit.,Umum,"['kerana', 'alasan', 'punca']",False
PON,pun,neutral,0,partikel,Juga; apatah lagi; sekalipun.,Dia pun datang.,Umum,"['juga', 'malah']",False
dunia,dunia,neutral,0,noun,Bumi dan segala isinya; alam semesta; kehidupan.,Seluruh dunia sedang menghadapi cabaran ini.,"Geografi, Umum","['alam', 'bumi', 'jagat']",False
smentara,sementara,neutral,0,adverb,Untuk tempoh masa yang tidak tetap; buat seketika.,Dia tinggal di sini smentara waktu.,"Umum, Masa","['sebentar', 'sekejap', 'buat sementara']",False
menayangkan,tayang,neutral,0,verb,"Mempamerkan atau menyiarkan sesuatu (filem, rancangan).",Pawagam itu akan menayangkan filem baru esok.,"Media, Hiburan","['menyiarkan', 'mempamerkan', 'menunjukkan']",True
indonesia,Indonesia,neutral,0,noun,Nama negara di Asia Tenggara.,Saya pernah melawat Indonesia.,"Geografi, Negara",[],False
terselamat,selamat,positive,0.8,verb,Dapat diselamatkan; tidak binasa atau celaka.,Mangsa kemalangan itu terselamat daripada maut.,"Bencana, Keselamatan","['selamat', 'terhindar', 'terlindung']",True
kedepan,depan,neutral,0,adverb,Ke arah hadapan; ke masa hadapan.,Mari kita pandang kedepan.,"Umum, Masa","['hadapan', 'masa depan']",False
ade,ada,neutral,0,verb,Wujud; mempunyai; berada.,Ade makanan lagi ke?,Umum,"['wujud', 'mempunyai', 'terdapat']",True
hidup2,hidup,neutral,0,adverb,Dalam keadaan masih hidup; tanpa mati.,Dia ditelan ular hidup2.,"Umum, Biologi","['bernyawa', 'hidup-hidup']",False
follow,follow,neutral,0,verb,Mengikuti; mengikut; menuruti.,Sila follow arahan saya.,"Umum, Media Sosial","['ikut', 'patuh', 'turuti']",True
merasa,rasa,neutral,0,verb,Mengalami sesuatu keadaan; mempunyai perasaan.,Dia merasa gembira dengan berita itu.,"Emosi, Umum","['mengalami', 'merasakan', 'mengecap']",True
instead,instead,neutral,0,adverb,Sebagai ganti; sebaliknya.,"Dia tidak datang, instead adiknya yang datang.",Umum,"['sebaliknya', 'sebagai ganti']",False
sumpah,sumpah,neutral,0,noun,Pernyataan atau ikrar yang diucapkan dengan nama Tuhan atau sesuatu yang dianggap suci; janji.,Dia bersumpah akan sentiasa jujur.,"Undang-undang, Agama, Umum","['ikrar', 'janji', 'laknat']",True
disituasi,situasi,neutral,0,preposisi + noun,Dalam keadaan atau keadaan tertentu.,Dia berdepan dengan cabaran disituasi yang sukar.,Umum,"['keadaan', 'kondisi', 'suasana']",False
xkaya,kaya,negative,-0.5,adjective,Tidak memiliki banyak harta atau wang; miskin.,"Walaupun xkaya, dia tetap gembira.","Ekonomi, Sosial","['miskin', 'papa', 'daif']",True
Betul,betul,positive,0.7,adjective,Benar; tepat; tidak salah.,Jawapan kamu betul.,Umum,"['benar', 'tepat', 'sah']",True
Hebat,hebat,positive,0.9,adjective,Luar biasa; mengagumkan; cemerlang.,Persembahan mereka sangat hebat.,Umum,"['cemerlang', 'agung', 'mengagumkan']",True
sebenar,benar,neutral,0,adjective,Yang asli; yang betul; hakiki.,Ini adalah cerita yang sebenar.,Umum,"['asli', 'hakiki', 'tulen']",True
hv,have,neutral,0,verb,Mempunyai; memiliki (sering digunakan dalam bahasa gaul atau cakap).,Saya hv banyak buku.,Umum,"['ada', 'memiliki', 'mempunyai']",True
na,hendak,neutral,0,verb,Ingin; mahu; hendak.,Dia na makan nasi.,Umum,"['mahu', 'ingin', 'nak']",True
Perompak,rompak,negative,-0.9,noun,Orang yang melakukan perompakan; pencuri yang ganas.,Perompak itu ditangkap polis.,Jenayah,"['pencuri', 'penyamun', 'penjarah']",False
kungfu,kungfu,neutral,0,noun,Seni bela diri Cina.,Dia belajar kungfu sejak kecil.,"Sukan, Seni Bela Diri","['silat', 'taekwondo', 'karate']",False
mcm,macam,neutral,0,preposisi,Seperti; seolah-olah; jenis.,Dia mcm ayah dia.,Umum,"['seperti', 'bagai', 'jenis']",False
mainan,main,positive,0.6,noun,Benda untuk bermain; alat permainan.,Kanak-kanak itu gembira dengan mainan barunya.,"Kanak-kanak, Hiburan","['permainan', 'alat permainan']",False
kereta,kereta,neutral,0,noun,Kenderaan beroda empat yang digunakan untuk pengangkutan.,Dia memandu kereta baharunya.,Pengangkutan,"['automobil', 'kenderaan']",False
suda,sudah,neutral,0,adverb,Telah selesai; telah berlaku; telah sampai.,Kerja itu suda siap.,Umum,"['telah', 'usai', 'tamat']",True
rosak,rosak,negative,-0.8,adjective,Tidak berfungsi dengan baik; hancur; binasa.,Televisyen saya rosak.,"Teknologi, Umum","['hancur', 'pecah', 'binasa']",True
3,tiga,neutral,0,nombor,Jumlah selepas dua dan sebelum empat.,Saya ada 3 biji epal.,"Matematik, Umum","['dua', 'empat']",False
first,first,neutral,0,adjective,Yang pertama; mula-mula.,Dia orang first yang sampai.,"Umum, Urutan","['pertama', 'awal', 'mula-mula']",False
Klu,kalau,neutral,0,konjungsi,Jika; andai kata; seandainya.,"Klu hujan, kita tak pergi.",Umum,"['jika', 'sekiranya', 'andai']",False
tdk,tidak,neutral,0,adverb,Kata nafi; bukan; belum.,Saya tdk tahu.,Umum,"['bukan', 'belum', 'tiada']",False
mengambil,ambil,neutral,0,verb,Memegang dan membawa sesuatu; menggunakan; menerima.,Dia mengambil buku dari meja.,Umum,"['memegang', 'mendapatkan', 'memperoleh']",True
seumur,umur,neutral,0,adverb,Sepanjang hayat; selama hidup.,Dia berjanji akan mencintainya seumur hidup.,general,"['sepanjang', 'selama']",False
tu,itu,neutral,0,demonstrative pronoun,Bentuk ringkas atau kolokial bagi kata 'itu' (menunjukkan sesuatu yang jauh atau perkara yang telah diketahui).,Baju tu cantik sangat.,colloquial,"['itu', 'ini']",False
nyaaa,nya,neutral,0,particle,"Bentuk kolokial atau penekanan daripada partikel 'nya' atau 'lah', sering digunakan untuk meluahkan rasa (seperti bosan, kecewa, atau penekanan yang berlebihan).",Lambatnyaaa dia sampai!,"colloquial, emotion","['lah', 'nya']",False
sudah,sudah,neutral,0,adverb,Telah selesai atau siap; telah berlaku.,Saya sudah makan.,general,"['telah', 'selesai', 'habis']",True
harta,harta,neutral,0,noun,Segala sesuatu yang bernilai yang dimiliki oleh seseorang; kekayaan.,Dia mewarisi banyak harta daripada bapanya.,"finance, legal","['kekayaan', 'aset', 'milikan']",False
Puji,puji,positive,0.7,verb,Mengungkapkan kekaguman atau penghargaan; memuji.,Kita patut memuji usaha gigih mereka.,"general, religion","['sanjung', 'hormat', 'kagum']",True
Allah,Allah,positive,0.9,proper noun,Nama Tuhan Yang Maha Esa dalam agama Islam.,Segala puji bagi Allah.,religion,"['Tuhan', 'Pencipta', 'Rabb']",False
undang,undang,neutral,0,verb/noun,Memanggil atau meminta seseorang datang (sebagai kata kerja); peraturan yang ditetapkan oleh kerajaan (sebahagian daripada 'undang-undang').,Mereka akan mengundang tetamu ke majlis perkahwinan. / Kita mesti mematuhi undang-undang.,"general, legal","['jemput', 'panggil', 'peraturan', 'hukum']",True
tahu,tahu,neutral,0,verb,Mempunyai pengetahuan atau maklumat tentang sesuatu.,Saya tahu jawapannya.,general,"['kenal', 'faham', 'sedar']",True
terlangar,langgar,negative,-0.6,verb,Terkena atau bertembung secara tidak sengaja; dilanggar.,Kereta itu terlanggar tiang elektrik.,"transport, accident","['berlanggar', 'melanggar', 'kena']",True
jubor,jubor,negative,-0.8,noun,Dubur; punggung (istilah kasar atau vulgar).,Kata-kata itu kedengaran kasar seperti jubor.,"anatomy, vulgarity","['dubur', 'punggung']",False
keselamatan,selamat,positive,0.8,noun,Keadaan bebas daripada bahaya atau risiko; keamanan.,Keselamatan awam adalah keutamaan.,"general, public affairs, security","['keamanan', 'perlindungan', 'jaminan']",False
malah,malah,neutral,0,conjunction,Bahkan; malahan; lebih-lebih lagi (menunjukkan penambahan atau penekanan kepada sesuatu yang telah disebut).,"Dia bukan sahaja tidak datang, malah tidak menghubungi kami.",general,"['bahkan', 'bahkan juga', 'lebih-lebih lagi']",False
pemimpin,pimpin,neutral,0,noun,Orang yang memimpin; ketua.,Seorang pemimpin yang baik sentiasa mendahulukan rakyat.,"politics, management, general","['ketua', 'peneraju', 'pengarah']",True
TU,itu,neutral,0,demonstrative pronoun,Bentuk ringkas atau kolokial bagi kata 'itu' (kadang-kadang ditekankan dengan huruf besar).,Buku TU yang saya cari.,colloquial,"['itu', 'ini']",False
